x1,x2,x3,x4,x5,x6,x7,x8,x9,x10
0.19868475665578178,0.26869667382486717,0.3586837490221775,0.6790519481142764,0.38335096817693537,0.17707660108889478,0.39160809078123904,0.8176875803604023,0.8184997594056205,0.6115514739012662
0.5124768262085493,0.14682719462155147,0.18734935667419628,0.6925239919139171,0.35962895319265276,0.9892752793840088,0.5944716719252876,0.8140651637563548,0.46355581812136204,0.8566206377361685
0.5319723470593664,0.6824438737153941,0.8974428542438772,0.33682111815882987,0.7076967778773195,0.46112291514668324,0.9836589654538035,0.9024415834732936,0.4563133150275952,0.12530173636148545
0.33724317851218133,0.5410131639826419,0.554795073519097,0.30213040328995056,0.5851719495201771,0.28801743971940674,0.4049537093041947,0.027552329420089117,0.28198059702361933,0.07140208228535383
0.13358405194238965,0.8868847791554406,0.06802803369627675,0.31774109413056983,0.311090543728167,0.12917375149334864,0.2344709593953409,0.8587826903356508,0.667238885463508,0.8946478781416223
0.17958113477430848,0.47650437019545777,0.8349640643766111,0.05253838278689227,0.5177960038674673,0.7375052483922973,0.598970660371929,0.16749163565397018,0.6839515770661926,0.7481064331173666
0.2475363227791585,0.2739391678316696,0.8910012283730586,0.42034841092355835,0.6024118133060856,0.24501357774149113,0.6280077257396383,0.7132795322341784,0.6222745257867953,0.5262915571770714
0.2553019236830004,0.8991798277187448,0.7853019423370835,0.8278884175986155,0.13433803853477222,0.38218884715690815,0.9359806778272938,0.32669482339632017,0.07423123087085537,0.8130736804124359
0.5165931736637321,0.9342734169028306,0.6525390870391073,0.751280693126762,0.893055498785925,0.8575802773865044,0.5863737783253928,0.9391291758137139,0.601131832917693,0.3291126761278981
0.18443963034291422,0.016487687187793698,0.33575758506893816,0.4913031865622943,0.6200285565488717,0.8497511354511847,0.5573262284741999,0.14052294057443693,0.3699721177857822,0.21948418218214494
0.7664826657986887,0.881504490322064,0.28391708367679747,0.8948055695442292,0.292349444579036,0.26871098532434523,0.6281222758148348,0.4916909850428678,0.8962742664666881,0.636534900571391
0.02830246073418463,0.4799096027385623,0.29470587869883946,0.5123234917503294,0.10462736213986534,0.6906095639893582,0.26904642328128203,0.6202158652183104,0.1341415623796417,0.9514342569458133
0.2464273651315948,0.8138932052358957,0.5566981711814466,0.7022929351508777,0.04479625055666414,0.21466048266317128,0.787260581606643,0.8046019074280744,0.3887814463321767,0.08773412659025082
0.4120173501458626,0.9543054956953698,0.7112430541483225,0.8594341148153898,0.39631599620692026,0.41899959562981703,0.0989204557672898,0.28069373045041723,0.5352796691951367,0.23395253479383415
0.4794390329441732,0.6451329660809777,0.701542028219385,0.544302628613048,0.40908110197870373,0.26665095998653165,0.9152276946123798,0.3904172892299943,0.3503833081206804,0.5768380047212528
0.9233619605635022,0.6178931156359037,0.8911345268974887,0.9198115239018103,0.4148325564862618,0.28390682950185064,0.4494822857301358,0.44655119739132765,0.25171154504131277,0.8885488208351707
0.7962329095344766,0.7776830680229129,0.0499181362163833,0.07060205898259031,0.8265821206336808,0.7130295975693893,0.07006213873075073,0.40814993857063553,0.6288911417258849,0.7103611887882614
0.9429868677191193,0.3733430286910919,0.4729603973634787,0.42212464274085004,0.2860004097953295,0.5621426416051587,0.11731634314920869,0.32332932327496267,0.06331650105851061,0.501543615969298
0.8988064467007789,0.4922191248619938,0.7021975683119525,0.033412844697067734,0.19884419830122613,0.5214552389578078,0.6010461799091886,0.09697180445243392,0.8222971039179267,0.2043704662076975
0.20510477326090404,0.7117607436018741,0.9796393235971714,0.13698887984161057,0.5654755265882555,0.761257324885395,0.8974088793386126,0.746963000972558,0.19066222227146812,0.20524440705168567
0.0019460505284718543,0.9576727865856974,0.909304414371867,0.5609753340646038,0.49310175890395325,0.5988783795970084,0.968455912307202,0.9718163060956478,0.23739363159423188,0.42001787854782935
0.6948239407300781,0.9752915882885796,0.4015462412598395,0.9366625873616804,0.6028572289760527,0.9352148693792045,0.24272469514536532,0.015601847384841605,0.3430573624040818,0.5461768157686654
0.5748480850538495,0.3997651492957379,0.6022256784182445,0.8031743510521191,0.3316646535077844,0.9596669296309783,0.8488339024269254,0.014583364501494778,0.7129553069819752,0.9711029927434259
0.4282495004695639,0.6935196051491636,0.7112229387116262,0.5681559917968251,0.9681963622371202,0.28773847258360197,0.8302815156332922,0.5926428358760988,0.19925168359962742,0.765153746608001
0.5212845123404871,0.8376099937519336,0.1806582825188786,0.22156464225025096,0.7859434051781742,0.7774196114692252,0.24874355641016554,0.5408287519686764,0.8972335230681836,0.6470080525313314
0.6823172133883341,0.46712414280651493,0.05216129045204032,0.91988766620596,0.8404363649482515,0.6195952339134844,0.26072067647082864,0.6664283276878008,0.7969501229730852,0.8233938810730846
0.020682920016377726,0.8686312116937093,0.6658260113567731,0.03142374875666187,0.1255967788182255,0.9400406784167885,0.876979976128471,0.7934356815815583,0.45148162518454626,0.3935684054661207
0.20670013530041587,0.8040023590183942,0.7585252164318674,0.2888852143898456,0.04473309956202942,0.7003725787224261,0.5877152816886894,0.6949185225841712,0.8423565969297491,0.6201740774987144
0.18268914918074142,0.289516824916749,0.15296940762468725,0.9240706109055841,0.1011649501503431,0.09598124030269983,0.28377419292542116,0.9188878246754031,0.6611047552753304,0.10549529199104124
0.6757216428547512,0.8513017449249562,0.6311107698703341,0.4685783109180972,0.9528000278482963,0.06410607784142475,0.0033848662446002153,0.9268491764155565,0.5838179944060927,0.1023315236284651
0.48674749379714977,0.7519390886482238,0.39288760583310844,0.3350517724043466,0.1170495984233565,0.5827975325483314,0.5328018394255565,0.8137324843855273,0.2900282297874833,0.8467584583321364
0.7601749045539532,0.7481926089123512,0.33725129418788835,0.8338169463158254,0.23754281049979165,0.48913884169150945,0.48373365920990385,0.9558573388985276,0.8593756396489642,0.1144081524144418
0.8671655688415152,0.09006591249963036,0.5061455160765708,0.4491038102365229,0.8922197359909539,0.6642364753156725,0.05068284466376394,0.4862106755040422,0.39012151593819144,0.5424992417287667
0.905035126721149,0.5098570469728687,0.7565060656308782,0.16875780788896422,0.16707964217796012,0.19643841823372932,0.0991356923262604,0.38886469423665593,0.4245988300867308,0.48143764218702323
0.731333081576419,0.0361904449557201,0.02804740182663845,0.36443961943203484,0.5712506428988071,0.2597663742788757,0.4259357503616058,0.8894994636836216,0.2840741086751857,0.29999911008481495
0.9566028677149436,0.33358871187205896,0.5113555730931766,0.5260775350988077,0.8889681018167558,0.7614030697802225,0.9782886099419088,0.5837764577527522,0.3035219459112609,0.987613475503417
0.6118243236185481,0.7985149502281674,0.4355600690352557,0.0738369745557046,0.5074233824669108,0.45547370878184923,0.8933014065461002,0.6108722693545385,0.0519944553210846,0.5859299097211275
0.21136676301141,0.03657567788906968,0.7269728126719365,0.29222183751187114,0.7857623012309469,0.8224203840694913,0.878336493370543,0.6168675766505533,0.04511064759104888,0.0796514604995181
0.6684129674422284,0.3372358612533909,0.3163913119971288,0.4707230463202269,0.14111273334165475,0.0674779228802811,0.5640692010058427,0.016803454535333384,0.32199982609063205,0.4606706387166849
0.34989675163026024,0.2882627872297875,0.3818480397178219,0.052958484125168126,0.8992061605917345,0.14642238888261572,0.9128391239383481,0.35578669378051686,0.007737167944164014,0.7390704161975696
0.3858417092444225,0.5247282907763475,0.41383407516080517,0.6153261110926301,0.7531668712154334,0.18270517901077266,0.6686737290706836,0.9232185816927917,0.7647841808194771,0.4100639072372182
0.6396691222687362,0.5556889318790509,0.1797422298950735,0.06691302304609648,0.9950471246025471,0.7666599778586959,0.9149885479793638,0.9601961783905838,0.02972098618520369,0.7404109443838223
0.11026382500344567,0.003960594311738452,0.29523696700417357,0.5062130414331029,0.2542933644082588,0.6323113068010795,0.18159938407247356,0.028820876110936533,0.8958519339660393,0.5026574207858476
0.5786397950318902,0.8649694403902586,0.7881588010450178,0.0540206405770316,0.7585977972254372,0.7915827130940306,0.8475632939039394,0.6244836767865832,0.07155507286084672,0.835260510348039
0.9671416996525611,0.3137903848609589,0.6153851518486255,0.5371396752821946,0.6126990010664884,0.6255127729505865,0.8258386706378507,0.3255568167723675,0.01567294818263809,0.16871303767574886
0.3426128300336132,0.28739746115458265,0.422970609530675,0.2748637337044314,0.5101372689677953,0.08290061276803184,0.9367444293748937,0.8528513959131867,0.8151944465778268,0.7348757195394431
0.8802979624310031,0.09955753260061262,0.3508652182951091,0.53506739749978,0.5583492451749735,0.8889669397468423,0.17302232128295691,0.7324077393071585,0.7893672059626982,0.8800432054687821
0.47164582710732017,0.54128552338578,0.5039863933659228,0.2641990068861587,0.6808923298324129,0.15093955543480342,0.7854616151953538,0.1045921389982748,0.5006886472432271,0.8397468488014181
0.4224154500890015,0.9297933425219541,0.7217483531363816,0.5888374278413169,0.041225851233118505,0.4810466736801806,0.1332165020749726,0.677422068807581,0.2697342959598712,0.6646636519053649
0.22643482438195817,0.6965585067983188,0.9502899370529124,0.6582212785906981,0.7024068881040827,0.7404972407320562,0.7746701302600659,0.884006711226071,0.35673327123390897,0.5078417052673181
0.21733222845704703,0.5378051789350028,0.793104218758412,0.674190869021329,0.09508412745315498,0.24772106860532062,0.49988288944952464,0.4439146039638836,0.9070797536366433,0.06364668145683161
0.3657669758534393,0.15685817215223175,0.19631585603892265,0.5625929400320444,0.16904716524232222,0.2530074682938789,0.37070488167771853,0.2747577613159534,0.5422000463132547,0.29940924597464447
0.40987184997690496,0.9271555037418246,0.3992110704658447,0.8001372951121801,0.3195467756460162,0.049169595577404746,0.3879759551347849,0.19240748112325212,0.1417007929104388,0.4604644469753768
0.9928572436918444,0.7773786995592431,0.3917915613074613,0.37598494958657136,0.6823462154430154,0.9691809906706351,0.0713134743581213,0.22205180721685125,0.05689605284645405,0.939921018560093
0.9164303362190247,0.1149335810048927,0.40336670697243115,0.24896418149356325,0.9791329058414333,0.18340723474551235,0.39545259624508433,0.7477040318945292,0.4598787796866812,0.29292865305761573
0.31152122948869365,0.6175501570591773,0.5612557752604321,0.1085558652254669,0.03559094583362943,0.5248360406660583,0.7017919401260792,0.1535983099726942,0.8657114835110028,0.4207823157429529
0.8817837999422803,0.2159478365851788,0.14706299672643575,0.5432743527842556,0.1594493478667054,0.5569915409394779,0.8938921386469495,0.8477576664962936,0.3334285767012032,0.28473922613917413
0.8411173811972488,0.648413562061305,0.0565503427421028,0.346496998488099,0.40890397781191057,0.014242777016766905,0.9241968858389756,0.7239251753154322,0.6922140954804602,0.30802811044053235
0.307105690312783,0.4607454508768465,0.6908552622843644,0.6941768188102507,0.6208747220913657,0.9661694278970571,0.23076488528362116,0.10283174635365588,0.9406218302905536,0.9212964282830641
0.43703715640239604,0.5070456269052718,0.2682933039320051,0.3118352932162307,0.23607042433650605,0.44207087786041577,0.23300436466560848,0.7993452140670588,0.9369377461054554,0.4192602378799096
0.6877616341810256,0.5372609942098581,0.1094441521357058,0.19983377458982543,0.47898662775195744,0.3790553656491572,0.3280391243815661,0.7785832390671911,0.03452976524906848,0.17266882488167545
0.04858345351787108,0.5624818753194226,0.33923708594486557,0.4495687826548447,0.2927942490278238,0.10911523166565484,0.06774355787480424,0.15066221216426545,0.4111932288797223,0.036872956975574245
0.8890525107629503,0.39003895346333695,0.06338583127105724,0.8532763410838808,0.6867755972471334,0.06659726392983945,0.47091621553186935,0.7730556214735201,0.4137694678848406,0.3974292026981444
0.5635427431117828,0.3612315409495064,0.2283909139745477,0.01850963563292196,0.3293834855489325,0.8286376438705678,0.06479603155133018,0.697906597493169,0.5064941088867737,0.2665738342501407
0.23084201891412615,0.6788229780584533,0.6262528945989501,0.7943158375511952,0.5413998451266974,0.8419110735756627,0.6176237612235052,0.11665902831973307,0.9366065440724286,0.8398425454019729
0.17751793055534582,0.8166005312202474,0.1724776170620027,0.9940262364921792,0.21549285151363606,0.2750917176885864,0.3152342627337761,0.34880114669283757,0.39062939554639664,0.6640428706652718
0.5041793336078811,0.053845558064407606,0.4716772532626805,0.3152288460924271,0.6410502130776402,0.5346236316622636,0.185187278289917,0.4050256963227895,0.24212735378069472,0.6541333022342329
0.9080832778850626,0.7807875104790344,0.5060852794641475,0.5198182702724712,0.35432404359280967,0.3647417778754868,0.650487217318364,0.35122077412516917,0.45260456333580024,0.4013378139162811
0.12733241373828041,0.7064072115806892,0.28878149530298347,0.32508470059856576,0.5612770615152541,0.28206650287077895,0.8774490390964798,0.7034540217190496,0.44125917286846583,0.35907307998982085
0.3288236757927362,0.0796522198814743,0.47564545095008115,0.8586875193722724,0.8959877026830972,0.5203551684736974,0.7374775506045562,0.8673714613307327,0.21584876436335743,0.6158573155383087
0.544940001192996,0.2786209815749756,0.5663074527008328,0.8880439142934329,0.47956315277532835,0.7111305312582592,0.2572140472795944,0.23876375813080974,0.7876386963400195,0.712088347270631
0.13869420130107224,0.9440896980964368,0.6817109549006342,0.9667142643153219,0.5698389143265805,0.6558061976842776,0.5752647480760111,0.6696235751655443,0.2885915410409047,0.43637862620925416
0.2654550615116641,0.2678263083024355,0.40890348870163395,0.8808781249252328,0.5646586687475165,0.6652574417866196,0.11458791629244303,0.26988884883257314,0.7703810257551944,0.20757517217236088
0.1258147571122723,0.25623911692520984,0.5877567143927769,0.21344652449433843,0.7557545551448547,0.7895857299414524,0.23554073442627266,0.3448036391618242,0.26205311251712915,0.9903712921864005
0.1429817787327552,0.7393792037991147,0.1724203646958623,0.5588573995245933,0.7687121061584448,0.6110856910389117,0.5703704683110032,0.001013750412920289,0.1660874365623819,0.09375128619674944
0.4062027486127574,0.6850113513948884,0.8429286822282601,0.9292986496625069,0.04744242170038637,0.40303634144118194,0.46115768090015374,0.5203397578631092,0.34963168618983276,0.5903956632502754
0.4359181246033864,0.35061969013639316,0.6908523507068137,0.19621748183279686,0.07119442792898523,0.5306201410517093,0.18348522851863858,0.27981044338514305,0.9752078509651045,0.7877172953573541
0.0757326537380717,0.1803126472371318,0.15310104806531333,0.3391578801372894,0.9685525704047878,0.03293570650065403,0.40388773949751056,0.2492192786357651,0.5155797093278404,0.9288705866324821
0.3617910402720613,0.9278127468703055,0.13418647799678485,0.7364196862475403,0.7878109409713869,0.06357258808485677,0.38735090951707973,0.22766667030861798,0.37348619393884586,0.4418224829771503
0.685133072177532,0.698558946526541,0.45178061049885154,0.7499248588593397,0.15495629844203473,0.14517222942652042,0.6534989456442969,0.16681061629387883,0.6095330541919637,0.41128886017316024
0.32916753618846983,0.2474776829843791,0.17815348736900793,0.22952258818837046,0.25764522055196726,0.817718735535533,0.7998054454689522,0.3515381112819408,0.5895058187314931,0.4679215997121946
0.9320192231117203,0.67392425590504,0.7410451270295191,0.17705468784076495,0.3935095188134211,0.37155363211895376,0.9253313526782481,0.07697077197946478,0.3389834124455289,0.12944604193514775
0.16896888782038966,0.21749917809546082,0.9274242716382196,0.43721712815083547,0.7386389822739121,0.7058220286877772,0.2725914363698738,0.8867612068698791,0.46806321486377545,0.3445049120282281
0.7988854283805165,0.4248976210405381,0.6511884917582438,0.18197403640266951,0.12972147137938672,0.8048505684867592,0.038651855296097826,0.842168323636735,0.7283954210314774,0.6004237818018917
0.49219484845698214,0.7264251400619914,0.8957645063894357,0.36566612094335416,0.6254654614084111,0.47139464719335045,0.9071297104117806,0.49738275734187554,0.8595157834928955,0.9838422643491713
0.850531690578943,0.799456961616416,0.5500264501409607,0.9357361461712066,0.6330827954114026,0.7090150714496174,0.815455032118012,0.6744228344768393,0.5974592169105862,0.552101090495087
0.8457972445184422,0.15690524633919367,0.16322596967221437,0.7870913696534723,0.3421627286856349,0.2488677854528577,0.4272540886050914,0.31002494433982053,0.5177828428646059,0.9686157549905428
0.37361936188957856,0.40696824317068625,0.8663261076351636,0.9257419727208036,0.33381813439163355,0.641835999734087,0.6586026402553657,0.12068390884535507,0.5978022271827634,0.3276243571001125
0.34544847721394123,0.6364734306440408,0.44626862389273325,0.07548811329379546,0.22122273866325193,0.30177028292564534,0.8427323893508593,0.19231189427056006,0.2319755008194121,0.8499764549753728
0.49386259601890614,0.8633488534351078,0.5666424182514299,0.8119591134552315,0.8294439614261896,0.760124112323262,0.09981594874248467,0.5512191968073024,0.026328937665469287,0.6620038338613944
0.8640440229480036,0.6745322659298685,0.4475779336386898,0.04846971370998043,0.4315115049448729,0.21329287835386312,0.16318771579494107,0.004958935318665425,0.39579577456145876,0.013661787521853097
0.22378323417423496,0.2964705062900417,0.5479824797797603,0.5985828954719964,0.792909304017312,0.9885446887930044,0.12739329720523385,0.964611408337773,0.9872827620283687,0.11460014207985358
0.8518376771292765,0.9299728970123693,0.03149123612295668,0.10367469299835141,0.7478085536596092,0.8919708642210843,0.3326810348431336,0.8482763255627636,0.5475244042736661,0.06273283737412716
0.4391210710460074,0.9008962679180686,0.5615124891816127,0.34997037700505473,0.20951721659153633,0.9756420159279481,0.774126388060308,0.917610037304524,0.12760513619842084,0.23299491610489764
0.7739524250245254,0.20560292923395707,0.1267290046977385,0.8333261038570248,0.2563683631253534,0.14985035936169466,0.4038935024732857,0.3934675161180047,0.26537644929507653,0.389646168161222
0.5778452040291038,0.09376773252054382,0.7540636296549565,0.28667062058800274,0.3486866144723506,0.3145194195960642,0.12477066613330534,0.8343343902572472,0.9318702936125871,0.8344913221146156
0.2246336339991516,0.7644390650027704,0.05544787313136357,0.28049132591339077,0.5785823657554805,0.09449902846672276,0.667070561361158,0.16604339475476015,0.3124392105799312,0.026155166462183188
0.012106057764868172,0.8851329052544046,0.939508363467475,0.10856130397416874,0.7412610055799949,0.5391767208063729,0.6425702416105928,0.9368641132249729,0.018516491772124666,0.26015208373296306
0.5433340464603962,0.05563424234109515,0.5815257902294042,0.19875246476574604,0.33761896231020316,0.6368684192542623,0.6775503066099788,0.8425167867259034,0.010656125425397178,0.21646036209783281
0.5687052563351441,0.4455496648270173,0.9471249595266179,0.6302868504348389,0.5777648127648563,0.2378921159468793,0.5667554808040991,0.11119451939930403,0.8908597805417229,0.05832995986194667
0.40415156514155715,0.7827054109616121,0.9279491552698861,0.44385687087233616,0.613407791561219,0.535775721033074,0.4121171408217399,0.9427299936757485,0.5464637453591995,0.45158367158793944
0.048656683687164914,0.4175633943983268,0.958281496019822,0.6773708043401935,0.4074621108721852,0.9226014730687533,0.8916973283470978,0.5711889444552155,0.8654033895690847,0.36267175969712573
0.9076848356765347,0.3762449357432345,0.5852059605439687,0.8897608255390207,0.1735156961418578,0.2966572744856496,0.6674743754131909,0.7061557967406779,0.7158599686948086,0.05561626929632335
0.9909963544726992,0.22473275759458544,0.0993548759433065,0.17222361014855425,0.07875302750264956,0.08282923977306478,0.41281324842303624,0.7941049353297787,0.7195300354083565,0.4838291212402206
0.6632322090900921,0.8073804656301135,0.01615487366324242,0.3806507631185416,0.9428559001021947,0.7705560993541627,0.9721278407838078,0.21055579924125345,0.6202401220529978,0.481819587402742
0.7189489788063255,0.7896587418477002,0.41631521026496776,0.2826166028201257,0.9072802888247898,0.79694893039314,0.3929560939389287,0.16035780307957548,0.8583673201360583,0.9179828602012664
0.2180704810810773,0.2931986523987258,0.6456744906483785,0.09312033119189911,0.02486412370291813,0.8469879054646575,0.9089912314223815,0.698246188190102,0.2859598689454034,0.48886973496630326
0.20086047717238087,0.079125761041684,0.7345920141243444,0.20121272186976202,0.15399751813663942,0.77774226202083,0.5835940500880831,0.09793161941400208,0.3664019207874498,0.15776278564706137
0.03630837167054113,0.43135580750879865,0.6030224257595932,0.21481714578407074,0.8753869077167131,0.21831567737340896,0.3968688276980529,0.8001332636525371,0.29149627005382495,0.4793808629713604
0.940821143192632,0.42912080146074416,0.7842262125174244,0.16151920621996219,0.7717876365939643,0.2821588548534232,0.7517717347249452,0.8392938006640804,0.29627149355057303,0.6960056125081031
0.2528497349192894,0.8265321702121967,0.47419431849406823,0.6216570112689197,0.7161532075150362,0.982502369214037,0.5769199055599339,0.7756493896708558,0.9622903481617093,0.2418212716668401
0.9282571859776549,0.4354842290800691,0.19743057827557842,0.7200508930915906,0.5297292060584299,0.7979476909729536,0.7018870330784861,0.018292396187555737,0.190727609738777,0.10048897076383145
0.7538130371669095,0.20469950516392976,0.6169254771528573,0.8514927461665532,0.8672616951263696,0.9414872027163756,0.7939798702407788,0.7250126343619221,0.4997910957630899,0.9498394676950748
0.1842645100853857,0.5509890884475427,0.745464462554284,0.8035440276526052,0.9655986086170302,0.7529052089622079,0.6200031994051389,0.14969306674888183,0.5762137474086119,0.17958194014187479
0.38571878694160433,0.8884120837604872,0.20434082093077943,0.13239147329796963,0.8661628486412509,0.20845231427953126,0.7407120486895271,0.7169103158444574,0.5009009848589926,0.9563810753211189
0.8574795697893398,0.9995989907503627,0.07865142080737753,0.514298951666477,0.6715686503640055,0.4292747853912665,0.3412392349518901,0.20497166948878354,0.11983966768238596,0.17378532310435035
0.4507865573140528,0.8821349666892444,0.4764343098964625,0.21917923373843806,0.35975482887032684,0.6000608134932276,0.028848097413177287,0.16545432734594756,0.5271990403397897,0.5429578910170239
0.44908278702070625,0.017244990123108872,0.11680627678086786,0.35957074859768823,0.9864977976780394,0.22689032352317984,0.04599989795142834,0.2651293505937563,0.33352360438908923,0.3594195942566343
0.3687436791974823,0.7510216466358965,0.7335550139151452,0.3855532679880934,0.6749620828477759,0.10724101734096625,0.043353911403861245,0.6497186747411161,0.2998124780426976,0.7913237988987116
0.43305165356631015,0.6281294499953636,0.9754597408590019,0.572542252001243,0.6529989345625482,0.7400461599511348,0.4950943526472976,0.04923295786889925,0.711537410998888,0.2842760338269801
0.9140484064837059,0.9596671764323729,0.902251323304345,0.1930668813777041,0.4780245549543465,0.561344604213883,0.9204633879296075,0.1162273098252653,0.6344366704028981,0.9092143122520107
0.9775098152905348,0.6054534390859555,0.6876634216367923,0.025626976413991365,0.22239681202507233,0.24979535562287225,0.06206196314386059,0.7342105433748469,0.5264217052395846,0.24516205130064994
0.4235037853216923,0.2519273436777947,0.2070128843235315,0.4221832604384963,0.41988503930669296,0.5621317286218537,0.8755363735452434,0.08027797797069403,0.9192111756005349,0.45534589959816973
0.0012405787004119428,0.5872276240579071,0.0965767835507152,0.6988304254141382,0.8854460386256862,0.8856950890595275,0.3071858902091881,0.38277166199542856,0.8423792220413162,0.21099755923111485
0.3273045869024841,0.6304784244138747,0.8333912490689138,0.3796583914076256,0.6874070676443835,0.12829503040965196,0.49297327584702433,0.5913785616512491,0.32663248376262777,0.1882576929170352
0.9752934971292504,0.19210444586546416,0.6011445540206453,0.03384216708509369,0.1755908948819518,0.5457725280563986,0.6352439489877663,0.8851566708035516,0.5926090999492728,0.24135700308519192
0.5180758801042696,0.7589448457029405,0.20130780115477664,0.7047759987938074,0.4520569531870251,0.16305296318464635,0.7288142849102061,0.8324425372470374,0.8262624423006634,0.9553471985392998
0.9517374485443444,0.7733903051697295,0.10195858664954083,0.6556162078686595,0.7585782815946797,0.12633093511122995,0.8284616634872657,0.0030990889115463105,0.8360712352511873,0.5733330286565667
0.9395640428758236,0.9987375803384513,0.7687596769560847,0.51131239036635,0.8725073159068009,0.9237139721814797,0.11396538408922341,0.5864824704891741,0.2442192455295179,0.03271830729911729
0.32691207179446546,0.5142738723671366,0.09190212694844646,0.650501339315106,0.3445371494367796,0.7726144447087612,0.7014677092292047,0.5300473198591891,0.06378842747253954,0.5449018879603518
0.13251411026692417,0.531771498716636,0.18568510475158984,0.25316669525069313,0.7191112014698097,0.3082166650648721,0.9446672566762211,0.724627344561457,0.7082954201310434,0.39635914747430623
0.3638066095360689,0.9975713131820821,0.2532264264329859,0.7659437932422676,0.8329320104322689,0.48510824916639417,0.2188188350599951,0.5319521825510929,0.7270738565401773,0.4746160175783204
0.39689180171797867,0.24786857609458413,0.3887898434069005,0.7216168809624209,0.6057375855435345,0.35919281514384294,0.8057822976313519,0.051790572070220975,0.35386817873602383,0.7174145874330549
0.1923976080045149,0.9350558508743296,0.9787777969233283,0.5364261164717825,0.1035815326850914,0.11634457068294757,0.5091878903711874,0.45641659275737434,0.43217033184427134,0.026874720116721096
0.21493012055599026,0.7297017199810208,0.9569380581929351,0.8738913977085135,0.5984660677438912,0.5458963632588113,0.5966821589301462,0.8734869779783793,0.9328423079079619,0.5461045274186511
0.43884330814806527,0.09626955959974626,0.552555034498793,0.46090506277756405,0.4014600587557573,0.6442648971771564,0.5546146906851266,0.5580497809906583,0.47052175031648347,0.728455400571203
0.35720300467100075,0.30360385131617607,0.1497096085121331,0.2582810642400082,0.30551929056221794,0.8378599151505199,0.8042514131852726,0.25087115595582443,0.1143704017520194,0.5389119072384687
0.49780536481440496,0.8856640242696191,0.438243675167844,0.6046859724945277,0.6993465606138152,0.8801855835595634,0.5425343800521824,0.6763349905821427,0.3532613785346793,0.9774126428325012
0.2567095872637859,0.10513744585072571,0.09214677457053566,0.9933129634199345,0.42388585236037246,0.3843511656809717,0.3305745838334727,0.8914390844005781,0.03677815770357373,0.7411550691147573
0.472755432111723,0.8622800516540831,0.7682667144053074,0.7256051206267683,0.6354417236679049,0.6443947763580067,0.9306945811954563,0.2616766917441451,0.9269136458881863,0.6839013987565494
0.8607342410820953,0.27234164723004917,0.6661565584435216,0.4851267330271807,0.9006681641808226,0.6980782537659486,0.7604622027423295,0.03567409944825328,0.10163180510110692,0.2700545714543616
0.5636676832561643,0.25327045903578527,0.03528567787800352,0.0720193898172019,0.18238889876201358,0.2056934300202582,0.2716456538206462,0.32366443657657773,0.20608185318461514,0.1820897465223783
0.4855822443766534,0.012501313710265749,0.6624201547371876,0.08682248137248338,0.4272882392162459,0.08366079597507348,0.3758264030276328,0.3523705459020551,0.5692397633835006,0.5854498280717423
0.38477016371223527,0.22744345876335725,0.15746145362521557,0.25316492085117825,0.7463594458599669,0.9368315876081411,0.7553433667475993,0.7343616236311021,0.2887843371389661,0.5424760476469711
0.25956487778278914,0.2267213329018284,0.12922288754541822,0.37497742215876273,0.23855869214362713,0.7070770482843936,0.3761501171107279,0.3339633462759013,0.8087427211238628,0.9397356500384458
0.20754379256464983,0.646431287854234,0.6434156703101651,0.3379362243858589,0.7499436653874892,0.568645545844273,0.7992106804315405,0.7127886401125436,0.29988446258665713,0.6725053611133942
0.26944055918482723,0.5217000910366606,0.38247483767322843,0.20383656499607483,0.8724440422461353,0.2812007090433357,0.5114024801113438,0.1549747250260981,0.04032266115085281,0.49163261480118914
0.605139181535092,0.762641357274608,0.28492660983304696,0.6631178123051846,0.5559179658228213,0.5902182163248842,0.6397622445744575,0.8722974963551478,0.42689129366130185,0.21574268417828235
0.5662964013646147,0.28081571602207167,0.1670571201434612,0.9330170430552502,0.3962642615549714,0.10598721426713598,0.37724096618657676,0.48388578177674146,0.37646994527189503,0.6015550154160311
0.46657191277748944,0.5543200107050485,0.9963128570047775,0.20178163617689482,0.24774966284891453,0.6594984431076697,0.4062467324324508,0.7967290482762333,0.6819041844112742,0.19956738256087525
0.3464379373658798,0.21561447332763828,0.44630862688495565,0.7733730322846125,0.48043566342699173,0.9346228074192307,0.6452580262198373,0.5109031045033751,0.37044227387106554,0.9095985547828627
0.5311239112736139,0.9471403035473761,0.3065021479101028,0.3114308021828738,0.8557970297463234,0.1843274222208484,0.6677688410991136,0.1555289977598947,0.12991805230404307,0.04874339902401725
0.19480875985865187,0.5378855692389924,0.9230609452129377,0.14124092593368032,0.30634868041144603,0.9054000089986993,0.9383489088544392,0.9661829437156417,0.11910625268612407,0.778826895296126
0.33043238777424333,0.18664991438349965,0.3861688312007766,0.045504225661875064,0.6126057694398275,0.023680961602909445,0.340009455201453,0.40517075201048636,0.14495075606702246,0.3691185579965701
0.5002203251420257,0.9055135028383687,0.2752808667187314,0.9467506790161782,0.2864121237219531,0.5323587589547759,0.04255221408259102,0.3172067024113625,0.6383780305905048,0.45065675489134993
0.4478462796319138,0.7762653882391063,0.9992952530954031,0.05217617111689177,0.48444332175551963,0.7542809217169919,0.6048804884169405,0.7615021425924502,0.9865532288259335,0.5819175516769378
0.379657683475082,0.9297773755294415,0.0039570890444077245,0.5855749862785437,0.3266210742667016,0.8553883695229133,0.7042676527448546,0.16826026955577555,0.39774501216046076,0.10454316568381228
0.4736336786551295,0.2875095730840682,0.23707978176461564,0.5552934721461823,0.6233179090749029,0.7378212248822914,0.1486303570319003,0.43759892765753927,0.38086924910653785,0.947110973352193
0.7332979965691544,0.4332101236468746,0.929840397419398,0.45351208185792735,0.4286173944215189,0.2317942548698,0.32036332093701514,0.442812967416666,0.1314390963279305,0.5924549219082722
0.9760626309841901,0.25671322666423857,0.9189925160704053,0.9889052188998263,0.3616722996155476,0.388706866313007,0.3964632907055431,0.47340455141704074,0.6402482370713849,0.5770512519313895
0.05656950058514465,0.5060409654978029,0.47569550037548136,0.3073239249288525,0.8026326061407272,0.3038121106795013,0.715929019815445,0.3394695578205953,0.5134016717669121,0.15163751679767257
0.25643205081819087,0.027324133273994522,0.581390239853215,0.333095877409998,0.5368162517165035,0.04573037339758046,0.9470998737496678,0.949877171880487,0.10858164597818909,0.006068826023279961
0.23175345081458587,0.23041626341736499,0.22275521576809776,0.2996322791819436,0.7413500725897801,0.19387086134270826,0.280201412177538,0.21311419089991668,0.48376415183358634,0.3508862258293026
0.5291523633839209,0.5008376920050339,0.17802567437957317,0.9612167252164153,0.11402659487870381,0.3487087223751597,0.47040896649748243,0.5696582721958231,0.04848712597562432,0.7351252196470042
0.501951952097351,0.31567653353907155,0.9867266934909067,0.48965266669372476,0.597296022588515,0.41283883372361807,0.8316551740300678,0.7729484327681898,0.8658293139887511,0.8795677536977873
0.05939093450091948,0.3905308050356989,0.7934700300571408,0.02349264621083591,0.5640922615873458,0.6049853951696327,0.963171199920653,0.22799357839649748,0.715889895150297,0.5973788381826047
0.1850069866714671,0.7954249278960278,0.22726401117281925,0.6720320712518639,0.6703550395049578,0.41821233762183574,0.17724725373828742,0.20510582840802827,0.8206396282919911,0.40949678146675217
0.7736772313636565,0.30080807710691093,0.3499440470535795,0.8016090191905517,0.5372702428535003,0.4598475076952917,0.06472519918642383,0.5702380743539274,0.9879036628614205,0.6714720283239015
0.9244796161419443,0.3256641712354522,0.8496577486826952,0.2864752611246164,0.3838748226262275,0.5697490046375719,0.405528545519525,0.6880007862701911,0.11881905003422533,0.6790450396722012
0.18736673287048378,0.03053018131906471,0.061711837963015714,0.7936542707376231,0.9822220586876781,0.8904515595789008,0.3093734215549305,0.7419173195979838,0.708401316742315,0.31714140522944
0.24085958684432518,0.24115528740800263,0.6968127831303401,0.2658403403843078,0.5116898086408981,0.287301597097681,0.9562817066348784,0.9360821953863386,0.4260585298405297,0.6065489186990461
0.20527159255044503,0.8900281323232444,0.568495324815143,0.21018820637633495,0.7822902078517711,0.963214752562766,0.09901258987165285,0.6624254825540742,0.12340249546221749,0.8244982604655996
0.12106417006105363,0.3012414546988912,0.8329370943576175,0.39690576372002273,0.39767540891839015,0.15725920826851392,0.45893310705254486,0.24361127013120343,0.39764768249923454,0.3263818790317129
0.05565784447281452,0.835631461973126,0.07545849014127382,0.3647696517657364,0.6583617617314512,0.5149006716514802,0.24656623051217208,0.6345728226535448,0.5120757318122838,0.8216126175111527
0.9956587476180115,0.9375827806474935,0.2102652014043903,0.7914176678136996,0.9814872411028785,0.8931731505590639,0.20115603115024627,0.4375656112131331,0.5339733282855917,0.4496388268027458
0.2912379691645923,0.4469728105639299,0.25230637666605393,0.4137860902336109,0.7740519643887973,0.8501134553747727,0.04633818942065837,0.7537502632936214,0.38298314449545157,0.0995411391690807
0.5651214864218419,0.3358232565664917,0.888049424549838,0.17527904030778008,0.33194895197756014,0.4762105429349758,0.16262791267205523,0.30824005085507344,0.17645740112261432,0.7277470160677008
0.6063483734239814,0.12837793697592537,0.7022309271925632,0.4744543019171594,0.4978041993729977,0.02778191986509415,0.06788069881505232,0.6838693369860205,0.7692645935121601,0.10200364252371652
0.09579798693240493,0.1141273717163257,0.805476143697126,0.6566949009764455,0.6682573957147077,0.22689807200979417,0.4837502804285243,0.22488580101838362,0.8621470995154003,0.06106229130236662
0.30536822056799073,0.6533321594462732,0.7850214335118678,0.3336426606324755,0.6761538226151608,0.34335253340422034,0.9088852827177758,0.7560774327219295,0.8056252491830425,0.3513095286753576
0.5470950292150274,0.38084259935655895,0.024009552911068544,0.49784041782725763,0.058952233592089565,0.782582612676562,0.585320104764342,0.4177830667122081,0.9684434413363177,0.29690706202426553
0.8177019335510107,0.6181251243183765,0.012671947939494554,0.34599208452571273,0.5965632485768252,0.046327621970227106,0.45628182039267595,0.2587849606096626,0.2561547317986703,0.7394350293040388
0.38013081029157236,0.5998630169951626,0.7301494228129373,0.39651938363243666,0.7829117723579374,0.194611936338974,0.037680437953761636,0.34834917320568404,0.2424710203003918,0.6499059555446154
0.3654705128310821,0.28518923761249004,0.38808001091143507,0.14333800177678757,0.4702737357174378,0.23370432114012063,0.7772246942684786,0.8005552744585184,0.025982415006759352,0.3002940308075116
0.47025167580282234,0.5491356482804259,0.9465568781322079,0.00485926531054115,0.3142831264623275,0.4032184726881941,0.9260451297169537,0.7621307250045688,0.16258805901550166,0.8791505675866218
0.9535380607495552,0.9592062986616412,0.9224391874255198,0.7634222672914293,0.020273451783582086,0.3396017304228728,0.19242066616192077,0.42389856624670474,0.27375976014056236,0.1280721612215041
0.8679029842033323,0.9248514542722257,0.26711072849742734,0.7612681926388198,0.7247532671648178,0.46057714524275795,0.23526807871512545,0.8511721612293018,0.5658468193418841,0.605229957063262
0.8385551394252198,0.09711806228829056,0.5510614384563925,0.8013275468493571,0.3741657464930448,0.3986163887316757,0.9791225045339614,0.6281569253624516,0.10038341846442556,0.8582061778356054
0.15143525101078759,0.006763734718793879,0.9507599188239176,0.5746577743934423,0.38565116432393454,0.055673757474215546,0.9609507279425492,0.6915732307539698,0.05450319905792789,0.22340134903271014
0.5265893510486742,0.7001476259774762,0.795193669216464,0.008065763952299743,0.10229675655922998,0.9491481936102685,0.37191575650565545,0.5697558220258276,0.3509565570712716,0.7879519612167686
0.8467961597453687,0.006464395068832229,0.8925302099483908,0.16063985563844052,0.07885509438610894,0.9508597845283752,0.23034747321898186,0.716756309487556,0.33863971620607447,0.8751109988963482
0.6107581105602888,0.5510061547822023,0.7688850147477863,0.09216829598905629,0.3952250060231782,0.46700141158884767,0.21630772101878437,0.0758300289831998,0.7284197802141231,0.24550954521647728
0.9915966458200177,0.03661892441114778,0.37801233300942316,0.18803528889951726,0.8257919515688475,0.32384283460596075,0.4764821340352581,0.3028621884862731,0.581659435416042,0.9901723666214878
0.9356715924695647,0.056527581215155,0.5116826412835612,0.5143208792833738,0.5447353350346332,0.46955602137783425,0.1650941194415113,0.04778445022247113,0.12035089402896681,0.864156371963977
0.8793611276041978,0.40022185891396966,0.8324172270257486,0.38613359592316254,0.08571479428035933,0.5435113406686889,0.9895880317465696,0.6461199430401794,0.5902232017358895,0.3993028689134419
0.574725458610784,0.9581778805188589,0.02579043953050597,0.9984603589950319,0.9112195164711488,0.5721763098552316,0.15363516183857673,0.09985851213130104,0.6912920813054599,0.860145839384624
0.7237344099395172,0.010085530476005578,0.1501409617584113,0.12742554515844962,0.20425419519976196,0.6282209089687955,0.381638029092749,0.5909252485881624,0.7442494089618265,0.9833899771671376
0.31477496957364126,0.4771804560823093,0.02760994385009874,0.3187655303935132,0.7564307524043431,0.2697245826929786,0.527082051087878,0.8169302687260059,0.22786570936474482,0.617083548655346
0.0011407423960366758,0.4574456037703051,0.5009343125598154,0.6603201422641222,0.380805441545474,0.9770191945395885,0.4429841036965775,0.00804546097397929,0.7125444281281293,0.8540266848792738
0.7915074251070661,0.2840285311960066,0.8142824905450564,0.34572861252856546,0.9056771496123074,0.07207203961935471,0.5136514088739599,0.2651986099960658,0.1252417275758323,0.23623845002958344
0.6085899956265857,0.6370575442468276,0.34365869713398545,0.7615794457895166,0.3592441649129735,0.8256280752224108,0.23050642415699663,0.25108821768934464,0.35356752304419947,0.03655120278175017
0.2788952725099726,0.6207103045195449,0.09245390744930038,0.4548850162275574,0.7262420460675186,0.6638678421380099,0.6373720224905169,0.3446198846538021,0.028525724667300634,0.8266700746194785
0.9923619056112349,0.14120288940634507,0.602515908819179,0.8438437234018961,0.6485715115843165,0.22196700511228085,0.5383304351085321,0.006042350066781554,0.07175410438273078,0.8825986004576492
0.3100222821524877,0.43073692247780815,0.1455763361654724,0.3814081681579441,0.07418891481279077,0.48500879028735777,0.7542201914689008,0.41305725995278164,0.9104027916253228,0.02836708765339091
0.6142581032051277,0.27582792151721225,0.8544582141466839,0.9062533078529518,0.20095247515781123,0.46801330902292093,0.3694169332882705,0.14785597984853605,0.7418593279661013,0.7221106937847673
0.9102972180595363,0.5075325799641951,0.20757300431652714,0.47627404775907933,0.32272522074401977,0.7819485846410223,0.13493979722412852,0.5272862752605619,0.5624135862029309,0.8282800857559378
0.7571851806633993,0.21445276362753785,0.6929138747132964,0.05791374015285622,0.3350992247096828,0.1323999522228616,0.3196341813692749,0.7945758021026068,0.3542149204896259,0.4018658348951042
0.9851403273613908,0.4948472782645612,0.20470809829694359,0.18316119130843334,0.26072192909821734,0.33774251768707053,0.005307978777626343,0.12957228104654883,0.9580882709792046,0.48296338957418716
0.6233129524617151,0.441988890470286,0.09055303276522986,0.32201650763038603,0.7791109476631382,0.2182867846658879,0.8743523107695849,0.17828588024217862,0.6505627347481086,0.6286143857649924
0.9999954782341639,0.4203564453816644,0.308824503779082,0.8541758493015725,0.6841073164151908,0.5573899185804253,0.6024842418741064,0.13938135042193533,0.7842040331608569,0.15958644782474518
0.9254238698197669,0.5779740778515868,0.11900396636336996,0.7629543911330892,0.7906902297661884,0.10317757358886559,0.011476249529180582,0.03832022744583241,0.01758005658307704,0.08591718178344565
0.892474798643248,0.4214706616570487,0.7162999406573115,0.09798615821076706,0.9217391998209585,0.36236831092098887,0.8754303747593942,0.18095886062936695,0.35119198781241323,0.27790664545151755
0.6340481694652685,0.8921021041173155,0.8937538084655454,0.34919818187236096,0.00804995558286592,0.21847006731317142,0.17851754845510082,0.4716286885202394,0.8896375139697876,0.43891553162398467
0.8025998628121993,0.9873320252875273,0.4876986467044694,0.6679133432287296,0.576929587321117,0.7870714420537495,0.7515912294240877,0.7907558450538376,0.7271985595084273,0.9432426331996323
0.8770145965791851,0.8749628178018386,0.42674260242885775,0.2571114205232159,0.25853278229564514,0.9478370955161513,0.2305229144167934,0.9877231714468393,0.671975476170323,0.7578705878437876
0.2887216610140091,0.2927384284060687,0.6262945179651564,0.7906314170417925,0.21682742635745533,0.39167439768717194,0.20677997933580472,0.7699110019238978,0.9394174677957489,0.3859871459852522
0.37669496139157277,0.3127928097983431,0.615477921985269,0.79962680131787,0.9739030919213958,0.8082037038259416,0.45141278453826184,0.8222695137424983,0.49660437561645676,0.3240596004081995
0.7745810133916919,0.22318578282162294,0.18845013698275181,0.6407670798376316,0.04292219297151045,0.3240684814155731,0.04743517242922268,0.2411038735651706,0.3774539279360871,0.6536573736974659
0.2566589584662722,0.4131114385164104,0.4702767721131489,0.04061240659903542,0.8984482215389425,0.7111832061217404,0.22969796048673785,0.833432327842792,0.08010490321492891,0.2694172939028434
0.37635835056539224,0.5506728861791573,0.3523782712450395,0.5348014609072079,0.04419861398636793,0.7440717600783546,0.6672105079544043,0.9947683310806101,0.963577041239574,0.6028588093707534
0.9134296592848085,0.13511439137257586,0.8927909656619722,0.6437777077595691,0.7246705080140947,0.3431624098361694,0.8068521995271841,0.2817290735694943,0.2098232444253546,0.20566899762044588
0.7359461322428249,0.6191570203497718,0.9446968962430632,0.9158897586871043,0.3819792217782241,0.8358729697098196,0.031938426539808606,0.6329264075035228,0.9455322353933631,0.6289104137318825
0.2941498975815472,0.08080302526042804,0.6810721290136866,0.7466413171284612,0.2128703535994746,0.9673160389052448,0.9207516514902627,0.3488401353528844,0.11644321479552311,0.9609406251453161
0.7745315026339847,0.27200496242556904,0.6192310715273496,0.06793472480267548,0.16873973703222556,0.8177065447290011,0.9504911957213144,0.7849009647612195,0.8244277757386734,0.6086759933021446
0.3167451665425527,0.11128056518373375,0.7992588990629325,0.35109505184540457,0.9372323713090236,0.6415723486214268,0.9983899483133254,0.7581432103983117,0.34042789824669617,0.8390965074996586
0.43266875115153414,0.16426162590433502,0.993133289892999,0.20665513229445942,0.5102390090794029,0.5110718693702173,0.5641030305148316,0.8386574450184133,0.34682017753766625,0.371670138791652
0.5032268563874431,0.34869750791373055,0.3891878694841635,0.982467663764377,0.16596004101114725,0.5036980474777062,0.7783659946900607,0.6172240326109586,0.023274768864722017,0.7859148508096083
0.34831619159238525,0.14888777971011602,0.6871191548514303,0.09682075616136432,0.48863752857304554,0.10992809012859506,0.4758711489589026,0.18902755151747963,0.40002033187145347,0.6783877674798083
0.8416300183910658,0.8046480020463522,0.8880787410793061,0.5055032607786251,0.6603686850434499,0.06848944356565989,0.43834865440724113,0.5639632333500583,0.9861413849224666,0.3471965427697661
0.3999876243955709,0.16864089250011594,0.4585232169522282,0.979524004675234,0.14403065691157857,0.959143628907359,0.8166514357860651,0.12827760199258775,0.20010246758107952,0.10321580804451469
0.27869130880021775,0.0393484325713116,0.961657375930906,0.6860903053847184,0.15270894595712725,0.7926127137812409,0.7538621432466427,0.933321238742107,0.4495583768226433,0.04609899033829645
0.9427534587744347,0.2763486768166121,0.050945418331640124,0.16297856069364802,0.6171242195953829,0.7369599839585862,0.04474550201359695,0.21021196387231111,0.34906530763513544,0.5675646281657879
0.09792934483823146,0.7250823367769366,0.21900567143890093,0.7757162137998861,0.49637384844393717,0.34889927092233897,0.8352337180516097,0.2369274367638765,0.3809521781932873,0.21752286894287287
0.30944848814928083,0.2383840047489808,0.02866781107681393,0.551073088967144,0.8949220492740504,0.19300050703241822,0.4933398268332406,0.4760183599395825,0.3384217422510817,0.5528027392635806
0.8543652514753782,0.9209882390992951,0.7284132232399627,0.368229826297516,0.7308595708243576,0.8000381005847886,0.7709935919789155,0.0677250775935393,0.14037152163291156,0.8721572460614024
0.9177437476322234,0.5543122891773974,0.7214436873083554,0.32288298478012945,0.014804718575956,0.4595776139553962,0.10292299083027756,0.2971452553971393,0.7313117075662595,0.49630836603737627
0.8156935671102808,0.779250073964326,0.6463181334082726,0.5810954873912028,0.6063165404794577,0.7078760651385705,0.4643536781236426,0.5553683581994618,0.5834660860185807,0.013354382655466845
0.8006698109908328,0.08760063897554915,0.6485833997807069,0.5720290488533757,0.056478948766812254,0.01628984705593406,0.007035516994648994,0.021797697276093708,0.1506805892730776,0.5932936853373667
0.06457498433759057,0.6562211417845345,0.833495778845708,0.12237809915284203,0.1453540317880836,0.4823902523999376,0.5673175148550822,0.5813167375589523,0.8478952350096647,0.17260159607641723
0.5979513853274717,0.7353628660438454,0.21690923686268193,0.004732035439587112,0.5506274328002126,0.7515624574455105,0.49746852712765377,0.45533738943683144,0.8634234872720836,0.8037212131850376
0.35784961366079426,0.0608398700358056,0.9421667546825048,0.20168443145930814,0.490618510578821,0.3065095717713454,0.48359840404528986,0.0371049748167831,0.807844779170532,0.6262164302036404
0.931445194603075,0.5221079456313041,0.3881871265298976,0.700237610540479,0.46965869520617975,0.03877115949117138,0.6793577594706328,0.605316878073782,0.29233681224624863,0.8670610551886162
0.5993020009587658,0.5734817938501757,0.9936807724511576,0.7531875579352308,0.05789873072347784,0.14318099687407293,0.12632301308455962,0.6099349472422488,0.35164693517686263,0.22187711455738202
0.26709439939495006,0.16661101665777167,0.444010428484792,0.986996846720222,0.3214932218826796,0.0581746972060343,0.34960439372417407,0.014718777206767286,0.08751156293707485,0.893381677505763
0.5226812054822704,0.9423732059654526,0.7799867216649088,0.40542690397187797,0.14135464817484267,0.2067234634374936,0.49354124901980334,0.001424067108339644,0.6764337463180594,0.015087707477354995
0.7141659068019364,0.8157800900269107,0.16731510545323358,0.7159547394067591,0.9741957382699276,0.7546545577265156,0.8411332429503885,0.7315859404892668,0.8711609018892111,0.7577119042328619
0.38598871102280163,0.3703631149528457,0.9460052429030561,0.494057621466338,0.46081182491280614,0.02941869093102145,0.6405850957476406,0.06919660260601479,0.2055715332595538,0.36652950814734075
0.5210384950030394,0.4878095213390107,0.10845757603270934,0.19781422634115764,0.7596768530523254,0.39707226664496864,0.9323403235494458,0.709547262525051,0.6090875825192944,0.5363982529264693
0.8164187813165866,0.24378026913975126,0.8369880111133315,0.7310466876756482,0.3720547899664529,0.3931134386174817,0.7124463174021353,0.8953130901357991,0.19290427989721515,0.10286162232313212
0.40101714390873766,0.9147272663016442,0.8692920561419321,0.8573002261365326,0.021657509167786082,0.868747312538088,0.38840550183414935,0.6406886609830114,0.17120854835773458,0.5900479499971079
0.3541504964829614,0.8485296124084867,0.1701627025767929,0.44522720103564106,0.21084324506781227,0.04427355059334859,0.5249532036587895,0.2968233770244999,0.41582696929209895,0.24891695091177968
0.41713633369858083,0.5002236884341534,0.6448289051380768,0.18002959798722284,0.4074787671098813,0.5109843055316143,0.38877219951882747,0.2934694507448521,0.9958657865239131,0.14574357220127587
0.5233805805055193,0.6776804231024749,0.36536646532798,0.0634905138932127,0.6170044366537178,0.4187318933806736,0.42250033146085586,0.11863322817198996,0.6084767948037859,0.6424758807540178
0.801333956319454,0.40719612425347584,0.22867220151140544,0.7189001953702813,0.9395280528146669,0.23672470922530497,0.7326281488716659,0.9173508095070256,0.8755117559844391,0.4325438636209096
0.22130902122451002,0.519453069889095,0.2305266621351555,0.015916911381650634,0.6686759369988186,0.72394376955622,0.9728745786699,0.6407386586354386,0.6802327734218196,0.2937868614652708
0.9224294902612798,0.8857597166092209,0.7415744110509105,0.9303213427836025,0.7774073984964728,0.33925673110320687,0.684990564244987,0.9881176451758741,0.6453750735418099,0.41845412372827806
0.11104349659968238,0.48405564402127077,0.06803655754275661,0.6005033156953368,0.6891788529158617,0.39501604324471784,0.48604705606135123,0.06394744195706559,0.7853752808072696,0.382129823191788
0.14419590092802304,0.053269521687314914,0.1271712451650524,0.48567351119537616,0.1513727069047075,0.6335177749704899,0.6488476115753831,0.44906640022688604,0.9366732392507231,0.2750183317490049
0.4891471327632956,0.10131867748109924,0.20075940187107177,0.8495325514355161,0.3530103141789893,0.4298207266617433,0.0536811274674458,0.23448847115730276,0.4414264352897912,0.8487972096418142
0.42465705783480223,0.6273264250941419,0.3740313266077766,0.3303369371802638,0.2723137461927856,0.5811401920556243,0.06292656805653785,0.034015551733358795,0.7816418152226525,0.27837446613905126
0.8704642496978414,0.040701362166118416,0.9800687644750912,0.07742519242813106,0.984525632687537,0.7011064436677696,0.6184106882955175,0.5657443395738864,0.17764275977687705,0.48826816447855226
0.3731908126884904,0.5462551693065079,0.6669225377717212,0.8963402802071433,0.6165761017143069,0.4897184262111335,0.06263114724711472,0.4856965174885475,0.4051199297361937,0.04884284650077364
0.44394126291341784,0.28431998813411974,0.3501764378551646,0.6496432578003793,0.4945915498982638,0.4747491153167577,0.37309066196592156,0.6027923398556184,0.1928797493483836,0.6550385234860736
0.43112147038858895,0.6113369551189763,0.4063954442758604,0.947774694597987,0.891957197642863,0.444202463211958,0.1111906226999354,0.502726720204859,0.571559943512319,0.9440251099360367
0.43605214286623994,0.8970688857583818,0.1516559470937432,0.45551481768995516,0.525302919799096,0.6829001071079938,0.2352664868893044,0.1521008270824762,0.6042867166150793,0.6952215860557592
0.7519941617791916,0.12153655861184054,0.41489348071478027,0.5553190003378758,0.47577029367819856,0.22034025859900708,0.7387938419854748,0.3052076206610399,0.8440129348387744,0.5425909729563365
0.6943727304303224,0.8343280519961717,0.5930132149799751,0.1715640909969356,0.7922762657880374,0.6912866506045429,0.5847256641597659,0.19074671169650892,0.4954904625977029,0.5191685571275853
0.8030632287122492,0.3401938292073141,0.6748480887649955,0.3127975096580451,0.4530304990521886,0.06690200762087917,0.9161671951887352,0.01016272865970036,0.5579854843914552,0.6927426817993109
0.8053838555547398,0.26297335442651804,0.9759570405058388,0.5408770118486285,0.6997379798223022,0.32336918922444713,0.47554939367848137,0.8343366211975181,0.025723096842675153,0.306863339433291
0.7270506738318292,0.9646319346146651,0.6619007299848643,0.7269989476983166,0.6878749402189551,0.46655003502034553,0.014245615675367196,0.96866869048705,0.6018699658082969,0.678431694532396
0.7439217313523547,0.3737835400177243,0.07203383386356776,0.6058771248292137,0.5676806282552356,0.11812291422648735,0.9129769578380806,0.436800323515539,0.08818392846813428,0.6425749755630259
0.49832307742251647,0.16025283713611416,0.8678511777031342,0.535323884142204,0.39322069164409523,0.9398284443080566,0.25926816338291625,0.3615511943914941,0.8835238463363132,0.3384238682481048
0.19525430136232014,0.7469699941465658,0.5472379145490864,0.026802378473826494,0.42057611847036125,0.862295852644535,0.09552907218202056,0.3437890190641065,0.36042038002342636,0.4283859140439067
0.36670903220395956,0.06097975623240981,0.08593328526901467,0.4861520220655958,0.9080397661453123,0.9007319038530642,0.9659081205428414,0.6299933914657093,0.413434978121238,0.8450610967185436
0.42805125980868697,0.244148667814873,0.01412742400106659,0.8205212046024725,0.9506019692642124,0.06690261363402661,0.7552257091355935,0.89192892030279,0.505246319542385,0.42738076138112113
0.7835378322888259,0.5977837879166668,0.43884551439321673,0.4361780407552128,0.0566271274449085,0.889229112058163,0.5186714783935471,0.6915424594106749,0.9260467880231356,0.2394464995447999
0.9256236110249275,0.16896018794259726,0.3909873159008376,0.6735909940484756,0.9246631826277334,0.5022903756861065,0.46462753402979573,0.5517081371374924,0.5617876336474624,0.3109273397890894
0.019609588094208763,0.3143526906596653,0.9421632961559487,0.6832083642030568,0.5292621290567585,0.4911735029053915,0.4005529110724919,0.7039999547195565,0.7485764512618077,0.0523007995594722
0.8545415624739012,0.32797730816738246,0.02903445080264022,0.9795387698543319,0.4207234210901146,0.5108246146193292,0.4568216673831199,0.2757641562710661,0.8769748301055278,0.9420053587594353
0.6939318194869049,0.09687203053788662,0.4911437626786881,0.16141568675426132,0.6134994432000397,0.9092489593543536,0.7248443679614263,0.37127560553449646,0.9925292581329481,0.24308408776517487
0.6688854989704694,0.8380336749727286,0.9253871001304314,0.040292543064664454,0.07997059404763573,0.9873610061001421,0.6088984490242847,0.9527528858875298,0.9735596683604402,0.6638276592460016
0.1837505163120018,0.9740107996733369,0.6334578914810356,0.24507058221739586,0.06409481945523088,0.5997749677021381,0.015742544761355504,0.8814134228501297,0.7432329611920925,0.6615283806146349
0.9140730590712348,0.594984859530021,0.6430211608652224,0.27058845942542464,0.30465738931697195,0.571658502629834,0.49565206872789913,0.0698015604126041,0.6747771659999128,0.0264861903676592
0.32221422205942707,0.45579069157620444,0.915578378103312,0.26773583667395373,0.5631391378333931,0.22350214226724485,0.12285647005384459,0.2088770853706582,0.9052809866723931,0.1849058720333442
0.0027482866617083435,0.3473582594592244,0.35961983306987555,0.45758353448137046,0.2800969357821612,0.2866996498660007,0.46849579280722586,0.7592205806958875,0.5246862997384933,0.6500032445605519
0.7466820255485317,0.8307454105232598,0.8521661443902491,0.14190773448163707,0.49703605545480756,0.33493375057988883,0.2534560249703163,0.26167237601317483,0.6097968480811876,0.4465944401576756
0.36118098832658885,0.7222627772893868,0.08058233144322824,0.3319849878710722,0.1393223511626176,0.3312588003839253,0.9256888744780091,0.32599110579336765,0.8203485826471497,0.3899421543851842
0.5313553226103058,0.3150093035095779,0.22659572932031702,0.1575582506121409,0.6944796853293166,0.9283597704695964,0.536620809824405,0.3596630134585427,0.6366358868514347,0.6030701772609814
0.42894610266265176,0.6865269031476275,0.10792970182396733,0.5506106413325998,0.8793552678996994,0.3832895183695507,0.06668171846462867,0.7484372086242338,0.04236378683408826,0.5931807502273194
0.19542716218415912,0.013694866887007495,0.37819945961655865,0.8039720956514794,0.9241136248662751,0.5962172261869089,0.2816569081995365,0.6529813735542909,0.33601198523214637,0.39987680170099715
0.7758345957473717,0.2774142020778978,0.7145652521830723,0.30699618274153506,0.5714841812649963,0.1877682676085345,0.2412782812272305,0.14645499631395242,0.372592436345044,0.7665271716974426
0.7760903612911433,0.7185802162362162,0.979399782640198,0.13997361065943892,0.1064414080201117,0.49018057441365304,0.08675403305298568,0.5441403350821761,0.8475178375165171,0.41652885750684665
0.6263000765873861,0.2601849096897141,0.5260560964459305,0.8857550655953109,0.2246139814203194,0.14913070258850247,0.031475872348153966,0.7202398297548376,0.08044615075510808,0.3963923533849617
0.774694047014169,0.16251528197170417,0.0675780546512541,0.9311273638497248,0.80083152146532,0.6223751012781374,0.1995581793966288,0.47369298642494106,0.5570279286424634,0.6579833374245172
0.6320227487255882,0.23335859399767633,0.9163709514865062,0.9640898419015981,0.5291548730749227,0.05730466928276656,0.8555491007896799,0.8457581612816504,0.6340906967920693,0.48819636567726354
0.4000406337239766,0.8359952993132425,0.8118158417136326,0.014493053387907961,0.6946017855263944,0.4137461184387008,0.19810584037404932,0.9152859392401144,0.5958739449025731,0.042531495082073656
0.7756061225689018,0.32900797503379897,0.823394181161935,0.5101427447726483,0.5761900326184527,0.1906001173882973,0.6788054064789798,0.5442898196473184,0.9939671854272404,0.4839681858227848
0.7744801889147893,0.3498302813653027,0.8143245280346427,0.20103873095863145,0.059344029037178614,0.3395507938950334,0.23866492304652243,0.15547380452557746,0.6965706486805213,0.3836249307803138
0.9999336988111367,0.07593608000959584,0.7305600735189819,0.6451639442632301,0.3048329456423412,0.7709331314892655,0.11209037622583673,0.7159396233000663,0.28296404470351044,0.9997510542371701
0.21538096699844966,0.6550690011584611,0.49352548046103484,0.9217922749741443,0.22129578903461322,0.16413653456200106,0.41100992319630314,0.16496047911093714,0.8611533455433246,0.7795047906344031
0.6584543463523941,0.9432800451002887,0.018248395463389966,0.12116952522255553,0.9713696101463835,0.34322253612194653,0.5743652095976636,0.8096558363969706,0.13984812052302165,0.15613127701028662
0.4645033005551068,0.1025238661868787,0.861117622211795,0.06577997607874664,0.9092392412228677,0.9034089799070905,0.874018919789489,0.8310807372335932,0.23011833704198947,0.42822625333559994
0.7023572710417292,0.978151041566163,0.422100879340238,0.30627773705055017,0.09695846773859562,0.20788900501359742,0.2713447703522247,0.8912091045855598,0.3187532890522734,0.7634236120164921
0.6360659272624557,0.9284967302014249,0.4751722609014738,0.2626674760245611,0.8762150405368819,0.03350103260542059,0.3150216936303254,0.44222301077180526,0.22230633782037423,0.6352053677493579
0.8068059946153309,0.266677237252393,0.5649572368792283,0.18037276057054785,0.6887367284617175,0.3057103779098639,0.7405393960458362,0.48664159664353335,0.1817096767626296,0.5266182629894013
0.7659519079569915,0.9430268969756751,0.8908589045961443,0.1648323946975847,0.08338758435483673,0.078612196379088,0.5825258654843509,0.05637434632788341,0.03129356446041298,0.8341116778466289
0.6154215936513696,0.3506883696117078,0.24615786760450908,0.08936297580824082,0.2776828972479515,0.03894521045689747,0.7148191595262898,0.8925016471947065,0.3371320525126196,0.1802682659980568
0.18514628538870903,0.5554536161406409,0.3156194873620407,0.5991358740984236,0.9587528381778115,0.25067667627071233,0.5050533127839412,0.13112824187064243,0.869341069683649,0.1840487115824917
0.9924700635168883,0.2941121798392895,0.20533330445874398,0.9646900750203048,0.9839456442690554,0.6029395978159304,0.16119687263133609,0.4490075178820476,0.3812105498342937,0.47482153358310875
0.7618476921494302,0.7067886730545391,0.9108345520387109,0.9572189306558085,0.9545495558421057,0.19806199853655337,0.7731747230305948,0.4320080046337962,0.4811639930691596,0.9315305494013121
0.28299488811252316,0.8875576602278245,0.11427823094901313,0.9601528594911417,0.24309283954016436,0.3803407081287167,0.7686705085305915,0.6385748066393038,0.29179650313274563,0.5908012157616743
0.6614726210448043,0.84553004623145,0.7957228034487579,0.007971183747831345,0.7489604240970795,0.2039410357060084,0.9386934513861879,0.43852031814653614,0.8554164763923736,0.35944056766635946
0.8809452246524243,0.15822468229847253,0.4428431394121217,0.7690302938459077,0.9883992707821321,0.9161270929845172,0.537076833626978,0.6475171358865276,0.8220615604271941,0.3398153004347514
0.9295921529940141,0.6723022212722097,0.3813535344926121,0.3293151060876417,0.6853064236082278,0.5467551545576662,0.5403020358402905,0.3810808476990136,0.24850494762831032,0.6620678209378276
0.8704574987726516,0.3567975066474486,0.16227599678734195,0.8242681937324365,0.7853602414854427,0.45053860512831934,0.048071814133736956,0.9844848093465222,0.945670243822306,0.5348961957801648
0.9991037474894742,0.5697646635679472,0.09439441491496392,0.6005308791294491,0.8137897752738259,0.9851929826902718,0.035581800299128274,0.04215440910995971,0.29529739208882066,0.47005505541837467
0.0773821355742057,0.8706467764479402,0.24427619527308808,0.5377985557135105,0.6748278261540505,0.4417125787943934,0.17869601157700854,0.7017165165509944,0.9761623409080723,0.26439352655920134
0.8901037280122753,0.9221077957724212,0.30065121748303514,0.6252245245081406,0.33912984265590174,0.28917137872125287,0.07273610782773243,0.4785921008490528,0.5417726147996968,0.7198560671605215
0.3009179464516213,0.962752924040771,0.8136943351717741,0.7809450874469196,0.3734530304630038,0.3239909992045311,0.9336589752282879,0.6642409178608738,0.26562772706461846,0.04430626595174991
0.40002145668233946,0.28804810488302457,0.555104772042034,0.9824153482020008,0.666573283960879,0.4011785958084848,0.6670682157555982,0.6037466261090818,0.33970551515588177,0.906426193823252
0.37544065752714106,0.8559195281484255,0.2524578535819223,0.6681654340675283,0.008628894764968642,0.5233727437794924,0.5043938278519069,0.4200644567166233,0.8983017459107496,0.7079985393707247
0.6763466082182218,0.1404021399651415,0.048797769296651805,0.6091116848233232,0.8269940928886823,0.9995385349026386,0.4243670803721371,0.014611506225044257,0.02196550595752511,0.7492225315467494
0.5171239739789321,0.5852641913217159,0.35179349539997495,0.5571924066295705,0.8126117290580256,0.27291025417467496,0.7976553975544439,0.48382509026246723,0.15622898445819988,0.9947757137797599
0.5814858605271569,0.22536888360148144,0.10507856802727356,0.27983648472064737,0.5733912123496648,0.6510023148562982,0.25765444922763414,0.6404306249463425,0.13666336881154661,0.661985880917055
0.3040060418427889,0.5621991338670803,0.6894626299265787,0.47427653044778484,0.06343887708806939,0.196465130999104,0.622590376362104,0.5200466379774724,0.779753432996478,0.300323741465614
0.19980444233705974,0.06389073591604721,0.3846697109397864,0.07034113954189014,0.4591750889227142,0.30499165014475427,0.3871887590643025,0.057334445912658905,0.544172335775387,0.051750934416834315
0.41606031544695843,0.8156276807932388,0.7330935726781537,0.40042374004709946,0.25764848097463044,0.7643365039186515,0.7096281448891836,0.21348120674437043,0.23018328916471475,0.8908385927836647
0.5498551291922386,0.4964455201254583,0.8106560028453025,0.3279744384075779,0.14850035411897622,0.9080340991402095,0.17499337366997436,0.19505517266574735,0.7650123760827369,0.33714098275984217
0.5742780912777553,0.3303974382824444,0.04412514972661041,0.18578116231806918,0.82922791504384,0.17853644848982464,0.28658572316289854,0.7468958880846541,0.9492951798453434,0.33067725207192167
0.08340986366129877,0.4724591600993935,0.5746356880815712,0.17700545912720977,0.30490108453307574,0.07546166155272982,0.5314808933130124,0.09421345518560365,0.8250681182164408,0.13245199189797774
0.4657605651777643,0.18630597821047867,0.1029242618809808,0.4090598400551875,0.6229623333962142,0.05764041687611188,0.5447956764910975,0.21063945675000473,0.22659979995735546,0.5824180348053418
0.5817920051196165,0.07124147118186541,0.9618376625137742,0.03237167902950022,0.0258558438665748,0.7199665150749741,0.22361976201873957,0.5540438730898669,0.9052194673415921,0.3952235508565307
0.9265429322384126,0.5102029958973382,0.4954977711399585,0.7136942020192518,0.7392055330733103,0.24619215985723086,0.7549254119944454,0.06593372861995772,0.06163608609155313,0.3840478380163933
0.3157754375562114,0.422989749800024,0.0707526334262285,0.38433659598425973,0.6736246316167479,0.7195836048153356,0.675630351496751,0.734188616418683,0.8698657839587743,0.9734443277510878
0.6039591146434441,0.7516884513300747,0.17384837942175413,0.4302297706928986,0.8155715838103819,0.0177786677500702,0.5968748842302307,0.46444443315567197,0.734786149047108,0.49010818610054085
0.2214800233486529,0.040514260400534075,0.6513131321794476,0.6798411016594953,0.58354257902033,0.18557444142882107,0.3733905420426157,0.046093074344976004,0.5553924250886115,0.22922966115102505
0.42948896860667185,0.41598537390204293,0.28523744035534104,0.3482998873286802,0.07620725094769831,0.63222192800523,0.5288497893155124,0.46657198423490676,0.18104980014150285,0.37906251670510216
0.054926194846391496,0.008445646349962144,0.0688791385031231,0.20945416933885597,0.6146668040956772,0.39935989640290503,0.4821823815024342,0.5849369885279794,0.11401317355804585,0.028836966466401215
0.9384897449458958,0.9062461256217517,0.832332263055134,0.7458049724751943,0.27817139620491427,0.8810464843356859,0.4707498121517816,0.6185923805044804,0.9848952745094082,0.9565845174164187
0.14090409188921216,0.7566743759390459,0.38018409566578704,0.33616357195752433,0.13533484185675693,0.4330533266724502,0.23418282847107297,0.3344433112611094,0.1613800147563138,0.16406109179538875
0.5486815071313758,0.5342298598705041,0.2800431920201718,0.4999500338303339,0.2450118054798044,0.9654615769355306,0.3058034940678108,0.5458057574767354,0.9094060639460517,0.3951325257716227
0.17941987439073592,0.7937980617140183,0.6761416764695647,0.6070435847063076,0.7023453809054419,0.4027366101363197,0.45166894746394604,0.5154929673542216,0.9754573040720755,0.07771544420171062
0.6841770733093768,0.36462157850609755,0.21315813717946908,0.8838718967711091,0.7071516286072389,0.4126609151024392,0.43653850647424863,0.2983616506906084,0.18980507247457346,0.05610418365545933
0.3868312380949057,0.5373895778876719,0.7140579075785947,0.8832631392364906,0.5960955821498047,0.6673075616043435,0.7628227838935464,0.6217704143563718,0.607388955791492,0.524199513168269
0.5433404194600757,0.35138540363382553,0.2648202150560064,0.5483597778243448,0.9998205925222382,0.282341979322289,0.514977767686484,0.5809108017507956,0.31385702540288984,0.9320656365986192
0.43879613702097675,0.27025026900436055,0.46223795217814734,0.466980097667704,0.9601334924421074,0.9937385536219651,0.5789630579754397,0.3618127227015443,0.2733392876087014,0.47080547113454563
0.7364766550715012,0.19405353874557185,0.14239980103557537,0.6191144284917552,0.4235007488678376,0.9214795817969614,0.43676505157931556,0.7034003872705012,0.25051372803184824,0.946411724810844
0.8525085496122223,0.15154589385479245,0.9326733051985563,0.5457596030736912,0.26731025963754473,0.9305772995174929,0.4030525051096615,0.3588260825201487,0.7881463688581097,0.23595827577664819
0.210162856708639,0.4530162759460997,0.35508928704537446,0.9607364147739939,0.061030276860851274,0.22086467139080024,0.0030803018235090462,0.39018885529149117,0.090701165742341,0.3396287441306933
0.5782029960126802,0.6683554704797864,0.0871394340129592,0.8018126955650667,0.6226273463339714,0.9075886612740908,0.519659556701516,0.27499130510158254,0.7218883053278367,0.9214126790084856
0.8022137904983652,0.6395951467968876,0.23822025437805405,0.04692153269919863,0.8427598648122606,0.4013793109535756,0.20202683546731426,0.3477253485837336,0.3673450850935036,0.35287409683009485
0.9003431314286939,0.21970553861077458,0.5150236439661433,0.7987845744731399,0.4921971513326886,0.34096883548347057,0.15323502346325124,0.7582927162511459,0.3851634106231795,0.3968658299012302
0.6375562417816145,0.24605069401080282,0.26543288178308777,0.6138544560975424,0.29601168836251024,0.33706654411427117,0.8722799554490013,0.9697130336612844,0.3267543399757926,0.8258664354543809
0.5553710825779253,0.15533111324513582,0.09850797606304362,0.1977255476989639,0.23143102608021215,0.2619373434405776,0.2066349910309151,0.908349083515419,0.7844282181576318,0.43292315728087105
0.8411240372153321,0.47929696050476933,0.14381528560972212,0.32815771333959054,0.49550736582479094,0.41438465110543643,0.22543285424692183,0.0750168098604691,0.7151955308114818,0.6029121815267693
0.10935480782465035,0.18312823667945122,0.37637145368696423,0.3991566828076456,0.8758827768748921,0.3763174776732241,0.2235039882017934,0.6965203876160103,0.12170435396547985,0.7352764670112112
0.43704391186326563,0.8753080069114408,0.012176638984995214,0.422630144180312,0.8203339371251837,0.60921415493065,0.4529050697399749,0.05849794639380246,0.5577609049172135,0.6281988290397373
0.542922105218349,0.8768475471319978,0.817209701791034,0.5835460017180577,0.16224092591890904,0.49270680390147115,0.8858331246295785,0.5853897324869297,0.8633480938635463,0.05144507300074408
0.5893702089252446,0.2187163836622854,0.25060007695765674,0.725940138701074,0.39094196208933707,0.748670723587242,0.6789455083606593,0.5404658880912481,0.14116498067693517,0.9934809825418685
0.2658094487126216,0.5908882481817156,0.09092419789174888,0.324850271122452,0.18338575420192638,0.9431603746317412,0.19980048453733312,0.05094888101708872,0.3791367134154515,0.41752150392309995
0.5053813844932001,0.018269949730600032,0.5797157743101887,0.1961131019446044,0.8600599406378364,0.7101244615988395,0.7762688913015958,0.23535312060975133,0.07725561538639747,0.6075340095453406
0.5251263308045611,0.1390146403906678,0.25120476824951166,0.3081244710220198,0.05762419509929817,0.8462485636790846,0.8290344163822104,0.9743203925198952,0.33461757387877256,0.722664944649411
0.6849744046560812,0.7077953673544526,0.4020119029175141,0.4983509968263149,0.24349924288481883,0.4178120128034134,0.4726577412029993,0.4032343193988056,0.6235121668630976,0.6322071711819286
0.35013088695187833,0.012813646918969912,0.24577883548056556,0.3779501412772819,0.6088188387172259,0.8675484618733295,0.2894597075843214,0.9861963346167467,0.37637063852728214,0.5532276386702213
0.6543425933250675,0.5034004802014633,0.1946296798540036,0.5285880151958489,0.4555778093820603,0.497188818172398,0.09874756122356632,0.9024180307596023,0.5888690091459323,0.14769813782178742
0.9285223037555153,0.9815580784028479,0.04130658492390371,0.7180625754826969,0.8631416162489886,0.5064332758871799,0.554895175749328,0.25032460752461294,0.23057738377042114,0.18005981738418952
0.3821654994276753,0.20641122216701757,0.45188115837329745,0.8937838790893491,0.03935507811848726,0.672787816897587,0.46461023390987755,0.9429442540905395,0.11341829210534005,0.9612410593560101
0.011666514761316304,0.9270571584215209,0.25812797955849864,0.5559174076730293,0.4742794176321178,0.2709708729760544,0.7671272910261682,0.6617234580683082,0.23901483454645234,0.5968231276482086
0.905200979253303,0.5558826784480592,0.3585597680676721,0.7998318134899699,0.9869007717931007,0.5615159757185929,0.6725597951260667,0.5235529598168803,0.25692235828917154,0.37268073750718156
0.8490527786164429,0.7142510271885112,0.8269333215363315,0.9847015083241352,0.36471319694153403,0.27176849317539964,0.9604607000834382,0.9718979438155754,0.7113665128292771,0.08808111365157711
0.07016353132463093,0.014927248491319212,0.09614804303183688,0.6191043621024546,0.12807972224134923,0.9628042163580852,0.996961293925756,0.27306831165146617,0.8041175628057706,0.9059629883364027
0.6177225482322921,0.9416501619606126,0.5550174260699428,0.2386007395356461,0.09045242927223829,0.701042192715127,0.9034947611802623,0.5757403118898634,0.34250863080096905,0.5078367561477954
0.6807606536603419,0.5576767014156954,0.1686254432122286,0.9924543326900739,0.2043787784347738,0.38238620515543575,0.36971808175332466,0.3012272748954673,0.1883511112707057,0.7086799477494797
0.9515777002455331,0.7978321604326086,0.6975510033549379,0.5712189910423229,0.05723990996984163,0.8732843551937753,0.6996325249473304,0.20014531370778244,0.11316277936212449,0.49305778998757666
0.6464088105227409,0.053351162266386476,0.7410651959116712,0.5407400382424655,0.7494046570358182,0.7108437339581424,0.30900439378903555,0.3626816105282641,0.20711848299915048,0.2361450332899626
0.3284927070363677,0.3655499053652832,0.24191442667167773,0.7989350936736767,0.7667314329842126,0.8861346675153562,0.7459690485059038,0.7532059081153966,0.5806070835537237,0.8461722623884538
0.6545110221227335,0.5315585184423078,0.3713478420059396,0.8696295778155781,0.319698667371779,0.8716820278940526,0.59216965711613,0.884700007476669,0.6458905380204872,0.22336416017175864
0.20834334476403937,0.8153913843814301,0.41921994511062455,0.04802463595259876,0.41647528269170786,0.9755575984045556,0.6468939815170787,0.26259231150921314,0.6718098600102937,0.8563822922603266
0.7260320748125586,0.4969558489999799,0.6513503154697438,0.3529103236668324,0.4286688707664603,0.6625085426546384,0.8518422817238293,0.26837125684789376,0.41012073780935854,0.6527675084848397
0.5197554282901576,0.08103870205699626,0.42397212400715056,0.4454151977397366,0.2585805524112931,0.09828485715380408,0.7271064644363442,0.9269496961326837,0.18512790929606804,0.7650272350229598
0.7130319100689917,0.7033397328465802,0.15136568930422378,0.8591872970289781,0.5070546169874657,0.1282418958914182,0.3535225836449123,0.29409048290069484,0.3221629812671448,0.6371956734214091
0.5366295033997684,0.10040371832580575,0.1727912749211714,0.7874677146183673,0.20736413771149698,0.5153243517080202,0.9185368562793675,0.031104493567786773,0.46912446167823607,0.6356096424037281
0.5632454661182059,0.36769002189554845,0.9977704574479497,0.8533622204335144,0.30021581622313565,0.7941663886198351,0.28105337296674815,0.36388777381200565,0.8788395163205482,0.518160719263324
0.9089234553216229,0.08992763282577498,0.7695318031689373,0.1975773441785882,0.6076871698042895,0.40247849617898024,0.4956102014939844,0.14443800524383543,0.0954668041856288,0.250716060786756
0.8487998007463231,0.9462501750701648,0.7544798725047304,0.6493491705064016,0.3395729719586993,0.3698936239642253,0.9526957385135151,0.2628815520597837,0.06148411908769014,0.7423436490019358
0.38876207967575893,0.09028636888457908,0.23611008387825394,0.9984857353503668,0.25313595938458966,0.7598003217867163,0.9519287117567256,0.31458021878712306,0.6181662242914658,0.19157830067964454
0.6607754539876424,0.8867145770283001,0.45556295566972105,0.6269113809556859,0.41016060716564084,0.05825921422355451,0.2971434336298875,0.40973379996311876,0.5327509676437293,0.9975456669496034
0.38853556159883595,0.362205343871987,0.24580766771419915,0.5530402017963654,0.5814870851358042,0.617697660453339,0.6805793079708947,0.05314774705657743,0.9856720572552651,0.9226031924482635
0.39188029413264247,0.5190935996666881,0.7596992503449208,0.2387219239967856,0.8233896162013643,0.77813942356,0.33089707391521217,0.3353539869025879,0.4392965056723268,0.10701351943737147
0.36830152148727513,0.10879797605438457,0.8741642114119175,0.5075632454660243,0.7274439150279556,0.03198964112254565,0.582036033616644,0.7520808567465935,0.5324550430519837,0.24512748447179677
0.7077388519223212,0.9408471545342212,0.8795772192504283,0.3554555523764277,0.8186246708131616,0.4682695263925255,0.6342987019679458,0.3975383159040313,0.33595332182810644,0.320725782894705
0.07438675649287108,0.7077966469292492,0.935184179166698,0.7211221053514418,0.5888807802473447,0.16278943213491714,0.27589178777967316,0.8964396016527887,0.9157472601762131,0.23426998346402816
0.0433020641322317,0.7217055065904158,0.7437063545593361,0.21572488059174022,0.8319563083179443,0.3737018408110502,0.34374133455685973,0.11865984707458888,0.3261431608744316,0.6940278306848852
0.22848559337065055,0.06830737682564825,0.6230246883896143,0.04582811898018746,0.8200087633819583,0.9946779440335408,0.9803630168156792,0.7142704773236891,0.007904708947495287,0.600602765689624
0.7281856306766888,0.30630296553400016,0.2115515124918399,0.7925591407148327,0.7955237881727008,0.5715121090753675,0.19257748434513633,0.16470560721351568,0.44962890438150604,0.7398164362604648
0.4230684530186124,0.9934419614006852,0.057717899329128075,0.6004510515845705,0.061410764955986186,0.548832678525232,0.6764700028908708,0.6690655256322879,0.2604475226305071,0.34409495795063794
0.3326890257351919,0.5116526075554272,0.3248304702152246,0.8096804831822002,0.14951187988213466,0.31173167412356817,0.19827086221076418,0.2938888797179332,0.570720318126831,0.07527937254138639
0.9540394658039727,0.5182522732060802,0.3985225157640989,0.8493417452733557,0.6753763006912498,0.43432563878766806,0.5220019751310391,0.055966661833801834,0.603894791840907,0.0022036059607342118
0.04793734276738526,0.3216506003901922,0.475039913730124,0.9588905549863873,0.9196692752125624,0.027582432271293422,0.8857226403008072,0.43862485445516797,0.8485625704776539,0.490545180919978
0.14516833093619208,0.5951852634671184,0.5210373913209785,0.19996601853098295,0.6788252456139869,0.32991071559286045,0.533546803808189,0.8957974682767175,0.7148717870898366,0.7423630133482088
0.726296018920353,0.9651258752402294,0.48611201249382086,0.7327572618532117,0.2606970956636273,0.2640491810572647,0.800025160109865,0.5973610140645342,0.7669572294246957,0.681693040103848
0.9532095935576534,0.442168897189015,0.9794097461714648,0.0014933714131967202,0.2065804812093096,0.6775328451038675,0.5823392544075396,0.5371031466993365,0.6478929225680046,0.930250207519398
0.1082951833893705,0.7899046146830089,0.16189089368237775,0.3832830709339453,0.06704890978167544,0.2216426055659636,0.17881626929741012,0.2525297842739386,0.2996583906348417,0.9514011412252306
0.3246681044107732,0.1611160920604422,0.8653369334830311,0.9866647153118435,0.5884706752487529,0.3954051699718685,0.2401164935757798,0.508488731260686,0.07626881170712763,0.723761369659747
0.37500426517257224,0.9659267247145259,0.9071179020700685,0.491368892364634,0.18187917185809688,0.5380537059517596,0.9362130629178554,0.13069409984993208,0.7681576712774016,0.27751571642584627
0.36012208318908623,0.9938633163720542,0.26052360879330616,0.28776187828801547,0.14931538617186335,0.7506487969681913,0.8726820063097073,0.017728038679362568,0.819585519825924,0.3351021207606296
0.9400099262930955,0.5469350744829278,0.0046505803487694175,0.3895753051523434,0.2897990794686771,0.204509691289938,0.725754936879268,0.4470677794962603,0.9873438817640073,0.4938492610518178
0.18987500311045669,0.6146791009044987,0.5343287293475623,0.9219813024729747,0.23739658158982924,0.4367550111660973,0.609679837633936,0.13749230538477752,0.6768913085048207,0.31455192830309886
0.08859826195562237,0.26337883108190163,0.7522703670970337,0.3200803913960467,0.3433665006140968,0.4039400873692729,0.6418884796414075,0.8462724325742815,0.5022592807638945,0.29129537960014984
0.5083809710101507,0.01594226639293661,0.46538859471664296,0.3140894649629531,0.45129470944388905,0.7687665381713336,0.8798584349234911,0.9806031356286036,0.7732577190230399,0.3180649016038477
0.21878605770761061,0.7204819157312138,0.9225522954670793,0.7527726206595101,0.8736127559415438,0.7650096107206401,0.7731749727162578,0.990312285130267,0.09954058719811443,0.24192342308097237
0.7025718143355921,0.8648586292235961,0.22052491005525132,0.992963910493151,0.4143909747237371,0.9652414508340025,0.2786316642273372,0.3348028819005968,0.7800119048474691,0.054072070578381815
0.8059808737118217,0.665570710948472,0.3285358356480139,0.6120218699308864,0.054764202708537435,0.09648628325276143,0.7124066221847942,0.06801931463365418,0.5355517498372792,0.37532158464171705
0.5050941541259522,0.03701002578571666,0.9341296210007487,0.6308187532476738,0.5790217963052772,0.06211543147525034,0.17852186800250747,0.24989256542827165,0.8345752516976706,0.23893450252847692
0.4029072293690874,0.7512414967958064,0.011466023708310402,0.3396577802802868,0.6613633436672948,0.22207878206329612,0.4065110910416183,0.6742985994818516,0.9917242951689221,0.7669511310987422
0.4760829755279459,0.023849480019941582,0.053207274767452906,0.8503260476150686,0.8584571642072357,0.2139952388760764,0.17606747804676415,0.215033319553961,0.8074248956634025,0.42748040647865604
0.30508885888189685,0.43451416659473885,0.737890980299619,0.8898941781928281,0.877947483943044,0.5885251061244201,0.0017018476388092063,0.8593606146570782,0.3173783925950939,0.9946916403407837
0.700366942956419,0.15507900756524884,0.6047739576832205,0.782354258070179,0.038741992565593075,0.16983470364372966,0.8152907969059848,0.3884982423741957,0.9928431415623205,0.8821373604843346
0.7597694485797394,0.5208540006035942,0.2565048934788431,0.035535465956033296,0.8900484000221434,0.8734631535989337,0.3574519278903454,0.3574857426141327,0.36059644243870337,0.7805930456704767
0.952161198395867,0.5312228376057921,0.8331578794568496,0.4668824748487892,0.5576595942461586,0.07603200261953147,0.8185063096293821,0.9138674279409028,0.4955402729826387,0.7784148134010329
0.13285186824418116,0.560006691809686,0.10057540213813643,0.5085733558018767,0.1721332144074369,0.6924359887835873,0.9705045267871472,0.5351096600592344,0.2698139110331279,0.5082326309488343
0.22091344557906922,0.565069938847346,0.4535639497838915,0.4967369244190918,0.984932701570788,0.8860594995818565,0.9905455661448568,0.520400499906469,0.5374659871341645,0.9230749440601169
0.14317830251024588,0.0954530192552131,0.9501894397013487,0.5301383350143113,0.5280715835235297,0.07679821931914887,0.34720399933896673,0.0324747316289814,0.8544046268531593,0.43006559318676996
0.4513484327915528,0.24223134636268906,0.07896467815717445,0.3438165235159679,0.6839899363871096,0.9813796079253747,0.7192033989534686,0.17796704534925945,0.0045591405988539835,0.13198366964133434
0.1401854805662196,0.21681812358964958,0.29594791130641707,0.18508003992828836,0.8381688309783071,0.3782572215303096,0.09868877462149284,0.12283217063400764,0.28963912407995285,0.35329821281415286
0.6240625688609037,0.5437141363265509,0.9520040087813316,0.30922666754317407,0.5299099721687971,0.9776343493745776,0.7337250464931895,0.433060418785262,0.6490224851843819,0.33089314051188823
0.17763327202536883,0.29238982901810884,0.7496041784708474,0.6568847074548255,0.7501046479204123,0.20843478962869466,0.9159481823302562,0.15815031473152497,0.6390203799894774,0.7945700357628883
0.6551479692105879,0.48747806292855067,0.0972090469100263,0.12778110781611496,0.5829327226351614,0.6044905337744633,0.31687166598655225,0.3768366396864007,0.5815680528863003,0.05912099702493245
0.38319426938613377,0.7094778910223076,0.10063169921757709,0.9028501427121031,0.052788937889601595,0.918800011514962,0.9497000710334547,0.0910667354484983,0.9879024891438236,0.19058135784210406
0.14319320591576912,0.4486989527996781,0.02968734350811786,0.38588778045544236,0.2251075517096769,0.9688670977817582,0.1120548507039053,0.11382503685760903,0.0025109765450748167,0.4356000122747856
0.9942267242605453,0.33994265882687935,0.20842970744731715,0.300844456439029,0.9517456296670973,0.8648624681889865,0.5719142683637299,0.9899800735765553,0.5254153895544971,0.7233774583908184
0.6521673493438853,0.0599471800349225,0.3578975707723955,0.32999372020983975,0.04288129136201957,0.9344815186531251,0.7399034244323652,0.3508732988096228,0.8574342352964717,0.3939457607217913
0.7735738322478316,0.4440038366374006,0.8176512337347537,0.2954969082495681,0.7069306976518243,0.36502643552504543,0.9159939897451052,0.03872966967435609,0.2695258935072945,0.06703350401404129
0.8595770016433957,0.7132607268079258,0.5005104560249709,0.28753721617497696,0.5486929079747166,0.9344575396264881,0.9382836423425818,0.08644030029894767,0.11770211109935536,0.43885802212988845
0.4957479565305324,0.6316790813681555,0.6887731171068494,0.17038641099014384,0.7336683401877191,0.030417449999629143,0.16933127949437643,0.07957618495629959,0.17055759850242558,0.003239453258096492
0.43854431835202534,0.5391339243257416,0.29776977530121795,0.7637405295944882,0.8865691218428365,0.7387235385924118,0.21567635624562775,0.26590661316950004,0.11546990498724374,0.4592046476010989
0.41753983135044836,0.15659414365187063,0.8036504096274121,0.515843778707759,0.5214370113576511,0.4662832100344302,0.2629244766281248,0.13364198431853236,0.9248013021599595,0.7987632986020993
0.6656679509267015,0.9926907131208961,0.13430980483059474,0.47605453020777777,0.5301339036725072,0.13875614986620954,0.7337580470580819,0.7920202523236191,0.2568401710813727,0.5612717376238904
0.4594219685626755,0.9798963654819658,0.581759468797123,0.8688138069110317,0.3760751496790732,0.6489409385607813,0.3730461856653273,0.5940132957036695,0.35034498728230534,0.4328023092745734
0.22631972018610302,0.32645293222843197,0.4002876526673713,0.07730791413638316,0.4541609344926385,0.8909881133045079,0.03295919224300481,0.16950092257236848,0.11460947031063506,0.2919669166778561
0.5082273056466378,0.3404275384272616,0.4988268498039282,0.43722071904784254,0.8541065697430458,0.605379513811584,0.37312055753705886,0.5236626061856706,0.33503022242232305,0.9267280950715511
0.3907728137356019,0.6684203510503621,0.9096607053490467,0.9369238867332513,0.33981430274984836,0.40047149295688644,0.017583318364574607,0.9230837277548822,0.5128091161163133,0.4745058948217944
0.19351969460211638,0.7766644958019226,0.362331062794202,0.6301201246543323,0.9076298700910463,0.47519179148249424,0.6908689808997662,0.9435207980589407,0.43742298013622827,0.21267673365553585
0.9643367318247974,0.7801644791731094,0.5250294969646155,0.6716823248632581,0.43087146521936903,0.43285431755890114,0.9955386634906068,0.9172364822192224,0.2585477819281613,0.7674214819503485
0.07616576932381713,0.12307613785165972,0.7807709092522404,0.422201570640223,0.49427522221387876,0.6160908004749776,0.4289676627502872,0.2380984803293814,0.9900542181068714,0.9499852359169995
0.7186284243530937,0.24035068205627974,0.9331310175930257,0.5462146495527661,0.4087080404991449,0.004262660266480256,0.8401718465103963,0.49265799237108565,0.3957261123069492,0.8535287980648076
0.5359154051575474,0.7657383216221975,0.49221530212519005,0.34306091438128783,0.19633981041902548,0.39269879876451763,0.6913021811884547,0.5004424547390682,0.2399665112513465,0.11158712359695067
0.480128995295124,0.924099482689155,0.1884178124548781,0.573664723547917,0.3711814244573747,0.4764368273333879,0.6711604246682839,0.10156871074706808,0.7636807581973274,0.9109861439010218
0.30704430745939626,0.9456686281509141,0.9879966539449635,0.1704637543283245,0.15247947091874414,0.854271618454209,0.21511031453999585,0.21019776396400314,0.4442224031152655,0.04938093370447372
0.04459137329370999,0.5604204045490436,0.17490081793484924,0.9839163822010019,0.8752937921264468,0.6962461228921573,0.5256952603801089,0.6211622409361287,0.6436621809677503,0.9589074742956224
0.8781432093858792,0.5217584301025946,0.8116258564911906,0.14701649737296962,0.757065077729426,0.08414233080830713,0.712213436361256,0.49447535702178647,0.09035942507402328,0.19691882193556354
0.36782159925735847,0.547923243390618,0.0548912764966335,0.3842779346692875,0.941335776879289,0.5894159443041537,0.3843614091861024,0.39188188742561414,0.40806954355879543,0.7150494662115259
0.9518982764211058,0.4692121510268008,0.9567539430496772,0.5535467376372873,0.2873802271915953,0.9767622460099314,0.4364502531175316,0.8021654237471848,0.3030191917373799,0.26182086961307127
0.7427352792612371,0.8886185875115211,0.14719525829586388,0.20793356776351313,0.8191704538210132,0.4817043635012904,0.25391568921996344,0.7488140514050181,0.8972062261402401,0.24115093408252164
0.6933221591137327,0.870062653175936,0.11529966285498539,0.17757263362909936,0.056443461774973724,0.547353804481786,0.9467178740274154,0.8738168171883139,0.11547069203088312,0.845026591805675
0.5326125849860444,0.08762474045877555,0.5927181671952378,0.23173521032635214,0.6899862389074651,0.5349625300926297,0.5792309600966472,0.7024009127550218,0.601510911351651,0.006691363433831143
0.8041382829728257,0.31734464781750615,0.6059886374186133,0.08658858529983338,0.1088400154572301,0.5933141102788656,0.429242864965239,0.8217143472768692,0.8334438904567743,0.9785852051623144
0.9340970555378675,0.8313184173620518,0.3606628334097195,0.015624126020676199,0.07145997672595694,0.009186260597942364,0.9714292922750412,0.5760967031040747,0.9775496432547625,0.21186697368232543
0.2015081697216523,0.6353263888531255,0.6288498491753749,0.8411206283245801,0.8391986953948263,0.3037651033883282,0.29685488723533027,0.09963180246194847,0.8626952157714822,0.37793257737206987
0.5979148641018448,0.7297660927533957,0.7361263149562219,0.6908528542328876,0.8359433568347338,0.01803419466670919,0.5335201307224146,0.27011077222558666,0.10047579034036602,0.7471361601416475
0.6758721338566327,0.31460116648379843,0.21194548743375008,0.3289021336655039,0.6052691541258832,0.29878379242817865,0.8122903496027495,0.07791246886796621,0.969187683933482,0.1957550680153276
0.02311378495961769,0.4082535581789961,0.843154894210265,0.28707142779534756,0.2032450737377015,0.7808200184663769,0.8080044487121636,0.9917195304474875,0.020145212687783687,0.2616501569101142
0.9075010271190241,0.05773616174541518,0.13008665216302773,0.09987333394794662,0.8188293596786267,0.6877682205444768,0.3228370129593717,0.2779627816542575,0.15606984878077057,0.5442528475077802
0.8922426962390598,0.21656513936200306,0.8517916174620241,0.16706072829706853,0.5733963028275177,0.4912692273856035,0.743825918833722,0.06689824831317759,0.16260608234491603,0.03880543233182043
0.4207677194904704,0.8760436194427909,0.6791019975379616,0.1630600240074862,0.9408013700623665,0.9455211240933378,0.6124371624531406,0.4755699023292326,0.10354922734631777,0.547035785496197
0.596590227925514,0.28025423242278813,0.8380733281256624,0.697487365936706,0.8661377452529283,0.43855310083116517,0.8075159670650528,0.34488385489897866,0.13653004159947701,0.06828290339683962
0.8265214349986812,0.5347227180554398,0.6551367791502359,0.38609330876690484,0.88430045028851,0.8855814893311622,0.6902619054835282,0.2978861607189168,0.8237366403727381,0.8974177024099819
0.9415058170357695,0.47070427547478955,0.6162526690140787,0.16303265262869293,0.23105919037105327,0.9483291437443097,0.1796794556149972,0.6331773039343647,0.03676381988143296,0.8516504614653876
0.29228390622922085,0.18070859653062676,0.7137432204726017,0.16604934275782535,0.01922112602499715,0.581581283626154,0.4816455362116001,0.7548602077199617,0.31438528877171057,0.7175219485262982
0.7819678044606421,0.7624350919344374,0.9811903512442163,0.8307073224943772,0.8791823812957453,0.45788403222004503,0.8419430093246505,0.9629247078457848,0.653968091535776,0.1738229044477183
0.24427216970467802,0.6444189407614097,0.012646249603787574,0.037927372965984585,0.5361862063998901,0.8232117089737774,0.49646869940797067,0.8068312670476255,0.9802816589752332,0.7721254404294481
0.4542050235962801,0.5236583187074406,0.7753989678874044,0.5064989903282237,0.6527879156854003,0.7121872388725325,0.7134466934403438,0.673986314959268,0.15054974019729273,0.8158264731551329
0.3378693993193228,0.12428430358212006,0.8530448048432742,0.7651164268549155,0.4791782236725308,0.6109476453684743,0.48718659364815997,0.048368027455170215,0.16180535430869702,0.3800046321188266
0.6150693705137135,0.835395155205299,0.8358536504875241,0.3634835504793412,0.5335402732521471,0.8765555487596409,0.5366117796492451,0.14270570362369306,0.7929633944816243,0.8899940955449014
0.7268121929009197,0.9924702905425987,0.6528908927557312,0.861074895977275,0.45214924769064446,0.651711262391123,0.6814104231763406,0.35526414188557776,0.9499414715747703,0.07647721006553099
0.6849261884886955,0.9683496527985297,0.5183098616792077,0.875078464334765,0.8947927576903012,0.8242287884386413,0.9184295234974428,0.15531844302741038,0.27198943708222423,0.82518534435008
0.842611012774285,0.4901664117034902,0.07614016461689932,0.23175632913088506,0.5232165223366012,0.7746438600663386,0.8172092799832879,0.3421759244927488,0.41560391914902994,0.9215075202376486
0.4256021206507017,0.6299222615500353,0.5845388557046356,0.7371695532689714,0.916156410422898,0.39614745093841186,0.8728056197053489,0.23542318970478082,0.6591842061083842,0.3879859248044766
0.09693413119419358,0.18739943082798016,0.3151061952875067,0.7233412676616127,0.35773911128262825,0.17686229941400222,0.8897062792569814,0.2035931366171393,0.12064363727055816,0.6835027229286346
0.43505906441565245,0.5371640822541337,0.8091300136117786,0.598911100960819,0.40316747024790034,0.921794262697582,0.4594391284164635,0.7791532710215476,0.18906631313475808,0.984771080619018
0.20396960902331296,0.12189292293661447,0.3391926577513634,0.7522015231052678,0.47193273471427055,0.219650177983573,0.13875928721000452,0.2157433467264791,0.16491071410967417,0.9916663109223278
0.6052073516737781,0.13325983722617996,0.5902299427786516,0.6835201158549425,0.8888754561952128,0.322942678360126,0.9653958905780321,0.9055004542607153,0.9486939843861779,0.8854115732869575
0.6696139195789568,0.09108373351441024,0.2718353404713443,0.25522212406176414,0.7050033764827931,0.04830000928209621,0.28893699371067294,0.06956771639224724,0.27907398586094834,0.4546512130608359
0.4506902906630682,0.7092844423602184,0.697295070825759,0.10801478574486423,0.08551045246842193,0.5083381427757264,0.530065391380644,0.2839467641708948,0.5080064564702779,0.6656936505988147
0.6844308522024791,0.31682808398584794,0.8288328089084014,0.145638692464517,0.40463739212834327,0.6031150687201519,0.19252282442763746,0.5233742395945666,0.2490921909103927,0.8286560025391464
0.26626605955202387,0.8501966952668328,0.8437641713923194,0.909999852846888,0.9104181292105051,0.5993614583107214,0.3014080677618143,0.40744349178559003,0.1811136251829074,0.717184826229835
0.6415414256215811,0.354734772317046,0.4471193812430103,0.2657811397923292,0.8627916280710198,0.12991228588899761,0.3736371060887538,0.4311135688055958,0.2593263539987952,0.8094041963742822
0.7519315994655422,0.21505751715332788,0.6815149309559221,0.7092464154827014,0.3792039204631362,0.9273631352874154,0.8702094522487946,0.6755020540680243,0.9328791674838532,0.13154499643884854
0.3504549507187593,0.9967787444679541,0.946385581089185,0.7414153249032865,0.10951188369040155,0.4949261391259512,0.7486668473149308,0.6654573839710135,0.5700173967333203,0.6055052730615019
0.9040422179437185,0.15728457431230625,0.584334888929344,0.4529420616046723,0.003035444279724464,0.9973468771600424,0.051339387003795145,0.9267466889098754,0.7092577957070939,0.29049923657801235
0.7269769299341009,0.29025458010782257,0.5002264083317506,0.9088501762114762,0.4827542414865109,0.5692744473914199,0.20226923730124335,0.1695410037257259,0.2118819356511652,0.7920340977613649
0.23868476368478042,0.8128016030752351,0.9826499616495279,0.8313584603032509,0.5003375964782937,0.45947998948316116,0.29844252025670315,0.3218274961013827,0.1845264433053848,0.7942441487024335
0.3849148925459511,0.03274878196378561,0.13066626738290632,0.9569492109836134,0.12925984060186113,0.26675693104105946,0.31177592544074806,0.6893951306313187,0.8694815358404558,0.13439993793364435
0.6917663026517957,0.04199647699156683,0.7014490138153697,0.13643984123051878,0.5103142961578722,0.767717818428549,0.956308438320678,0.5879036840148371,0.0072118610149090046,0.09742083835978932
0.4057745485895845,0.6240134315503474,0.9907192546828162,0.04471310488715574,0.9518387879993225,0.07206629244371499,0.9992752861662916,0.9540672544670881,0.48695676148833233,0.9283834248771484
0.7978278259001916,0.416291652166369,0.13388563067404602,0.9470890197614215,0.12920358250106045,0.6720229878924948,0.5671434200223587,0.11814165891390749,0.0007300028014025628,0.42232282452031766
0.5901230594547375,0.24556599633934906,0.9232285153348989,0.20341569661918912,0.6082618471146303,0.9357199978762755,0.3207204668886846,0.7469624525667058,0.26535686293760163,0.7327066565133864
0.6634613272599821,0.91937754921867,0.34816428190850557,0.5552731946260356,0.2850311077553992,0.46389680875857886,0.16734467371190642,0.1094774441787304,0.699215345296848,0.8510799692224387
0.41251548843860064,0.7231448158412581,0.9021790805482083,0.0072059982621643925,0.10244973932989643,0.649787011821454,0.5433334488496449,0.5015799592988138,0.42057776255551393,0.7566620682116292
0.7849802752562738,0.9603334099684097,0.9890604789116263,0.7583609809794355,0.43947856428807,0.2573032256822476,0.33661845609474883,0.5404848175805204,0.6781436742933109,0.992791172000666
0.6193755267743604,0.01936428888055719,0.3643109551355057,0.8117078187520481,0.8688382107175776,0.6650129023605073,0.19215491794044326,0.8558181745743678,0.5763180807179508,0.16849180194916602
0.2630418168623896,0.9377867281506581,0.30026357621985567,0.7503416161093572,0.4956810242078439,0.44313949829555244,0.6579601758219759,0.746208758768024,0.40180661494092085,0.5999254788089812
0.3580597463435162,0.708906567247773,0.7418662639801006,0.7445707229353895,0.9941063157218182,0.3766608266391047,0.3805250120210779,0.031002744262873416,0.846894286146607,0.6369005140593689
0.6549222607073769,0.8646946697714241,0.8745526378579723,0.17153711200928412,0.01468919314135575,0.020689281092198697,0.008721030715967748,0.7349858156290546,0.02276477359152207,0.1323541108957662
0.8989398508974469,0.4230208164888767,0.20646239282397016,0.13898214082995652,0.8798098027358751,0.9928558749373478,0.1653365835310896,0.07294155806365266,0.35936726550477693,0.3470853382067798
0.3158881831364536,0.8469698604324827,0.15583726808583132,0.2354435573382112,0.6503962085433763,0.5043566250510013,0.31330007102722546,0.16837815727730943,0.884222843121008,0.4004991980030036
0.2587494277774165,0.6055745450054638,0.9149293628625317,0.5469398061163198,0.41677688506792043,0.01054092562686848,0.8195808344542043,0.9739603073008387,0.6896078122713349,0.9127617882874464
0.8827572061087531,0.4254106790281421,0.8093158410337432,0.11084849368930905,0.2029494438974524,0.4582121027485222,0.38738683037526034,0.6119139929530322,0.9778717327409469,0.6519642929735204
0.290575993878019,0.4276848024696952,0.4789452603425741,0.9563901785393587,0.22757297246690422,0.8438378657228325,0.19710030958575053,0.7877278087581541,0.9999994786256254,0.7177066073695773
0.22909360317094996,0.8013541348589978,0.02219717313466829,0.574497442400492,0.5687191170233735,0.6285044146176341,0.2746368796171492,0.03357973194013919,0.09470979881191632,0.28455249941263183
0.08892456298747253,0.6237007530913439,0.7577288136318195,0.9798208569076124,0.23795272709873938,0.7077704989955256,0.7952654174766937,0.29557380559378865,0.2231355934629905,0.08544166773769135
0.5979808864218866,0.4261713439344611,0.19522376878166958,0.5139885540723994,0.4632930304377746,0.7165973999514483,0.2665727204779097,0.8399956832248682,0.4091765134748361,0.2847623485677303
0.8680236944556159,0.0788129843303661,0.874892700246328,0.11687872782656894,0.7536343356245304,0.8097483153585995,0.533612953737937,0.7035070001555438,0.3863702899135347,0.24977761425524214
0.5152651985659764,0.3131662311979604,0.3674823212707179,0.08542250531580131,0.3300947680738495,0.20668365063532645,0.34011013213650965,0.26566853734314555,0.4486714907598558,0.0019727738276226203
0.8618785659011738,0.9782623303558557,0.05119643885767988,0.9924458381710468,0.8729710346231389,0.12873202008417373,0.9512734041758285,0.8375245416144231,0.7430483603695298,0.3911829829524165
0.5091514612130809,0.40069849354877696,0.9792153834796484,0.12406237092248751,0.1801607657942942,0.6138004852739719,0.7774168571469645,0.5524256833341722,0.4283383729027198,0.9081195610611632
0.01429304054076741,0.5655405318440236,0.40829195567715293,0.4872555234081203,0.7624930851557944,0.4003587081646943,0.263115362198444,0.8797242484801522,0.31921175838618543,0.4828071239056677
0.9984633118938833,0.20850652284764049,0.509689348940254,0.6807602987801373,0.04096175549641334,0.45507649751107515,0.7615270788809461,0.9990986480910014,0.6202377438866972,0.6047536342103155
0.6153731297852708,0.1675044398572172,0.9422656499686838,0.45093203042526275,0.204555432928193,0.201239536983162,0.23553444435674586,0.9664777686134376,0.22393815803973272,0.0417640721417496
0.5808525641311953,0.45296081245776665,0.2688624608747304,0.9789110164457869,0.17420722333944338,0.2639682534357918,0.22734928270157806,0.662804599489337,0.20258381760654187,0.5215146375363823
0.03778184759534042,0.828923782702768,0.7239804724016418,0.504632075035503,0.8069149519853872,0.11004220472892468,0.36929114932051976,0.07941025058050466,0.9070902361686316,0.30786702958210865
0.17985068675855154,0.6947977483574831,0.5357717592210788,0.9978754596451372,0.6744149924404768,0.18049399351708184,0.3313441728398222,0.2877317485072379,0.35303229427410054,0.09275127897289692
0.14624103959733992,0.27274376532465794,0.36179730941776034,0.5499417815931322,0.058932888120135196,0.30921596524782324,0.5729147315138419,0.40163319269227526,0.1776323408639372,0.8052887345581904
0.9421023139305997,0.9770177107762099,0.9190974851522089,0.6841414520894338,0.9070564765173128,0.5255965227454124,0.38203349476830717,0.5218578456323851,0.9438426983926821,0.11728892729479556
0.6727866720280332,0.5251845018793876,0.32984470452941517,0.7892816772639324,0.668626836984469,0.5922888489789633,0.9102032740116676,0.3243107288350112,0.13383952434670743,0.5314445359283105
0.8488833776629503,0.18221676329500802,0.7210885313891685,0.13783980757551562,0.5986375032454969,0.9168177872121098,0.2984040738810265,0.17776241074785737,0.6005686518353855,0.04641171085140161
0.8397724010207852,0.9669655271103972,0.6619536115305572,0.48682216886038787,0.3698388360538619,0.03566768015316579,0.4210242575819033,0.1111619224232262,0.2803172690894643,0.3266930727026708
0.9367404623397111,0.16723968978837778,0.8484837966206795,0.3177974604142463,0.7108051929714176,0.10428642268035837,0.7488811551332631,0.9316390278775587,0.7285060793391112,0.3399699841849465
0.2951555433860845,0.09555523518217035,0.8111572395372371,0.725479665601883,0.9930575522594991,0.05584668420761607,0.1798722208071576,0.6685289165150387,0.6436337048187991,0.7783897568140625
0.17342930796406908,0.06488217689045495,0.21948282271418018,0.8723184171753088,0.587922447890691,0.43867559912725074,0.6320653527505584,0.046727381614700025,0.8273372192761145,0.7593694005799072
0.04062662457773902,0.25087470989180893,0.09000599485396188,0.8091278584383613,0.4573839102453824,0.13589041338684782,0.03844232858356167,0.8232175789752799,0.16270456256986743,0.7625323601390027
0.42083621086490586,0.7019238958093724,0.38689511814129474,0.6700459119889804,0.3082692960427419,0.24283788653087945,0.5187957252259807,0.09669340459109677,0.36933983756122823,0.36275038178038466
0.6510007703562593,0.04121294145254406,0.7670486467668127,0.15627958734622194,0.22896377005105495,0.5470178182529486,0.32995257647494103,0.640056232091286,0.9300274172176238,0.8645919147330136
0.012270720432378202,0.31350113150378645,0.3458226086779008,0.03486545427597865,0.7352901804214559,0.11492937621829358,0.8135747506901881,0.24575480216463608,0.5814182867814187,0.9637624724890311
0.6408486464134887,0.9878502101135431,0.7796857529584467,0.7367870775946321,0.023568840101174326,0.5384245406487274,0.7639683819676566,0.46503794427925105,0.37881159810396425,0.5104728981730225
0.4628027329001224,0.4096672339695552,0.3018114278577444,0.4939517545347073,0.8881808319740201,0.13745432977674243,0.8050020885780949,0.613354052841555,0.007263504779818186,0.3723902494472221
0.5014568664935124,0.0975218237524661,0.947934407529951,0.32888352206771543,0.9774510967728315,0.4267122671190128,0.1120021296309135,0.6319181028911993,0.20948984151135663,0.0025750199370078164
0.0768667969479302,0.5114086104752114,0.39040890507538717,0.2717110622694885,0.13848884733135414,0.716478544901507,0.14248512838549432,0.884343566189249,0.1901849670405179,0.26393141363154793
0.36301027903557115,0.6839759982318896,0.2913338527901165,0.6323120224423926,0.32210724238756716,0.14038696452621935,0.6385848161697334,0.08911632850716866,0.84501019776106,0.3482677888944794
0.3197945100958923,0.9554043068152889,0.4827181955464779,0.5057949254921089,0.16296931746490417,0.6162919122882184,0.03720191604128886,0.32137376527737294,0.9654161565044913,0.3851856613056669
0.8551947744017693,0.396854927749967,0.7502715660594407,0.12544292608569585,0.19789315436191346,0.9704936675039133,0.2004416588455945,0.3132911259816443,0.4834993948483052,0.7212366318481347
0.6198831798142689,0.774937527583772,0.8933254458175508,0.9343839193808984,0.28734358752235145,0.8881505959266167,0.8523718796447749,0.38329684596561786,0.2320778092585738,0.5815267882292701
0.0011582258490027142,0.23666358805092047,0.5241133009998273,0.2894300336063147,0.7946783393305805,0.1536517099044502,0.3545929394507782,0.6204282102875154,0.66935950290791,0.2986416920193983
0.36691088743664757,0.26957827973636017,0.3291475894464392,0.14829736608673072,0.7562346990008845,0.16584606853615147,0.7474818698041511,0.19944736816652275,0.2603063693389718,0.42302604455529325
0.28808550051010884,0.012287895930993775,0.7886176529845067,0.756429311380939,0.06129646603097427,0.31635066905254217,0.033752892236535215,0.574982471692145,0.20452113631167979,0.2178227496699433
0.1378825513270322,0.8329470840290744,0.013610577427715653,0.2487954160398267,0.14855508850932142,0.7013982422170061,0.5625310136970885,0.5398003914125391,0.4153574624395743,0.15566961742511332
0.15242009490261177,0.1308199739920617,0.2128056988674053,0.29707436332794523,0.27083122258133263,0.3672387106199688,0.04888989581774217,0.9568647642086794,0.23834948805410572,0.4193490489130788
0.8649647682901648,0.6494753150832345,0.7386331314040715,0.6138822500944855,0.20256690017995072,0.713404902308662,0.7276144677694861,0.038052277478731744,0.7875951056528824,0.283713639884405
0.6503463821264599,0.42763497132302053,0.8047276600230074,0.1435127014497618,0.43703719051110756,0.21061801217040188,0.8010828732303511,0.9993954361499369,0.4694975113376233,0.5536179603555023
0.07526901280011189,0.05968523488816213,0.4380928223709065,0.6133554169093558,0.6940585339412356,0.709935407819304,0.4418677869713755,0.38486132109613547,0.12451624650471371,0.30098950754325693
0.3612356340812932,0.6677770779174697,0.9152186463345232,0.2156600241287333,0.35380415540571886,0.6263259978769828,0.3439802220460586,0.9658257701925347,0.7152999405490758,0.15734161926221257
0.4224259998674609,0.668315862228777,0.4683177602520009,0.57277054185578,0.23719360407887458,0.8343577838077948,0.12828260922094292,0.16381367988236117,0.3480830076803494,0.40428845906581234
0.7643183319997336,0.44191308774823546,0.2710612909309904,0.9300035419940436,0.17922484985028309,0.733247937145322,0.7847074500182264,0.09401884178472764,0.0769258667746846,0.799173543306444
0.08648052670882078,0.586356566174,0.3200610976455227,0.6619009928472244,0.7508616304511989,0.6702505351561079,0.7175018482317157,0.17836547061307573,0.5189339427917983,0.22519620280289232
0.7263707633322319,0.9313894358294991,0.41030564484482146,0.9545071291147766,0.42012383560234146,0.7380459228033699,0.4422267241897744,0.7605709213439482,0.5522964134232146,0.43930737148776056
0.5824748713467005,0.45117856230415077,0.8756949562980035,0.5715777321963156,0.5730641953762193,0.10800542116423872,0.5279826103324362,0.38233618301668004,0.8603707685927218,0.09806970133233295
0.5882562010205398,0.650678811254197,0.9069632909308145,0.7695125469240327,0.5485505449238257,0.5806349776566201,0.9544420105890937,0.14720071984172112,0.7510642474205613,0.14024816366411452
0.9376724869929575,0.8336199020792211,0.18718188858609497,0.5776388395465835,0.494245395526986,0.8414577612126061,0.2626749663359621,0.7110318297140383,0.5628438113404572,0.501703182488635
0.680401936499336,0.08970250092977983,0.02948422126064032,0.9226769175021824,0.7834723672177633,0.49414663905934575,0.8605695108776447,0.8814654199207277,0.6503667076169106,0.15789904114393682
0.0316884082296226,0.6642949008930583,0.8813711676742497,0.23438170046899565,0.8579187558004873,0.7938763927854596,0.9022228455840576,0.7806840129114897,0.09323225591748674,0.988137649685074
0.955623546738682,0.9237848164214698,0.7037525769891679,0.7296463865306797,0.5151744362755128,0.2766900478244868,0.15020311980271628,0.32124141793046146,0.9868660004170516,0.7805895940172929
0.22006846712275074,0.8594785704336494,0.6818568229280424,0.08405300294241513,0.979834827237399,0.8252306839856058,0.16285866279553185,0.32804174694146593,0.7403820709223297,0.5010430382134606
0.2799811424138008,0.6304339226545181,0.09348503340874104,0.5587634252756326,0.5642816963256466,0.8434633524038838,0.23946486515970433,0.9292506747058722,0.12039785138004566,0.525077097283545
0.7209720162725244,0.766687512265261,0.9549811444470641,0.28504385805841415,0.14331408444154303,0.16810267208487573,0.5890007457249106,0.9343024000647643,0.7148209676845801,0.4010697978544351
0.4673910405471282,0.05039241369650771,0.7395823959420521,0.045033842829872106,0.08456251138780013,0.4565315380951558,0.09792609231758431,0.9820695996760562,0.007474094903923922,0.779574890782291
0.4288535930982007,0.8463765194479801,0.5001044596550773,0.8706536654311572,0.5154919166189627,0.859386580245868,0.3342541745572605,0.060992991036120436,0.7241015417241049,0.27294431786394424
0.8673262384845712,0.7513894756807834,0.4987898551876818,0.357116366906403,0.014180169825465883,0.844640481456728,0.8104545852342047,0.5896542011882232,0.7262407166762956,0.8990570402185045
0.6594859197339061,0.656093621067427,0.25000983794795495,0.4406961267705497,0.8250845843814213,0.13201637293416413,0.8316497935818127,0.9615399568183846,0.4982891393131966,0.9629822609859922
0.45253017648855975,0.6032429131510694,0.19684222623258074,0.8549080511971665,0.6046595156625965,0.6123777820434874,0.5421564962993707,0.737016572718287,0.3481813052815136,0.9123108393080224
0.006750365164286398,0.8112373606167566,0.5172525026130954,0.5275511588939293,0.20105340979419395,0.8846456691057416,0.0026120076788334057,0.4863400414162511,0.6437430383988747,0.7597374193314752
0.32754675228739816,0.7783209607598907,0.740643699115018,0.8801539951192259,0.42131572636688086,0.16872687992962,0.4581420599003312,0.4549938585075376,0.8705719000170888,0.04912550347729838
0.2604459298870371,0.4083864944826302,0.8112053062052142,0.5929752446546688,0.911215747872279,0.8283305386257106,0.3631658412787151,0.44279372718590737,0.4727687433542004,0.710331236531822
0.7810413882573382,0.32147002909370015,0.5347401236823188,0.8161582771094608,0.18603962711033417,0.267958723711782,0.19293441287904411,0.7963855390028332,0.3995351305678786,0.2802014515746668
0.30687587759858315,0.22882148232509547,0.5139072644520686,0.2382001642930448,0.9273944887073334,0.5065855327994615,0.9858398649686172,0.3330713454870168,0.2678981623109298,0.48281714230622874
0.2936714858509616,0.06503343586022525,0.013357951620211361,0.5031694908263702,0.49111012626396666,0.995132933988709,0.01274928622203364,0.02465805333701865,0.2797855048682484,0.2292769999141674
0.19837124269370876,0.2719954285266608,0.7092554071772922,0.7848534378055315,0.2045391100932854,0.969432150189985,0.7282837787674387,0.3936308015888249,0.6442835153472123,0.2780260755670907
0.009602081101411697,0.7546023804449553,0.671798843792437,0.5255390581163412,0.8498742915329117,0.9149346869768537,0.29688083790307407,0.9054015661864571,0.9070467246108498,0.6660078475970664
0.9328471790841396,0.27914732113852714,0.5834729609257929,0.8891608830138024,0.8549302008357851,0.4640137851284325,0.5403486770465566,0.9357725594973889,0.8452638364885394,0.39928246175733895
0.20269201566747708,0.11514321320504584,0.37622683280721225,0.5724802666416839,0.21168661720281445,0.11694455100979628,0.7372432276067721,0.9292720825167966,0.5886565843422366,0.865489562495334
0.9902005666936191,0.8345271758774899,0.5645335653911383,0.6389533872926352,0.3475341608761294,0.13429932165099734,0.7437159115008053,0.1945194247268348,0.8963624699121411,0.6331442144772568
0.9569734902059313,0.10154834897778997,0.19935260307470537,0.20276296954529127,0.8039836966929704,0.29126256840073317,0.4588193032925042,0.3364791825218285,0.6975870298602017,0.42330740031973413
0.0370762172484046,0.48063300277388965,0.5265538486039476,0.7689107486679425,0.2545739621807622,0.08131296225885709,0.8321979557987148,0.6199178874729361,0.22471839610382383,0.041282697434804616
0.29055757520529546,0.9420399802726712,0.061943196587898375,0.7580947743230336,0.26339161450082926,0.19670380505080431,0.8690708162193694,0.9874957006679105,0.7261866962970213,0.23469370837582937
0.36596806552981587,0.7635288488848069,0.2949407202100589,0.5102026402172638,0.7454043065790624,0.46327093272711983,0.50538732874209,0.6992945244305633,0.4854215846967115,0.9582650904194201
0.4612264862275489,0.5904311923117253,0.4576426278605893,0.005272386391815265,0.14446717249364383,0.324804367949343,0.06892929692386007,0.1576866812467984,0.5363345850974099,0.22694908572076455
0.6173342907424689,0.4663802806097125,0.9756892133975248,0.3835323279449102,0.9362775748338045,0.4182737275123827,0.3664158953324298,0.3801213084544106,0.9589623798003296,0.5809724399555997
0.4183361049745651,0.1452096073019865,0.26290518625734693,0.8513102137408517,0.8788996758554324,0.21997281259587476,0.4907284766128154,0.7466350571964747,0.29505683225530766,0.36796517513528415
0.7254850595300558,0.4380062271817974,0.0963231402165563,0.1594119118094195,0.750593445083393,0.01234983541090584,0.11963667108169407,0.6793135152248748,0.07430129262557372,0.07837219645753579
0.7383786724658326,0.6655631168422904,0.16385737872506267,0.47291363064373637,0.9661464595238001,0.6838330089866277,0.36253556263213316,0.3123249768154419,0.24627196226879122,0.000595549570549414
0.1570420992211442,0.2180613237081045,0.3815175942566803,0.11955825282050703,0.5133558549363006,0.3650847344665761,0.7233624607846098,0.9480345536518945,0.06454098383135454,0.9181916733199057
0.44790566688854494,0.8526683085404582,0.5079565850337643,0.446402316860373,0.505776311939576,0.005291123577431001,0.5945675561153347,0.5745790096753737,0.23521028032997215,0.8468399264687929
0.5075297503910573,0.6142108331326495,0.5401060579702162,0.32861910091797253,0.5247276541765244,0.04781163262613963,0.6502377544813104,0.2998186544190736,0.1817658068720046,0.6548673451114105
0.5422772536266754,0.6088008956958393,0.619195259314658,0.7720865264430535,0.7674346383784741,0.7848139351118557,0.7912256584526869,0.8098638574644903,0.11821054095586159,0.818973410395831
0.8651577114542872,0.03095163523967226,0.8774785420558452,0.5387324702197618,0.14233610484511228,0.2900468003578416,0.514767834983865,0.3008996260869843,0.051001648351360784,0.17053224899810726
0.9284929746873299,0.1037427027969805,0.6696174657494401,0.6714861096747816,0.8685559427201902,0.0710164906956754,0.008523058559080088,0.4534729100174759,0.6917369070594908,0.41435637739387754
0.3129785606911877,0.9872816376866119,0.9706259323972147,0.8223491032469378,0.10314243814813673,0.8349680892912483,0.03468148390380499,0.4233105639810365,0.5809237458796317,0.6421968588072291
0.6174004494236367,0.9204608319161797,0.7178918472267685,0.8396792583514375,0.27100271806530307,0.5453032196027551,0.11514195116583859,0.9665160297337279,0.7482315220858847,0.31466902815528996
0.8909340244096776,0.7827373406223479,0.22039878779035316,0.9881916292870021,0.028682771566861387,0.4902090194089398,0.33932718394347827,0.5705632923205366,0.94641531982546,0.7924684440687922
0.04712683416481822,0.7755174946369909,0.5715916567091691,0.2878622580004607,0.46516029374521295,0.9497913179846208,0.47527015487184576,0.6905716865587846,0.5653432827901018,0.466623021423613
0.19213068388642707,0.35776487686153513,0.2914993657833074,0.9085963265116479,0.15721984569945902,0.8158160220647787,0.6075184161824358,0.8587467061598942,0.535022339805081,0.5607003241926133
0.10670458209005818,0.20137873207491486,0.1091241356604028,0.29062851844908955,0.9655220586159878,0.2412040760962325,0.19899492713573963,0.6190050442713817,0.9435877807070684,0.5165927857209327
0.23470650478738642,0.585791268201342,0.20698047279983378,0.34064395310665585,0.5784302340541947,0.12237577935601329,0.8048704067002515,0.043745569601089995,0.7732157897154468,0.8582534723434296
0.3273049387079222,0.49969427994517635,0.6313527387018789,0.7967446958703441,0.7365563744578312,0.2095310263332486,0.0076324277354107295,0.8291100696526464,0.5512908034591852,0.2383776851064754
0.7664782864560672,0.9996089911333513,0.8101492617056522,0.5895087708335761,0.5790107219021197,0.9226058573252814,0.81914853746141,0.6837605308618531,0.46465495718060845,0.2443062200423315
0.26829965174611614,0.8319437428599757,0.7959745987806012,0.6342060783864417,0.06250262362854264,0.7849707037937225,0.3886257635156083,0.1952810056715778,0.3981501850857555,0.04846907603774797
0.7373668925199742,0.8354320825476937,0.35275430459108426,0.7904694416927923,0.6059355005559809,0.7656308625579554,0.1765012547565199,0.24798914428581964,0.411392998674874,0.7464241573444401
0.3275601380318168,0.6291092022646411,0.3778737519457891,0.8126662319265548,0.4263349181355689,0.6632457752929615,0.3158329781646142,0.4316464040771355,0.676297694569317,0.9292007304105261
0.1528055575914017,0.8931051674462505,0.876271594815107,0.49476777381451953,0.04515977298095131,0.049601016998530034,0.920153260992701,0.2706852941622859,0.19008212934516222,0.7406324536666935
0.17519591558782,0.30064985279160095,0.7493393611861372,0.7292867918479391,0.43647849040888764,0.7046272017439398,0.7731658802623164,0.3642560291594724,0.43511826878791116,0.8286746368081391
0.8275049775885889,0.6489830620306426,0.6361766238076894,0.9062056649413242,0.5321814236567236,0.7318936756861508,0.7638131853423705,0.2500697059747712,0.1971379872858472,0.9328550079077352
0.31433772745544963,0.5268074997277231,0.47659755183599806,0.5511909649652588,0.1450013711070861,0.48316593484838377,0.5879684951259748,0.9428892341762389,0.16244565233392483,0.19440358540146985
0.2825422495334483,0.5245065883137359,0.041135896587829124,0.5019178865088227,0.13029127243475314,0.31777489182511054,0.6806182622945677,0.3687164508200923,0.5134047862406435,0.3143330982354975
0.42308849078537736,0.409769793676269,0.24671640319126376,0.8523026382837936,0.325272415021738,0.4321742224221693,0.38845818777349417,0.8577092308611837,0.29268236535249026,0.2143662436946342
0.8240727522285973,0.7906846081099623,0.006264565358714558,0.27219043178254565,0.19905651824369164,0.5125541627344611,0.8785917516368948,0.033982586839895745,0.8034512078229609,0.08327262527145307
0.37357715769037825,0.7373574700487273,0.6617855821252767,0.05435673308696887,0.7300289762087314,0.5728365460462193,0.33047685601253207,0.17066584174954036,0.6599691515585799,0.44243802547696154
0.6545728990880465,0.5978360999953035,0.5930144120200483,0.3701798352260157,0.9340916729824191,0.6103875603894685,0.2656784017429332,0.680941402287943,0.05565095740013026,0.30526120609668517
0.2067660379214431,0.611181040937645,0.08028149531234308,0.7947579822662953,0.933526213772961,0.3987455053675387,0.18606524633968424,0.021622386921424153,0.9369964231846164,0.9803152011137044
0.782329893073202,0.8214165442199671,0.7140088603008472,0.8748624238303359,0.7091042076005029,0.12876696739150506,0.1878834786035164,0.7799646266885675,0.7951068064525427,0.6762251914917541
0.09040158967732725,0.7637969474530582,0.8862053317805192,0.939281106587351,0.8078528019285777,0.6217932267767456,0.40316828586229836,0.4300012653319333,0.26970328649776254,0.898907691178921
0.5667123886506124,0.6405782633030084,0.050995153843084506,0.1695256598548761,0.608003577988304,0.10096471254786121,0.26677856143513046,0.24960655861774872,0.022368581937694088,0.49272779002412603
0.02472479439500741,0.5791917576135409,0.5578477829853272,0.9538923099282614,0.39962552807895646,0.261185735675565,0.8869728301348292,0.27670824950318884,0.05511399067405165,0.5899840884245333
0.9214729310449851,0.30781049890375545,0.766558896976677,0.28652030899156455,0.8122776739848171,0.5090364825569298,0.7169167405743483,0.16778003189388102,0.027828778805368937,0.0014723380559428234
0.7245565566231322,0.9560805901312309,0.2591214203203025,0.3779888876241515,0.5472832214376511,0.3144204197201099,0.6148345484369601,0.6648660238059351,0.13784204005835177,0.259632785569773
0.19460000194251037,0.032844505983960604,0.48386843272988755,0.1052376393856781,0.7580878017299906,0.4387114736088905,0.2639935047980897,0.9222717962784233,0.7873763015384782,0.811594303542571
0.8085322364090847,0.21732132630119483,0.6322068173402008,0.3777419855038192,0.14045448449307363,0.7015554072865108,0.4483103013706018,0.7398581041212665,0.9055848762499393,0.2756590015219291
0.7699556591320201,0.1395209115099778,0.6804057195189873,0.29417946250040117,0.6576492010696667,0.6919388958243574,0.4162467508239185,0.7174352315589657,0.19498475647564417,0.769985198775256
0.08867008246894681,0.5285007182957621,0.6235578167941151,0.5690606501849269,0.36348317664830265,0.9671991396081705,0.019877735057102552,0.47008340765741863,0.08452838318326628,0.5250116569166315
0.3817608225128374,0.507414361024983,0.16370225670875704,0.4445258886938712,0.46156447505733245,0.6742350290068367,0.902477980365675,0.9945100730192254,0.8227567594867374,0.07324900518849409
0.4505315388455374,0.6121737368608067,0.2926587323249419,0.8806483944875498,0.13644273263937667,0.49211285199464516,0.7404632301728041,0.05175485718433526,0.4845990892372707,0.39595795993587757
0.12395337685478514,0.10636249152122834,0.14443561232300062,0.19178121660315928,0.09041131391088575,0.5966517539957407,0.2382015022105347,0.7194582420486934,0.10705720206917702,0.4196235607945634
0.567737377067761,0.7058718369383975,0.9091851878037256,0.6415321490460479,0.05794213505567103,0.8704507165320103,0.7500484808124348,0.5224427959219942,0.8999700482202405,0.6348790496915954
0.09357403682958265,0.4519291314119174,0.21045580370013706,0.23248519308288107,0.4867663428341219,0.2657944705150749,0.009061623272908048,0.5846737637321385,0.907308992885961,0.947876912060863
0.6452489546891872,0.840426581754557,0.3783267080568298,0.2701921082001264,0.26596687712281664,0.871054199976086,0.7349855546674477,0.38510874838619125,0.7666249875927663,0.3590591012625062
0.17643559074942727,0.19271200813265377,0.7508556720835883,0.3666157097326467,0.3163536182365587,0.7004676556397857,0.697297574181845,0.5337508440203322,0.32778600553990134,0.6399018609230163
0.29009246480087014,0.7601707138540424,0.11626210656382219,0.4223425238749877,0.7800794903452839,0.1070591094486405,0.8134893431255714,0.6807046600902203,0.8142016859694595,0.06031833647722795
0.686116813906223,0.010424314429473003,0.2501591978022487,0.7602626339265913,0.9303447903959355,0.9301207570491359,0.7365951104920083,0.1610969076940395,0.9455390438856396,0.9487847818503261
0.8341476656895661,0.5592854535546484,0.47041415322940394,0.8658033444994763,0.10592409666629776,0.44152704197679726,0.4801444456661671,0.35353669091891726,0.1935371495373467,0.1441910289929733
0.5529887144064363,0.8060929376937334,0.9335848262175636,0.720339590858309,0.1053925053898509,0.31782095908362784,0.9399680437104941,0.20789146347177245,0.778159702364921,0.49738028852211413
0.45365041226084846,0.5398490295139048,0.29243337310616857,0.6856924207270416,0.19221449395321755,0.8358104195884521,0.48666588709988645,0.9221529668778279,0.08128337037027944,0.5782296284657499
0.4424925021399959,0.8117673496144796,0.4672307849180507,0.3245502975467597,0.6511899488854912,0.6461615692885113,0.8323128776174693,0.006679345295781847,0.5463418883387706,0.9728963639384804
0.2533338486059722,0.9789566558817274,0.6758630879248307,0.6992179092941831,0.3881197844119245,0.5016740789196128,0.07337778343074641,0.9184400369694753,0.21024161111245998,0.35419172781970865
0.1736476170814042,0.3933238722760193,0.1137679940398042,0.03162745389262778,0.9677059232336318,0.4094076700128747,0.6931062300702351,0.12923553980825098,0.8814041926011069,0.7103920178692379
0.5894644565245697,0.17890720185229136,0.9211323655685145,0.15651891696194697,0.1419771236147752,0.23748211694342325,0.39168008167297685,0.08654305334427548,0.09848478365479707,0.9829530968635338
0.7767872779298808,0.8130439060493653,0.6654288357634869,0.9152911793783584,0.47619582305201347,0.7115293232361398,0.8956087622532531,0.8086373162470428,0.09564614879565347,0.9729544461961891
0.4037717683754024,0.5882215395434005,0.025052793432643328,0.19589971055301458,0.7781274200316575,0.5875134225956747,0.4442202326887731,0.14337393658571995,0.4268144212227992,0.3637116397239657
0.7979599276195264,0.4555804789704,0.357307653177813,0.17072681225758513,0.9556850433667659,0.9905469447512436,0.4083031025495324,0.5410275644663183,0.539622873719371,0.16073415198544694
0.17735611114251226,0.524880096426442,0.09667066880877262,0.2175989912626033,0.38077398220157654,0.6870165420068735,0.06055409846898363,0.3004855310605479,0.6608894136725444,0.31417890672835325
0.9889828373113403,0.03792137165865073,0.8406884756699292,0.9124687762033583,0.5408988624953557,0.47643255344378055,0.8773252706249166,0.36545846657055103,0.3540512977614726,0.43361162695290023
0.2617002585397348,0.025491161397837248,0.1214977210639896,0.44599035109000074,0.019877439755842108,0.03203462820095537,0.46298645983712017,0.8908883669863598,0.5307423684434849,0.9075230755520236
0.9234805033710848,0.7311121985469308,0.32884900956747676,0.09789443519291885,0.34609655856091315,0.7380424694703541,0.21985475499231144,0.5099357794461146,0.7833956551615892,0.2690359877780836
0.3829040512635995,0.2640733543652326,0.3445005933396954,0.4697499598548217,0.6856438800956937,0.8053198513130043,0.7845273129431275,0.1836557405016318,0.9287529828204405,0.6351099804479308
0.3709539178034078,0.2694858264551596,0.6407469724482646,0.5921025164363266,0.42217454732590787,0.9619192826369504,0.22341658989878033,0.5404112686422682,0.5234356132771849,0.8333881495124071
0.019327651444739358,0.18021116613003252,0.8426976834201892,0.11172866615691579,0.2430961476781377,0.5731230635255079,0.7306490178383832,0.534084898311924,0.9238849861693974,0.9434436128271416
0.7821102597321664,0.8234230343632709,0.5134586543024392,0.6721200123948132,0.8002424374627433,0.9258791375697583,0.5622969991401144,0.7100111287889403,0.8458967733232646,0.20207051232734696
0.6192964184583517,0.9485506777172208,0.5720269710395393,0.1919374117292859,0.6240355533999182,0.570934610916389,0.5452017676448114,0.9579132495721817,0.91222138923443,0.4200502570913708
0.4968733598934246,0.686552348206391,0.6634062397505798,0.9003332934642625,0.6237618475600615,0.6273660478201633,0.7739057880094052,0.6002083979298957,0.5754105476281182,0.6859326082225286
0.3570982485859685,0.2874028070012826,0.16317697164871847,0.7170010639075305,0.7349228391762738,0.8536234213920832,0.6109985111488906,0.89902040176272,0.859728861627367,0.9484441414828388
0.544644725096999,0.9599150494897224,0.19443135436891168,0.12589283519743333,0.46800156620279865,0.9535711238563424,0.4752793364137399,0.8683265467126428,0.7265144962940179,0.8588595233379519
0.5073294992902506,0.7848584182660256,0.8928891057276697,0.6854197148226312,0.6482164708159812,0.8146541073203176,0.14978901783559562,0.6265252562411999,0.5709644243532881,0.6674918979026678
0.9853773635784784,0.27922394638923875,0.7134717207311247,0.5819774031682294,0.8542244312867129,0.9761749051939206,0.10000133429449254,0.21619653138539585,0.6034878334845001,0.42240840651900247
0.17068270163221844,0.693887640512091,0.7333334593821835,0.06735363574216047,0.5485407552553582,0.012494467521206198,0.05415580570881262,0.3401781627532463,0.29496890114562146,0.28791193265753856
0.19824854026932215,0.6709591921680269,0.8501510421678291,0.6406593104763313,0.007012078453177195,0.8831539081984185,0.14537244710932684,0.7255460321071916,0.7750380375729345,0.5749355233819214
0.6952117620665159,0.38158414956678066,0.750318807159297,0.6636318467976,0.5476231546310828,0.7790533163635199,0.39468766735991945,0.7643744314997518,0.07805517065580625,0.11262148946341888
0.7603561080210289,0.4839551962447588,0.6091683282097684,0.2945546883631204,0.18048838817497348,0.26668421270072895,0.019423631533804997,0.8537307852418801,0.7600004109534,0.41959563971498093
0.2740148590423108,0.6818866701122204,0.36101050287410197,0.46578711991461863,0.4961795869466029,0.8431295769534014,0.9395938596350252,0.047173414784482226,0.14945759960196758,0.028836137845432153
0.771101393544915,0.6744563215148843,0.18166104189402732,0.994142976257083,0.5213854631439739,0.017465400448754442,0.8373067193919687,0.7075580551093237,0.7041585003284013,0.89396439891932
0.10247565198167086,0.8776136674603069,0.07920533105285232,0.3442562763113297,0.7640264079532895,0.1264324173027901,0.8140822831183004,0.2404836739438868,0.71772941067509,0.6572952104508301
0.07431703652525523,0.8879190749864955,0.8828858114298734,0.30463827090757567,0.3357521812885237,0.9579743666067623,0.19056264898674358,0.6842929418185106,0.318430449076916,0.900640526776294
0.8549545315436123,0.7512158631693442,0.505112769652789,0.3770137795026335,0.19107052414269443,0.35951704476005497,0.012682011668759374,0.35345927887558404,0.9982053428691298,0.37668175979671303
0.14996661276621825,0.11065565354192186,0.8865480234725585,0.9105822407243749,0.9530548051233535,0.6628718573695078,0.29716130061395585,0.1996093772772407,0.8411584497721689,0.8448006927102522
0.5360020234000752,0.5248557459467604,0.6332246459689015,0.3459873813883433,0.5987744265585789,0.9327409077262827,0.8579223974680629,0.5623063732458212,0.7942353274980185,0.7892523715810711
0.09721569133166374,0.6133205588532258,0.622144061116987,0.5946090947948306,0.1795198178517049,0.11229652802935775,0.989943746639225,0.675348523604695,0.7139638072914716,0.33818661075191125
0.9559787087173722,0.072538607380492,0.09369691082447607,0.8932609620171921,0.5351064747092947,0.12538669621113552,0.1304244336932292,0.23046408532768625,0.09312969040760699,0.06649504888993496
0.37312964391037673,0.7647791406922967,0.021369895180004983,0.5486528383484354,0.3664115858951318,0.856090762393544,0.4782605970415541,0.904614006148127,0.8376476737661357,0.942096269585268
0.33573591432487626,0.6794370089436528,0.9465449476153024,0.7034018436329016,0.32882810508193394,0.9587062782548582,0.274063002964008,0.878114840182429,0.460879332832822,0.5218010511878622
0.11583813878805183,0.7872952167059972,0.7263690868219764,0.07281561220629995,0.6602924171472847,0.8687668088780321,0.8395842574788474,0.5054381540040763,0.998882005971503,0.8995192988306518
0.5584310103380078,0.36244240028849006,0.9880135059066918,0.44899949513914517,0.4653484497971484,0.34197474826926677,0.20919896807928684,0.1929592285667211,0.7205055437079269,0.7253830022997426
0.4565107838068765,0.7681956224556177,0.05119359025822712,0.36631878297500853,0.029660818383693277,0.531660236666955,0.3599065097532641,0.2069485258433723,0.5374292371582297,0.9163245113612709
0.42014363168618407,0.46315874375531907,0.19149049411566277,0.6489806225345933,0.9711647219838112,0.38484743827500323,0.38375347285125583,0.36392325917529533,0.3021175980052635,0.13993509635914625
0.8355384134183219,0.8457928618802576,0.2731531937325957,0.6770316244562345,0.036228926097125136,0.19362054639969106,0.7356586402884642,0.2669740489004768,0.17232359282054,0.7701053181810474
0.6408487660478817,0.7235463017878351,0.7859484738446542,0.3878136384173002,0.7132247940223616,0.40014715218826025,0.856679885007028,0.5422668941773582,0.16715201395191004,0.02105255053364241
0.9516591937311705,0.4840832618975386,0.29697065420923763,0.23029979563451075,0.8671305141167489,0.38098187105941295,0.8312883626393398,0.9997597321599853,0.2925257579764873,0.524699143861059
0.17992258711320308,0.7367976145949215,0.132627682812532,0.556336102131411,0.9033629001883227,0.033771462011995546,0.3498274388735547,0.6383506862034658,0.9383540352296303,0.5518618344600339
0.7129475500133924,0.7933447499834296,0.8007117522011998,0.21002272474117056,0.09322080414819955,0.8412348478228591,0.5266431585780713,0.6148644333181404,0.44678378120965645,0.948477344277736
0.33829466354279714,0.8942604916385375,0.45754351294852935,0.8163470349255856,0.9125243462595987,0.5525908642530013,0.22017138545699289,0.03502957355400105,0.6704771087380178,0.20432434797542331
0.1617183851906272,0.23141141910642515,0.913582608058072,0.655152669373427,0.49363635646639425,0.2328998794240852,0.11141950926763411,0.4575196722988367,0.33578404740635426,0.5827001192545962
0.10873651257034578,0.6031562727059445,0.6186168145133597,0.3444487667839151,0.19460971425029205,0.7544534307730367,0.6488096844558385,0.039416575618163585,0.9787283633843408,0.8780302628201643
0.10483700656820483,0.6651172284584881,0.47984726341382955,0.06253257881153618,0.7525216728555632,0.931666449413552,0.9751568429282632,0.7685886781707519,0.3358502424912251,0.32189944760816813
0.5517970071735957,0.08992487858345222,0.6347473658882569,0.9504790707223619,0.7936926262955216,0.7397252301695296,0.759151729947413,0.30711109465537256,0.05064027768170776,0.394970366899842
0.9513008172238927,0.2908218649892349,0.4313972362284628,0.49067257126878316,0.7526590023132084,0.8011765820722532,0.6207394410784924,0.4592442050604729,0.43497223463666723,0.6558260932891398
0.7644971454307499,0.4212978483731108,0.587730638437674,0.3416105244206421,0.637811308741598,0.8477136954603489,0.5488653373254998,0.22174724062912976,0.11879950195424194,0.9451541171904566
0.2485266695171423,0.36523459738052766,0.5145859372233967,0.9798509834475561,0.10838509484912806,0.4733920048643818,0.7067644276328862,0.3587538350970124,0.5219075063765064,0.19706200348438574
0.5889691323157398,0.1367145121932053,0.9098655140310915,0.4676501459967135,0.8743395850651414,0.12618381341046225,0.7358221038027323,0.4056175039642197,0.7603437321917564,0.7853745948158095
0.2696693825667098,0.9686215935461475,0.5443193945540116,0.1475679619376622,0.45624881858155886,0.36734809813970526,0.9347778148619256,0.7355551794695142,0.6714117563002509,0.7751341952948291
0.121746574218628,0.5138966118846201,0.5574501649255904,0.309458179822083,0.8132468328457727,0.32881095166580054,0.500868489845748,0.3196174735952808,0.9242792550044392,0.7360802727092984
0.042093809191774745,0.6577765760643005,0.29826384117467375,0.9390587329592919,0.32538988497863985,0.4732874048132568,0.00714394163511145,0.6777914393247718,0.5455388444191182,0.5275608867862488
0.8132047092790794,0.45278984449771265,0.935304750393519,0.17381819418111333,0.9902477155881675,0.37622441599260914,0.6744506840767948,0.18210321920076145,0.13867162761389584,0.5737215888953632
0.8262088633916336,0.5778891895126259,0.40224933635504545,0.620602030379714,0.20514578450324694,0.32049396029707755,0.133468788332187,0.6691260208080199,0.712378878957511,0.8000551146353712
0.6942044615098174,0.031534683026497534,0.09370664467578116,0.8940479881200651,0.7706329906867778,0.1864061506264949,0.1317253151425607,0.3428347354100496,0.8596355643256179,0.2159484882113325
0.2937128446918045,0.0035852706351814367,0.458894113199672,0.614355475801561,0.798377382053108,0.2883216798915348,0.9990309837808671,0.06851600174239347,0.6317734100762901,0.6509371505262798
0.3477021878808566,0.0158828488445506,0.6929314529795219,0.3550270899320753,0.15022264670960905,0.5106946557953643,0.7307517988061619,0.26321077065362364,0.22953984333176403,0.02468569971743617
0.9029669887390872,0.3729306581760363,0.5008797316934572,0.4312804974272135,0.03370585504453261,0.9937736500804365,0.749869593864621,0.23713119581852582,0.5501834060048624,0.16044451347797428
0.395692384654983,0.043261085514157305,0.2316878989195046,0.45500425749869555,0.3650154090134743,0.908163146235165,0.7044705903311593,0.2658993898321811,0.9306099522149511,0.9256231628410586
0.5123846851057332,0.9946371719597747,0.4357294980886466,0.6887403481315566,0.48044944927680355,0.6040662786598666,0.5849865979768379,0.9622988898661089,0.053001986668143486,0.3348841156251907
0.540977971310537,0.7972804709888611,0.6332375179092422,0.6023461573393823,0.18993065027593603,0.19118556773364292,0.9398347770541176,0.8995594498716692,0.5937931410915219,0.4545252091834511
0.5336896370974344,0.2957864559298846,0.9226662996589056,0.19679386106158092,0.8166943934350225,0.5480867694920386,0.06152378474848608,0.7746771173442232,0.826140225044906,0.22519910774243668
0.0782724960370792,0.1482415069440729,0.05434398441653021,0.34152988098474546,0.8797014222658742,0.9745282792036504,0.04866763794789142,0.6912077616837937,0.6129101003657647,0.014021473357643477
0.004040685743949335,0.4698996331496964,0.9278879857656692,0.5835194896864397,0.7936874650577683,0.6737084695671478,0.8585294510252779,0.4710199655160938,0.4711550350544068,0.4460516887659969
0.8308345326048616,0.6407521801938441,0.9789309367958446,0.7098564332708115,0.9918013915751427,0.49188583441506983,0.7411826506293946,0.12790364260192055,0.41914796988488445,0.037803652887518524
0.28661746392446685,0.11696749853322108,0.2129635174313772,0.9601552507508345,0.8609676388319314,0.8633426160484842,0.7475302772427791,0.1200803679059188,0.4493447385456536,0.3933619555202398
0.9163452323562148,0.6647138909545616,0.30464731671951395,0.5286000577896375,0.026234845964926867,0.8083256745629225,0.6103694907233851,0.5892929277565547,0.5851902893087153,0.05015363187619537
0.052006675261963675,0.2828952209718608,0.6224444495704544,0.12074550971299092,0.15361546015212224,0.7163767399440468,0.15616683074816962,0.3712278617548259,0.9371159590563954,0.699522243074625
0.935763804560945,0.2411406335446027,0.04551685065601574,0.7867907359440051,0.2835386928558906,0.6047099449551231,0.003300776540064332,0.008265814647333336,0.6477200121034458,0.24641391571637206
0.4459163244458748,0.15765189133417545,0.8989069504493596,0.18721288363572064,0.899345828368968,0.5826724208581198,0.2282191222993023,0.29336061958266835,0.30051575954129717,0.6054492383398855
0.60871442796963,0.4315775260702025,0.6476891210438295,0.9559049854181153,0.07368178076488507,0.062115934872995715,0.40255749664618234,0.7848601964018783,0.3109711224759609,0.6860627473984963
0.7967370097908564,0.3044769987995565,0.1786577817809828,0.9405575998431207,0.7429176080443235,0.5899872984869758,0.2582072279341183,0.47922604017396053,0.8738882351669485,0.70039609397038
0.42831074778066736,0.2796310542280903,0.045045628067413745,0.42167574233304395,0.07563343039428838,0.9321828179546846,0.8822164133883044,0.6209480588055942,0.8607387954029443,0.43668167292032833
0.2102382426788002,0.9500971605278166,0.4579572935213925,0.23788863300261598,0.1668448627841682,0.7603992942415595,0.1256931126540527,0.7629606755220034,0.9591056590417184,0.5494194001310602
0.137304717243802,0.49885468024194646,0.6735061560925312,0.46293248095652284,0.8851077614790377,0.6192963124401808,0.8238444375047488,0.5113254290651476,0.30952663914136547,0.3528581375672232
0.12869474965151373,0.23232332951038437,0.15720586976327455,0.6903866360426895,0.8327946956660202,0.4218917411586798,0.12700453867732253,0.9984425950104524,0.19417695335284757,0.2189924439755363
0.5432192439832296,0.5685090653274651,0.309138604347008,0.2779525686620463,0.10067531198414792,0.9200381612156393,0.5169746616707611,0.8453100731432363,0.35414312936489645,0.8083233859004434
0.3813522716401453,0.6103061398692199,0.8892600250462341,0.6277048309500269,0.012917612309525706,0.5388482335737159,0.4786907523639602,0.2638005568819719,0.7759171354076586,0.24461148183151626
0.4636306524094962,0.6068921294337714,0.37159601255743235,0.005083828411295177,0.42816801724537923,0.8524670473513022,0.5129209979547756,0.12974615052293925,0.04144589490164574,0.3223602553246354
0.17524541593378795,0.7356976596962967,0.7511092488976406,0.23548346033781098,0.6454185262247111,0.6970274412700858,0.8946081066263116,0.07855236429038204,0.9134338177829734,0.9446113407854355
0.39913249071999146,0.20742371169250795,0.004973798727578638,0.3143059487901312,0.8778474449991402,0.9474170886666324,0.01636663653779047,0.17708234228461184,0.8166556510908242,0.9996112267628777
0.8753720188293255,0.8675026951472032,0.873995611606364,0.14603088604014447,0.6226680516703418,0.7258065419960618,0.6037481509721295,0.7637773565423973,0.22688958253221658,0.5702110335338311
0.41732208113410885,0.548119527635793,0.8760981913258924,0.5506332361931539,0.1977886933555434,0.12817568329887252,0.41405027334337396,0.2485318549183967,0.38615039134522355,0.40575846544103567
0.8646609196076445,0.13764817593605705,0.3139806509603986,0.24371342506581695,0.4895302616641315,0.06525170874427655,0.15657948844663194,0.11329164067368136,0.5797492797055758,0.6213203435967357
0.681502355644992,0.9746886054804991,0.2767028148356656,0.13176437954667486,0.531064790065526,0.06504499264590624,0.0434033876219827,0.17396486557788948,0.7450019615327048,0.6308248943742796
0.606951546585451,0.1897248743641069,0.02378517316171702,0.1620723752248001,0.9157217040951838,0.15960423479533192,0.7418393640043848,0.3315435331203086,0.9990988770099463,0.5415835025829894
0.2762915794527466,0.17010025813001406,0.31170163622765323,0.7192166335121513,0.23092712099440438,0.20946278094956505,0.8009167040171273,0.3038421903854701,0.03089790575030027,0.04572676573832657
0.8871572364316342,0.4728035148187818,0.6224571212637836,0.7216005305592147,0.8854082263916645,0.6916808847508327,0.5012608267551374,0.6360721380806207,0.00040983115233528267,0.10924647430213186
0.8057963667412971,0.6997302759140966,0.01884675229517485,0.27947334781832667,0.5961569282691513,0.7911374992831238,0.6218836079914931,0.3234149290280782,0.7493719355582463,0.4318646720244661
0.3428910086128977,0.7102737528881949,0.938315548163051,0.1569498168806911,0.7025794852983465,0.22542336399729634,0.7564773967685086,0.2639478710772061,0.027744832413231224,0.8132837091172647
0.15379749662039643,0.997705023976151,0.2334789833100075,0.5902653842219803,0.9627474171498871,0.13149943096162997,0.7709757292295467,0.8745996094520294,0.10254699179050852,0.07109068107261285
0.10104314697968686,0.19369393960060088,0.508039230396972,0.20559316859172205,0.6836586524228526,0.34872831073477695,0.024338320245742007,0.24840899695728957,0.515871544254942,0.4542016410777995
0.195206579611372,0.5771103163086732,0.5520142320580707,0.4073267677989183,0.47581761570967396,0.8106029803186161,0.2785132388249987,0.2659235079058798,0.9295406578730754,0.8949908145188257
0.6492416570574238,0.7799999520501913,0.2365018662111702,0.6013573920287015,0.3481466335778851,0.8243465024110203,0.551367465270714,0.48455233444874923,0.7514908969601837,0.525753524625073
0.4544747253888153,0.7126994646747643,0.103527119124728,0.15111887681165492,0.5923740299634332,0.23419551984954912,0.2781851963230677,0.9029948648911174,0.4448464780445074,0.9380174978139061
0.6852487446929839,0.6675000769241495,0.2554017733758832,0.4221419854508991,0.015664421397755257,0.9861658889684974,0.21466438166642066,0.8726692437074939,0.30813607847972757,0.5157106307919268
0.41988071022915496,0.2695329134248735,0.8690335145739928,0.2099209562588512,0.010501096216065653,0.6957433797702814,0.035954673280634286,0.17097801829521886,0.914876913961938,0.30078826769161937
0.8578328365064805,0.5041001378678005,0.5048365386129058,0.379892411664954,0.152211779792772,0.05047664326744128,0.1473482384483692,0.5357020610994434,0.4228713924184405,0.6190375332318624
0.7878086398643651,0.9851930084664723,0.3355355915151065,0.8272325653257958,0.7377195706567735,0.32256881853845076,0.6717151451053395,0.12468201282322855,0.06805751681657846,0.803619941147861
0.9462755273319913,0.006663849913934872,0.7272359405352274,0.8261727142641947,0.3358076436246754,0.7815533476710469,0.26271989263938433,0.026421268894281758,0.6366404497123145,0.6986040688307844
0.3512047476630257,0.06765215567570282,0.8889333129783087,0.016930455706223424,0.7836400660290078,0.7313332038110129,0.5359408427550616,0.23607501394246266,0.4609601754837427,0.10622861238900327
0.2849998743525326,0.5723446203462033,0.15173287684376335,0.863393612689477,0.9035704165708706,0.6476269981787817,0.17171422792394408,0.05230309431354452,0.21718280527909095,0.8152849898070529
0.03200303410339078,0.8944905197389069,0.9719139367519846,0.24715460783192178,0.37283594015098687,0.11246485521434968,0.20773906274200082,0.44366096681711953,0.6898230282924261,0.2774569051699797
0.894010137285529,0.5540960565632813,0.7089155337831206,0.62740779756972,0.3141769716900217,0.6127399847713881,0.3281696072696222,0.8130710706311565,0.5914223721249325,0.26925401037229635
0.8243833340923024,0.44434940438608583,0.9249282898265312,0.93596004938436,0.07990455898693727,0.8199855549814332,0.4919183716737041,0.6792506109433268,0.8666558184710763,0.9923387567935228
0.6443925939174778,0.7071935041271441,0.6213802843080913,0.3298967428431401,0.11554151639225207,0.5982911104757356,0.39592123203604856,0.1479193327293069,0.4524059882554644,0.3538578556703724
0.6734639886249799,0.4324572791937715,0.6182247896826294,0.043448414250894185,0.6706395102493465,0.920539262317558,0.888780590131823,0.566832330191974,0.35005820250937913,0.4317783880054099
0.06913128235164412,0.7697313660120888,0.279785900715925,0.5596063277663661,0.10165996625106022,0.5086749931462589,0.8004521584535242,0.5803525885255567,0.762288827010598,0.5814875503046759
0.21253846287855083,0.23362528139458083,0.1334766534818348,0.3082313708719102,0.7352593081627213,0.9295064668543256,0.9286789308657083,0.7004147600668017,0.16726870619430545,0.693232689523833
0.41765819657793646,0.42192524574578927,0.8907584685671082,0.7906563164415925,0.9389967587330992,0.2795106011263132,0.2375090781972592,0.5321468519558401,0.5928619953499932,0.3792581801945264
0.10708472860703744,0.1786545296875347,0.5398569311472847,0.7134691744896997,0.538696774164904,0.6708558161951028,0.4418188488432697,0.732500337831118,0.965186490843186,0.2741613142612398
0.9891344941915808,0.24381192121521633,0.8412529452622255,0.13091625643859117,0.37917904905383437,0.6739936273275005,0.27572518370792165,0.31176525991279724,0.8890556957015838,0.27088654909652243
0.23725359637933985,0.8451762815231705,0.4671193287473071,0.2861680459080824,0.46960548548433745,0.22662539186450847,0.886542037272631,0.02957282585952392,0.7685895048034073,0.14408117834627088
0.7347207482943617,0.8845967389723636,0.05667554328202862,0.21866883748205146,0.7922972924387797,0.412770711354847,0.6076945128445268,0.4710665673946014,0.1586707935208066,0.23648036063651334
0.7455045443263953,0.4184536394695739,0.04188113464402132,0.8866372937897345,0.8071213525404041,0.8995261305874364,0.7754966594803054,0.36908182690947866,0.7364080901753088,0.03179735454898869
0.9800116173731205,0.6890286825624176,0.8360276033743094,0.19270874725440912,0.3532974524342698,0.21295072005251425,0.8109788632506221,0.8050906168145704,0.12028609080707764,0.48809930310916594
0.5415282317842663,0.00023139139774464024,0.4253395242974123,0.5420882435035146,0.47905440338206606,0.1655370489670528,0.09623182147301901,0.06836985381054128,0.7363688286333765,0.08983465376576383
0.14094385455453096,0.814155804991247,0.10144435392718665,0.6163814375915703,0.4943158268570548,0.008637867203710736,0.7001164199614364,0.5534960780345264,0.18208872311945368,0.9733380715086397
0.6808068265575159,0.09099955379837887,0.36009324517531427,0.5738235208212465,0.8387970739480268,0.6975165851555326,0.3813067787725125,0.48439508443025736,0.14093054474417654,0.65099318145395
0.3055950326048902,0.3146776562279229,0.922074060752158,0.4843511203758528,0.8598395801820026,0.5007297992729318,0.05897808889901479,0.3523134588846697,0.9524413307584675,0.436170218872291
0.07601690574952003,0.8820232623689602,0.6965452547512161,0.1216430551861335,0.48034190916645414,0.38656831853015805,0.8878080876613549,0.11583197381184984,0.17564485832566734,0.573023472899519
0.33311133206998456,0.28016893720743674,0.8564136635321856,0.45306753415574597,0.728338494612006,0.4842025297514564,0.8864570465557559,0.9311220967307953,0.7376096944575589,0.6313434559681009
0.9222408113221453,0.9685398381396305,0.14669395549468311,0.8351194220023401,0.40088093372061373,0.5497355789817937,0.6557407272532578,0.2789992449011929,0.13483108779850572,0.45014528698923595
0.3567964697256879,0.4918909684676078,0.9813436801810752,0.4812292843548093,0.7166954010965446,0.8105237116249592,0.4380506070544681,0.29587061093611333,0.315627389830888,0.6167813382062964
0.3786298309798566,0.6345952397855174,0.8657076628700152,0.6743921552193101,0.4063252378380189,0.23843665106590095,0.9617791914019259,0.10807707984156245,0.9606648350747423,0.7688934197582515
0.4803296629291114,0.6380972268830839,0.41451525970030567,0.37597154641024355,0.7704765841189168,0.7024832572473376,0.012108768035411721,0.442889041613281,0.0992515564282136,0.026116056171471613
0.6817948829349871,0.05761037199168895,0.15341849415486042,0.24226504445726982,0.863815450606565,0.8677669807163105,0.6292778752162463,0.8490052366684658,0.15545271544501604,0.8803968625144645
0.11810511556984193,0.8792442947952253,0.5838264399246142,0.6144538988109683,0.9386102522807876,0.35846675177088605,0.6765910517467041,0.7279868917314981,0.615827425753903,0.2114588553038207
0.2502177300000693,0.6749433813449298,0.445535076947848,0.7787091183879723,0.626399118789119,0.5108585305324168,0.5222287286961146,0.2922745517823486,0.18355702141959507,0.9444939179199517
0.5068767339933798,0.6837283828850785,0.853715642218543,0.9138893050237215,0.5476031442613443,0.07666082326459189,0.18819490656182136,0.34935012094791074,0.22218401577667335,0.4737772257229269
0.8198367643983168,0.2561391520634104,0.06243127411927529,0.11978899289110989,0.5845267315508892,0.19297182949303482,0.5877206486827418,0.36340564168348444,0.3634511736379129,0.9765177170743685
0.7081745663384156,0.09767876659075436,0.04425426294034385,0.7067624328119287,0.890997946723923,0.30105774662331086,0.19314815630097437,0.7665908788077134,0.48212784024180566,0.46159691449629936
0.906258157609689,0.579539211602052,0.5684577037739266,0.9091849788078298,0.7283198179082837,0.8801408071794053,0.2591424200727358,0.9365401797835284,0.03502418494755233,0.4780483315623567
0.7557078772459971,0.9787013792874946,0.3077095333856099,0.5679142793186377,0.052420888228064455,0.02157475182120827,0.27198455537473354,0.2960938925306247,0.013413692982224834,0.1774922581456363
0.49056033015864675,0.6729131559177531,0.42233275633648104,0.007175276054134261,0.30193095880533805,0.3950949173039844,0.9805708628930876,0.18429191952008195,0.9656260459200187,0.6923170527241433
0.14025368371346947,0.2011244277677232,0.7726493987744428,0.6580363659970205,0.15204192768840208,0.8485321600610374,0.26899695465153084,0.35212481483703484,0.6307677125483437,0.8495940825516977
0.30783701304085653,0.5838760698134813,0.4315398557163026,0.5934242728499365,0.4081833655347259,0.39428035353783486,0.6577177848635343,0.4681390319522999,0.8350070393326364,0.6927858712034989
0.6529848867628448,0.8479260765974704,0.5253055375767957,0.396511730248439,0.8008156101222316,0.6286846186502554,0.7048385493309083,0.36401479053069385,0.8552027526986337,0.21019673932463012
0.5431948542579305,0.30778005458509705,0.6592850069573619,0.06517755016530913,0.4545565367993024,0.40326875141448404,0.3132346836039749,0.5798960530700444,0.8946067230597295,0.22405310635370368
0.8995590438561313,0.8033146797369851,0.8414316146904397,0.016562591682629635,0.42830643189827744,0.5586223991154878,0.7975066546901077,0.704151754360029,0.6641244298566265,0.9237367600394046
0.5700515179780994,0.22528315663016396,0.13075932476411434,0.5611817360979267,0.8295336418490494,0.03585136691186719,0.07322749695916986,0.057325288565232,0.4094581532393803,0.30880585774099834
0.39692470437035554,0.1086667777635747,0.5038497815132945,0.3983905438639461,0.15894219207452487,0.6873363383403552,0.20237861993166895,0.6872242667915389,0.2439727952962829,0.2856270174156924
0.032692702348926406,0.7939799801441856,0.15345122056636862,0.4999558225741839,0.8430988543125901,0.16889936164957509,0.423432679616237,0.05122811837981578,0.8905639626263979,0.49009357179077295
0.4497412104233979,0.5166891941547087,0.43414484805553377,0.1620806298838825,0.20102926215369943,0.17192276229207282,0.6030265121848198,0.5602480337174859,0.5307019497821949,0.45956757337029586
0.6039313279462697,0.6667319631268275,0.026474051682613298,0.9812762088377089,0.17143386087085688,0.46265430325507695,0.3819880860535455,0.7980874849816474,0.3683417041144367,0.4848922505214519
0.49624000387836253,0.2525302485304133,0.1073156187141453,0.3723065652304661,0.28683368651544694,0.3854887324614452,0.6492043444679673,0.7903946418960227,0.8555676273570839,0.08108358891660017
0.10799066973366389,0.1948253843317077,0.36566727628205964,0.2511282300621348,0.030530748943003116,0.6265024489832272,0.980839294893215,0.012562625310674425,0.5452316639208877,0.22787703820587213
0.638781323512932,0.44566056446170954,0.5408402544750499,0.6993442738684015,0.7029923391061532,0.6440616789954224,0.001018328985182615,0.49354031092141937,0.22541105139846251,0.22612686789892422
0.6167695370068903,0.8369731092927459,0.6056830775477874,0.5945943959434896,0.18781727930813596,0.9291226096685015,0.09289775374494369,0.13198408161906916,0.5428851265285007,0.07073551798500377
0.35731726487134485,0.738024025073563,0.9924921875682073,0.13870999291495378,0.7212656213241112,0.18560808973246168,0.5865612734317147,0.023215769556278465,0.6021303258851631,0.2389142424076941
0.01400964221393497,0.3909043273763906,0.07794967683690335,0.9804288817189871,0.46780967242487437,0.596046165397066,0.7599645966113875,0.2729181141739474,0.8971782188159734,0.6828941752548638
0.5547151758530818,0.4102507149756247,0.180908930013856,0.5001114501758123,0.24553623133358726,0.36658004777748254,0.7388190888831321,0.2761700295297428,0.9285230607712922,0.42663964207200933
0.9121158728918042,0.47512147290520823,0.5705991596396188,0.2866201171862832,0.21844103889022748,0.2018287295075898,0.7742740807803932,0.1819119649864558,0.6617585538183195,0.8801803723698014
0.5004403521301567,0.8247129960461341,0.5956358120519001,0.8216749306068808,0.7389916862962594,0.9389627002907173,0.5569220565243049,0.45785412475753673,0.0774739184691019,0.668989290862982
0.7113268463268446,0.6704436221624996,0.47690779680610496,0.12554661093869368,0.2720632504597219,0.8101161001534655,0.001295705249227952,0.640775700189707,0.38024051099961564,0.6838524742923893
0.9785098424896116,0.7314613857468514,0.25143796673647567,0.23069910887846334,0.9987549106875488,0.3894776578666693,0.23876380440646738,0.7624626287666175,0.30806195680975357,0.7119697035663614
0.8065713937972074,0.8651493733928185,0.2254357565790086,0.7788867072096874,0.14695688120107586,0.3437573466877287,0.8414885056581415,0.44454657910892115,0.4625237065251988,0.9068512179478316
0.5375547315328612,0.6663283595853634,0.0650125602419167,0.8036539401429781,0.30607951092854946,0.6075291031134906,0.0805676142730335,0.3230703258885693,0.7725379356720458,0.9243906093498381
0.4097757374914386,0.24828497752706435,0.49697609034616075,0.30636376220873063,0.7704431321392916,0.39150480263142684,0.4013828316282154,0.5427054104068814,0.4006972778271848,0.2776755494466726
0.9174244642399683,0.1973645722593962,0.5168996803075584,0.1709414307487409,0.7705543584821096,0.35337863557514215,0.09390189860342779,0.5778898606124188,0.3501297980996141,0.47333663668034087
0.16143574369110236,0.6200591445174229,0.7140359887862141,0.37601989933304836,0.8754544878452962,0.6826407382283021,0.7461156058445417,0.9175331886759418,0.3688217655984237,0.4383604550196494
0.8181698626868489,0.35739643363854856,0.5910446869053996,0.9005068662282448,0.10493862954206656,0.5799763102829718,0.14464837149915555,0.8114805593251367,0.28127106811140334,0.39441092291307656
0.16058432294847436,0.3115092910063223,0.22979544463925217,0.9349122680932224,0.9686275814693485,0.41530348793183725,0.8204787818761445,0.3222415859560729,0.9479097010248573,0.07025096277228204
0.7810820280400216,0.6983711018715025,0.19835120325990585,0.7406517732193554,0.8435418933307989,0.5440262101639628,0.8908154538059917,0.2933560082735581,0.17761729312812446,0.2891471219782803
0.3268523497521866,0.2856282595305025,0.42463152964302353,0.3841241495745574,0.3360995368226195,0.36964887474048747,0.7508761415813555,0.0740942144002058,0.4805042066652866,0.820508599214754
0.3247840405089294,0.5513834904720913,0.4990869134855709,0.11882992194918118,0.592542318254483,0.5519944080057213,0.5479558184944987,0.7086495261754325,0.2807750440934311,0.4797100653435781
0.6745649462708326,0.23663636528609822,0.5500179778710255,0.6871691965816692,0.9453981670217649,0.26494708498396924,0.6491326051239015,0.9797944998187267,0.9436379221929052,0.24564984855890193
0.1008757706408221,0.16444322473786666,0.12381186803228672,0.8189907081031067,0.7581468633479574,0.22762999238753656,0.9182159341308839,0.17790071974900956,0.7353701407584964,0.7214144565527933
0.8451124110372721,0.6533591284851422,0.876094095321515,0.21498874304509163,0.5933493110264845,0.3491706960818677,0.1628137360334504,0.9628663655568247,0.6178776072097395,0.08933194949741652
0.6512205385771273,0.9902224127311148,0.2352254405743578,0.6469022778568262,0.343174387434367,0.9377185194338866,0.9531750499208821,0.530555747949228,0.4089279969140521,0.6450693651643145
0.9823653875696212,0.3807352797680228,0.49401328628137653,0.6915459324760328,0.6931174275058749,0.20313956644893294,0.9171729019461947,0.45395634439798116,0.5347652680912461,0.050144075301536195
0.16209750966992575,0.342997292598921,0.49350674076635304,0.08170270592552376,0.9774400269850994,0.07043038603083696,0.23578514760515612,0.753477183017512,0.5518024216298013,0.3337150428500725
0.2501449524320598,0.004982456725380002,0.9242139529238846,0.0891141174440313,0.3968875151113429,0.9526987589774172,0.6214867013266661,0.2574875762077453,0.43730719073724655,0.4076443293183364
0.7269867270697955,0.06816003725728137,0.7578795867033147,0.8029812488140534,0.02952126619657125,0.327737934352785,0.012436389971029027,0.4529887351194266,0.5339214544777877,0.04915394638871384
0.27908163438307587,0.5776318964001086,0.15259515979017724,0.020568767224318885,0.6784647245681918,0.43665915182377313,0.05694721415480475,0.7775719226833575,0.8102901760677573,0.3076035103365714
0.942469671792487,0.49645078511709817,0.9788940573003798,0.22054281838223266,0.5529698785857978,0.49739847009364757,0.7942889196553605,0.01804899213003497,0.595789554518001,0.4149053380513643
0.6500027113980434,0.6189274706411613,0.19038826019146649,0.8580078549776131,0.3287519007231895,0.7472652202321772,0.8736950561350625,0.8700051065100397,0.07789655446740507,0.7575661278495088
0.5761594968069543,0.4907851679083708,0.6603704799733953,0.011304860150700424,0.05145431227642827,0.9734244213546563,0.3898321160711715,0.3753589211118912,0.7593497667341327,0.2572749588905887
0.9508851231941298,0.17921715750614697,0.688435565848196,0.7523231131376423,0.1937806176086141,0.009349162871757022,0.8252557815985683,0.4840041526474923,0.11426390639684503,0.41503572051479476
0.26677550435218045,0.4521714187274214,0.9529274628673856,0.9680817075054293,0.6474584886058765,0.3283611302802404,0.9094680289295257,0.8586176455440606,0.035677334713751785,0.409179166916374
0.4822782296800039,0.23452396136280274,0.2988772935058366,0.5680399877595822,0.9615069255436529,0.07807611544910242,0.8449918428646834,0.2864081960486423,0.7757528983620683,0.2173375810581213
0.16805885699489298,0.4070954314398578,0.5468118495752603,0.6053847290678551,0.5646394662582221,0.424797703106375,0.9181217536531725,0.7436160332411499,0.9292850350159586,0.8567553152734115
0.5343319233344077,0.17562471443590744,0.6748017254198181,0.9694094656282162,0.758474105262243,0.868144829217219,0.5721703469558229,0.135910065016429,0.2637057483662204,0.8092929411247616
0.492141241676024,0.2228734721234804,0.3898230206630261,0.35643510935174216,0.0724681650991803,0.11429480398682956,0.8815824423516696,0.3541322862137448,0.5363524586164834,0.8625734028157358
0.15581909628171875,0.22180118762205814,0.5345152750017956,0.08752210885691125,0.13672638338871224,0.2368554395172252,0.8610441059971036,0.5195954014820042,0.46820888896309987,0.09432872694627858
0.7016628610725947,0.07934797774107305,0.053327623220021936,0.6840269680850398,0.7732435568291166,0.19742597821660746,0.10058121801665476,0.19577546443095506,0.21769319112488883,0.04157148983784531
0.3318332119362676,0.8952825818951249,0.9791928355763115,0.016373051856614973,0.5600460642138164,0.4109133572771383,0.14423919025976184,0.6058735138290225,0.4656556859471057,0.021263066860769397
0.6980096006049541,0.8335764206119195,0.2098431744533199,0.05360209055726506,0.7826163639737483,0.7518643550428113,0.6144468936810217,0.9762819499808605,0.6846830640916672,0.7892775327813708
0.5164288941078649,0.1222192733113272,0.3233125472821742,0.28523708888141586,0.3890477348875474,0.2133461215029634,0.04764045079448598,0.5218672568034995,0.2541061318314938,0.3289196744651368
0.14775536018316893,0.5284029525508536,0.28995117794342196,0.4639750917814789,0.5651157353720813,0.500598743486594,0.5002230481234344,0.11334134916722838,0.5397584680514929,0.8996531312680704
0.37408536902320577,0.2696527363198924,0.6905835096162317,0.13831800097973657,0.8607638905684581,0.9175057471324622,0.48721725291403983,0.9237740538808094,0.8344714203738259,0.842625446696002
0.19282419645226134,0.1215711630207672,0.19057478524184512,0.7448166208497367,0.12299140003734954,0.08099872394215413,0.9443354301885811,0.7348956863928411,0.23098952200150302,0.8143947794373855
0.959093675776122,0.6212923383207497,0.06771048273094071,0.3479493504670853,0.09336011057250326,0.7239938912947427,0.9912982860000571,0.7014797566480986,0.1828901031197956,0.31018660162863854
0.18286194896562846,0.8670804880457916,0.6115878471666406,0.12686452751926658,0.00617004647712216,0.5639429759479547,0.7563803050146027,0.6587188491257441,0.04325552282158007,0.5180621958137709
0.5434398955952162,0.6005905890604206,0.28881075094594344,0.4441472563785055,0.40688985670144395,0.2778368441396022,0.6976951419892274,0.581261824395583,0.6943143893839406,0.49434370076419465
0.6766122294532413,0.3451663545902568,0.20137625186892616,0.41540519663914166,0.29893112076495587,0.04457845001183636,0.6828614879556641,0.3508093554302766,0.9482094632328656,0.2738619107342868
0.2961496324333457,0.9255400412447329,0.9657214212120422,0.038666350449796494,0.2758769930518652,0.603717810926774,0.47773253744246946,0.8752063146593779,0.14544497578593707,0.36634381598460675
0.28993208812299,0.15905512781311548,0.6000151459216445,0.9061128427945659,0.04291831475078611,0.4039988264122091,0.4605437666994471,0.2783035662597385,0.3490952303288819,0.964690115454116
0.7590216048012628,0.5951561400297508,0.7576089918734481,0.01763645458520746,0.04741262299898896,0.7196789615840601,0.16662338541236066,0.7161233515894598,0.2943344088093649,0.028711861088951962
0.9308657737675968,0.11788180363386602,0.3470131401957597,0.3090499831601846,0.5787411666708956,0.21595394478994634,0.13967516918218825,0.7028330467850258,0.06134773731768983,0.9050815165446366
0.7090483603696077,0.27765221161494047,0.4719326792087467,0.3847956833696201,0.991743083485412,0.6026687749943508,0.08150530336040929,0.4972588440579482,0.6759852492276819,0.5374633821785614
0.25864081861651766,0.9262384455774125,0.6009473045597296,0.25042985762823,0.5454218743181057,0.1712619023411054,0.6523842061357819,0.006745605098388063,0.23940709642380198,0.3555208751739203
0.30402214711641584,0.4603465387236847,0.5694667340040203,0.4494260899756045,0.37440396920349994,0.6943913239977525,0.5965212878713056,0.14195102197222143,0.3207141816914876,0.05626246803934787
0.5871674572211804,0.7557413900440931,0.9544868875199172,0.7655914768617074,0.05448687302896027,0.7005329040028317,0.355786960240709,0.09430908191596055,0.21825541285652839,0.48673857549354793
0.8554799338008066,0.01622716617020714,0.7712851607065373,0.8048515362972227,0.6142749305051841,0.8989651891270931,0.013451248873634802,0.061793891326059947,0.6606629990092129,0.017700741765812156
0.0027783285632885235,0.5373630028082605,0.8422764246803182,0.7730145257671841,0.5380753953402588,0.4733102359876217,0.08209354592229079,0.12260610438923059,0.1991594723083714,0.09977256391834599
0.5313304001016189,0.8100751101598761,0.722283663540438,0.373827478524661,0.10214645428495739,0.5539834692392079,0.12144266102398704,0.36125899179835363,0.6732662352924761,0.6628816685423531
0.8888691002777903,0.5148121686333103,0.7583291129255565,0.4356551356990367,0.4195162268592457,0.17838644329162012,0.5648204732018925,0.019447683326521248,0.89150813833406,0.9602784578570891
0.7632337854680427,0.5734622011831113,0.5978978865462249,0.514935490957672,0.750800852057268,0.37350839722853735,0.5787762562930535,0.4206816237462526,0.716027331363817,0.8823520842701642
0.09676549206134544,0.4104566124861002,0.41532899222498687,0.9421333877710286,0.003717816297238108,0.23999969035762192,0.4569746786521254,0.7676951390702084,0.26297782207474396,0.3634440853472306
0.4791060347324493,0.33775463040368015,0.8808253293650756,0.2906893806396601,0.9694569902672316,0.43941859405017647,0.8621591321550233,0.09216124031944284,0.7409509709816858,0.5060303685409672
0.6672589878765811,0.3900120843115453,0.5371409434492118,0.3302414348284902,0.8769412132594269,0.215769391201719,0.06709826995819723,0.7060399542163891,0.7453703903216106,0.46285285701640866
0.3323659712582345,0.24507105916360028,0.7266495462293397,0.9283025485965268,0.2698625058946472,0.698844960500359,0.23218991463582073,0.2017068739918797,0.2632431322353974,0.4065157945424741
0.9867125358961518,0.5068023730426662,0.5458065678363209,0.9923964916183459,0.921131478552327,0.743675476866527,0.6535560769314417,0.19142927283725208,0.7359925761512015,0.9228449670546957
0.7715427481727474,0.13995047671163496,0.8168194952372727,0.1284299958294871,0.15394303080199534,0.38889913333622683,0.08270877333685789,0.22031066039697278,0.029451500665632846,0.6416562391056114
0.21367906040069984,0.9068775564927185,0.02710946708899664,0.2874858144220328,0.7060367793672305,0.20984070931918974,0.6417360135713834,0.596710574508868,0.4680608347928642,0.8280161660712113
0.5117317954701133,0.4647770055223496,0.8739742001050631,0.6598691308220648,0.9443990047950243,0.8674036640219127,0.3212888564459362,0.02047837234671923,0.314352032720565,0.892304038887351
0.7410110883625618,0.959360227682299,0.2680595219360117,0.8803037969268234,0.9072739497174291,0.8725805956921274,0.18288694694025398,0.01696840210247086,0.5615065007696625,0.13881227911265148
0.2332388496540181,0.6897303532344742,0.5081231792962421,0.3802601874540227,0.4400177166498277,0.33646314962360135,0.7686764308203025,0.15274931840876604,0.668300234788764,0.1816735123078147
0.5890781981043814,0.802055086690125,0.3773724244195348,0.9735141764996386,0.17000436670392205,0.25518838377102837,0.7376109768049603,0.6451402447024998,0.5367652853729672,0.8827519894844547
0.719017188084363,0.44993003881534654,0.8653243850390862,0.8458437934268882,0.5801065414063247,0.5397885688706888,0.8479185905534429,0.959680666041755,0.2913815299759379,0.07659531856637258
0.924619808687741,0.09388983562993014,0.7798120870657514,0.7814418471313082,0.5664799622966817,0.6650242749026744,0.8942429521853246,0.5828380702291457,0.8049830942612942,0.9194334928325646
0.9770846364958928,0.433106441067149,0.8547432860706575,0.4854934638389937,0.37890666373052184,0.10904679462665556,0.7254031258522454,0.8198531882217776,0.13795054306721877,0.32731920960417127
0.04954079107362641,0.2135035551653358,0.05841998497083645,0.20437203439156948,0.021406829777850578,0.35542893372993445,0.6636151651021533,0.3010496917436477,0.5292783727266869,0.9222772050592222
0.4739530136148288,0.5600811040194191,0.04049272194730236,0.8683145619522417,0.29191663181812955,0.5531342936885169,0.6310001716820726,0.3068147329543386,0.696080589936348,0.6914820575493463
0.7435559141336991,0.7671465396802007,0.4292797539750255,0.9213491704621974,0.7316436231885031,0.1358343673070167,0.8525965115612839,0.36468750934059346,0.8387469451361327,0.7101907511009261
0.8447527402550706,0.5876838317408613,0.5985136157955901,0.9560959750670839,0.6067437145134316,0.9322104280591413,0.5315991593023939,0.26052790507776524,0.7453717036634602,0.09398104870930957
0.07265565736389257,0.7619281495308736,0.6475146406065291,0.914793359067808,0.8042615965958532,0.9592302823359057,0.770854957113476,0.21355632961276938,0.4011741429379386,0.7301196682844362
0.6728764656280479,0.2784651239994219,0.8859225363446288,0.7465622432318829,0.7649221552970233,0.3048631708475086,0.19189862621135612,0.44692874929189585,0.28488913246298897,0.4069065879526055
0.9918216757352367,0.989242718029822,0.8494778242767064,0.5146024891686571,0.17239383623667315,0.1689820611127132,0.3109185228573188,0.7435435120058417,0.5703089414209196,0.49656835165873114
0.24891519254889038,0.07021808165385912,0.7937635997675832,0.8537813585105566,0.17171328503296202,0.48867151147839594,0.06339217895464555,0.5454625612768811,0.7629597442705942,0.752002457317914
0.02621148775932247,0.8906143342232983,0.3974651236785678,0.3944875593053201,0.8757181352330504,0.4904841818294353,0.003694942330466744,0.3510453734450413,0.3899395812367106,0.5414100028098645
0.17730542459108622,0.9088877447379905,0.37113971091704767,0.8666700298099062,0.49404916303253876,0.003395491095979253,0.08126268745365439,0.3239653688408557,0.8264499335512693,0.6260093983423147
0.4802417415952087,0.17437898072457703,0.4304019173424035,0.42464391397473744,0.15156852337200521,0.41335296603514415,0.8508565409883483,0.8100028195176092,0.9909031470732151,0.5239487711973725
0.6143417816242968,0.6024353223868212,0.9226474208798899,0.5414233434830565,0.5596934480219159,0.06709444295421796,0.6148021288248846,0.15489535518671016,0.787700635612878,0.8153718973246098
0.8926763912726784,0.8329807019643697,0.9583902291030619,0.7701164111944165,0.44718834793742634,0.2877920312414566,0.4902396855492006,0.47538988155835227,0.12058378103015344,0.23599838341571777
0.46261043190713425,0.8595479642581894,0.1077345318658135,0.9953978296388313,0.018469268789422566,0.16840499446230284,0.6397374131153495,0.8188959970654638,0.5253455065463348,0.3810922581770887
0.5315853587384044,0.061063707149009216,0.8010639335739957,0.9326366748094919,0.12002342034642066,0.24899646144985,0.2837666629285055,0.37396024591272004,0.2949972448059216,0.30259114376302154
0.3458965949677315,0.9801286905668861,0.014212773592274242,0.4090400010055528,0.6751363143008327,0.3007783361914975,0.04500350683025112,0.5449034942492239,0.9812047881667055,0.7750233553021294
0.6116195174731605,0.6723520407298219,0.6232053385567067,0.6868572740116929,0.6414686166462794,0.09837371309119736,0.16197304228379805,0.46794255335363655,0.5834415455293592,0.05448994348422609
0.24123946010114228,0.6548462737183416,0.3011811317281714,0.48709507605080316,0.15768429252850702,0.7815494399164413,0.47429118947999216,0.4215772586493066,0.06886144059666088,0.7760465477926632
0.2123181217865776,0.02459401408331474,0.5804681967860863,0.47685679456382846,0.33864899677282534,0.6275690570152852,0.45221490640908846,0.6379225093169252,0.018965591753480893,0.7551860841215531
0.7446384521104145,0.6662903625231131,0.8099514573328028,0.5744829523082854,0.5104538812322171,0.016785037805387426,0.4818768084195575,0.2114562431059318,0.6748850199817011,0.20072263428715986
0.11622956574429211,0.05761190921169079,0.003523576124331518,0.8397409124330812,0.6688940663932378,0.13229558528039276,0.5918356807831224,0.3581466100760542,0.082392995729476,0.14956243077645492
0.06528947151784581,0.57069936921257,0.16385801516415588,0.7747714090837728,0.8474477018236355,0.08225985998016061,0.20466853579008026,0.7024420147142331,0.06597717640592016,0.9870396816240735
0.1467675617260138,0.38716644126999045,0.2512238905568176,0.8887446532201896,0.7832067002047942,0.4649544461248142,0.8560416149446933,0.8977650655252303,0.30839851470715307,0.19320066261048285
0.9189021757503886,0.5760145710432684,0.6275539200064316,0.3116251501577405,0.24999140885948778,0.03294290815037659,0.23818266811846334,0.32490721659314303,0.9470321953545582,0.9347190890330853
0.3509518908890691,0.01440265898648374,0.7860882602191938,0.6736035817820291,0.7322437977095413,0.3869974140503002,0.14250117931523765,0.5313116657866067,0.5608971046790167,0.5685534003735628
0.445536763314079,0.6045903925147706,0.8487190797855546,0.6185326255190512,0.8131591571813235,0.1133623818341768,0.7795189446170964,0.7377360230816588,0.40132457589745485,0.3851104174655108
0.2501282543091501,0.6511159066940024,0.7192043436948479,0.7066555944782734,0.49513054420893654,0.5470463036451653,0.602945546354721,0.020750899746310725,0.9136502093163678,0.927147128257029
0.7778745019943532,0.47495235253196866,0.4122033046582132,0.4732693688740994,0.7491514218433465,0.9891024911400389,0.6399144418439084,0.46016947657818164,0.14635861570891817,0.1772249132297422
0.8364155024672937,0.707547700495026,0.9935015957418806,0.26028768449293704,0.863970265486594,0.9872315205280808,0.7268753234150107,0.26039667979102177,0.6085681732232328,0.7450796325397656
0.20634195150605172,0.09586320187746977,0.8442972388638236,0.8777622417328348,0.1014097276340119,0.496961323560715,0.6721462532148429,0.29620872481304206,0.8512989393674616,0.9843677233858908
0.5315515523338638,0.6298699939316962,0.21690991348367694,0.7592380306164096,0.4919829412781471,0.6394479600877099,0.7587085163581747,0.824418710062971,0.2940012123711817,0.4735622722363674
0.18703255777647665,0.9596715392444576,0.8956279991937427,0.6331326454913765,0.5515330785622333,0.2489241840229376,0.6816695379556756,0.11340528247394832,0.8185857544775723,0.6489870149067136
0.14017311508540153,0.01248193815877019,0.12698189678959604,0.059634554991619515,0.6625406890727804,0.11431381032210342,0.3938086108634379,0.3537184641920418,0.2092065068632898,0.8934196275887571
0.39649809925967616,0.6988393733795872,0.5481226500536126,0.770682222620191,0.637752823693203,0.6932463480057975,0.8014350833521541,0.0036863814381639104,0.09374566432570508,0.8925551111354391
0.058207568872083226,0.5190576420544493,0.7795910493926682,0.6002344384748076,0.37629934710175084,0.17912350557684653,0.4017058171791035,0.8750296956369308,0.668192882789468,0.8288652030324918
0.32124093269252607,0.33784689942985335,0.4158269963208451,0.117668497203672,0.011745145953144243,0.18064626278086315,0.5063085320498749,0.06337050830134028,0.13818542660766975,0.16546539502985047
0.862593042518633,0.5347061638776702,0.7229139854658817,0.48538761186489876,0.702867319918283,0.6165918406221744,0.9651091402288863,0.8217556985645442,0.8668742368964668,0.19694081399140195
0.3123605048495185,0.1291727454177516,0.6197996030711993,0.2021179516706828,0.822506171117191,0.8555477651179668,0.6206157995892115,0.20732197752801185,0.6477335140100424,0.7596057634534179
0.8672379296451347,0.4373824765543468,0.38113805004230406,0.10070279453519793,0.18683359821607248,0.44057985377686004,0.438162046617917,0.6003499273524976,0.5127192029150288,0.19665364837245447
0.15650901075461798,0.47221658341859984,0.9609279020505719,0.5139227850594321,0.827144561729241,0.4983697949287218,0.616431769977699,0.6780851930250338,0.8214316935250042,0.04253195216333183
0.694249551556096,0.6946533429501931,0.7482496802715479,0.6117909714679697,0.1974366392401018,0.9019459055860041,0.4643642098594931,0.16971654748785325,0.11806459813352732,0.11358990338111163
0.42794992528242615,0.823324616764224,0.5677175566128234,0.1670522833835607,0.6815292542029795,0.2536676144415535,0.2728830981719427,0.6123919353556646,0.5131663134130184,0.10477901080482055
0.012017711871899817,0.8201271932473121,0.6777081379680229,0.3544206306172376,0.47635793321932196,0.9240304894574759,0.37759632581273095,0.8702776914852141,0.35088866107215977,0.1449143698456412
0.34110438928424003,0.025129403834457054,0.03504504704037448,0.06959559021793582,0.302615868823748,0.387752830135802,0.5562590071232612,0.13080709977968785,0.967432706340599,0.7886306998593802
0.20697375553112296,0.7322667964267839,0.17910919076325993,0.9854259766036347,0.4335148467294758,0.7725193910843396,0.7794941604655045,0.6118443429064784,0.9749730075229138,0.18355246799931701
0.6746662995799608,0.9347658862827677,0.6490379594767784,0.8203711878428931,0.7733376070125301,0.7117336656495147,0.359184300796376,0.3501781493557041,0.2297952655596932,0.3551014676132843
0.29182029187201364,0.8947799518264851,0.5397154954940878,0.9550614505605091,0.43827697879253336,0.7102904484564033,0.24581490152505714,0.9797501259470017,0.006890579924222928,0.6042020851666899
0.18782943688299514,0.5744221976867692,0.13350360167233855,0.5144116489724352,0.9067152758667252,0.21823985512486166,0.326913117166698,0.9421892400571303,0.15889090986343835,0.40661331142095536
0.07479433791840018,0.8375417878481839,0.4859806811252392,0.6480452144992794,0.5932727970155768,0.6013099259314449,0.4774638170850286,0.6796271209322627,0.7554373229463984,0.8581314500403783
0.968253329289812,0.6907499412329752,0.11124781136203821,0.636623354158099,0.2676997936834725,0.6649863418806183,0.1911556080597696,0.43565327925259867,0.7210991391596347,0.2738810850837258
0.3754160226239591,0.7062934775713461,0.312844883756352,0.14116689311494246,0.577628798552284,0.8844896984363,0.32237713904610454,0.11984383705934742,0.9894439474094375,0.9227429944138377
0.40701619686721524,0.5583904314432873,0.3870282274241079,0.8582795914302734,0.6639940307350237,0.9764556539261131,0.8981491533603143,0.7248688974312648,0.08702076163352013,0.8747948612029262
0.4336048633717915,0.5827258851038315,0.17358138146316104,0.34614996303532286,0.5773035707081776,0.5373405832073976,0.7616245517364919,0.37910338588364356,0.35252657599948933,0.19051862973489786
0.05584367405381829,0.195271006713445,0.9044267781241552,0.9448609633556543,0.11209592156907988,0.8646859507492688,0.782274603894276,0.1388741583194666,0.1738415786038774,0.6783697404739895
0.1593225311661367,0.8000413864403657,0.07146987622488965,0.23396978110706068,0.0189205839471569,0.09533825782076877,0.8514456706248448,0.9665909152009627,0.007139922288915135,0.22383027417408474
0.9257230963704374,0.14332703583836903,0.8468831360245846,0.6979133489189939,0.7007881344886451,0.2326534961188912,0.29155768776185154,0.8546681396379988,0.6190314544175932,0.11143094730837189
0.7420244975371884,0.15917901289435565,0.2637892395384829,0.4872673207023872,0.8278621669251272,0.89227362711179,0.4123468254017624,0.2829330568024503,0.9271657015340938,0.4870367470118546
0.6699500484416124,0.1490022180492112,0.6406789252560798,0.28216194826522045,0.07473377523890667,0.608420971310781,0.06066633441536118,0.5404266170525116,0.038760154244060985,0.31597138811189585
0.7458727664003577,0.2256384758592882,0.19840717570663458,0.3024496491893609,0.40202210732775123,0.30014192684651875,0.46566996937923355,0.1339420848232561,0.04065577104523732,0.3204835403377655
0.5622118340903903,0.23640735173671812,0.5611541380658027,0.6849778975644059,0.5231337407848837,0.36730589776415,0.9214669224398645,0.8092522548578661,0.5061467526522727,0.5706193221317506
0.20406406612123484,0.7447754030041555,0.08460449796678093,0.8717580854756473,0.5174154231966461,0.8001238317333831,0.7304563216152034,0.897122903660161,0.39150479104838654,0.2566320267645943
0.40534875947594984,0.47744928127240516,0.9314387315469792,0.8030390655597354,0.018649986156077825,0.49930886498945415,0.06281487296735322,0.4534464860512638,0.910425979523891,0.9337311381378446
0.858232513346315,0.31060895048568316,0.3868143474288106,0.133469028707072,0.06688278718766083,0.8092690136483726,0.4426540248460029,0.22082918609739655,0.5501715188051461,0.32577705365811394
0.899569569578743,0.8645586633622765,0.4997185755075674,0.730236427835357,0.8706641657140126,0.2480574146010216,0.42913746217289084,0.32145044193025674,0.032660957453561124,0.7702368434335778
0.7772338342051487,0.4803051858691141,0.9686747027573902,0.23620807080985073,0.18950337544649354,0.25935030857010055,0.6342208287037288,0.488662923491316,0.6475296185058789,0.5303645066783216
0.09499329077493979,0.1385905438269156,0.5205509558219165,0.08139262162057315,0.10228914691418989,0.7350614934906757,0.8931846814993802,0.1698059462885415,0.6866170744697766,0.8416729706484082
0.19425126835232787,0.07122150837075591,0.7572939187860892,0.5670405524003379,0.13860868319935404,0.0006729888566102682,0.6249323111016243,0.3089782262226648,0.03873891005818375,0.541271495238223
0.8475145671333751,0.05621873731580762,0.11478797002386976,0.18981859144905833,0.21613336073573497,0.1993184200338015,0.327652623375694,0.5913168608127563,0.5357929029583461,0.3408631201022937
0.4018908705931571,0.8732649432069313,0.5005741894782417,0.023741526102134758,0.9014705811226814,0.06638802789160891,0.2476029394165652,0.01879975734573247,0.7181354977916691,0.1775512747137319
0.3644631015427504,0.6478032303115575,0.01600304403834385,0.8241710942853813,0.41561886335801035,0.9115257478890542,0.7880848303138105,0.43507366695873073,0.4961919529101698,0.7546585146591255
0.14724771987581886,0.12285620809246722,0.6523200519748589,0.4592213635669742,0.8492804952520343,0.5224526711820225,0.7880755485434182,0.7290498271388527,0.7171068861091789,0.21463061510258374
0.44964178839468716,0.9677558871453676,0.9015883930160682,0.2808751920808146,0.9138848670637769,0.1957464232139806,0.807404390196198,0.1700896985530861,0.5909501636383167,0.6046675540359893
0.684138290540074,0.12579536522514434,0.024196681370268758,0.5328404119734231,0.22722132517529436,0.4750701605923031,0.1443490055246831,0.8915200601996482,0.4871795875292455,0.09967795390859358
0.31034633770599285,0.02309321659366781,0.47715510461769095,0.37820753545175667,0.6474712400540539,0.7393658624128867,0.6749354630226514,0.2576374515642217,0.7264807213511613,0.2838437041755919
0.2132218193078147,0.37918232701661014,0.3782618181053127,0.5821510624741005,0.2818530651358483,0.8795753319138016,0.44478050518341994,0.1629489084623178,0.7809222264215476,0.013344433052562055
0.04818447684230409,0.03641731479117705,0.6429852049360022,0.7834139931436543,0.42752103560219556,0.18149688860598034,0.9791597631403024,0.27633238440753116,0.12708359044818562,0.8515091979906679
0.06907268719080828,0.6580632755565445,0.7430197636412603,0.5071026599451349,0.45869129884456983,0.4306874638493048,0.4365458252313924,0.656743094582577,0.9060157433398128,0.5006625793137698
0.09092184866661546,0.613580673563756,0.14695089458822774,0.15082215756334372,0.21503947555744274,0.6225501907857466,0.8311390315884455,0.6230567785810537,0.5485448331019239,0.4338531424832931
0.22796033390260229,0.6847204662759094,0.622202083466334,0.4178380443944819,0.7006970935869403,0.9138587302793234,0.1707579260201163,0.7918952703913962,0.6012121608686432,0.1023359144816387
0.4637295155683946,0.22753939938360102,0.7873728545101653,0.8873995350965732,0.46968332918648037,0.6045228868252802,0.9871623266811768,0.32535874294723166,0.8583709231992559,0.7808512120438102
0.4562018264568888,0.2483139159970812,0.1632055108179341,0.20130234929890223,0.31017827659778585,0.8457645239098183,0.923709344185994,0.8679755942014857,0.15932760818566138,0.11089042500335833
0.38720882243612176,0.8425287855886006,0.32749217865358515,0.20481619899268155,0.6228396705830792,0.44603820223021917,0.7232270386179858,0.4213549031642704,0.5646766047112641,0.5592464710510315
0.8980907735604678,0.08711558524321494,0.4659359243004587,0.5326446489949735,0.36560301794907346,0.664924805452055,0.03596109415711879,0.4872666995553343,0.2121586926400344,0.26911183886353984
0.07732847545690236,0.7141367067478612,0.5533549546306799,0.39642074204257693,0.6015939100794903,0.3583625369961161,0.9994066184903524,0.3869290709334732,0.2682219452177079,0.02121049860304214
0.10458028699236,0.3684559258404747,0.7636158301741439,0.11739521793112262,0.8404969962095893,0.6948292505545413,0.5839779440759815,0.563376652931778,0.15289222844712813,0.6669895162355383
0.8404356376703264,0.8352449147245496,0.0954400628596298,0.24632998770922154,0.073212684002537,0.08608991920949571,0.4355365568065267,0.8027261889578782,0.9865701806561038,0.4436204733000315
0.8991451784678276,0.11190411325241267,0.9616164137545439,0.677876066124642,0.7435377050360901,0.05191795731062787,0.7657470395787245,0.9272209906628405,0.8490338302271226,0.3436439991643291
0.9522716910196957,0.26314393365445676,0.821410355610312,0.17452445020901797,0.949723351457869,0.621070603296179,0.6589421553075825,0.5011349393390517,0.6985202495888736,0.3754671989269124
0.9522326766269669,0.3560184507957398,0.7199379280889124,0.9434035326776798,0.5160207673529529,0.3913998516286826,0.5965001136304212,0.2765452374009567,0.7129902468775183,0.2611825111477337
0.7580712431769865,0.33872593319519806,0.6991211627402353,0.14254231210869373,0.08452394326481638,0.8264188878732279,0.5933321930702878,0.20593097474956945,0.13115147727669074,0.6118544150652823
0.23329565143163888,0.3451987124196011,0.39910458204015276,0.1728071551051451,0.5535434045444457,0.7224033014131194,0.060148503638978834,0.8056523579966979,0.49261505229245584,0.46952450973088045
0.6130849958310692,0.8174290318842645,0.6231603367493801,0.44840885844262424,0.36364398063258163,0.6192782399461841,0.5153543279870592,0.7677777446023828,0.636351324795812,0.7132381249786294
0.1724528902981629,0.4412754852611048,0.5671527916131804,0.9884504935529059,0.4353706096230795,0.2444835438600962,0.80475264238091,0.17472499435329403,0.48951360756479567,0.32665110330472946
0.4315807251242443,0.6357968148621601,0.8021857299289291,0.5596507574318119,0.04602337884684771,0.2805660657001823,0.677567762626083,0.8925408636881003,0.12827875461545324,0.4054390171581279
0.08411101421519351,0.32695311855210407,0.4225690434257765,0.8863934235396297,0.6056487657178621,0.904150116208787,0.4541046027526129,0.9267581753856796,0.5216492165774999,0.15567937871138238
0.16243196839430174,0.5236676669892513,0.8568069023989632,0.3576654086058262,0.6865587545206058,0.7053479687276745,0.20796172337084584,0.35401547465007766,0.9740301882119622,0.8076208146478819
0.4447952552913942,0.8126135261389119,0.9500459797855121,0.5256360124415885,0.1672919237516992,0.14144508309260007,0.399916177657175,0.6984845615188333,0.10221659379838088,0.16128520462109863
0.8966643758856326,0.05905490934742552,0.39368806398248557,0.6818369309443291,0.008032883620002318,0.7451432928679288,0.6867097033167541,0.8653221374519962,0.1989861483834222,0.7347967136101107
0.1912278412471028,0.021541086779271357,0.7745837532812142,0.832691209727987,0.19723458846905917,0.20871469744043036,0.9341196150717067,0.24572741519321606,0.729929665256442,0.06271847641862716
0.043520595243496496,0.2114431735351262,0.4683439381584986,0.6848399444472538,0.49661198371355253,0.7121105054387268,0.2306118666005591,0.6679885348216223,0.4611094102707317,0.09422476265981905
0.15946181219973254,0.9805109943025063,0.8514717743409265,0.00898753151810927,0.8874262608624021,0.7938023535740928,0.4530837686769622,0.3495946273787245,0.26992699317640434,0.9647265631127405
0.6650017250750192,0.12511293430257941,0.10509385767421087,0.4241546081829004,0.8420845365808103,0.26647352137321245,0.58244973018639,0.1281618565171363,0.5236917030922507,0.6872785428896168
0.6882748098046126,0.3593222778785795,0.9182927953492375,0.23181505192364127,0.3471985904967281,0.8268098267979763,0.33802582449803287,0.5080567411021739,0.6105414726966292,0.6703342458080821
0.5016894552310812,0.9522830005795683,0.619231288433546,0.19552296622694953,0.8239803415699875,0.9716878838208428,0.2967068966665011,0.48978880773083955,0.25530086829064635,0.3763431985865858
0.6748668902550978,0.2501403247161661,0.9422068828475848,0.061304288405597096,0.8719185904380646,0.9555241481173424,0.2945002899057819,0.27237061849374944,0.49986191974726124,0.8234193714867079
0.3597356792219951,0.740851720451762,0.03199366751595367,0.741983371164983,0.8109430718862659,0.18393323107412685,0.14037020863922045,0.31170999950295186,0.6021354558641239,0.6345887119666013
0.9357510530181653,0.03553536072500307,0.8454159379430743,0.4583989010587509,0.29625285302604754,0.15289621019310096,0.5765434451169251,0.46749453195970936,0.22040213374165607,0.38337506860658865
0.21530924659290462,0.9650508827240285,0.08152743014090424,0.4163701299971082,0.018651847641282693,0.7069642811171223,0.707320518514456,0.19443752117158386,0.3152940639987143,0.8550072565528114
0.6722310285524176,0.4974091656331421,0.6747469626318424,0.2429409529054044,0.5546808152601856,0.9852493495848168,0.08826304602733148,0.11937338827572896,0.45640108075071395,0.4111065549057049
0.3137101078441483,0.7401399679879521,0.7041502464942822,0.2850573296274468,0.6214988938886572,0.12308191620342868,0.39201208382882324,0.3096383628355225,0.4020177423021448,0.8534510434004442
0.13865652115790972,0.13481756038014425,0.888143351816644,0.7248966325878071,0.8912506366586346,0.5377782941958528,0.25703664944485205,0.7146630361444216,0.16148853274568742,0.7552268987918147
0.002142246649477597,0.0748434098269789,0.0039901236688950625,0.7161086439838005,0.8361429794998888,0.359936811509908,0.6674714857741644,0.28695680550156644,0.9037277002644412,0.18698309795193802
0.6815985551520857,0.36146238950590037,0.6049654016998518,0.9698548780170797,0.7964333014072972,0.3540342651980616,0.2973207427353376,0.28674716292083224,0.007016820361490761,0.3835195824105253
0.7430397254460589,0.5387618328427121,0.23547473711550593,0.9606744653042352,0.49563782254998623,0.7144814299659166,0.26171848979931633,0.4207848229232841,0.6322426433416765,0.6870766720157242
0.8137257554776546,0.47090375101762216,0.9231667361506112,0.4656070546526623,0.2924335117769845,0.7200310661089099,0.7246907091986969,0.5072124134002466,0.04895762937354731,0.016580980432290282
0.05845355711370792,0.8905131952101889,0.022328385484429947,0.25138327974644026,0.9746004561335765,0.8377893002019715,0.8224159245965394,0.9599957906783464,0.42996977941157943,0.1502578693691684
0.20368299031279447,0.47127979888418303,0.38531696654864234,0.1920658791980021,0.24219644124369422,0.4136573291385893,0.7284485521575562,0.7523398948892964,0.27066540359037583,0.6721658221617663
0.03027173323737198,0.923735338229015,0.3823830008969742,0.3077612254188322,0.5437622958191621,0.699662290362756,0.590137727376758,0.6685883378343963,0.8232659823274174,0.7303346100379683
0.0714427235955053,0.523533420855566,0.4298781650638569,0.24761052490099467,0.5864764280187543,0.16258389058730582,0.5917672283665297,0.3348413906057748,0.3597419308609302,0.5928118095465374
0.8319612147850478,0.4374741419404834,0.8955034843893342,0.8227537471586508,0.2953179708473318,0.4375838084088214,0.09485197743183471,0.3980161961989267,0.8714186381598518,0.0501945648306773
0.703339276777099,0.5295492234867261,0.3957266076547983,0.864900384918904,0.3916125051899072,0.0027032820761004883,0.2714217082572392,0.8054360077488957,0.4351513464081256,0.5363287806289941
0.8983998173173936,0.8506462318855958,0.666309184779961,0.19825759189858716,0.16009839585979302,0.5300035408688625,0.03913160574736352,0.8937779085041587,0.8932590303388762,0.5609500971705088
0.9746028867499177,0.6391431956680272,0.32782451290738723,0.690916133675039,0.9275070782028327,0.2445287571551309,0.920359600721841,0.3010149474517626,0.5007371982361811,0.044857427166197894
0.438125991793879,0.7505038031221872,0.30635540517917703,0.45222003630302,0.7338434652106288,0.12621177027447206,0.4773038314449416,0.8394775091889386,0.863607270669539,0.43574882698487816
0.7282231578374038,0.1864092832707691,0.2349228655518485,0.8833564481888209,0.6997717324294646,0.3590268106302693,0.15660484174115197,0.2112433850069575,0.33379503337504157,0.13435178867422493
0.6910113710534129,0.14347278158758203,0.2953082969670845,0.8411869705968721,0.40549930947514223,0.03364811460274286,0.942905088164437,0.6687832106658776,0.2508511315337171,0.2746101205058311
0.9212699449674323,0.7780374691005413,0.18425479724826843,0.8921461379531158,0.608165821608598,0.904547261005847,0.5491868251041516,0.7249315303495408,0.2917349616014686,0.8441554717882942
0.37296186540855825,0.0075362459520981195,0.9334538327022981,0.7501564874038484,0.531635430296656,0.8150017235387665,0.5910599385202784,0.24382041635574359,0.04909732141404799,0.17395744395757784
0.6259720162901934,0.6636898199615114,0.31164418084126455,0.7719571380137793,0.4590040672929634,0.7276787726428671,0.9480525583262478,0.00745476817410895,0.29890657693676537,0.9424196026334152
0.9776741292507904,0.8925255550980065,0.5027695974484038,0.14510191073975354,0.6562785539943798,0.25747112384180626,0.8148335431808169,0.9194718297761841,0.30358110254818604,0.39904659281589816
0.671480233458519,0.15030901507565997,0.6226491025938573,0.9241579346474348,0.4497988094986475,0.15300768667730946,0.6583000560777094,0.741881598216656,0.27200179711665373,0.20052144847171327
0.8831639392484145,0.025442462912963038,0.012980915528274406,0.7501571553073301,0.08320667856320096,0.14119037049110017,0.41491591754842816,0.444581308929074,0.7787300814923256,0.916403394236252
0.5170069546373246,0.8961938511606319,0.91373852894327,0.7810077918002419,0.5340170063310663,0.7217179325265785,0.1546922240543963,0.8463497377024363,0.6913987723483244,0.36782712661950834
