n,rep,estimator,t
2,1,mle,27
2,2,mle,5
2,3,mle,7
2,4,mle,30
2,5,mle,10
2,6,mle,10
2,7,mle,14
2,8,mle,15
2,9,mle,5
2,10,mle,1
2,11,mle,16
2,12,mle,9
2,13,mle,2
2,14,mle,28
2,15,mle,5
2,16,mle,43
2,17,mle,6
2,18,mle,26
2,19,mle,5
2,20,mle,13
2,21,mle,5
2,22,mle,11
2,23,mle,8
2,24,mle,6
2,25,mle,6
2,26,mle,14
2,27,mle,1
2,28,mle,28
2,29,mle,13
2,30,mle,2
2,31,mle,22
2,32,mle,58
2,33,mle,7
2,34,mle,9
2,35,mle,6
2,36,mle,12
2,37,mle,12
2,38,mle,3
2,39,mle,30
2,40,mle,8
2,41,mle,4
2,42,mle,10
2,43,mle,3
2,44,mle,9
2,45,mle,18
2,46,mle,19
2,47,mle,29
2,48,mle,12
2,49,mle,9
2,50,mle,45
2,51,mle,10
2,52,mle,52
2,53,mle,19
2,54,mle,14
2,55,mle,10
2,56,mle,6
2,57,mle,11
2,58,mle,4
2,59,mle,28
2,60,mle,4
2,61,mle,12
2,62,mle,8
2,63,mle,4
2,64,mle,8
2,65,mle,7
2,66,mle,7
2,67,mle,7
2,68,mle,39
2,69,mle,7
2,70,mle,11
2,71,mle,14
2,72,mle,12
2,73,mle,32
2,74,mle,57
2,75,mle,13
2,76,mle,12
2,77,mle,26
2,78,mle,7
2,79,mle,5
2,80,mle,5
2,81,mle,13
2,82,mle,18
2,83,mle,20
2,84,mle,8
2,85,mle,4
2,86,mle,2
2,87,mle,13
2,88,mle,27
2,89,mle,3
2,90,mle,11
2,91,mle,4
2,92,mle,3
2,93,mle,3
2,94,mle,9
2,95,mle,17
2,96,mle,9
2,97,mle,13
2,98,mle,29
2,99,mle,3
2,100,mle,19
2,101,mle,12
2,102,mle,10
2,103,mle,2
2,104,mle,16
2,105,mle,2
2,106,mle,19
2,107,mle,3
2,108,mle,3
2,109,mle,12
2,110,mle,11
2,111,mle,9
2,112,mle,9
2,113,mle,3
2,114,mle,4
2,115,mle,12
2,116,mle,4
2,117,mle,12
2,118,mle,8
2,119,mle,14
2,120,mle,3
2,121,mle,5
2,122,mle,6
2,123,mle,14
2,124,mle,6
2,125,mle,18
2,126,mle,2
2,127,mle,12
2,128,mle,5
2,129,mle,3
2,130,mle,3
2,131,mle,33
2,132,mle,20
2,133,mle,15
2,134,mle,7
2,135,mle,8
2,136,mle,12
2,137,mle,26
2,138,mle,16
2,139,mle,21
2,140,mle,20
2,141,mle,3
2,142,mle,4
2,143,mle,10
2,144,mle,16
2,145,mle,12
2,146,mle,44
2,147,mle,16
2,148,mle,7
2,149,mle,4
2,150,mle,20
2,151,mle,3
2,152,mle,7
2,153,mle,2
2,154,mle,37
2,155,mle,5
2,156,mle,16
2,157,mle,19
2,158,mle,6
2,159,mle,3
2,160,mle,2
2,161,mle,7
2,162,mle,12
2,163,mle,16
2,164,mle,23
2,165,mle,25
2,166,mle,24
2,167,mle,3
2,168,mle,25
2,169,mle,6
2,170,mle,3
2,171,mle,5
2,172,mle,33
2,173,mle,5
2,174,mle,35
2,175,mle,11
2,176,mle,45
2,177,mle,4
2,178,mle,17
2,179,mle,10
2,180,mle,8
2,181,mle,30
2,182,mle,31
2,183,mle,7
2,184,mle,5
2,185,mle,19
2,186,mle,36
2,187,mle,28
2,188,mle,16
2,189,mle,7
2,190,mle,3
2,191,mle,16
2,192,mle,3
2,193,mle,20
2,194,mle,17
2,195,mle,4
2,196,mle,3
2,197,mle,31
2,198,mle,40
2,199,mle,38
2,200,mle,4
2,201,mle,9
2,202,mle,7
2,203,mle,5
2,204,mle,23
2,205,mle,44
2,206,mle,7
2,207,mle,11
2,208,mle,12
2,209,mle,9
2,210,mle,30
2,211,mle,16
2,212,mle,7
2,213,mle,25
2,214,mle,86
2,215,mle,2
2,216,mle,7
2,217,mle,4
2,218,mle,30
2,219,mle,53
2,220,mle,27
2,221,mle,5
2,222,mle,7
2,223,mle,14
2,224,mle,6
2,225,mle,15
2,226,mle,6
2,227,mle,3
2,228,mle,51
2,229,mle,83
2,230,mle,8
2,231,mle,10
2,232,mle,11
2,233,mle,16
2,234,mle,9
2,235,mle,7
2,236,mle,15
2,237,mle,12
2,238,mle,7
2,239,mle,28
2,240,mle,35
2,241,mle,3
2,242,mle,39
2,243,mle,15
2,244,mle,20
2,245,mle,3
2,246,mle,15
2,247,mle,2
2,248,mle,14
2,249,mle,23
2,250,mle,48
2,251,mle,9
2,252,mle,6
2,253,mle,6
2,254,mle,10
2,255,mle,12
2,256,mle,11
2,257,mle,11
2,258,mle,12
2,259,mle,40
2,260,mle,3
2,261,mle,16
2,262,mle,23
2,263,mle,3
2,264,mle,9
2,265,mle,11
2,266,mle,5
2,267,mle,14
2,268,mle,34
2,269,mle,21
2,270,mle,48
2,271,mle,3
2,272,mle,3
2,273,mle,9
2,274,mle,13
2,275,mle,20
2,276,mle,10
2,277,mle,10
2,278,mle,11
2,279,mle,3
2,280,mle,8
2,281,mle,1
2,282,mle,21
2,283,mle,14
2,284,mle,28
2,285,mle,21
2,286,mle,30
2,287,mle,10
2,288,mle,5
2,289,mle,15
2,290,mle,130
2,291,mle,9
2,292,mle,18
2,293,mle,10
2,294,mle,29
2,295,mle,5
2,296,mle,4
2,297,mle,24
2,298,mle,7
2,299,mle,17
2,300,mle,4
2,301,mle,7
2,302,mle,3
2,303,mle,3
2,304,mle,20
2,305,mle,9
2,306,mle,41
2,307,mle,46
2,308,mle,2
2,309,mle,13
2,310,mle,9
2,311,mle,4
2,312,mle,8
2,313,mle,3
2,314,mle,39
2,315,mle,5
2,316,mle,9
2,317,mle,5
2,318,mle,14
2,319,mle,2
2,320,mle,19
2,321,mle,86
2,322,mle,4
2,323,mle,10
2,324,mle,4
2,325,mle,9
2,326,mle,16
2,327,mle,19
2,328,mle,22
2,329,mle,6
2,330,mle,24
2,331,mle,8
2,332,mle,32
2,333,mle,12
2,334,mle,7
2,335,mle,2
2,336,mle,3
2,337,mle,12
2,338,mle,13
2,339,mle,13
2,340,mle,3
2,341,mle,51
2,342,mle,2
2,343,mle,3
2,344,mle,24
2,345,mle,8
2,346,mle,7
2,347,mle,1
2,348,mle,10
2,349,mle,20
2,350,mle,7
2,351,mle,10
2,352,mle,7
2,353,mle,9
2,354,mle,8
2,355,mle,3
2,356,mle,6
2,357,mle,12
2,358,mle,5
2,359,mle,3
2,360,mle,16
2,361,mle,30
2,362,mle,17
2,363,mle,5
2,364,mle,6
2,365,mle,17
2,366,mle,68
2,367,mle,8
2,368,mle,5
2,369,mle,3
2,370,mle,37
2,371,mle,13
2,372,mle,3
2,373,mle,13
2,374,mle,17
2,375,mle,5
2,376,mle,40
2,377,mle,53
2,378,mle,6
2,379,mle,33
2,380,mle,7
2,381,mle,17
2,382,mle,4
2,383,mle,12
2,384,mle,4
2,385,mle,22
2,386,mle,12
2,387,mle,18
2,388,mle,27
2,389,mle,1
2,390,mle,29
2,391,mle,51
2,392,mle,21
2,393,mle,4
2,394,mle,18
2,395,mle,6
2,396,mle,95
2,397,mle,63
2,398,mle,15
2,399,mle,84
2,400,mle,28
2,401,mle,58
2,402,mle,12
2,403,mle,24
2,404,mle,7
2,405,mle,1
2,406,mle,10
2,407,mle,5
2,408,mle,6
2,409,mle,9
2,410,mle,15
2,411,mle,14
2,412,mle,5
2,413,mle,5
2,414,mle,74
2,415,mle,8
2,416,mle,24
2,417,mle,9
2,418,mle,71
2,419,mle,3
2,420,mle,20
2,421,mle,16
2,422,mle,17
2,423,mle,30
2,424,mle,16
2,425,mle,13
2,426,mle,6
2,427,mle,3
2,428,mle,34
2,429,mle,3
2,430,mle,6
2,431,mle,14
2,432,mle,7
2,433,mle,33
2,434,mle,14
2,435,mle,11
2,436,mle,54
2,437,mle,12
2,438,mle,5
2,439,mle,4
2,440,mle,20
2,441,mle,11
2,442,mle,80
2,443,mle,29
2,444,mle,9
2,445,mle,8
2,446,mle,6
2,447,mle,2
2,448,mle,40
2,449,mle,19
2,450,mle,23
2,451,mle,9
2,452,mle,19
2,453,mle,12
2,454,mle,11
2,455,mle,8
2,456,mle,21
2,457,mle,5
2,458,mle,11
2,459,mle,2
2,460,mle,18
2,461,mle,4
2,462,mle,7
2,463,mle,11
2,464,mle,9
2,465,mle,3
2,466,mle,9
2,467,mle,7
2,468,mle,1
2,469,mle,3
2,470,mle,2
2,471,mle,4
2,472,mle,2
2,473,mle,9
2,474,mle,19
2,475,mle,11
2,476,mle,5
2,477,mle,13
2,478,mle,18
2,479,mle,10
2,480,mle,8
2,481,mle,4
2,482,mle,8
2,483,mle,27
2,484,mle,10
2,485,mle,72
2,486,mle,11
2,487,mle,4
2,488,mle,3
2,489,mle,3
2,490,mle,4
2,491,mle,63
2,492,mle,13
2,493,mle,41
2,494,mle,3
2,495,mle,83
2,496,mle,6
2,497,mle,15
2,498,mle,33
2,499,mle,7
2,500,mle,3
2,501,mle,6
2,502,mle,93
2,503,mle,17
2,504,mle,3
2,505,mle,9
2,506,mle,87
2,507,mle,3
2,508,mle,11
2,509,mle,4
2,510,mle,10
2,511,mle,6
2,512,mle,8
2,513,mle,10
2,514,mle,18
2,515,mle,4
2,516,mle,12
2,517,mle,3
2,518,mle,12
2,519,mle,4
2,520,mle,9
2,521,mle,4
2,522,mle,8
2,523,mle,4
2,524,mle,24
2,525,mle,4
2,526,mle,3
2,527,mle,29
2,528,mle,3
2,529,mle,8
2,530,mle,8
2,531,mle,3
2,532,mle,21
2,533,mle,36
2,534,mle,4
2,535,mle,17
2,536,mle,9
2,537,mle,9
2,538,mle,11
2,539,mle,26
2,540,mle,17
2,541,mle,27
2,542,mle,5
2,543,mle,11
2,544,mle,9
2,545,mle,2
2,546,mle,19
2,547,mle,11
2,548,mle,34
2,549,mle,12
2,550,mle,18
2,551,mle,105
2,552,mle,9
2,553,mle,7
2,554,mle,7
2,555,mle,11
2,556,mle,8
2,557,mle,8
2,558,mle,14
2,559,mle,4
2,560,mle,7
2,561,mle,4
2,562,mle,1
2,563,mle,11
2,564,mle,25
2,565,mle,23
2,566,mle,13
2,567,mle,18
2,568,mle,7
2,569,mle,1
2,570,mle,11
2,571,mle,16
2,572,mle,12
2,573,mle,14
2,574,mle,41
2,575,mle,6
2,576,mle,11
2,577,mle,7
2,578,mle,39
2,579,mle,23
2,580,mle,20
2,581,mle,21
2,582,mle,5
2,583,mle,10
2,584,mle,4
2,585,mle,8
2,586,mle,3
2,587,mle,2
2,588,mle,41
2,589,mle,6
2,590,mle,39
2,591,mle,13
2,592,mle,10
2,593,mle,48
2,594,mle,5
2,595,mle,3
2,596,mle,3
2,597,mle,9
2,598,mle,4
2,599,mle,33
2,600,mle,15
2,601,mle,11
2,602,mle,6
2,603,mle,18
2,604,mle,9
2,605,mle,26
2,606,mle,29
2,607,mle,4
2,608,mle,3
2,609,mle,25
2,610,mle,50
2,611,mle,13
2,612,mle,1
2,613,mle,33
2,614,mle,7
2,615,mle,11
2,616,mle,11
2,617,mle,8
2,618,mle,1
2,619,mle,9
2,620,mle,7
2,621,mle,23
2,622,mle,2
2,623,mle,14
2,624,mle,1
2,625,mle,4
2,626,mle,10
2,627,mle,5
2,628,mle,6
2,629,mle,15
2,630,mle,7
2,631,mle,29
2,632,mle,9
2,633,mle,32
2,634,mle,10
2,635,mle,24
2,636,mle,8
2,637,mle,8
2,638,mle,4
2,639,mle,34
2,640,mle,12
2,641,mle,8
2,642,mle,11
2,643,mle,3
2,644,mle,8
2,645,mle,52
2,646,mle,15
2,647,mle,8
2,648,mle,3
2,649,mle,14
2,650,mle,8
2,651,mle,58
2,652,mle,4
2,653,mle,61
2,654,mle,11
2,655,mle,32
2,656,mle,3
2,657,mle,3
2,658,mle,113
2,659,mle,3
2,660,mle,4
2,661,mle,6
2,662,mle,9
2,663,mle,6
2,664,mle,28
2,665,mle,18
2,666,mle,5
2,667,mle,11
2,668,mle,32
2,669,mle,13
2,670,mle,3
2,671,mle,3
2,672,mle,20
2,673,mle,6
2,674,mle,15
2,675,mle,7
2,676,mle,8
2,677,mle,15
2,678,mle,5
2,679,mle,23
2,680,mle,2
2,681,mle,6
2,682,mle,31
2,683,mle,18
2,684,mle,10
2,685,mle,9
2,686,mle,22
2,687,mle,17
2,688,mle,5
2,689,mle,7
2,690,mle,17
2,691,mle,37
2,692,mle,3
2,693,mle,21
2,694,mle,17
2,695,mle,4
2,696,mle,34
2,697,mle,3
2,698,mle,8
2,699,mle,13
2,700,mle,23
2,701,mle,4
2,702,mle,13
2,703,mle,17
2,704,mle,20
2,705,mle,3
2,706,mle,2
2,707,mle,10
2,708,mle,32
2,709,mle,10
2,710,mle,13
2,711,mle,3
2,712,mle,52
2,713,mle,8
2,714,mle,3
2,715,mle,16
2,716,mle,7
2,717,mle,31
2,718,mle,9
2,719,mle,106
2,720,mle,14
2,721,mle,19
2,722,mle,3
2,723,mle,26
2,724,mle,51
2,725,mle,25
2,726,mle,1
2,727,mle,22
2,728,mle,37
2,729,mle,10
2,730,mle,3
2,731,mle,22
2,732,mle,8
2,733,mle,6
2,734,mle,3
2,735,mle,19
2,736,mle,19
2,737,mle,14
2,738,mle,49
2,739,mle,31
2,740,mle,89
2,741,mle,3
2,742,mle,5
2,743,mle,8
2,744,mle,28
2,745,mle,18
2,746,mle,3
2,747,mle,4
2,748,mle,13
2,749,mle,3
2,750,mle,35
2,751,mle,13
2,752,mle,10
2,753,mle,20
2,754,mle,8
2,755,mle,13
2,756,mle,6
2,757,mle,13
2,758,mle,52
2,759,mle,10
2,760,mle,7
2,761,mle,10
2,762,mle,27
2,763,mle,6
2,764,mle,5
2,765,mle,3
2,766,mle,36
2,767,mle,29
2,768,mle,6
2,769,mle,3
2,770,mle,3
2,771,mle,13
2,772,mle,41
2,773,mle,9
2,774,mle,9
2,775,mle,5
2,776,mle,4
2,777,mle,13
2,778,mle,16
2,779,mle,14
2,780,mle,6
2,781,mle,82
2,782,mle,3
2,783,mle,19
2,784,mle,3
2,785,mle,74
2,786,mle,11
2,787,mle,10
2,788,mle,14
2,789,mle,8
2,790,mle,10
2,791,mle,14
2,792,mle,9
2,793,mle,65
2,794,mle,9
2,795,mle,15
2,796,mle,22
2,797,mle,4
2,798,mle,25
2,799,mle,8
2,800,mle,12
2,801,mle,60
2,802,mle,16
2,803,mle,11
2,804,mle,10
2,805,mle,3
2,806,mle,7
2,807,mle,56
2,808,mle,10
2,809,mle,10
2,810,mle,11
2,811,mle,25
2,812,mle,1
2,813,mle,24
2,814,mle,3
2,815,mle,25
2,816,mle,15
2,817,mle,1
2,818,mle,1
2,819,mle,5
2,820,mle,4
2,821,mle,17
2,822,mle,6
2,823,mle,4
2,824,mle,13
2,825,mle,8
2,826,mle,3
2,827,mle,19
2,828,mle,22
2,829,mle,5
2,830,mle,22
2,831,mle,3
2,832,mle,4
2,833,mle,27
2,834,mle,5
2,835,mle,4
2,836,mle,3
2,837,mle,52
2,838,mle,3
2,839,mle,5
2,840,mle,7
2,841,mle,6
2,842,mle,17
2,843,mle,24
2,844,mle,51
2,845,mle,37
2,846,mle,22
2,847,mle,7
2,848,mle,10
2,849,mle,5
2,850,mle,1
2,851,mle,5
2,852,mle,10
2,853,mle,24
2,854,mle,2
2,855,mle,6
2,856,mle,2
2,857,mle,10
2,858,mle,4
2,859,mle,7
2,860,mle,14
2,861,mle,11
2,862,mle,3
2,863,mle,4
2,864,mle,3
2,865,mle,5
2,866,mle,2
2,867,mle,19
2,868,mle,22
2,869,mle,6
2,870,mle,5
2,871,mle,6
2,872,mle,7
2,873,mle,48
2,874,mle,90
2,875,mle,15
2,876,mle,7
2,877,mle,19
2,878,mle,10
2,879,mle,4
2,880,mle,14
2,881,mle,2
2,882,mle,1
2,883,mle,10
2,884,mle,31
2,885,mle,40
2,886,mle,20
2,887,mle,9
2,888,mle,44
2,889,mle,4
2,890,mle,14
2,891,mle,3
2,892,mle,22
2,893,mle,5
2,894,mle,13
2,895,mle,18
2,896,mle,3
2,897,mle,6
2,898,mle,2
2,899,mle,22
2,900,mle,11
2,901,mle,13
2,902,mle,41
2,903,mle,9
2,904,mle,5
2,905,mle,8
2,906,mle,33
2,907,mle,47
2,908,mle,18
2,909,mle,2
2,910,mle,6
2,911,mle,13
2,912,mle,22
2,913,mle,11
2,914,mle,29
2,915,mle,15
2,916,mle,2
2,917,mle,23
2,918,mle,8
2,919,mle,27
2,920,mle,3
2,921,mle,11
2,922,mle,3
2,923,mle,4
2,924,mle,12
2,925,mle,8
2,926,mle,8
2,927,mle,3
2,928,mle,7
2,929,mle,4
2,930,mle,56
2,931,mle,15
2,932,mle,6
2,933,mle,9
2,934,mle,8
2,935,mle,5
2,936,mle,25
2,937,mle,8
2,938,mle,38
2,939,mle,4
2,940,mle,15
2,941,mle,34
2,942,mle,34
2,943,mle,5
2,944,mle,109
2,945,mle,7
2,946,mle,5
2,947,mle,5
2,948,mle,6
2,949,mle,4
2,950,mle,16
2,951,mle,9
2,952,mle,3
2,953,mle,4
2,954,mle,9
2,955,mle,4
2,956,mle,10
2,957,mle,11
2,958,mle,8
2,959,mle,1
2,960,mle,13
2,961,mle,3
2,962,mle,7
2,963,mle,5
2,964,mle,1
2,965,mle,4
2,966,mle,7
2,967,mle,15
2,968,mle,13
2,969,mle,18
2,970,mle,5
2,971,mle,20
2,972,mle,4
2,973,mle,37
2,974,mle,4
2,975,mle,7
2,976,mle,4
2,977,mle,6
2,978,mle,8
2,979,mle,16
2,980,mle,5
2,981,mle,14
2,982,mle,19
2,983,mle,10
2,984,mle,5
2,985,mle,9
2,986,mle,5
2,987,mle,27
2,988,mle,1
2,989,mle,5
2,990,mle,21
2,991,mle,13
2,992,mle,6
2,993,mle,6
2,994,mle,16
2,995,mle,3
2,996,mle,3
2,997,mle,26
2,998,mle,11
2,999,mle,11
2,1000,mle,20
4,1,mle,9
4,2,mle,49
4,3,mle,32
4,4,mle,162
4,5,mle,79
4,6,mle,63
4,7,mle,18
4,8,mle,86
4,9,mle,29
4,10,mle,6
4,11,mle,501
4,12,mle,71
4,13,mle,3
4,14,mle,94
4,15,mle,12
4,16,mle,430
4,17,mle,175
4,18,mle,68
4,19,mle,76
4,20,mle,147
4,21,mle,188
4,22,mle,10
4,23,mle,12
4,24,mle,72
4,25,mle,122
4,26,mle,24
4,27,mle,123
4,28,mle,118
4,29,mle,87
4,30,mle,101
4,31,mle,204
4,32,mle,16
4,33,mle,4
4,34,mle,18
4,35,mle,93
4,36,mle,34
4,37,mle,29
4,38,mle,212
4,39,mle,8
4,40,mle,45
4,41,mle,12
4,42,mle,80
4,43,mle,126
4,44,mle,174
4,45,mle,95
4,46,mle,165
4,47,mle,13
4,48,mle,9
4,49,mle,5
4,50,mle,287
4,51,mle,89
4,52,mle,9
4,53,mle,62
4,54,mle,491
4,55,mle,236
4,56,mle,5
4,57,mle,9
4,58,mle,149
4,59,mle,84
4,60,mle,52
4,61,mle,5
4,62,mle,101
4,63,mle,35
4,64,mle,146
4,65,mle,41
4,66,mle,243
4,67,mle,38
4,68,mle,34
4,69,mle,55
4,70,mle,14
4,71,mle,13
4,72,mle,73
4,73,mle,36
4,74,mle,23
4,75,mle,265
4,76,mle,3
4,77,mle,3
4,78,mle,11
4,79,mle,41
4,80,mle,19
4,81,mle,40
4,82,mle,131
4,83,mle,17
4,84,mle,7
4,85,mle,9
4,86,mle,76
4,87,mle,7
4,88,mle,150
4,89,mle,11
4,90,mle,95
4,91,mle,12
4,92,mle,164
4,93,mle,233
4,94,mle,134
4,95,mle,94
4,96,mle,163
4,97,mle,53
4,98,mle,21
4,99,mle,4
4,100,mle,73
4,101,mle,8
4,102,mle,66
4,103,mle,86
4,104,mle,32
4,105,mle,224
4,106,mle,15
4,107,mle,21
4,108,mle,79
4,109,mle,242
4,110,mle,76
4,111,mle,174
4,112,mle,146
4,113,mle,225
4,114,mle,17
4,115,mle,15
4,116,mle,19
4,117,mle,60
4,118,mle,240
4,119,mle,168
4,120,mle,74
4,121,mle,15
4,122,mle,31
4,123,mle,133
4,124,mle,139
4,125,mle,19
4,126,mle,103
4,127,mle,3
4,128,mle,63
4,129,mle,28
4,130,mle,14
4,131,mle,89
4,132,mle,3
4,133,mle,3
4,134,mle,54
4,135,mle,92
4,136,mle,230
4,137,mle,11
4,138,mle,2
4,139,mle,152
4,140,mle,17
4,141,mle,26
4,142,mle,83
4,143,mle,28
4,144,mle,141
4,145,mle,27
4,146,mle,83
4,147,mle,52
4,148,mle,34
4,149,mle,4
4,150,mle,11
4,151,mle,13
4,152,mle,89
4,153,mle,9
4,154,mle,158
4,155,mle,110
4,156,mle,30
4,157,mle,119
4,158,mle,260
4,159,mle,17
4,160,mle,147
4,161,mle,216
4,162,mle,59
4,163,mle,89
4,164,mle,98
4,165,mle,177
4,166,mle,124
4,167,mle,56
4,168,mle,59
4,169,mle,168
4,170,mle,152
4,171,mle,8
4,172,mle,19
4,173,mle,74
4,174,mle,10
4,175,mle,95
4,176,mle,40
4,177,mle,168
4,178,mle,16
4,179,mle,167
4,180,mle,63
4,181,mle,320
4,182,mle,274
4,183,mle,31
4,184,mle,101
4,185,mle,7
4,186,mle,93
4,187,mle,4
4,188,mle,58
4,189,mle,90
4,190,mle,60
4,191,mle,81
4,192,mle,110
4,193,mle,151
4,194,mle,16
4,195,mle,16
4,196,mle,4
4,197,mle,73
4,198,mle,123
4,199,mle,194
4,200,mle,68
4,201,mle,19
4,202,mle,6
4,203,mle,27
4,204,mle,60
4,205,mle,47
4,206,mle,221
4,207,mle,136
4,208,mle,45
4,209,mle,71
4,210,mle,911
4,211,mle,39
4,212,mle,159
4,213,mle,103
4,214,mle,91
4,215,mle,5
4,216,mle,104
4,217,mle,505
4,218,mle,42
4,219,mle,69
4,220,mle,63
4,221,mle,17
4,222,mle,160
4,223,mle,6
4,224,mle,195
4,225,mle,66
4,226,mle,69
4,227,mle,7
4,228,mle,40
4,229,mle,48
4,230,mle,7
4,231,mle,69
4,232,mle,45
4,233,mle,64
4,234,mle,49
4,235,mle,22
4,236,mle,12
4,237,mle,36
4,238,mle,5
4,239,mle,28
4,240,mle,57
4,241,mle,34
4,242,mle,234
4,243,mle,164
4,244,mle,32
4,245,mle,471
4,246,mle,23
4,247,mle,389
4,248,mle,7
4,249,mle,24
4,250,mle,68
4,251,mle,198
4,252,mle,195
4,253,mle,374
4,254,mle,269
4,255,mle,58
4,256,mle,73
4,257,mle,123
4,258,mle,138
4,259,mle,40
4,260,mle,21
4,261,mle,126
4,262,mle,33
4,263,mle,60
4,264,mle,106
4,265,mle,21
4,266,mle,24
4,267,mle,75
4,268,mle,4
4,269,mle,39
4,270,mle,16
4,271,mle,14
4,272,mle,205
4,273,mle,87
4,274,mle,10
4,275,mle,34
4,276,mle,126
4,277,mle,10
4,278,mle,23
4,279,mle,83
4,280,mle,155
4,281,mle,44
4,282,mle,161
4,283,mle,52
4,284,mle,51
4,285,mle,52
4,286,mle,251
4,287,mle,7
4,288,mle,53
4,289,mle,84
4,290,mle,188
4,291,mle,69
4,292,mle,72
4,293,mle,141
4,294,mle,81
4,295,mle,85
4,296,mle,218
4,297,mle,36
4,298,mle,23
4,299,mle,221
4,300,mle,175
4,301,mle,743
4,302,mle,79
4,303,mle,75
4,304,mle,1053
4,305,mle,274
4,306,mle,3
4,307,mle,48
4,308,mle,48
4,309,mle,73
4,310,mle,99
4,311,mle,39
4,312,mle,9
4,313,mle,4
4,314,mle,70
4,315,mle,5
4,316,mle,224
4,317,mle,4
4,318,mle,4
4,319,mle,150
4,320,mle,65
4,321,mle,99
4,322,mle,3
4,323,mle,6
4,324,mle,103
4,325,mle,12
4,326,mle,121
4,327,mle,32
4,328,mle,6
4,329,mle,108
4,330,mle,63
4,331,mle,41
4,332,mle,34
4,333,mle,111
4,334,mle,70
4,335,mle,115
4,336,mle,11
4,337,mle,66
4,338,mle,78
4,339,mle,270
4,340,mle,41
4,341,mle,14
4,342,mle,88
4,343,mle,9
4,344,mle,8
4,345,mle,146
4,346,mle,71
4,347,mle,4
4,348,mle,48
4,349,mle,83
4,350,mle,25
4,351,mle,64
4,352,mle,4
4,353,mle,49
4,354,mle,115
4,355,mle,491
4,356,mle,34
4,357,mle,43
4,358,mle,83
4,359,mle,49
4,360,mle,36
4,361,mle,100
4,362,mle,90
4,363,mle,82
4,364,mle,120
4,365,mle,192
4,366,mle,116
4,367,mle,78
4,368,mle,115
4,369,mle,15
4,370,mle,235
4,371,mle,58
4,372,mle,31
4,373,mle,114
4,374,mle,74
4,375,mle,4
4,376,mle,48
4,377,mle,16
4,378,mle,264
4,379,mle,17
4,380,mle,193
4,381,mle,52
4,382,mle,17
4,383,mle,106
4,384,mle,47
4,385,mle,51
4,386,mle,209
4,387,mle,19
4,388,mle,115
4,389,mle,8
4,390,mle,383
4,391,mle,64
4,392,mle,176
4,393,mle,59
4,394,mle,146
4,395,mle,79
4,396,mle,81
4,397,mle,114
4,398,mle,363
4,399,mle,23
4,400,mle,114
4,401,mle,82
4,402,mle,156
4,403,mle,66
4,404,mle,10
4,405,mle,40
4,406,mle,56
4,407,mle,42
4,408,mle,257
4,409,mle,8
4,410,mle,46
4,411,mle,10
4,412,mle,5
4,413,mle,12
4,414,mle,18
4,415,mle,235
4,416,mle,50
4,417,mle,26
4,418,mle,175
4,419,mle,36
4,420,mle,90
4,421,mle,138
4,422,mle,105
4,423,mle,211
4,424,mle,8
4,425,mle,162
4,426,mle,4
4,427,mle,36
4,428,mle,98
4,429,mle,32
4,430,mle,29
4,431,mle,77
4,432,mle,10
4,433,mle,77
4,434,mle,12
4,435,mle,107
4,436,mle,43
4,437,mle,95
4,438,mle,61
4,439,mle,38
4,440,mle,58
4,441,mle,594
4,442,mle,56
4,443,mle,181
4,444,mle,54
4,445,mle,77
4,446,mle,261
4,447,mle,5
4,448,mle,183
4,449,mle,12
4,450,mle,66
4,451,mle,306
4,452,mle,27
4,453,mle,148
4,454,mle,44
4,455,mle,105
4,456,mle,249
4,457,mle,22
4,458,mle,102
4,459,mle,100
4,460,mle,11
4,461,mle,27
4,462,mle,7
4,463,mle,17
4,464,mle,7
4,465,mle,55
4,466,mle,333
4,467,mle,107
4,468,mle,100
4,469,mle,64
4,470,mle,255
4,471,mle,19
4,472,mle,37
4,473,mle,121
4,474,mle,111
4,475,mle,179
4,476,mle,44
4,477,mle,25
4,478,mle,36
4,479,mle,161
4,480,mle,139
4,481,mle,54
4,482,mle,250
4,483,mle,8
4,484,mle,192
4,485,mle,49
4,486,mle,81
4,487,mle,11
4,488,mle,40
4,489,mle,35
4,490,mle,16
4,491,mle,14
4,492,mle,149
4,493,mle,24
4,494,mle,45
4,495,mle,56
4,496,mle,119
4,497,mle,57
4,498,mle,264
4,499,mle,464
4,500,mle,43
4,501,mle,152
4,502,mle,213
4,503,mle,46
4,504,mle,434
4,505,mle,96
4,506,mle,22
4,507,mle,2
4,508,mle,46
4,509,mle,49
4,510,mle,115
4,511,mle,20
4,512,mle,13
4,513,mle,30
4,514,mle,30
4,515,mle,38
4,516,mle,101
4,517,mle,72
4,518,mle,328
4,519,mle,19
4,520,mle,7
4,521,mle,12
4,522,mle,30
4,523,mle,115
4,524,mle,121
4,525,mle,58
4,526,mle,199
4,527,mle,5
4,528,mle,151
4,529,mle,109
4,530,mle,53
4,531,mle,133
4,532,mle,17
4,533,mle,20
4,534,mle,10
4,535,mle,7
4,536,mle,8
4,537,mle,93
4,538,mle,162
4,539,mle,34
4,540,mle,41
4,541,mle,26
4,542,mle,34
4,543,mle,42
4,544,mle,99
4,545,mle,53
4,546,mle,16
4,547,mle,12
4,548,mle,203
4,549,mle,9
4,550,mle,22
4,551,mle,121
4,552,mle,10
4,553,mle,7
4,554,mle,12
4,555,mle,38
4,556,mle,431
4,557,mle,255
4,558,mle,165
4,559,mle,15
4,560,mle,8
4,561,mle,111
4,562,mle,5
4,563,mle,73
4,564,mle,125
4,565,mle,86
4,566,mle,134
4,567,mle,271
4,568,mle,67
4,569,mle,199
4,570,mle,119
4,571,mle,94
4,572,mle,862
4,573,mle,68
4,574,mle,42
4,575,mle,57
4,576,mle,111
4,577,mle,90
4,578,mle,26
4,579,mle,24
4,580,mle,130
4,581,mle,103
4,582,mle,21
4,583,mle,52
4,584,mle,40
4,585,mle,10
4,586,mle,51
4,587,mle,6
4,588,mle,59
4,589,mle,69
4,590,mle,5
4,591,mle,195
4,592,mle,313
4,593,mle,97
4,594,mle,38
4,595,mle,171
4,596,mle,605
4,597,mle,78
4,598,mle,45
4,599,mle,150
4,600,mle,250
4,601,mle,24
4,602,mle,9
4,603,mle,289
4,604,mle,81
4,605,mle,129
4,606,mle,16
4,607,mle,5
4,608,mle,116
4,609,mle,57
4,610,mle,93
4,611,mle,105
4,612,mle,8
4,613,mle,97
4,614,mle,52
4,615,mle,66
4,616,mle,284
4,617,mle,104
4,618,mle,91
4,619,mle,9
4,620,mle,78
4,621,mle,6
4,622,mle,5
4,623,mle,180
4,624,mle,239
4,625,mle,74
4,626,mle,478
4,627,mle,360
4,628,mle,10
4,629,mle,19
4,630,mle,52
4,631,mle,283
4,632,mle,10
4,633,mle,9
4,634,mle,173
4,635,mle,33
4,636,mle,670
4,637,mle,59
4,638,mle,15
4,639,mle,31
4,640,mle,78
4,641,mle,3
4,642,mle,177
4,643,mle,309
4,644,mle,4
4,645,mle,61
4,646,mle,14
4,647,mle,178
4,648,mle,16
4,649,mle,17
4,650,mle,33
4,651,mle,26
4,652,mle,39
4,653,mle,28
4,654,mle,210
4,655,mle,83
4,656,mle,98
4,657,mle,51
4,658,mle,172
4,659,mle,14
4,660,mle,107
4,661,mle,48
4,662,mle,247
4,663,mle,48
4,664,mle,8
4,665,mle,6
4,666,mle,115
4,667,mle,169
4,668,mle,47
4,669,mle,12
4,670,mle,8
4,671,mle,263
4,672,mle,7
4,673,mle,90
4,674,mle,56
4,675,mle,18
4,676,mle,30
4,677,mle,19
4,678,mle,98
4,679,mle,36
4,680,mle,52
4,681,mle,15
4,682,mle,28
4,683,mle,91
4,684,mle,16
4,685,mle,29
4,686,mle,145
4,687,mle,29
4,688,mle,33
4,689,mle,18
4,690,mle,105
4,691,mle,178
4,692,mle,69
4,693,mle,105
4,694,mle,60
4,695,mle,269
4,696,mle,302
4,697,mle,52
4,698,mle,237
4,699,mle,47
4,700,mle,167
4,701,mle,122
4,702,mle,50
4,703,mle,137
4,704,mle,43
4,705,mle,45
4,706,mle,128
4,707,mle,208
4,708,mle,9
4,709,mle,51
4,710,mle,5
4,711,mle,60
4,712,mle,12
4,713,mle,38
4,714,mle,100
4,715,mle,57
4,716,mle,168
4,717,mle,207
4,718,mle,88
4,719,mle,17
4,720,mle,46
4,721,mle,8
4,722,mle,198
4,723,mle,38
4,724,mle,102
4,725,mle,159
4,726,mle,21
4,727,mle,64
4,728,mle,76
4,729,mle,47
4,730,mle,43
4,731,mle,29
4,732,mle,180
4,733,mle,36
4,734,mle,115
4,735,mle,12
4,736,mle,16
4,737,mle,19
4,738,mle,218
4,739,mle,62
4,740,mle,83
4,741,mle,11
4,742,mle,157
4,743,mle,9
4,744,mle,137
4,745,mle,290
4,746,mle,5
4,747,mle,163
4,748,mle,18
4,749,mle,128
4,750,mle,317
4,751,mle,73
4,752,mle,100
4,753,mle,187
4,754,mle,99
4,755,mle,45
4,756,mle,46
4,757,mle,201
4,758,mle,79
4,759,mle,29
4,760,mle,164
4,761,mle,97
4,762,mle,22
4,763,mle,475
4,764,mle,93
4,765,mle,57
4,766,mle,36
4,767,mle,10
4,768,mle,109
4,769,mle,10
4,770,mle,14
4,771,mle,4
4,772,mle,50
4,773,mle,134
4,774,mle,15
4,775,mle,193
4,776,mle,4
4,777,mle,106
4,778,mle,54
4,779,mle,8
4,780,mle,51
4,781,mle,10
4,782,mle,66
4,783,mle,100
4,784,mle,135
4,785,mle,512
4,786,mle,292
4,787,mle,105
4,788,mle,6
4,789,mle,513
4,790,mle,128
4,791,mle,25
4,792,mle,11
4,793,mle,19
4,794,mle,111
4,795,mle,14
4,796,mle,27
4,797,mle,36
4,798,mle,63
4,799,mle,33
4,800,mle,309
4,801,mle,195
4,802,mle,86
4,803,mle,70
4,804,mle,7
4,805,mle,18
4,806,mle,92
4,807,mle,126
4,808,mle,62
4,809,mle,4
4,810,mle,20
4,811,mle,73
4,812,mle,19
4,813,mle,103
4,814,mle,12
4,815,mle,120
4,816,mle,73
4,817,mle,17
4,818,mle,41
4,819,mle,286
4,820,mle,95
4,821,mle,32
4,822,mle,26
4,823,mle,135
4,824,mle,102
4,825,mle,9
4,826,mle,126
4,827,mle,129
4,828,mle,54
4,829,mle,115
4,830,mle,58
4,831,mle,52
4,832,mle,59
4,833,mle,282
4,834,mle,59
4,835,mle,200
4,836,mle,35
4,837,mle,4
4,838,mle,361
4,839,mle,193
4,840,mle,5
4,841,mle,7
4,842,mle,104
4,843,mle,6
4,844,mle,7
4,845,mle,105
4,846,mle,322
4,847,mle,440
4,848,mle,105
4,849,mle,147
4,850,mle,102
4,851,mle,122
4,852,mle,110
4,853,mle,371
4,854,mle,19
4,855,mle,120
4,856,mle,261
4,857,mle,34
4,858,mle,47
4,859,mle,99
4,860,mle,247
4,861,mle,6
4,862,mle,28
4,863,mle,15
4,864,mle,30
4,865,mle,40
4,866,mle,9
4,867,mle,40
4,868,mle,85
4,869,mle,45
4,870,mle,9
4,871,mle,26
4,872,mle,39
4,873,mle,102
4,874,mle,30
4,875,mle,77
4,876,mle,11
4,877,mle,74
4,878,mle,62
4,879,mle,11
4,880,mle,211
4,881,mle,114
4,882,mle,190
4,883,mle,33
4,884,mle,62
4,885,mle,24
4,886,mle,34
4,887,mle,60
4,888,mle,80
4,889,mle,634
4,890,mle,33
4,891,mle,106
4,892,mle,11
4,893,mle,164
4,894,mle,77
4,895,mle,54
4,896,mle,131
4,897,mle,279
4,898,mle,4
4,899,mle,277
4,900,mle,207
4,901,mle,18
4,902,mle,115
4,903,mle,40
4,904,mle,515
4,905,mle,8
4,906,mle,4
4,907,mle,45
4,908,mle,133
4,909,mle,91
4,910,mle,4
4,911,mle,74
4,912,mle,21
4,913,mle,74
4,914,mle,12
4,915,mle,21
4,916,mle,7
4,917,mle,15
4,918,mle,14
4,919,mle,33
4,920,mle,6
4,921,mle,9
4,922,mle,55
4,923,mle,22
4,924,mle,55
4,925,mle,97
4,926,mle,90
4,927,mle,38
4,928,mle,152
4,929,mle,177
4,930,mle,113
4,931,mle,1179
4,932,mle,92
4,933,mle,106
4,934,mle,23
4,935,mle,57
4,936,mle,111
4,937,mle,181
4,938,mle,24
4,939,mle,143
4,940,mle,55
4,941,mle,5
4,942,mle,5
4,943,mle,122
4,944,mle,24
4,945,mle,136
4,946,mle,30
4,947,mle,135
4,948,mle,7
4,949,mle,13
4,950,mle,60
4,951,mle,68
4,952,mle,71
4,953,mle,11
4,954,mle,35
4,955,mle,21
4,956,mle,149
4,957,mle,135
4,958,mle,2
4,959,mle,398
4,960,mle,22
4,961,mle,89
4,962,mle,32
4,963,mle,52
4,964,mle,5
4,965,mle,61
4,966,mle,8
4,967,mle,265
4,968,mle,21
4,969,mle,13
4,970,mle,6
4,971,mle,34
4,972,mle,23
4,973,mle,13
4,974,mle,4
4,975,mle,60
4,976,mle,33
4,977,mle,46
4,978,mle,78
4,979,mle,47
4,980,mle,60
4,981,mle,368
4,982,mle,155
4,983,mle,93
4,984,mle,68
4,985,mle,24
4,986,mle,52
4,987,mle,44
4,988,mle,38
4,989,mle,94
4,990,mle,56
4,991,mle,97
4,992,mle,33
4,993,mle,80
4,994,mle,25
4,995,mle,116
4,996,mle,173
4,997,mle,11
4,998,mle,11
4,999,mle,4
4,1000,mle,14
6,1,mle,435
6,2,mle,258
6,3,mle,13
6,4,mle,486
6,5,mle,83
6,6,mle,9
6,7,mle,393
6,8,mle,46
6,9,mle,4
6,10,mle,83
6,11,mle,286
6,12,mle,165
6,13,mle,155
6,14,mle,238
6,15,mle,247
6,16,mle,125
6,17,mle,391
6,18,mle,346
6,19,mle,252
6,20,mle,28
6,21,mle,443
6,22,mle,275
6,23,mle,523
6,24,mle,290
6,25,mle,125
6,26,mle,513
6,27,mle,87
6,28,mle,878
6,29,mle,35
6,30,mle,172
6,31,mle,101
6,32,mle,558
6,33,mle,244
6,34,mle,404
6,35,mle,285
6,36,mle,133
6,37,mle,519
6,38,mle,151
6,39,mle,119
6,40,mle,486
6,41,mle,115
6,42,mle,874
6,43,mle,605
6,44,mle,72
6,45,mle,214
6,46,mle,101
6,47,mle,242
6,48,mle,116
6,49,mle,822
6,50,mle,217
6,51,mle,90
6,52,mle,213
6,53,mle,78
6,54,mle,748
6,55,mle,666
6,56,mle,9
6,57,mle,48
6,58,mle,80
6,59,mle,141
6,60,mle,187
6,61,mle,165
6,62,mle,288
6,63,mle,65
6,64,mle,249
6,65,mle,162
6,66,mle,131
6,67,mle,104
6,68,mle,120
6,69,mle,72
6,70,mle,263
6,71,mle,60
6,72,mle,76
6,73,mle,11
6,74,mle,65
6,75,mle,147
6,76,mle,305
6,77,mle,245
6,78,mle,93
6,79,mle,221
6,80,mle,323
6,81,mle,289
6,82,mle,4
6,83,mle,293
6,84,mle,321
6,85,mle,93
6,86,mle,217
6,87,mle,161
6,88,mle,11
6,89,mle,197
6,90,mle,169
6,91,mle,323
6,92,mle,20
6,93,mle,434
6,94,mle,193
6,95,mle,13
6,96,mle,151
6,97,mle,59
6,98,mle,755
6,99,mle,80
6,100,mle,86
6,101,mle,489
6,102,mle,273
6,103,mle,224
6,104,mle,525
6,105,mle,286
6,106,mle,221
6,107,mle,174
6,108,mle,232
6,109,mle,11
6,110,mle,252
6,111,mle,219
6,112,mle,354
6,113,mle,312
6,114,mle,262
6,115,mle,24
6,116,mle,88
6,117,mle,212
6,118,mle,290
6,119,mle,367
6,120,mle,11
6,121,mle,55
6,122,mle,137
6,123,mle,13
6,124,mle,139
6,125,mle,87
6,126,mle,246
6,127,mle,160
6,128,mle,94
6,129,mle,13
6,130,mle,159
6,131,mle,170
6,132,mle,68
6,133,mle,401
6,134,mle,300
6,135,mle,19
6,136,mle,9
6,137,mle,9
6,138,mle,9
6,139,mle,29
6,140,mle,258
6,141,mle,163
6,142,mle,444
6,143,mle,9
6,144,mle,689
6,145,mle,194
6,146,mle,140
6,147,mle,287
6,148,mle,52
6,149,mle,127
6,150,mle,126
6,151,mle,93
6,152,mle,107
6,153,mle,348
6,154,mle,109
6,155,mle,8
6,156,mle,258
6,157,mle,137
6,158,mle,75
6,159,mle,186
6,160,mle,139
6,161,mle,380
6,162,mle,244
6,163,mle,17
6,164,mle,70
6,165,mle,374
6,166,mle,103
6,167,mle,190
6,168,mle,300
6,169,mle,223
6,170,mle,441
6,171,mle,29
6,172,mle,714
6,173,mle,419
6,174,mle,477
6,175,mle,71
6,176,mle,83
6,177,mle,297
6,178,mle,287
6,179,mle,34
6,180,mle,248
6,181,mle,44
6,182,mle,101
6,183,mle,109
6,184,mle,121
6,185,mle,298
6,186,mle,511
6,187,mle,193
6,188,mle,211
6,189,mle,64
6,190,mle,414
6,191,mle,137
6,192,mle,81
6,193,mle,321
6,194,mle,197
6,195,mle,297
6,196,mle,61
6,197,mle,162
6,198,mle,1030
6,199,mle,72
6,200,mle,375
6,201,mle,152
6,202,mle,28
6,203,mle,356
6,204,mle,124
6,205,mle,336
6,206,mle,15
6,207,mle,40
6,208,mle,49
6,209,mle,137
6,210,mle,15
6,211,mle,265
6,212,mle,573
6,213,mle,5
6,214,mle,238
6,215,mle,113
6,216,mle,188
6,217,mle,47
6,218,mle,86
6,219,mle,7
6,220,mle,245
6,221,mle,14
6,222,mle,73
6,223,mle,146
6,224,mle,117
6,225,mle,132
6,226,mle,348
6,227,mle,50
6,228,mle,93
6,229,mle,8
6,230,mle,315
6,231,mle,72
6,232,mle,66
6,233,mle,177
6,234,mle,19
6,235,mle,178
6,236,mle,63
6,237,mle,296
6,238,mle,100
6,239,mle,223
6,240,mle,325
6,241,mle,75
6,242,mle,280
6,243,mle,174
6,244,mle,214
6,245,mle,159
6,246,mle,199
6,247,mle,289
6,248,mle,249
6,249,mle,353
6,250,mle,8
6,251,mle,176
6,252,mle,9
6,253,mle,74
6,254,mle,176
6,255,mle,437
6,256,mle,127
6,257,mle,38
6,258,mle,141
6,259,mle,18
6,260,mle,688
6,261,mle,139
6,262,mle,216
6,263,mle,248
6,264,mle,227
6,265,mle,158
6,266,mle,17
6,267,mle,131
6,268,mle,180
6,269,mle,412
6,270,mle,84
6,271,mle,226
6,272,mle,138
6,273,mle,87
6,274,mle,55
6,275,mle,146
6,276,mle,219
6,277,mle,37
6,278,mle,6
6,279,mle,270
6,280,mle,225
6,281,mle,7
6,282,mle,378
6,283,mle,114
6,284,mle,115
6,285,mle,289
6,286,mle,9
6,287,mle,100
6,288,mle,193
6,289,mle,7
6,290,mle,128
6,291,mle,422
6,292,mle,447
6,293,mle,175
6,294,mle,377
6,295,mle,302
6,296,mle,9
6,297,mle,673
6,298,mle,132
6,299,mle,77
6,300,mle,69
6,301,mle,433
6,302,mle,456
6,303,mle,6
6,304,mle,5
6,305,mle,226
6,306,mle,537
6,307,mle,16
6,308,mle,713
6,309,mle,71
6,310,mle,611
6,311,mle,133
6,312,mle,10
6,313,mle,178
6,314,mle,98
6,315,mle,228
6,316,mle,210
6,317,mle,718
6,318,mle,130
6,319,mle,72
6,320,mle,98
6,321,mle,125
6,322,mle,193
6,323,mle,10
6,324,mle,77
6,325,mle,191
6,326,mle,243
6,327,mle,180
6,328,mle,120
6,329,mle,265
6,330,mle,72
6,331,mle,8
6,332,mle,55
6,333,mle,10
6,334,mle,445
6,335,mle,13
6,336,mle,189
6,337,mle,27
6,338,mle,105
6,339,mle,101
6,340,mle,455
6,341,mle,210
6,342,mle,744
6,343,mle,148
6,344,mle,91
6,345,mle,9
6,346,mle,60
6,347,mle,105
6,348,mle,578
6,349,mle,119
6,350,mle,18
6,351,mle,170
6,352,mle,210
6,353,mle,59
6,354,mle,86
6,355,mle,92
6,356,mle,59
6,357,mle,107
6,358,mle,88
6,359,mle,77
6,360,mle,82
6,361,mle,39
6,362,mle,9
6,363,mle,276
6,364,mle,335
6,365,mle,91
6,366,mle,9
6,367,mle,177
6,368,mle,930
6,369,mle,271
6,370,mle,324
6,371,mle,108
6,372,mle,136
6,373,mle,16
6,374,mle,144
6,375,mle,750
6,376,mle,81
6,377,mle,515
6,378,mle,842
6,379,mle,245
6,380,mle,652
6,381,mle,991
6,382,mle,2
6,383,mle,177
6,384,mle,188
6,385,mle,431
6,386,mle,244
6,387,mle,186
6,388,mle,133
6,389,mle,369
6,390,mle,115
6,391,mle,178
6,392,mle,204
6,393,mle,267
6,394,mle,64
6,395,mle,126
6,396,mle,854
6,397,mle,71
6,398,mle,303
6,399,mle,175
6,400,mle,21
6,401,mle,25
6,402,mle,105
6,403,mle,192
6,404,mle,31
6,405,mle,165
6,406,mle,229
6,407,mle,548
6,408,mle,51
6,409,mle,418
6,410,mle,248
6,411,mle,46
6,412,mle,252
6,413,mle,132
6,414,mle,132
6,415,mle,139
6,416,mle,82
6,417,mle,116
6,418,mle,299
6,419,mle,9
6,420,mle,460
6,421,mle,219
6,422,mle,190
6,423,mle,269
6,424,mle,195
6,425,mle,389
6,426,mle,151
6,427,mle,262
6,428,mle,195
6,429,mle,14
6,430,mle,296
6,431,mle,197
6,432,mle,41
6,433,mle,909
6,434,mle,596
6,435,mle,653
6,436,mle,386
6,437,mle,950
6,438,mle,217
6,439,mle,112
6,440,mle,254
6,441,mle,273
6,442,mle,223
6,443,mle,93
6,444,mle,337
6,445,mle,252
6,446,mle,260
6,447,mle,198
6,448,mle,190
6,449,mle,6
6,450,mle,13
6,451,mle,81
6,452,mle,357
6,453,mle,6
6,454,mle,596
6,455,mle,34
6,456,mle,289
6,457,mle,300
6,458,mle,246
6,459,mle,10
6,460,mle,17
6,461,mle,167
6,462,mle,1142
6,463,mle,139
6,464,mle,414
6,465,mle,203
6,466,mle,375
6,467,mle,322
6,468,mle,29
6,469,mle,137
6,470,mle,69
6,471,mle,828
6,472,mle,83
6,473,mle,51
6,474,mle,90
6,475,mle,272
6,476,mle,333
6,477,mle,168
6,478,mle,317
6,479,mle,161
6,480,mle,445
6,481,mle,174
6,482,mle,250
6,483,mle,44
6,484,mle,447
6,485,mle,323
6,486,mle,307
6,487,mle,55
6,488,mle,102
6,489,mle,8
6,490,mle,362
6,491,mle,6
6,492,mle,323
6,493,mle,224
6,494,mle,669
6,495,mle,154
6,496,mle,18
6,497,mle,358
6,498,mle,311
6,499,mle,9
6,500,mle,44
6,501,mle,177
6,502,mle,564
6,503,mle,266
6,504,mle,117
6,505,mle,429
6,506,mle,52
6,507,mle,127
6,508,mle,226
6,509,mle,7
6,510,mle,87
6,511,mle,17
6,512,mle,83
6,513,mle,753
6,514,mle,327
6,515,mle,554
6,516,mle,335
6,517,mle,244
6,518,mle,435
6,519,mle,821
6,520,mle,174
6,521,mle,527
6,522,mle,294
6,523,mle,250
6,524,mle,174
6,525,mle,153
6,526,mle,250
6,527,mle,12
6,528,mle,89
6,529,mle,123
6,530,mle,14
6,531,mle,170
6,532,mle,279
6,533,mle,177
6,534,mle,228
6,535,mle,689
6,536,mle,31
6,537,mle,101
6,538,mle,57
6,539,mle,134
6,540,mle,482
6,541,mle,112
6,542,mle,201
6,543,mle,486
6,544,mle,293
6,545,mle,26
6,546,mle,770
6,547,mle,385
6,548,mle,372
6,549,mle,176
6,550,mle,358
6,551,mle,294
6,552,mle,251
6,553,mle,91
6,554,mle,351
6,555,mle,309
6,556,mle,110
6,557,mle,110
6,558,mle,315
6,559,mle,231
6,560,mle,168
6,561,mle,430
6,562,mle,200
6,563,mle,372
6,564,mle,119
6,565,mle,19
6,566,mle,4
6,567,mle,4
6,568,mle,60
6,569,mle,632
6,570,mle,101
6,571,mle,607
6,572,mle,85
6,573,mle,252
6,574,mle,17
6,575,mle,265
6,576,mle,169
6,577,mle,40
6,578,mle,191
6,579,mle,140
6,580,mle,484
6,581,mle,11
6,582,mle,168
6,583,mle,421
6,584,mle,403
6,585,mle,233
6,586,mle,62
6,587,mle,12
6,588,mle,256
6,589,mle,127
6,590,mle,464
6,591,mle,22
6,592,mle,250
6,593,mle,16
6,594,mle,197
6,595,mle,162
6,596,mle,155
6,597,mle,689
6,598,mle,122
6,599,mle,313
6,600,mle,149
6,601,mle,114
6,602,mle,109
6,603,mle,481
6,604,mle,8
6,605,mle,3
6,606,mle,502
6,607,mle,372
6,608,mle,12
6,609,mle,12
6,610,mle,38
6,611,mle,79
6,612,mle,410
6,613,mle,15
6,614,mle,430
6,615,mle,223
6,616,mle,328
6,617,mle,157
6,618,mle,265
6,619,mle,422
6,620,mle,478
6,621,mle,565
6,622,mle,10
6,623,mle,142
6,624,mle,43
6,625,mle,117
6,626,mle,158
6,627,mle,251
6,628,mle,244
6,629,mle,273
6,630,mle,199
6,631,mle,22
6,632,mle,137
6,633,mle,1246
6,634,mle,406
6,635,mle,201
6,636,mle,226
6,637,mle,742
6,638,mle,9
6,639,mle,149
6,640,mle,101
6,641,mle,4
6,642,mle,434
6,643,mle,55
6,644,mle,338
6,645,mle,515
6,646,mle,79
6,647,mle,13
6,648,mle,112
6,649,mle,132
6,650,mle,97
6,651,mle,189
6,652,mle,102
6,653,mle,250
6,654,mle,254
6,655,mle,567
6,656,mle,186
6,657,mle,53
6,658,mle,335
6,659,mle,12
6,660,mle,156
6,661,mle,28
6,662,mle,22
6,663,mle,178
6,664,mle,152
6,665,mle,292
6,666,mle,139
6,667,mle,245
6,668,mle,257
6,669,mle,114
6,670,mle,129
6,671,mle,151
6,672,mle,230
6,673,mle,234
6,674,mle,571
6,675,mle,273
6,676,mle,10
6,677,mle,774
6,678,mle,85
6,679,mle,80
6,680,mle,232
6,681,mle,133
6,682,mle,525
6,683,mle,74
6,684,mle,96
6,685,mle,103
6,686,mle,570
6,687,mle,78
6,688,mle,1057
6,689,mle,92
6,690,mle,692
6,691,mle,134
6,692,mle,172
6,693,mle,217
6,694,mle,550
6,695,mle,312
6,696,mle,5
6,697,mle,505
6,698,mle,213
6,699,mle,396
6,700,mle,318
6,701,mle,292
6,702,mle,56
6,703,mle,216
6,704,mle,21
6,705,mle,242
6,706,mle,575
6,707,mle,119
6,708,mle,252
6,709,mle,42
6,710,mle,180
6,711,mle,120
6,712,mle,58
6,713,mle,69
6,714,mle,663
6,715,mle,219
6,716,mle,507
6,717,mle,90
6,718,mle,8
6,719,mle,123
6,720,mle,271
6,721,mle,235
6,722,mle,108
6,723,mle,7
6,724,mle,64
6,725,mle,14
6,726,mle,134
6,727,mle,449
6,728,mle,174
6,729,mle,19
6,730,mle,147
6,731,mle,235
6,732,mle,20
6,733,mle,164
6,734,mle,141
6,735,mle,14
6,736,mle,158
6,737,mle,471
6,738,mle,358
6,739,mle,57
6,740,mle,219
6,741,mle,432
6,742,mle,111
6,743,mle,415
6,744,mle,321
6,745,mle,164
6,746,mle,146
6,747,mle,17
6,748,mle,152
6,749,mle,350
6,750,mle,16
6,751,mle,285
6,752,mle,48
6,753,mle,59
6,754,mle,33
6,755,mle,87
6,756,mle,10
6,757,mle,21
6,758,mle,12
6,759,mle,205
6,760,mle,970
6,761,mle,71
6,762,mle,258
6,763,mle,39
6,764,mle,227
6,765,mle,82
6,766,mle,317
6,767,mle,4
6,768,mle,181
6,769,mle,96
6,770,mle,249
6,771,mle,19
6,772,mle,200
6,773,mle,396
6,774,mle,248
6,775,mle,139
6,776,mle,105
6,777,mle,950
6,778,mle,133
6,779,mle,784
6,780,mle,61
6,781,mle,17
6,782,mle,433
6,783,mle,60
6,784,mle,319
6,785,mle,633
6,786,mle,396
6,787,mle,149
6,788,mle,232
6,789,mle,469
6,790,mle,8
6,791,mle,288
6,792,mle,121
6,793,mle,145
6,794,mle,177
6,795,mle,80
6,796,mle,696
6,797,mle,239
6,798,mle,472
6,799,mle,368
6,800,mle,7
6,801,mle,210
6,802,mle,127
6,803,mle,292
6,804,mle,386
6,805,mle,330
6,806,mle,82
6,807,mle,433
6,808,mle,131
6,809,mle,45
6,810,mle,200
6,811,mle,203
6,812,mle,140
6,813,mle,78
6,814,mle,138
6,815,mle,67
6,816,mle,75
6,817,mle,144
6,818,mle,193
6,819,mle,57
6,820,mle,76
6,821,mle,89
6,822,mle,127
6,823,mle,11
6,824,mle,92
6,825,mle,95
6,826,mle,84
6,827,mle,6
6,828,mle,178
6,829,mle,297
6,830,mle,540
6,831,mle,49
6,832,mle,150
6,833,mle,307
6,834,mle,365
6,835,mle,43
6,836,mle,85
6,837,mle,272
6,838,mle,94
6,839,mle,5
6,840,mle,143
6,841,mle,136
6,842,mle,8
6,843,mle,221
6,844,mle,124
6,845,mle,120
6,846,mle,33
6,847,mle,10
6,848,mle,126
6,849,mle,7
6,850,mle,10
6,851,mle,109
6,852,mle,249
6,853,mle,179
6,854,mle,76
6,855,mle,194
6,856,mle,422
6,857,mle,363
6,858,mle,11
6,859,mle,19
6,860,mle,230
6,861,mle,805
6,862,mle,251
6,863,mle,166
6,864,mle,5
6,865,mle,310
6,866,mle,249
6,867,mle,220
6,868,mle,80
6,869,mle,436
6,870,mle,363
6,871,mle,368
6,872,mle,8
6,873,mle,186
6,874,mle,25
6,875,mle,50
6,876,mle,270
6,877,mle,64
6,878,mle,121
6,879,mle,26
6,880,mle,133
6,881,mle,135
6,882,mle,197
6,883,mle,490
6,884,mle,142
6,885,mle,133
6,886,mle,214
6,887,mle,181
6,888,mle,267
6,889,mle,171
6,890,mle,95
6,891,mle,133
6,892,mle,460
6,893,mle,41
6,894,mle,180
6,895,mle,78
6,896,mle,92
6,897,mle,69
6,898,mle,175
6,899,mle,86
6,900,mle,268
6,901,mle,60
6,902,mle,135
6,903,mle,8
6,904,mle,182
6,905,mle,732
6,906,mle,538
6,907,mle,341
6,908,mle,212
6,909,mle,122
6,910,mle,4
6,911,mle,268
6,912,mle,145
6,913,mle,180
6,914,mle,229
6,915,mle,181
6,916,mle,123
6,917,mle,56
6,918,mle,313
6,919,mle,1073
6,920,mle,605
6,921,mle,180
6,922,mle,107
6,923,mle,60
6,924,mle,18
6,925,mle,225
6,926,mle,157
6,927,mle,124
6,928,mle,279
6,929,mle,13
6,930,mle,353
6,931,mle,1029
6,932,mle,82
6,933,mle,172
6,934,mle,160
6,935,mle,33
6,936,mle,150
6,937,mle,387
6,938,mle,941
6,939,mle,144
6,940,mle,398
6,941,mle,468
6,942,mle,747
6,943,mle,8
6,944,mle,178
6,945,mle,5
6,946,mle,150
6,947,mle,1109
6,948,mle,184
6,949,mle,448
6,950,mle,41
6,951,mle,35
6,952,mle,87
6,953,mle,73
6,954,mle,156
6,955,mle,228
6,956,mle,77
6,957,mle,177
6,958,mle,91
6,959,mle,97
6,960,mle,243
6,961,mle,11
6,962,mle,174
6,963,mle,150
6,964,mle,857
6,965,mle,5
6,966,mle,75
6,967,mle,597
6,968,mle,67
6,969,mle,85
6,970,mle,68
6,971,mle,101
6,972,mle,225
6,973,mle,117
6,974,mle,82
6,975,mle,243
6,976,mle,144
6,977,mle,353
6,978,mle,254
6,979,mle,250
6,980,mle,235
6,981,mle,48
6,982,mle,190
6,983,mle,142
6,984,mle,753
6,985,mle,75
6,986,mle,225
6,987,mle,888
6,988,mle,370
6,989,mle,149
6,990,mle,41
6,991,mle,403
6,992,mle,514
6,993,mle,187
6,994,mle,22
6,995,mle,333
6,996,mle,135
6,997,mle,13
6,998,mle,385
6,999,mle,247
6,1000,mle,696
8,1,mle,205
8,2,mle,141
8,3,mle,434
8,4,mle,231
8,5,mle,278
8,6,mle,307
8,7,mle,333
8,8,mle,411
8,9,mle,298
8,10,mle,188
8,11,mle,767
8,12,mle,187
8,13,mle,182
8,14,mle,20
8,15,mle,262
8,16,mle,64
8,17,mle,736
8,18,mle,268
8,19,mle,502
8,20,mle,364
8,21,mle,99
8,22,mle,165
8,23,mle,103
8,24,mle,193
8,25,mle,290
8,26,mle,927
8,27,mle,839
8,28,mle,578
8,29,mle,328
8,30,mle,242
8,31,mle,341
8,32,mle,387
8,33,mle,296
8,34,mle,390
8,35,mle,239
8,36,mle,80
8,37,mle,575
8,38,mle,622
8,39,mle,662
8,40,mle,619
8,41,mle,1349
8,42,mle,187
8,43,mle,277
8,44,mle,85
8,45,mle,899
8,46,mle,709
8,47,mle,127
8,48,mle,202
8,49,mle,183
8,50,mle,311
8,51,mle,136
8,52,mle,461
8,53,mle,388
8,54,mle,298
8,55,mle,494
8,56,mle,767
8,57,mle,121
8,58,mle,163
8,59,mle,760
8,60,mle,351
8,61,mle,1210
8,62,mle,776
8,63,mle,241
8,64,mle,363
8,65,mle,328
8,66,mle,981
8,67,mle,80
8,68,mle,214
8,69,mle,360
8,70,mle,616
8,71,mle,184
8,72,mle,60
8,73,mle,470
8,74,mle,221
8,75,mle,979
8,76,mle,611
8,77,mle,277
8,78,mle,186
8,79,mle,784
8,80,mle,471
8,81,mle,218
8,82,mle,282
8,83,mle,170
8,84,mle,386
8,85,mle,320
8,86,mle,88
8,87,mle,139
8,88,mle,343
8,89,mle,253
8,90,mle,571
8,91,mle,111
8,92,mle,650
8,93,mle,760
8,94,mle,223
8,95,mle,212
8,96,mle,82
8,97,mle,704
8,98,mle,133
8,99,mle,493
8,100,mle,60
8,101,mle,363
8,102,mle,1382
8,103,mle,247
8,104,mle,298
8,105,mle,12
8,106,mle,162
8,107,mle,351
8,108,mle,565
8,109,mle,476
8,110,mle,609
8,111,mle,311
8,112,mle,461
8,113,mle,84
8,114,mle,585
8,115,mle,118
8,116,mle,720
8,117,mle,77
8,118,mle,249
8,119,mle,182
8,120,mle,137
8,121,mle,359
8,122,mle,224
8,123,mle,622
8,124,mle,299
8,125,mle,23
8,126,mle,128
8,127,mle,196
8,128,mle,295
8,129,mle,972
8,130,mle,138
8,131,mle,275
8,132,mle,455
8,133,mle,509
8,134,mle,374
8,135,mle,176
8,136,mle,397
8,137,mle,560
8,138,mle,136
8,139,mle,102
8,140,mle,569
8,141,mle,342
8,142,mle,121
8,143,mle,7
8,144,mle,463
8,145,mle,527
8,146,mle,262
8,147,mle,141
8,148,mle,177
8,149,mle,236
8,150,mle,183
8,151,mle,227
8,152,mle,228
8,153,mle,363
8,154,mle,412
8,155,mle,104
8,156,mle,354
8,157,mle,998
8,158,mle,836
8,159,mle,21
8,160,mle,153
8,161,mle,308
8,162,mle,355
8,163,mle,41
8,164,mle,247
8,165,mle,291
8,166,mle,881
8,167,mle,114
8,168,mle,322
8,169,mle,20
8,170,mle,337
8,171,mle,99
8,172,mle,524
8,173,mle,15
8,174,mle,277
8,175,mle,525
8,176,mle,398
8,177,mle,191
8,178,mle,63
8,179,mle,123
8,180,mle,463
8,181,mle,719
8,182,mle,177
8,183,mle,78
8,184,mle,490
8,185,mle,564
8,186,mle,475
8,187,mle,635
8,188,mle,1170
8,189,mle,395
8,190,mle,530
8,191,mle,322
8,192,mle,214
8,193,mle,734
8,194,mle,101
8,195,mle,415
8,196,mle,267
8,197,mle,206
8,198,mle,98
8,199,mle,573
8,200,mle,67
8,201,mle,153
8,202,mle,245
8,203,mle,323
8,204,mle,508
8,205,mle,17
8,206,mle,89
8,207,mle,551
8,208,mle,543
8,209,mle,75
8,210,mle,18
8,211,mle,879
8,212,mle,303
8,213,mle,177
8,214,mle,436
8,215,mle,1011
8,216,mle,14
8,217,mle,154
8,218,mle,184
8,219,mle,259
8,220,mle,594
8,221,mle,498
8,222,mle,933
8,223,mle,503
8,224,mle,10
8,225,mle,8
8,226,mle,541
8,227,mle,400
8,228,mle,13
8,229,mle,425
8,230,mle,195
8,231,mle,544
8,232,mle,773
8,233,mle,588
8,234,mle,114
8,235,mle,600
8,236,mle,806
8,237,mle,67
8,238,mle,97
8,239,mle,129
8,240,mle,512
8,241,mle,581
8,242,mle,66
8,243,mle,134
8,244,mle,567
8,245,mle,187
8,246,mle,285
8,247,mle,568
8,248,mle,17
8,249,mle,38
8,250,mle,680
8,251,mle,215
8,252,mle,14
8,253,mle,255
8,254,mle,162
8,255,mle,362
8,256,mle,288
8,257,mle,677
8,258,mle,375
8,259,mle,543
8,260,mle,162
8,261,mle,237
8,262,mle,738
8,263,mle,5
8,264,mle,119
8,265,mle,339
8,266,mle,263
8,267,mle,256
8,268,mle,97
8,269,mle,436
8,270,mle,97
8,271,mle,358
8,272,mle,327
8,273,mle,161
8,274,mle,261
8,275,mle,606
8,276,mle,1018
8,277,mle,635
8,278,mle,669
8,279,mle,158
8,280,mle,203
8,281,mle,523
8,282,mle,398
8,283,mle,68
8,284,mle,27
8,285,mle,579
8,286,mle,454
8,287,mle,397
8,288,mle,197
8,289,mle,241
8,290,mle,45
8,291,mle,121
8,292,mle,187
8,293,mle,6
8,294,mle,813
8,295,mle,258
8,296,mle,173
8,297,mle,729
8,298,mle,544
8,299,mle,6
8,300,mle,282
8,301,mle,24
8,302,mle,529
8,303,mle,361
8,304,mle,131
8,305,mle,360
8,306,mle,508
8,307,mle,192
8,308,mle,172
8,309,mle,320
8,310,mle,118
8,311,mle,273
8,312,mle,1137
8,313,mle,249
8,314,mle,128
8,315,mle,226
8,316,mle,415
8,317,mle,218
8,318,mle,682
8,319,mle,255
8,320,mle,701
8,321,mle,151
8,322,mle,372
8,323,mle,360
8,324,mle,689
8,325,mle,432
8,326,mle,277
8,327,mle,282
8,328,mle,324
8,329,mle,635
8,330,mle,175
8,331,mle,32
8,332,mle,610
8,333,mle,224
8,334,mle,815
8,335,mle,91
8,336,mle,682
8,337,mle,568
8,338,mle,358
8,339,mle,680
8,340,mle,504
8,341,mle,303
8,342,mle,736
8,343,mle,342
8,344,mle,432
8,345,mle,311
8,346,mle,576
8,347,mle,878
8,348,mle,362
8,349,mle,217
8,350,mle,680
8,351,mle,166
8,352,mle,474
8,353,mle,520
8,354,mle,509
8,355,mle,137
8,356,mle,732
8,357,mle,244
8,358,mle,686
8,359,mle,99
8,360,mle,91
8,361,mle,560
8,362,mle,510
8,363,mle,443
8,364,mle,9
8,365,mle,230
8,366,mle,104
8,367,mle,71
8,368,mle,395
8,369,mle,712
8,370,mle,290
8,371,mle,1221
8,372,mle,250
8,373,mle,671
8,374,mle,481
8,375,mle,187
8,376,mle,271
8,377,mle,105
8,378,mle,68
8,379,mle,422
8,380,mle,566
8,381,mle,430
8,382,mle,75
8,383,mle,173
8,384,mle,532
8,385,mle,235
8,386,mle,9
8,387,mle,146
8,388,mle,131
8,389,mle,554
8,390,mle,262
8,391,mle,431
8,392,mle,53
8,393,mle,229
8,394,mle,91
8,395,mle,941
8,396,mle,164
8,397,mle,549
8,398,mle,87
8,399,mle,366
8,400,mle,208
8,401,mle,604
8,402,mle,395
8,403,mle,284
8,404,mle,440
8,405,mle,57
8,406,mle,105
8,407,mle,401
8,408,mle,1086
8,409,mle,950
8,410,mle,11
8,411,mle,197
8,412,mle,289
8,413,mle,195
8,414,mle,84
8,415,mle,264
8,416,mle,1269
8,417,mle,522
8,418,mle,478
8,419,mle,514
8,420,mle,229
8,421,mle,165
8,422,mle,552
8,423,mle,281
8,424,mle,318
8,425,mle,413
8,426,mle,341
8,427,mle,16
8,428,mle,15
8,429,mle,209
8,430,mle,152
8,431,mle,540
8,432,mle,330
8,433,mle,627
8,434,mle,344
8,435,mle,117
8,436,mle,94
8,437,mle,792
8,438,mle,329
8,439,mle,270
8,440,mle,791
8,441,mle,98
8,442,mle,331
8,443,mle,870
8,444,mle,184
8,445,mle,839
8,446,mle,278
8,447,mle,386
8,448,mle,395
8,449,mle,337
8,450,mle,284
8,451,mle,423
8,452,mle,392
8,453,mle,415
8,454,mle,24
8,455,mle,327
8,456,mle,275
8,457,mle,445
8,458,mle,103
8,459,mle,99
8,460,mle,142
8,461,mle,1620
8,462,mle,677
8,463,mle,227
8,464,mle,248
8,465,mle,558
8,466,mle,858
8,467,mle,52
8,468,mle,978
8,469,mle,206
8,470,mle,286
8,471,mle,159
8,472,mle,70
8,473,mle,60
8,474,mle,417
8,475,mle,466
8,476,mle,220
8,477,mle,810
8,478,mle,13
8,479,mle,527
8,480,mle,589
8,481,mle,167
8,482,mle,316
8,483,mle,632
8,484,mle,168
8,485,mle,360
8,486,mle,439
8,487,mle,293
8,488,mle,240
8,489,mle,912
8,490,mle,358
8,491,mle,216
8,492,mle,506
8,493,mle,256
8,494,mle,607
8,495,mle,85
8,496,mle,270
8,497,mle,310
8,498,mle,637
8,499,mle,887
8,500,mle,1226
8,501,mle,331
8,502,mle,156
8,503,mle,56
8,504,mle,470
8,505,mle,239
8,506,mle,469
8,507,mle,141
8,508,mle,163
8,509,mle,897
8,510,mle,1106
8,511,mle,687
8,512,mle,168
8,513,mle,280
8,514,mle,237
8,515,mle,62
8,516,mle,804
8,517,mle,177
8,518,mle,45
8,519,mle,458
8,520,mle,476
8,521,mle,572
8,522,mle,125
8,523,mle,268
8,524,mle,313
8,525,mle,179
8,526,mle,2001
8,527,mle,167
8,528,mle,141
8,529,mle,116
8,530,mle,404
8,531,mle,779
8,532,mle,787
8,533,mle,166
8,534,mle,315
8,535,mle,262
8,536,mle,294
8,537,mle,98
8,538,mle,98
8,539,mle,170
8,540,mle,239
8,541,mle,349
8,542,mle,201
8,543,mle,7
8,544,mle,310
8,545,mle,200
8,546,mle,112
8,547,mle,183
8,548,mle,289
8,549,mle,184
8,550,mle,178
8,551,mle,209
8,552,mle,1388
8,553,mle,11
8,554,mle,1569
8,555,mle,232
8,556,mle,549
8,557,mle,112
8,558,mle,441
8,559,mle,308
8,560,mle,363
8,561,mle,20
8,562,mle,591
8,563,mle,19
8,564,mle,838
8,565,mle,91
8,566,mle,407
8,567,mle,700
8,568,mle,143
8,569,mle,295
8,570,mle,172
8,571,mle,8
8,572,mle,240
8,573,mle,404
8,574,mle,131
8,575,mle,115
8,576,mle,730
8,577,mle,766
8,578,mle,12
8,579,mle,246
8,580,mle,238
8,581,mle,515
8,582,mle,253
8,583,mle,494
8,584,mle,146
8,585,mle,724
8,586,mle,326
8,587,mle,500
8,588,mle,698
8,589,mle,102
8,590,mle,199
8,591,mle,968
8,592,mle,112
8,593,mle,585
8,594,mle,487
8,595,mle,369
8,596,mle,605
8,597,mle,458
8,598,mle,140
8,599,mle,535
8,600,mle,234
8,601,mle,200
8,602,mle,510
8,603,mle,1135
8,604,mle,192
8,605,mle,14
8,606,mle,924
8,607,mle,169
8,608,mle,220
8,609,mle,114
8,610,mle,434
8,611,mle,82
8,612,mle,168
8,613,mle,442
8,614,mle,542
8,615,mle,227
8,616,mle,76
8,617,mle,400
8,618,mle,246
8,619,mle,1180
8,620,mle,225
8,621,mle,463
8,622,mle,15
8,623,mle,463
8,624,mle,506
8,625,mle,99
8,626,mle,213
8,627,mle,138
8,628,mle,519
8,629,mle,119
8,630,mle,48
8,631,mle,296
8,632,mle,209
8,633,mle,377
8,634,mle,140
8,635,mle,111
8,636,mle,109
8,637,mle,234
8,638,mle,121
8,639,mle,250
8,640,mle,140
8,641,mle,67
8,642,mle,269
8,643,mle,288
8,644,mle,750
8,645,mle,505
8,646,mle,114
8,647,mle,390
8,648,mle,518
8,649,mle,348
8,650,mle,66
8,651,mle,392
8,652,mle,101
8,653,mle,1214
8,654,mle,318
8,655,mle,645
8,656,mle,12
8,657,mle,644
8,658,mle,204
8,659,mle,176
8,660,mle,793
8,661,mle,155
8,662,mle,135
8,663,mle,536
8,664,mle,28
8,665,mle,544
8,666,mle,110
8,667,mle,440
8,668,mle,461
8,669,mle,260
8,670,mle,282
8,671,mle,460
8,672,mle,147
8,673,mle,787
8,674,mle,363
8,675,mle,5
8,676,mle,348
8,677,mle,389
8,678,mle,688
8,679,mle,488
8,680,mle,503
8,681,mle,229
8,682,mle,109
8,683,mle,53
8,684,mle,171
8,685,mle,204
8,686,mle,156
8,687,mle,400
8,688,mle,161
8,689,mle,167
8,690,mle,241
8,691,mle,432
8,692,mle,426
8,693,mle,86
8,694,mle,180
8,695,mle,794
8,696,mle,926
8,697,mle,123
8,698,mle,299
8,699,mle,295
8,700,mle,691
8,701,mle,343
8,702,mle,474
8,703,mle,128
8,704,mle,477
8,705,mle,1591
8,706,mle,86
8,707,mle,36
8,708,mle,215
8,709,mle,1005
8,710,mle,247
8,711,mle,389
8,712,mle,440
8,713,mle,248
8,714,mle,477
8,715,mle,128
8,716,mle,157
8,717,mle,338
8,718,mle,967
8,719,mle,413
8,720,mle,460
8,721,mle,224
8,722,mle,342
8,723,mle,389
8,724,mle,108
8,725,mle,324
8,726,mle,661
8,727,mle,345
8,728,mle,277
8,729,mle,330
8,730,mle,173
8,731,mle,338
8,732,mle,457
8,733,mle,211
8,734,mle,85
8,735,mle,342
8,736,mle,293
8,737,mle,705
8,738,mle,586
8,739,mle,296
8,740,mle,183
8,741,mle,288
8,742,mle,551
8,743,mle,159
8,744,mle,399
8,745,mle,169
8,746,mle,528
8,747,mle,1185
8,748,mle,242
8,749,mle,114
8,750,mle,107
8,751,mle,682
8,752,mle,177
8,753,mle,41
8,754,mle,175
8,755,mle,249
8,756,mle,191
8,757,mle,147
8,758,mle,153
8,759,mle,396
8,760,mle,365
8,761,mle,250
8,762,mle,89
8,763,mle,112
8,764,mle,332
8,765,mle,1473
8,766,mle,183
8,767,mle,691
8,768,mle,105
8,769,mle,161
8,770,mle,50
8,771,mle,653
8,772,mle,167
8,773,mle,471
8,774,mle,265
8,775,mle,326
8,776,mle,9
8,777,mle,89
8,778,mle,217
8,779,mle,377
8,780,mle,446
8,781,mle,819
8,782,mle,215
8,783,mle,162
8,784,mle,320
8,785,mle,670
8,786,mle,406
8,787,mle,566
8,788,mle,12
8,789,mle,192
8,790,mle,1211
8,791,mle,351
8,792,mle,251
8,793,mle,144
8,794,mle,277
8,795,mle,441
8,796,mle,482
8,797,mle,263
8,798,mle,162
8,799,mle,284
8,800,mle,44
8,801,mle,447
8,802,mle,777
8,803,mle,821
8,804,mle,495
8,805,mle,286
8,806,mle,134
8,807,mle,241
8,808,mle,532
8,809,mle,283
8,810,mle,146
8,811,mle,792
8,812,mle,662
8,813,mle,534
8,814,mle,248
8,815,mle,461
8,816,mle,181
8,817,mle,230
8,818,mle,161
8,819,mle,167
8,820,mle,323
8,821,mle,531
8,822,mle,265
8,823,mle,284
8,824,mle,162
8,825,mle,146
8,826,mle,592
8,827,mle,116
8,828,mle,571
8,829,mle,24
8,830,mle,752
8,831,mle,369
8,832,mle,72
8,833,mle,179
8,834,mle,209
8,835,mle,1182
8,836,mle,717
8,837,mle,188
8,838,mle,901
8,839,mle,130
8,840,mle,427
8,841,mle,634
8,842,mle,227
8,843,mle,618
8,844,mle,438
8,845,mle,490
8,846,mle,381
8,847,mle,309
8,848,mle,416
8,849,mle,84
8,850,mle,101
8,851,mle,734
8,852,mle,1141
8,853,mle,118
8,854,mle,92
8,855,mle,129
8,856,mle,317
8,857,mle,871
8,858,mle,346
8,859,mle,225
8,860,mle,246
8,861,mle,1347
8,862,mle,204
8,863,mle,333
8,864,mle,402
8,865,mle,96
8,866,mle,305
8,867,mle,239
8,868,mle,104
8,869,mle,202
8,870,mle,343
8,871,mle,85
8,872,mle,523
8,873,mle,184
8,874,mle,234
8,875,mle,607
8,876,mle,507
8,877,mle,187
8,878,mle,704
8,879,mle,11
8,880,mle,271
8,881,mle,436
8,882,mle,174
8,883,mle,451
8,884,mle,12
8,885,mle,1286
8,886,mle,381
8,887,mle,383
8,888,mle,204
8,889,mle,470
8,890,mle,263
8,891,mle,955
8,892,mle,201
8,893,mle,477
8,894,mle,205
8,895,mle,806
8,896,mle,222
8,897,mle,150
8,898,mle,293
8,899,mle,475
8,900,mle,137
8,901,mle,567
8,902,mle,266
8,903,mle,72
8,904,mle,240
8,905,mle,12
8,906,mle,380
8,907,mle,216
8,908,mle,1072
8,909,mle,369
8,910,mle,400
8,911,mle,641
8,912,mle,206
8,913,mle,282
8,914,mle,251
8,915,mle,234
8,916,mle,195
8,917,mle,136
8,918,mle,185
8,919,mle,133
8,920,mle,315
8,921,mle,227
8,922,mle,759
8,923,mle,156
8,924,mle,155
8,925,mle,338
8,926,mle,168
8,927,mle,266
8,928,mle,412
8,929,mle,469
8,930,mle,349
8,931,mle,91
8,932,mle,451
8,933,mle,316
8,934,mle,518
8,935,mle,154
8,936,mle,720
8,937,mle,287
8,938,mle,189
8,939,mle,170
8,940,mle,298
8,941,mle,235
8,942,mle,293
8,943,mle,121
8,944,mle,250
8,945,mle,318
8,946,mle,340
8,947,mle,1124
8,948,mle,1103
8,949,mle,147
8,950,mle,156
8,951,mle,18
8,952,mle,725
8,953,mle,545
8,954,mle,321
8,955,mle,321
8,956,mle,25
8,957,mle,740
8,958,mle,10
8,959,mle,232
8,960,mle,551
8,961,mle,625
8,962,mle,692
8,963,mle,280
8,964,mle,602
8,965,mle,319
8,966,mle,606
8,967,mle,200
8,968,mle,96
8,969,mle,358
8,970,mle,329
8,971,mle,497
8,972,mle,307
8,973,mle,737
8,974,mle,368
8,975,mle,214
8,976,mle,449
8,977,mle,261
8,978,mle,241
8,979,mle,987
8,980,mle,881
8,981,mle,495
8,982,mle,742
8,983,mle,140
8,984,mle,306
8,985,mle,593
8,986,mle,1383
8,987,mle,226
8,988,mle,941
8,989,mle,1086
8,990,mle,262
8,991,mle,179
8,992,mle,200
8,993,mle,235
8,994,mle,508
8,995,mle,444
8,996,mle,193
8,997,mle,186
8,998,mle,289
8,999,mle,139
8,1000,mle,1859
10,1,mle,188
10,2,mle,285
10,3,mle,168
10,4,mle,647
10,5,mle,1521
10,6,mle,1767
10,7,mle,771
10,8,mle,524
10,9,mle,428
10,10,mle,862
10,11,mle,645
10,12,mle,135
10,13,mle,425
10,14,mle,906
10,15,mle,488
10,16,mle,307
10,17,mle,816
10,18,mle,670
10,19,mle,400
10,20,mle,95
10,21,mle,294
10,22,mle,362
10,23,mle,1377
10,24,mle,292
10,25,mle,634
10,26,mle,152
10,27,mle,265
10,28,mle,748
10,29,mle,403
10,30,mle,383
10,31,mle,125
10,32,mle,666
10,33,mle,266
10,34,mle,776
10,35,mle,1228
10,36,mle,1056
10,37,mle,827
10,38,mle,271
10,39,mle,77
10,40,mle,377
10,41,mle,1170
10,42,mle,128
10,43,mle,530
10,44,mle,236
10,45,mle,461
10,46,mle,860
10,47,mle,638
10,48,mle,407
10,49,mle,881
10,50,mle,81
10,51,mle,573
10,52,mle,71
10,53,mle,1517
10,54,mle,277
10,55,mle,167
10,56,mle,185
10,57,mle,625
10,58,mle,142
10,59,mle,683
10,60,mle,605
10,61,mle,330
10,62,mle,151
10,63,mle,286
10,64,mle,472
10,65,mle,458
10,66,mle,235
10,67,mle,371
10,68,mle,136
10,69,mle,1044
10,70,mle,636
10,71,mle,394
10,72,mle,235
10,73,mle,337
10,74,mle,700
10,75,mle,205
10,76,mle,363
10,77,mle,80
10,78,mle,875
10,79,mle,1362
10,80,mle,1042
10,81,mle,428
10,82,mle,524
10,83,mle,373
10,84,mle,682
10,85,mle,741
10,86,mle,272
10,87,mle,82
10,88,mle,312
10,89,mle,301
10,90,mle,1018
10,91,mle,469
10,92,mle,60
10,93,mle,1213
10,94,mle,233
10,95,mle,561
10,96,mle,983
10,97,mle,494
10,98,mle,532
10,99,mle,431
10,100,mle,146
10,101,mle,243
10,102,mle,1926
10,103,mle,107
10,104,mle,316
10,105,mle,301
10,106,mle,210
10,107,mle,580
10,108,mle,124
10,109,mle,669
10,110,mle,251
10,111,mle,557
10,112,mle,1012
10,113,mle,1078
10,114,mle,668
10,115,mle,318
10,116,mle,187
10,117,mle,485
10,118,mle,348
10,119,mle,671
10,120,mle,585
10,121,mle,355
10,122,mle,340
10,123,mle,649
10,124,mle,26
10,125,mle,321
10,126,mle,732
10,127,mle,287
10,128,mle,112
10,129,mle,126
10,130,mle,201
10,131,mle,351
10,132,mle,778
10,133,mle,141
10,134,mle,474
10,135,mle,663
10,136,mle,958
10,137,mle,64
10,138,mle,1072
10,139,mle,508
10,140,mle,272
10,141,mle,309
10,142,mle,337
10,143,mle,247
10,144,mle,505
10,145,mle,342
10,146,mle,651
10,147,mle,604
10,148,mle,121
10,149,mle,322
10,150,mle,1208
10,151,mle,513
10,152,mle,562
10,153,mle,726
10,154,mle,1001
10,155,mle,206
10,156,mle,333
10,157,mle,91
10,158,mle,184
10,159,mle,1051
10,160,mle,261
10,161,mle,547
10,162,mle,208
10,163,mle,1505
10,164,mle,347
10,165,mle,950
10,166,mle,881
10,167,mle,266
10,168,mle,63
10,169,mle,471
10,170,mle,228
10,171,mle,153
10,172,mle,10
10,173,mle,726
10,174,mle,360
10,175,mle,495
10,176,mle,136
10,177,mle,945
10,178,mle,621
10,179,mle,1117
10,180,mle,417
10,181,mle,158
10,182,mle,975
10,183,mle,49
10,184,mle,427
10,185,mle,976
10,186,mle,993
10,187,mle,76
10,188,mle,492
10,189,mle,492
10,190,mle,180
10,191,mle,349
10,192,mle,525
10,193,mle,387
10,194,mle,984
10,195,mle,432
10,196,mle,64
10,197,mle,300
10,198,mle,293
10,199,mle,569
10,200,mle,244
10,201,mle,763
10,202,mle,422
10,203,mle,676
10,204,mle,98
10,205,mle,560
10,206,mle,1192
10,207,mle,1148
10,208,mle,147
10,209,mle,1072
10,210,mle,185
10,211,mle,688
10,212,mle,1130
10,213,mle,668
10,214,mle,545
10,215,mle,257
10,216,mle,565
10,217,mle,441
10,218,mle,219
10,219,mle,767
10,220,mle,461
10,221,mle,947
10,222,mle,120
10,223,mle,705
10,224,mle,578
10,225,mle,144
10,226,mle,1409
10,227,mle,947
10,228,mle,151
10,229,mle,760
10,230,mle,511
10,231,mle,155
10,232,mle,279
10,233,mle,251
10,234,mle,286
10,235,mle,500
10,236,mle,1179
10,237,mle,312
10,238,mle,399
10,239,mle,449
10,240,mle,229
10,241,mle,844
10,242,mle,538
10,243,mle,481
10,244,mle,655
10,245,mle,570
10,246,mle,800
10,247,mle,652
10,248,mle,388
10,249,mle,1109
10,250,mle,423
10,251,mle,334
10,252,mle,986
10,253,mle,159
10,254,mle,190
10,255,mle,454
10,256,mle,570
10,257,mle,594
10,258,mle,475
10,259,mle,794
10,260,mle,167
10,261,mle,500
10,262,mle,794
10,263,mle,343
10,264,mle,398
10,265,mle,1469
10,266,mle,480
10,267,mle,227
10,268,mle,212
10,269,mle,171
10,270,mle,242
10,271,mle,665
10,272,mle,714
10,273,mle,640
10,274,mle,325
10,275,mle,344
10,276,mle,291
10,277,mle,171
10,278,mle,264
10,279,mle,353
10,280,mle,1324
10,281,mle,508
10,282,mle,245
10,283,mle,216
10,284,mle,178
10,285,mle,1004
10,286,mle,292
10,287,mle,699
10,288,mle,244
10,289,mle,380
10,290,mle,234
10,291,mle,353
10,292,mle,110
10,293,mle,345
10,294,mle,489
10,295,mle,285
10,296,mle,246
10,297,mle,1254
10,298,mle,670
10,299,mle,633
10,300,mle,813
10,301,mle,402
10,302,mle,280
10,303,mle,609
10,304,mle,204
10,305,mle,306
10,306,mle,892
10,307,mle,572
10,308,mle,224
10,309,mle,886
10,310,mle,1320
10,311,mle,1271
10,312,mle,806
10,313,mle,208
10,314,mle,140
10,315,mle,349
10,316,mle,570
10,317,mle,419
10,318,mle,238
10,319,mle,769
10,320,mle,513
10,321,mle,427
10,322,mle,548
10,323,mle,713
10,324,mle,632
10,325,mle,656
10,326,mle,130
10,327,mle,352
10,328,mle,354
10,329,mle,283
10,330,mle,62
10,331,mle,495
10,332,mle,90
10,333,mle,189
10,334,mle,410
10,335,mle,390
10,336,mle,144
10,337,mle,590
10,338,mle,501
10,339,mle,663
10,340,mle,1305
10,341,mle,662
10,342,mle,403
10,343,mle,310
10,344,mle,563
10,345,mle,476
10,346,mle,119
10,347,mle,807
10,348,mle,151
10,349,mle,271
10,350,mle,1210
10,351,mle,241
10,352,mle,113
10,353,mle,901
10,354,mle,351
10,355,mle,237
10,356,mle,651
10,357,mle,164
10,358,mle,852
10,359,mle,520
10,360,mle,1991
10,361,mle,250
10,362,mle,109
10,363,mle,524
10,364,mle,556
10,365,mle,314
10,366,mle,331
10,367,mle,543
10,368,mle,427
10,369,mle,226
10,370,mle,450
10,371,mle,278
10,372,mle,99
10,373,mle,331
10,374,mle,1207
10,375,mle,549
10,376,mle,1010
10,377,mle,312
10,378,mle,136
10,379,mle,282
10,380,mle,475
10,381,mle,511
10,382,mle,10
10,383,mle,289
10,384,mle,615
10,385,mle,522
10,386,mle,410
10,387,mle,346
10,388,mle,145
10,389,mle,190
10,390,mle,136
10,391,mle,860
10,392,mle,226
10,393,mle,839
10,394,mle,657
10,395,mle,985
10,396,mle,266
10,397,mle,656
10,398,mle,278
10,399,mle,278
10,400,mle,156
10,401,mle,859
10,402,mle,800
10,403,mle,181
10,404,mle,276
10,405,mle,837
10,406,mle,160
10,407,mle,940
10,408,mle,443
10,409,mle,580
10,410,mle,692
10,411,mle,338
10,412,mle,591
10,413,mle,130
10,414,mle,299
10,415,mle,511
10,416,mle,352
10,417,mle,1324
10,418,mle,332
10,419,mle,600
10,420,mle,1296
10,421,mle,161
10,422,mle,429
10,423,mle,602
10,424,mle,937
10,425,mle,764
10,426,mle,302
10,427,mle,347
10,428,mle,591
10,429,mle,1074
10,430,mle,449
10,431,mle,427
10,432,mle,446
10,433,mle,1396
10,434,mle,507
10,435,mle,117
10,436,mle,782
10,437,mle,910
10,438,mle,48
10,439,mle,1596
10,440,mle,542
10,441,mle,768
10,442,mle,735
10,443,mle,779
10,444,mle,396
10,445,mle,276
10,446,mle,188
10,447,mle,531
10,448,mle,297
10,449,mle,273
10,450,mle,897
10,451,mle,385
10,452,mle,264
10,453,mle,899
10,454,mle,692
10,455,mle,202
10,456,mle,36
10,457,mle,396
10,458,mle,1265
10,459,mle,203
10,460,mle,364
10,461,mle,1092
10,462,mle,190
10,463,mle,742
10,464,mle,37
10,465,mle,195
10,466,mle,611
10,467,mle,467
10,468,mle,1118
10,469,mle,1311
10,470,mle,467
10,471,mle,41
10,472,mle,404
10,473,mle,361
10,474,mle,799
10,475,mle,568
10,476,mle,521
10,477,mle,421
10,478,mle,155
10,479,mle,166
10,480,mle,115
10,481,mle,691
10,482,mle,498
10,483,mle,583
10,484,mle,173
10,485,mle,376
10,486,mle,378
10,487,mle,242
10,488,mle,637
10,489,mle,181
10,490,mle,268
10,491,mle,897
10,492,mle,444
10,493,mle,496
10,494,mle,311
10,495,mle,361
10,496,mle,406
10,497,mle,370
10,498,mle,692
10,499,mle,202
10,500,mle,89
10,501,mle,172
10,502,mle,462
10,503,mle,865
10,504,mle,358
10,505,mle,205
10,506,mle,967
10,507,mle,377
10,508,mle,428
10,509,mle,329
10,510,mle,176
10,511,mle,9
10,512,mle,874
10,513,mle,349
10,514,mle,278
10,515,mle,101
10,516,mle,1027
10,517,mle,356
10,518,mle,144
10,519,mle,440
10,520,mle,216
10,521,mle,891
10,522,mle,125
10,523,mle,284
10,524,mle,1399
10,525,mle,552
10,526,mle,438
10,527,mle,1185
10,528,mle,645
10,529,mle,1312
10,530,mle,469
10,531,mle,473
10,532,mle,688
10,533,mle,129
10,534,mle,797
10,535,mle,520
10,536,mle,330
10,537,mle,1506
10,538,mle,1094
10,539,mle,342
10,540,mle,685
10,541,mle,129
10,542,mle,303
10,543,mle,340
10,544,mle,274
10,545,mle,515
10,546,mle,432
10,547,mle,384
10,548,mle,799
10,549,mle,717
10,550,mle,424
10,551,mle,15
10,552,mle,584
10,553,mle,675
10,554,mle,608
10,555,mle,311
10,556,mle,131
10,557,mle,180
10,558,mle,532
10,559,mle,831
10,560,mle,266
10,561,mle,507
10,562,mle,308
10,563,mle,117
10,564,mle,691
10,565,mle,16
10,566,mle,418
10,567,mle,1332
10,568,mle,647
10,569,mle,990
10,570,mle,385
10,571,mle,689
10,572,mle,360
10,573,mle,447
10,574,mle,513
10,575,mle,419
10,576,mle,212
10,577,mle,451
10,578,mle,155
10,579,mle,600
10,580,mle,1331
10,581,mle,132
10,582,mle,998
10,583,mle,582
10,584,mle,140
10,585,mle,158
10,586,mle,596
10,587,mle,20
10,588,mle,563
10,589,mle,338
10,590,mle,1594
10,591,mle,1104
10,592,mle,170
10,593,mle,781
10,594,mle,395
10,595,mle,1203
10,596,mle,510
10,597,mle,488
10,598,mle,336
10,599,mle,448
10,600,mle,469
10,601,mle,60
10,602,mle,243
10,603,mle,1121
10,604,mle,601
10,605,mle,485
10,606,mle,407
10,607,mle,557
10,608,mle,376
10,609,mle,403
10,610,mle,427
10,611,mle,439
10,612,mle,1163
10,613,mle,432
10,614,mle,147
10,615,mle,1536
10,616,mle,136
10,617,mle,279
10,618,mle,613
10,619,mle,288
10,620,mle,338
10,621,mle,268
10,622,mle,245
10,623,mle,288
10,624,mle,296
10,625,mle,781
10,626,mle,1164
10,627,mle,424
10,628,mle,133
10,629,mle,64
10,630,mle,731
10,631,mle,722
10,632,mle,520
10,633,mle,685
10,634,mle,341
10,635,mle,613
10,636,mle,229
10,637,mle,174
10,638,mle,554
10,639,mle,629
10,640,mle,612
10,641,mle,277
10,642,mle,887
10,643,mle,184
10,644,mle,492
10,645,mle,660
10,646,mle,291
10,647,mle,843
10,648,mle,286
10,649,mle,544
10,650,mle,123
10,651,mle,151
10,652,mle,304
10,653,mle,294
10,654,mle,591
10,655,mle,476
10,656,mle,756
10,657,mle,1234
10,658,mle,355
10,659,mle,680
10,660,mle,630
10,661,mle,338
10,662,mle,527
10,663,mle,521
10,664,mle,415
10,665,mle,307
10,666,mle,431
10,667,mle,817
10,668,mle,135
10,669,mle,665
10,670,mle,961
10,671,mle,904
10,672,mle,826
10,673,mle,553
10,674,mle,531
10,675,mle,188
10,676,mle,577
10,677,mle,200
10,678,mle,358
10,679,mle,369
10,680,mle,495
10,681,mle,377
10,682,mle,574
10,683,mle,30
10,684,mle,240
10,685,mle,823
10,686,mle,169
10,687,mle,570
10,688,mle,680
10,689,mle,93
10,690,mle,350
10,691,mle,746
10,692,mle,567
10,693,mle,236
10,694,mle,898
10,695,mle,925
10,696,mle,646
10,697,mle,310
10,698,mle,195
10,699,mle,532
10,700,mle,116
10,701,mle,753
10,702,mle,607
10,703,mle,416
10,704,mle,592
10,705,mle,516
10,706,mle,201
10,707,mle,1469
10,708,mle,209
10,709,mle,297
10,710,mle,350
10,711,mle,359
10,712,mle,388
10,713,mle,185
10,714,mle,507
10,715,mle,266
10,716,mle,346
10,717,mle,730
10,718,mle,172
10,719,mle,299
10,720,mle,267
10,721,mle,335
10,722,mle,992
10,723,mle,380
10,724,mle,373
10,725,mle,151
10,726,mle,485
10,727,mle,264
10,728,mle,125
10,729,mle,274
10,730,mle,471
10,731,mle,336
10,732,mle,470
10,733,mle,537
10,734,mle,740
10,735,mle,195
10,736,mle,801
10,737,mle,524
10,738,mle,492
10,739,mle,187
10,740,mle,622
10,741,mle,67
10,742,mle,122
10,743,mle,450
10,744,mle,933
10,745,mle,624
10,746,mle,439
10,747,mle,239
10,748,mle,72
10,749,mle,446
10,750,mle,649
10,751,mle,369
10,752,mle,960
10,753,mle,863
10,754,mle,957
10,755,mle,288
10,756,mle,513
10,757,mle,426
10,758,mle,825
10,759,mle,326
10,760,mle,248
10,761,mle,598
10,762,mle,609
10,763,mle,1169
10,764,mle,465
10,765,mle,114
10,766,mle,193
10,767,mle,265
10,768,mle,1241
10,769,mle,568
10,770,mle,767
10,771,mle,434
10,772,mle,116
10,773,mle,577
10,774,mle,1551
10,775,mle,515
10,776,mle,107
10,777,mle,106
10,778,mle,429
10,779,mle,782
10,780,mle,309
10,781,mle,1701
10,782,mle,226
10,783,mle,921
10,784,mle,693
10,785,mle,972
10,786,mle,320
10,787,mle,250
10,788,mle,175
10,789,mle,192
10,790,mle,47
10,791,mle,879
10,792,mle,394
10,793,mle,332
10,794,mle,619
10,795,mle,313
10,796,mle,221
10,797,mle,342
10,798,mle,236
10,799,mle,88
10,800,mle,571
10,801,mle,410
10,802,mle,108
10,803,mle,1522
10,804,mle,976
10,805,mle,219
10,806,mle,312
10,807,mle,392
10,808,mle,378
10,809,mle,262
10,810,mle,18
10,811,mle,534
10,812,mle,297
10,813,mle,537
10,814,mle,824
10,815,mle,232
10,816,mle,119
10,817,mle,214
10,818,mle,151
10,819,mle,1010
10,820,mle,654
10,821,mle,1760
10,822,mle,543
10,823,mle,329
10,824,mle,908
10,825,mle,339
10,826,mle,399
10,827,mle,1298
10,828,mle,253
10,829,mle,655
10,830,mle,324
10,831,mle,299
10,832,mle,337
10,833,mle,207
10,834,mle,92
10,835,mle,282
10,836,mle,1149
10,837,mle,511
10,838,mle,1187
10,839,mle,441
10,840,mle,1043
10,841,mle,568
10,842,mle,194
10,843,mle,945
10,844,mle,1000
10,845,mle,180
10,846,mle,588
10,847,mle,670
10,848,mle,724
10,849,mle,1004
10,850,mle,777
10,851,mle,168
10,852,mle,435
10,853,mle,302
10,854,mle,474
10,855,mle,273
10,856,mle,1111
10,857,mle,92
10,858,mle,358
10,859,mle,476
10,860,mle,270
10,861,mle,764
10,862,mle,327
10,863,mle,307
10,864,mle,524
10,865,mle,301
10,866,mle,730
10,867,mle,23
10,868,mle,665
10,869,mle,414
10,870,mle,379
10,871,mle,247
10,872,mle,924
10,873,mle,27
10,874,mle,243
10,875,mle,82
10,876,mle,409
10,877,mle,484
10,878,mle,456
10,879,mle,533
10,880,mle,359
10,881,mle,686
10,882,mle,696
10,883,mle,1056
10,884,mle,441
10,885,mle,163
10,886,mle,410
10,887,mle,255
10,888,mle,364
10,889,mle,524
10,890,mle,159
10,891,mle,626
10,892,mle,623
10,893,mle,653
10,894,mle,56
10,895,mle,749
10,896,mle,402
10,897,mle,383
10,898,mle,96
10,899,mle,201
10,900,mle,601
10,901,mle,750
10,902,mle,663
10,903,mle,212
10,904,mle,640
10,905,mle,191
10,906,mle,121
10,907,mle,258
10,908,mle,487
10,909,mle,1008
10,910,mle,422
10,911,mle,320
10,912,mle,356
10,913,mle,198
10,914,mle,300
10,915,mle,420
10,916,mle,81
10,917,mle,221
10,918,mle,432
10,919,mle,232
10,920,mle,515
10,921,mle,215
10,922,mle,209
10,923,mle,508
10,924,mle,365
10,925,mle,464
10,926,mle,349
10,927,mle,254
10,928,mle,121
10,929,mle,323
10,930,mle,673
10,931,mle,222
10,932,mle,1664
10,933,mle,430
10,934,mle,1121
10,935,mle,1695
10,936,mle,139
10,937,mle,155
10,938,mle,331
10,939,mle,1246
10,940,mle,319
10,941,mle,233
10,942,mle,102
10,943,mle,471
10,944,mle,181
10,945,mle,376
10,946,mle,516
10,947,mle,1464
10,948,mle,516
10,949,mle,358
10,950,mle,542
10,951,mle,348
10,952,mle,344
10,953,mle,982
10,954,mle,174
10,955,mle,1116
10,956,mle,130
10,957,mle,895
10,958,mle,393
10,959,mle,460
10,960,mle,307
10,961,mle,139
10,962,mle,1438
10,963,mle,550
10,964,mle,881
10,965,mle,72
10,966,mle,183
10,967,mle,190
10,968,mle,740
10,969,mle,592
10,970,mle,109
10,971,mle,35
10,972,mle,456
10,973,mle,375
10,974,mle,154
10,975,mle,656
10,976,mle,317
10,977,mle,293
10,978,mle,438
10,979,mle,299
10,980,mle,108
10,981,mle,463
10,982,mle,754
10,983,mle,1289
10,984,mle,686
10,985,mle,208
10,986,mle,299
10,987,mle,395
10,988,mle,337
10,989,mle,411
10,990,mle,723
10,991,mle,639
10,992,mle,199
10,993,mle,630
10,994,mle,770
10,995,mle,872
10,996,mle,1320
10,997,mle,773
10,998,mle,609
10,999,mle,318
10,1000,mle,473
12,1,mle,1230
12,2,mle,828
12,3,mle,1443
12,4,mle,741
12,5,mle,542
12,6,mle,622
12,7,mle,773
12,8,mle,617
12,9,mle,211
12,10,mle,808
12,11,mle,224
12,12,mle,262
12,13,mle,1045
12,14,mle,202
12,15,mle,514
12,16,mle,302
12,17,mle,678
12,18,mle,543
12,19,mle,164
12,20,mle,283
12,21,mle,1457
12,22,mle,400
12,23,mle,165
12,24,mle,149
12,25,mle,729
12,26,mle,633
12,27,mle,235
12,28,mle,494
12,29,mle,1506
12,30,mle,415
12,31,mle,881
12,32,mle,665
12,33,mle,569
12,34,mle,921
12,35,mle,442
12,36,mle,235
12,37,mle,507
12,38,mle,160
12,39,mle,54
12,40,mle,1165
12,41,mle,1133
12,42,mle,1699
12,43,mle,477
12,44,mle,589
12,45,mle,259
12,46,mle,796
12,47,mle,285
12,48,mle,471
12,49,mle,671
12,50,mle,702
12,51,mle,593
12,52,mle,723
12,53,mle,314
12,54,mle,2255
12,55,mle,396
12,56,mle,897
12,57,mle,161
12,58,mle,381
12,59,mle,533
12,60,mle,240
12,61,mle,576
12,62,mle,501
12,63,mle,1547
12,64,mle,214
12,65,mle,403
12,66,mle,697
12,67,mle,195
12,68,mle,315
12,69,mle,492
12,70,mle,179
12,71,mle,797
12,72,mle,977
12,73,mle,501
12,74,mle,634
12,75,mle,342
12,76,mle,506
12,77,mle,1067
12,78,mle,838
12,79,mle,155
12,80,mle,749
12,81,mle,1063
12,82,mle,493
12,83,mle,391
12,84,mle,298
12,85,mle,633
12,86,mle,1192
12,87,mle,373
12,88,mle,163
12,89,mle,1171
12,90,mle,103
12,91,mle,697
12,92,mle,23
12,93,mle,1562
12,94,mle,299
12,95,mle,139
12,96,mle,273
12,97,mle,201
12,98,mle,209
12,99,mle,313
12,100,mle,412
12,101,mle,89
12,102,mle,1049
12,103,mle,623
12,104,mle,222
12,105,mle,1478
12,106,mle,810
12,107,mle,366
12,108,mle,223
12,109,mle,678
12,110,mle,370
12,111,mle,434
12,112,mle,185
12,113,mle,639
12,114,mle,505
12,115,mle,725
12,116,mle,523
12,117,mle,2197
12,118,mle,495
12,119,mle,545
12,120,mle,1203
12,121,mle,196
12,122,mle,1059
12,123,mle,687
12,124,mle,440
12,125,mle,759
12,126,mle,708
12,127,mle,981
12,128,mle,136
12,129,mle,812
12,130,mle,262
12,131,mle,477
12,132,mle,505
12,133,mle,1334
12,134,mle,604
12,135,mle,596
12,136,mle,648
12,137,mle,938
12,138,mle,689
12,139,mle,1046
12,140,mle,465
12,141,mle,221
12,142,mle,630
12,143,mle,722
12,144,mle,472
12,145,mle,217
12,146,mle,791
12,147,mle,1488
12,148,mle,711
12,149,mle,267
12,150,mle,422
12,151,mle,986
12,152,mle,655
12,153,mle,282
12,154,mle,1536
12,155,mle,745
12,156,mle,309
12,157,mle,968
12,158,mle,172
12,159,mle,635
12,160,mle,727
12,161,mle,616
12,162,mle,345
12,163,mle,1254
12,164,mle,448
12,165,mle,500
12,166,mle,298
12,167,mle,1006
12,168,mle,213
12,169,mle,306
12,170,mle,426
12,171,mle,1322
12,172,mle,858
12,173,mle,1000
12,174,mle,459
12,175,mle,536
12,176,mle,460
12,177,mle,156
12,178,mle,304
12,179,mle,418
12,180,mle,567
12,181,mle,84
12,182,mle,1411
12,183,mle,638
12,184,mle,180
12,185,mle,371
12,186,mle,598
12,187,mle,375
12,188,mle,756
12,189,mle,2091
12,190,mle,426
12,191,mle,406
12,192,mle,767
12,193,mle,704
12,194,mle,428
12,195,mle,801
12,196,mle,371
12,197,mle,662
12,198,mle,691
12,199,mle,501
12,200,mle,168
12,201,mle,390
12,202,mle,284
12,203,mle,572
12,204,mle,2643
12,205,mle,578
12,206,mle,425
12,207,mle,842
12,208,mle,777
12,209,mle,604
12,210,mle,463
12,211,mle,502
12,212,mle,217
12,213,mle,830
12,214,mle,1267
12,215,mle,188
12,216,mle,609
12,217,mle,367
12,218,mle,291
12,219,mle,797
12,220,mle,452
12,221,mle,690
12,222,mle,737
12,223,mle,411
12,224,mle,789
12,225,mle,359
12,226,mle,128
12,227,mle,259
12,228,mle,1085
12,229,mle,654
12,230,mle,1103
12,231,mle,782
12,232,mle,615
12,233,mle,1516
12,234,mle,229
12,235,mle,615
12,236,mle,893
12,237,mle,868
12,238,mle,872
12,239,mle,1173
12,240,mle,634
12,241,mle,1132
12,242,mle,306
12,243,mle,913
12,244,mle,566
12,245,mle,571
12,246,mle,130
12,247,mle,356
12,248,mle,184
12,249,mle,532
12,250,mle,597
12,251,mle,165
12,252,mle,224
12,253,mle,550
12,254,mle,582
12,255,mle,275
12,256,mle,1065
12,257,mle,228
12,258,mle,275
12,259,mle,268
12,260,mle,228
12,261,mle,1319
12,262,mle,1254
12,263,mle,435
12,264,mle,1952
12,265,mle,1158
12,266,mle,915
12,267,mle,285
12,268,mle,583
12,269,mle,896
12,270,mle,1062
12,271,mle,501
12,272,mle,333
12,273,mle,1393
12,274,mle,353
12,275,mle,1432
12,276,mle,417
12,277,mle,248
12,278,mle,439
12,279,mle,692
12,280,mle,887
12,281,mle,125
12,282,mle,603
12,283,mle,394
12,284,mle,117
12,285,mle,404
12,286,mle,726
12,287,mle,503
12,288,mle,90
12,289,mle,1977
12,290,mle,606
12,291,mle,890
12,292,mle,247
12,293,mle,887
12,294,mle,841
12,295,mle,950
12,296,mle,1451
12,297,mle,147
12,298,mle,777
12,299,mle,2099
12,300,mle,684
12,301,mle,679
12,302,mle,963
12,303,mle,616
12,304,mle,222
12,305,mle,1184
12,306,mle,362
12,307,mle,269
12,308,mle,494
12,309,mle,744
12,310,mle,406
12,311,mle,533
12,312,mle,338
12,313,mle,152
12,314,mle,371
12,315,mle,1834
12,316,mle,304
12,317,mle,205
12,318,mle,645
12,319,mle,879
12,320,mle,79
12,321,mle,256
12,322,mle,305
12,323,mle,1372
12,324,mle,408
12,325,mle,290
12,326,mle,768
12,327,mle,590
12,328,mle,99
12,329,mle,1129
12,330,mle,483
12,331,mle,574
12,332,mle,235
12,333,mle,825
12,334,mle,1343
12,335,mle,298
12,336,mle,445
12,337,mle,410
12,338,mle,968
12,339,mle,110
12,340,mle,491
12,341,mle,356
12,342,mle,678
12,343,mle,866
12,344,mle,368
12,345,mle,383
12,346,mle,403
12,347,mle,763
12,348,mle,485
12,349,mle,896
12,350,mle,560
12,351,mle,574
12,352,mle,462
12,353,mle,1330
12,354,mle,447
12,355,mle,753
12,356,mle,733
12,357,mle,122
12,358,mle,879
12,359,mle,235
12,360,mle,372
12,361,mle,597
12,362,mle,597
12,363,mle,743
12,364,mle,342
12,365,mle,676
12,366,mle,314
12,367,mle,1182
12,368,mle,694
12,369,mle,461
12,370,mle,787
12,371,mle,845
12,372,mle,794
12,373,mle,128
12,374,mle,804
12,375,mle,434
12,376,mle,170
12,377,mle,343
12,378,mle,854
12,379,mle,745
12,380,mle,779
12,381,mle,426
12,382,mle,174
12,383,mle,266
12,384,mle,793
12,385,mle,688
12,386,mle,871
12,387,mle,542
12,388,mle,669
12,389,mle,231
12,390,mle,284
12,391,mle,384
12,392,mle,938
12,393,mle,802
12,394,mle,505
12,395,mle,601
12,396,mle,437
12,397,mle,517
12,398,mle,871
12,399,mle,1352
12,400,mle,550
12,401,mle,518
12,402,mle,568
12,403,mle,297
12,404,mle,516
12,405,mle,434
12,406,mle,967
12,407,mle,923
12,408,mle,329
12,409,mle,978
12,410,mle,769
12,411,mle,390
12,412,mle,222
12,413,mle,342
12,414,mle,679
12,415,mle,572
12,416,mle,1634
12,417,mle,429
12,418,mle,685
12,419,mle,1544
12,420,mle,696
12,421,mle,447
12,422,mle,1470
12,423,mle,734
12,424,mle,540
12,425,mle,947
12,426,mle,1128
12,427,mle,429
12,428,mle,554
12,429,mle,301
12,430,mle,360
12,431,mle,253
12,432,mle,567
12,433,mle,770
12,434,mle,406
12,435,mle,150
12,436,mle,872
12,437,mle,552
12,438,mle,554
12,439,mle,424
12,440,mle,1148
12,441,mle,695
12,442,mle,728
12,443,mle,387
12,444,mle,656
12,445,mle,207
12,446,mle,148
12,447,mle,266
12,448,mle,859
12,449,mle,366
12,450,mle,811
12,451,mle,452
12,452,mle,1140
12,453,mle,77
12,454,mle,160
12,455,mle,531
12,456,mle,377
12,457,mle,645
12,458,mle,948
12,459,mle,543
12,460,mle,517
12,461,mle,448
12,462,mle,308
12,463,mle,295
12,464,mle,993
12,465,mle,776
12,466,mle,619
12,467,mle,355
12,468,mle,434
12,469,mle,481
12,470,mle,392
12,471,mle,1038
12,472,mle,46
12,473,mle,330
12,474,mle,607
12,475,mle,579
12,476,mle,235
12,477,mle,377
12,478,mle,426
12,479,mle,820
12,480,mle,1287
12,481,mle,1920
12,482,mle,710
12,483,mle,319
12,484,mle,224
12,485,mle,745
12,486,mle,982
12,487,mle,345
12,488,mle,609
12,489,mle,338
12,490,mle,886
12,491,mle,797
12,492,mle,628
12,493,mle,313
12,494,mle,518
12,495,mle,485
12,496,mle,362
12,497,mle,2394
12,498,mle,504
12,499,mle,361
12,500,mle,732
12,501,mle,770
12,502,mle,1527
12,503,mle,208
12,504,mle,1122
12,505,mle,319
12,506,mle,300
12,507,mle,886
12,508,mle,428
12,509,mle,349
12,510,mle,294
12,511,mle,298
12,512,mle,309
12,513,mle,593
12,514,mle,427
12,515,mle,231
12,516,mle,110
12,517,mle,112
12,518,mle,619
12,519,mle,781
12,520,mle,2462
12,521,mle,1088
12,522,mle,781
12,523,mle,456
12,524,mle,628
12,525,mle,781
12,526,mle,447
12,527,mle,772
12,528,mle,358
12,529,mle,183
12,530,mle,452
12,531,mle,511
12,532,mle,499
12,533,mle,489
12,534,mle,591
12,535,mle,937
12,536,mle,609
12,537,mle,763
12,538,mle,294
12,539,mle,506
12,540,mle,769
12,541,mle,434
12,542,mle,523
12,543,mle,82
12,544,mle,600
12,545,mle,234
12,546,mle,1190
12,547,mle,1146
12,548,mle,334
12,549,mle,527
12,550,mle,794
12,551,mle,1093
12,552,mle,311
12,553,mle,575
12,554,mle,465
12,555,mle,889
12,556,mle,232
12,557,mle,314
12,558,mle,755
12,559,mle,866
12,560,mle,899
12,561,mle,543
12,562,mle,364
12,563,mle,131
12,564,mle,252
12,565,mle,436
12,566,mle,1280
12,567,mle,700
12,568,mle,1107
12,569,mle,65
12,570,mle,559
12,571,mle,175
12,572,mle,246
12,573,mle,890
12,574,mle,260
12,575,mle,356
12,576,mle,554
12,577,mle,1058
12,578,mle,1161
12,579,mle,160
12,580,mle,152
12,581,mle,503
12,582,mle,599
12,583,mle,2135
12,584,mle,311
12,585,mle,382
12,586,mle,285
12,587,mle,280
12,588,mle,15
12,589,mle,760
12,590,mle,137
12,591,mle,500
12,592,mle,1090
12,593,mle,339
12,594,mle,655
12,595,mle,624
12,596,mle,606
12,597,mle,783
12,598,mle,466
12,599,mle,776
12,600,mle,496
12,601,mle,1084
12,602,mle,185
12,603,mle,327
12,604,mle,556
12,605,mle,1041
12,606,mle,1256
12,607,mle,519
12,608,mle,528
12,609,mle,619
12,610,mle,702
12,611,mle,279
12,612,mle,725
12,613,mle,1312
12,614,mle,675
12,615,mle,80
12,616,mle,176
12,617,mle,927
12,618,mle,505
12,619,mle,511
12,620,mle,851
12,621,mle,641
12,622,mle,657
12,623,mle,572
12,624,mle,610
12,625,mle,909
12,626,mle,278
12,627,mle,876
12,628,mle,552
12,629,mle,620
12,630,mle,166
12,631,mle,763
12,632,mle,388
12,633,mle,304
12,634,mle,1150
12,635,mle,106
12,636,mle,464
12,637,mle,276
12,638,mle,853
12,639,mle,508
12,640,mle,402
12,641,mle,503
12,642,mle,677
12,643,mle,717
12,644,mle,218
12,645,mle,1300
12,646,mle,615
12,647,mle,225
12,648,mle,620
12,649,mle,183
12,650,mle,546
12,651,mle,175
12,652,mle,183
12,653,mle,681
12,654,mle,505
12,655,mle,313
12,656,mle,442
12,657,mle,168
12,658,mle,1710
12,659,mle,326
12,660,mle,236
12,661,mle,506
12,662,mle,279
12,663,mle,493
12,664,mle,178
12,665,mle,100
12,666,mle,443
12,667,mle,253
12,668,mle,913
12,669,mle,193
12,670,mle,971
12,671,mle,1033
12,672,mle,949
12,673,mle,938
12,674,mle,395
12,675,mle,885
12,676,mle,234
12,677,mle,503
12,678,mle,804
12,679,mle,380
12,680,mle,641
12,681,mle,667
12,682,mle,473
12,683,mle,607
12,684,mle,908
12,685,mle,576
12,686,mle,473
12,687,mle,575
12,688,mle,337
12,689,mle,162
12,690,mle,811
12,691,mle,539
12,692,mle,825
12,693,mle,657
12,694,mle,279
12,695,mle,988
12,696,mle,138
12,697,mle,405
12,698,mle,1386
12,699,mle,721
12,700,mle,828
12,701,mle,90
12,702,mle,737
12,703,mle,523
12,704,mle,354
12,705,mle,528
12,706,mle,529
12,707,mle,403
12,708,mle,503
12,709,mle,1025
12,710,mle,1072
12,711,mle,597
12,712,mle,438
12,713,mle,1727
12,714,mle,465
12,715,mle,196
12,716,mle,352
12,717,mle,78
12,718,mle,647
12,719,mle,521
12,720,mle,293
12,721,mle,1014
12,722,mle,366
12,723,mle,412
12,724,mle,214
12,725,mle,914
12,726,mle,536
12,727,mle,496
12,728,mle,620
12,729,mle,610
12,730,mle,839
12,731,mle,274
12,732,mle,2718
12,733,mle,959
12,734,mle,737
12,735,mle,475
12,736,mle,416
12,737,mle,398
12,738,mle,433
12,739,mle,480
12,740,mle,339
12,741,mle,164
12,742,mle,668
12,743,mle,238
12,744,mle,149
12,745,mle,100
12,746,mle,352
12,747,mle,464
12,748,mle,541
12,749,mle,547
12,750,mle,389
12,751,mle,625
12,752,mle,532
12,753,mle,750
12,754,mle,337
12,755,mle,676
12,756,mle,1149
12,757,mle,905
12,758,mle,565
12,759,mle,366
12,760,mle,234
12,761,mle,497
12,762,mle,67
12,763,mle,459
12,764,mle,1542
12,765,mle,769
12,766,mle,923
12,767,mle,1041
12,768,mle,1191
12,769,mle,542
12,770,mle,280
12,771,mle,300
12,772,mle,1114
12,773,mle,943
12,774,mle,295
12,775,mle,987
12,776,mle,302
12,777,mle,815
12,778,mle,1068
12,779,mle,369
12,780,mle,301
12,781,mle,805
12,782,mle,1384
12,783,mle,102
12,784,mle,230
12,785,mle,1109
12,786,mle,1289
12,787,mle,276
12,788,mle,344
12,789,mle,940
12,790,mle,362
12,791,mle,521
12,792,mle,807
12,793,mle,811
12,794,mle,865
12,795,mle,522
12,796,mle,515
12,797,mle,393
12,798,mle,242
12,799,mle,1323
12,800,mle,1105
12,801,mle,872
12,802,mle,646
12,803,mle,260
12,804,mle,954
12,805,mle,1455
12,806,mle,1360
12,807,mle,169
12,808,mle,862
12,809,mle,1274
12,810,mle,485
12,811,mle,829
12,812,mle,430
12,813,mle,290
12,814,mle,832
12,815,mle,409
12,816,mle,677
12,817,mle,380
12,818,mle,1162
12,819,mle,481
12,820,mle,264
12,821,mle,1179
12,822,mle,86
12,823,mle,553
12,824,mle,568
12,825,mle,57
12,826,mle,657
12,827,mle,249
12,828,mle,602
12,829,mle,375
12,830,mle,203
12,831,mle,296
12,832,mle,421
12,833,mle,802
12,834,mle,623
12,835,mle,102
12,836,mle,693
12,837,mle,99
12,838,mle,519
12,839,mle,247
12,840,mle,240
12,841,mle,283
12,842,mle,388
12,843,mle,939
12,844,mle,629
12,845,mle,917
12,846,mle,427
12,847,mle,545
12,848,mle,479
12,849,mle,328
12,850,mle,404
12,851,mle,372
12,852,mle,533
12,853,mle,1029
12,854,mle,373
12,855,mle,244
12,856,mle,416
12,857,mle,486
12,858,mle,305
12,859,mle,324
12,860,mle,197
12,861,mle,794
12,862,mle,415
12,863,mle,820
12,864,mle,391
12,865,mle,545
12,866,mle,887
12,867,mle,850
12,868,mle,800
12,869,mle,1208
12,870,mle,728
12,871,mle,811
12,872,mle,408
12,873,mle,1571
12,874,mle,100
12,875,mle,325
12,876,mle,104
12,877,mle,725
12,878,mle,1054
12,879,mle,525
12,880,mle,190
12,881,mle,851
12,882,mle,985
12,883,mle,630
12,884,mle,404
12,885,mle,582
12,886,mle,542
12,887,mle,544
12,888,mle,862
12,889,mle,434
12,890,mle,544
12,891,mle,429
12,892,mle,581
12,893,mle,262
12,894,mle,1453
12,895,mle,292
12,896,mle,611
12,897,mle,1236
12,898,mle,455
12,899,mle,83
12,900,mle,963
12,901,mle,406
12,902,mle,695
12,903,mle,280
12,904,mle,1005
12,905,mle,385
12,906,mle,983
12,907,mle,1205
12,908,mle,1111
12,909,mle,435
12,910,mle,521
12,911,mle,478
12,912,mle,709
12,913,mle,243
12,914,mle,496
12,915,mle,588
12,916,mle,803
12,917,mle,346
12,918,mle,601
12,919,mle,147
12,920,mle,577
12,921,mle,797
12,922,mle,771
12,923,mle,285
12,924,mle,702
12,925,mle,520
12,926,mle,517
12,927,mle,55
12,928,mle,374
12,929,mle,143
12,930,mle,989
12,931,mle,933
12,932,mle,468
12,933,mle,1691
12,934,mle,244
12,935,mle,224
12,936,mle,801
12,937,mle,550
12,938,mle,280
12,939,mle,610
12,940,mle,1395
12,941,mle,449
12,942,mle,926
12,943,mle,405
12,944,mle,1034
12,945,mle,1048
12,946,mle,851
12,947,mle,676
12,948,mle,1083
12,949,mle,398
12,950,mle,844
12,951,mle,1246
12,952,mle,450
12,953,mle,306
12,954,mle,230
12,955,mle,686
12,956,mle,602
12,957,mle,803
12,958,mle,78
12,959,mle,23
12,960,mle,518
12,961,mle,362
12,962,mle,756
12,963,mle,388
12,964,mle,593
12,965,mle,1701
12,966,mle,535
12,967,mle,1061
12,968,mle,537
12,969,mle,619
12,970,mle,497
12,971,mle,902
12,972,mle,660
12,973,mle,848
12,974,mle,596
12,975,mle,995
12,976,mle,1232
12,977,mle,1045
12,978,mle,369
12,979,mle,728
12,980,mle,943
12,981,mle,878
12,982,mle,754
12,983,mle,781
12,984,mle,1100
12,985,mle,482
12,986,mle,1290
12,987,mle,379
12,988,mle,262
12,989,mle,611
12,990,mle,741
12,991,mle,953
12,992,mle,437
12,993,mle,255
12,994,mle,372
12,995,mle,84
12,996,mle,753
12,997,mle,557
12,998,mle,676
12,999,mle,390
12,1000,mle,498
2,1,detmle,12
2,2,detmle,13
2,3,detmle,4
2,4,detmle,7
2,5,detmle,3
2,6,detmle,6
2,7,detmle,5
2,8,detmle,14
2,9,detmle,14
2,10,detmle,17
2,11,detmle,18
2,12,detmle,9
2,13,detmle,5
2,14,detmle,3
2,15,detmle,9
2,16,detmle,4
2,17,detmle,6
2,18,detmle,8
2,19,detmle,3
2,20,detmle,2
2,21,detmle,7
2,22,detmle,3
2,23,detmle,5
2,24,detmle,15
2,25,detmle,31
2,26,detmle,2
2,27,detmle,7
2,28,detmle,3
2,29,detmle,3
2,30,detmle,47
2,31,detmle,7
2,32,detmle,16
2,33,detmle,5
2,34,detmle,11
2,35,detmle,8
2,36,detmle,21
2,37,detmle,15
2,38,detmle,2
2,39,detmle,14
2,40,detmle,15
2,41,detmle,105
2,42,detmle,15
2,43,detmle,9
2,44,detmle,6
2,45,detmle,1
2,46,detmle,5
2,47,detmle,6
2,48,detmle,28
2,49,detmle,21
2,50,detmle,6
2,51,detmle,34
2,52,detmle,8
2,53,detmle,26
2,54,detmle,6
2,55,detmle,1
2,56,detmle,15
2,57,detmle,6
2,58,detmle,18
2,59,detmle,2
2,60,detmle,2
2,61,detmle,4
2,62,detmle,7
2,63,detmle,4
2,64,detmle,6
2,65,detmle,3
2,66,detmle,7
2,67,detmle,10
2,68,detmle,2
2,69,detmle,10
2,70,detmle,9
2,71,detmle,11
2,72,detmle,86
2,73,detmle,1
2,74,detmle,37
2,75,detmle,19
2,76,detmle,21
2,77,detmle,7
2,78,detmle,10
2,79,detmle,4
2,80,detmle,31
2,81,detmle,3
2,82,detmle,12
2,83,detmle,16
2,84,detmle,9
2,85,detmle,13
2,86,detmle,4
2,87,detmle,4
2,88,detmle,4
2,89,detmle,5
2,90,detmle,3
2,91,detmle,3
2,92,detmle,8
2,93,detmle,4
2,94,detmle,19
2,95,detmle,26
2,96,detmle,132
2,97,detmle,13
2,98,detmle,4
2,99,detmle,69
2,100,detmle,3
2,101,detmle,23
2,102,detmle,8
2,103,detmle,3
2,104,detmle,19
2,105,detmle,10
2,106,detmle,24
2,107,detmle,18
2,108,detmle,3
2,109,detmle,2
2,110,detmle,12
2,111,detmle,6
2,112,detmle,14
2,113,detmle,8
2,114,detmle,8
2,115,detmle,2
2,116,detmle,3
2,117,detmle,5
2,118,detmle,7
2,119,detmle,3
2,120,detmle,2
2,121,detmle,24
2,122,detmle,10
2,123,detmle,3
2,124,detmle,4
2,125,detmle,7
2,126,detmle,21
2,127,detmle,90
2,128,detmle,9
2,129,detmle,6
2,130,detmle,7
2,131,detmle,3
2,132,detmle,4
2,133,detmle,2
2,134,detmle,5
2,135,detmle,15
2,136,detmle,20
2,137,detmle,17
2,138,detmle,7
2,139,detmle,4
2,140,detmle,10
2,141,detmle,9
2,142,detmle,5
2,143,detmle,12
2,144,detmle,66
2,145,detmle,63
2,146,detmle,2
2,147,detmle,8
2,148,detmle,6
2,149,detmle,9
2,150,detmle,5
2,151,detmle,24
2,152,detmle,5
2,153,detmle,4
2,154,detmle,6
2,155,detmle,22
2,156,detmle,10
2,157,detmle,2
2,158,detmle,3
2,159,detmle,2
2,160,detmle,10
2,161,detmle,11
2,162,detmle,22
2,163,detmle,16
2,164,detmle,20
2,165,detmle,13
2,166,detmle,2
2,167,detmle,6
2,168,detmle,3
2,169,detmle,5
2,170,detmle,12
2,171,detmle,44
2,172,detmle,8
2,173,detmle,4
2,174,detmle,17
2,175,detmle,6
2,176,detmle,4
2,177,detmle,14
2,178,detmle,10
2,179,detmle,10
2,180,detmle,20
2,181,detmle,7
2,182,detmle,58
2,183,detmle,12
2,184,detmle,2
2,185,detmle,21
2,186,detmle,12
2,187,detmle,5
2,188,detmle,11
2,189,detmle,12
2,190,detmle,11
2,191,detmle,2
2,192,detmle,73
2,193,detmle,5
2,194,detmle,3
2,195,detmle,35
2,196,detmle,3
2,197,detmle,4
2,198,detmle,6
2,199,detmle,4
2,200,detmle,6
2,201,detmle,1
2,202,detmle,7
2,203,detmle,8
2,204,detmle,7
2,205,detmle,14
2,206,detmle,21
2,207,detmle,28
2,208,detmle,5
2,209,detmle,6
2,210,detmle,14
2,211,detmle,16
2,212,detmle,10
2,213,detmle,34
2,214,detmle,7
2,215,detmle,5
2,216,detmle,43
2,217,detmle,2
2,218,detmle,18
2,219,detmle,9
2,220,detmle,3
2,221,detmle,15
2,222,detmle,4
2,223,detmle,4
2,224,detmle,24
2,225,detmle,3
2,226,detmle,6
2,227,detmle,49
2,228,detmle,8
2,229,detmle,4
2,230,detmle,12
2,231,detmle,10
2,232,detmle,1
2,233,detmle,29
2,234,detmle,2
2,235,detmle,17
2,236,detmle,6
2,237,detmle,42
2,238,detmle,22
2,239,detmle,7
2,240,detmle,5
2,241,detmle,15
2,242,detmle,9
2,243,detmle,15
2,244,detmle,3
2,245,detmle,9
2,246,detmle,3
2,247,detmle,6
2,248,detmle,7
2,249,detmle,7
2,250,detmle,14
2,251,detmle,6
2,252,detmle,18
2,253,detmle,10
2,254,detmle,53
2,255,detmle,7
2,256,detmle,3
2,257,detmle,22
2,258,detmle,9
2,259,detmle,2
2,260,detmle,2
2,261,detmle,41
2,262,detmle,19
2,263,detmle,8
2,264,detmle,9
2,265,detmle,4
2,266,detmle,2
2,267,detmle,44
2,268,detmle,62
2,269,detmle,14
2,270,detmle,4
2,271,detmle,5
2,272,detmle,13
2,273,detmle,10
2,274,detmle,4
2,275,detmle,46
2,276,detmle,12
2,277,detmle,9
2,278,detmle,7
2,279,detmle,11
2,280,detmle,2
2,281,detmle,9
2,282,detmle,2
2,283,detmle,3
2,284,detmle,2
2,285,detmle,52
2,286,detmle,4
2,287,detmle,8
2,288,detmle,25
2,289,detmle,3
2,290,detmle,39
2,291,detmle,33
2,292,detmle,6
2,293,detmle,14
2,294,detmle,56
2,295,detmle,4
2,296,detmle,17
2,297,detmle,205
2,298,detmle,2
2,299,detmle,13
2,300,detmle,6
2,301,detmle,40
2,302,detmle,8
2,303,detmle,3
2,304,detmle,18
2,305,detmle,8
2,306,detmle,11
2,307,detmle,5
2,308,detmle,5
2,309,detmle,9
2,310,detmle,14
2,311,detmle,33
2,312,detmle,1
2,313,detmle,50
2,314,detmle,10
2,315,detmle,4
2,316,detmle,8
2,317,detmle,6
2,318,detmle,2
2,319,detmle,27
2,320,detmle,4
2,321,detmle,12
2,322,detmle,13
2,323,detmle,2
2,324,detmle,6
2,325,detmle,6
2,326,detmle,9
2,327,detmle,9
2,328,detmle,1
2,329,detmle,2
2,330,detmle,5
2,331,detmle,4
2,332,detmle,11
2,333,detmle,7
2,334,detmle,112
2,335,detmle,23
2,336,detmle,7
2,337,detmle,7
2,338,detmle,13
2,339,detmle,25
2,340,detmle,5
2,341,detmle,14
2,342,detmle,2
2,343,detmle,3
2,344,detmle,7
2,345,detmle,9
2,346,detmle,21
2,347,detmle,8
2,348,detmle,3
2,349,detmle,8
2,350,detmle,56
2,351,detmle,6
2,352,detmle,4
2,353,detmle,14
2,354,detmle,7
2,355,detmle,15
2,356,detmle,7
2,357,detmle,33
2,358,detmle,2
2,359,detmle,14
2,360,detmle,13
2,361,detmle,27
2,362,detmle,4
2,363,detmle,26
2,364,detmle,16
2,365,detmle,9
2,366,detmle,32
2,367,detmle,7
2,368,detmle,6
2,369,detmle,4
2,370,detmle,12
2,371,detmle,18
2,372,detmle,47
2,373,detmle,8
2,374,detmle,76
2,375,detmle,9
2,376,detmle,10
2,377,detmle,6
2,378,detmle,8
2,379,detmle,62
2,380,detmle,42
2,381,detmle,3
2,382,detmle,8
2,383,detmle,23
2,384,detmle,4
2,385,detmle,7
2,386,detmle,11
2,387,detmle,16
2,388,detmle,4
2,389,detmle,5
2,390,detmle,13
2,391,detmle,7
2,392,detmle,2
2,393,detmle,18
2,394,detmle,6
2,395,detmle,9
2,396,detmle,6
2,397,detmle,3
2,398,detmle,4
2,399,detmle,7
2,400,detmle,7
2,401,detmle,11
2,402,detmle,4
2,403,detmle,18
2,404,detmle,32
2,405,detmle,4
2,406,detmle,28
2,407,detmle,2
2,408,detmle,15
2,409,detmle,9
2,410,detmle,3
2,411,detmle,6
2,412,detmle,22
2,413,detmle,15
2,414,detmle,5
2,415,detmle,19
2,416,detmle,1
2,417,detmle,29
2,418,detmle,14
2,419,detmle,44
2,420,detmle,5
2,421,detmle,35
2,422,detmle,13
2,423,detmle,8
2,424,detmle,3
2,425,detmle,7
2,426,detmle,12
2,427,detmle,6
2,428,detmle,6
2,429,detmle,7
2,430,detmle,13
2,431,detmle,9
2,432,detmle,2
2,433,detmle,23
2,434,detmle,12
2,435,detmle,4
2,436,detmle,14
2,437,detmle,14
2,438,detmle,6
2,439,detmle,6
2,440,detmle,3
2,441,detmle,7
2,442,detmle,5
2,443,detmle,4
2,444,detmle,4
2,445,detmle,6
2,446,detmle,4
2,447,detmle,11
2,448,detmle,5
2,449,detmle,10
2,450,detmle,5
2,451,detmle,5
2,452,detmle,18
2,453,detmle,3
2,454,detmle,14
2,455,detmle,5
2,456,detmle,35
2,457,detmle,5
2,458,detmle,5
2,459,detmle,18
2,460,detmle,23
2,461,detmle,23
2,462,detmle,3
2,463,detmle,5
2,464,detmle,5
2,465,detmle,3
2,466,detmle,5
2,467,detmle,9
2,468,detmle,3
2,469,detmle,39
2,470,detmle,3
2,471,detmle,9
2,472,detmle,5
2,473,detmle,33
2,474,detmle,14
2,475,detmle,13
2,476,detmle,3
2,477,detmle,3
2,478,detmle,7
2,479,detmle,14
2,480,detmle,2
2,481,detmle,19
2,482,detmle,45
2,483,detmle,2
2,484,detmle,4
2,485,detmle,21
2,486,detmle,44
2,487,detmle,3
2,488,detmle,8
2,489,detmle,2
2,490,detmle,15
2,491,detmle,17
2,492,detmle,3
2,493,detmle,7
2,494,detmle,6
2,495,detmle,8
2,496,detmle,22
2,497,detmle,35
2,498,detmle,8
2,499,detmle,11
2,500,detmle,42
2,501,detmle,17
2,502,detmle,4
2,503,detmle,25
2,504,detmle,4
2,505,detmle,25
2,506,detmle,25
2,507,detmle,21
2,508,detmle,11
2,509,detmle,10
2,510,detmle,4
2,511,detmle,18
2,512,detmle,10
2,513,detmle,6
2,514,detmle,4
2,515,detmle,4
2,516,detmle,6
2,517,detmle,47
2,518,detmle,4
2,519,detmle,1
2,520,detmle,3
2,521,detmle,14
2,522,detmle,13
2,523,detmle,26
2,524,detmle,19
2,525,detmle,3
2,526,detmle,4
2,527,detmle,18
2,528,detmle,10
2,529,detmle,4
2,530,detmle,4
2,531,detmle,16
2,532,detmle,12
2,533,detmle,15
2,534,detmle,3
2,535,detmle,11
2,536,detmle,2
2,537,detmle,10
2,538,detmle,18
2,539,detmle,39
2,540,detmle,3
2,541,detmle,3
2,542,detmle,4
2,543,detmle,46
2,544,detmle,3
2,545,detmle,28
2,546,detmle,3
2,547,detmle,3
2,548,detmle,2
2,549,detmle,11
2,550,detmle,5
2,551,detmle,7
2,552,detmle,3
2,553,detmle,6
2,554,detmle,34
2,555,detmle,8
2,556,detmle,13
2,557,detmle,4
2,558,detmle,23
2,559,detmle,6
2,560,detmle,8
2,561,detmle,10
2,562,detmle,16
2,563,detmle,8
2,564,detmle,20
2,565,detmle,3
2,566,detmle,5
2,567,detmle,5
2,568,detmle,54
2,569,detmle,8
2,570,detmle,5
2,571,detmle,7
2,572,detmle,16
2,573,detmle,5
2,574,detmle,3
2,575,detmle,13
2,576,detmle,5
2,577,detmle,87
2,578,detmle,3
2,579,detmle,13
2,580,detmle,4
2,581,detmle,4
2,582,detmle,6
2,583,detmle,1
2,584,detmle,30
2,585,detmle,13
2,586,detmle,53
2,587,detmle,21
2,588,detmle,19
2,589,detmle,5
2,590,detmle,1
2,591,detmle,5
2,592,detmle,2
2,593,detmle,14
2,594,detmle,3
2,595,detmle,7
2,596,detmle,13
2,597,detmle,19
2,598,detmle,18
2,599,detmle,4
2,600,detmle,5
2,601,detmle,5
2,602,detmle,6
2,603,detmle,4
2,604,detmle,6
2,605,detmle,32
2,606,detmle,6
2,607,detmle,23
2,608,detmle,22
2,609,detmle,8
2,610,detmle,2
2,611,detmle,1
2,612,detmle,5
2,613,detmle,2
2,614,detmle,11
2,615,detmle,8
2,616,detmle,22
2,617,detmle,16
2,618,detmle,8
2,619,detmle,2
2,620,detmle,25
2,621,detmle,3
2,622,detmle,10
2,623,detmle,4
2,624,detmle,2
2,625,detmle,19
2,626,detmle,5
2,627,detmle,8
2,628,detmle,3
2,629,detmle,7
2,630,detmle,9
2,631,detmle,48
2,632,detmle,22
2,633,detmle,37
2,634,detmle,6
2,635,detmle,2
2,636,detmle,11
2,637,detmle,7
2,638,detmle,3
2,639,detmle,8
2,640,detmle,3
2,641,detmle,5
2,642,detmle,20
2,643,detmle,5
2,644,detmle,2
2,645,detmle,15
2,646,detmle,4
2,647,detmle,11
2,648,detmle,9
2,649,detmle,3
2,650,detmle,3
2,651,detmle,31
2,652,detmle,8
2,653,detmle,10
2,654,detmle,3
2,655,detmle,10
2,656,detmle,3
2,657,detmle,2
2,658,detmle,6
2,659,detmle,30
2,660,detmle,60
2,661,detmle,12
2,662,detmle,7
2,663,detmle,5
2,664,detmle,33
2,665,detmle,19
2,666,detmle,3
2,667,detmle,6
2,668,detmle,5
2,669,detmle,4
2,670,detmle,11
2,671,detmle,2
2,672,detmle,12
2,673,detmle,14
2,674,detmle,8
2,675,detmle,1
2,676,detmle,15
2,677,detmle,4
2,678,detmle,35
2,679,detmle,2
2,680,detmle,8
2,681,detmle,30
2,682,detmle,3
2,683,detmle,9
2,684,detmle,18
2,685,detmle,4
2,686,detmle,3
2,687,detmle,15
2,688,detmle,7
2,689,detmle,10
2,690,detmle,79
2,691,detmle,4
2,692,detmle,3
2,693,detmle,6
2,694,detmle,21
2,695,detmle,3
2,696,detmle,5
2,697,detmle,14
2,698,detmle,9
2,699,detmle,19
2,700,detmle,14
2,701,detmle,44
2,702,detmle,7
2,703,detmle,7
2,704,detmle,6
2,705,detmle,14
2,706,detmle,4
2,707,detmle,10
2,708,detmle,7
2,709,detmle,4
2,710,detmle,17
2,711,detmle,14
2,712,detmle,5
2,713,detmle,9
2,714,detmle,3
2,715,detmle,13
2,716,detmle,17
2,717,detmle,88
2,718,detmle,6
2,719,detmle,10
2,720,detmle,4
2,721,detmle,6
2,722,detmle,45
2,723,detmle,36
2,724,detmle,6
2,725,detmle,5
2,726,detmle,3
2,727,detmle,12
2,728,detmle,15
2,729,detmle,19
2,730,detmle,24
2,731,detmle,11
2,732,detmle,4
2,733,detmle,1
2,734,detmle,3
2,735,detmle,4
2,736,detmle,5
2,737,detmle,11
2,738,detmle,10
2,739,detmle,9
2,740,detmle,5
2,741,detmle,5
2,742,detmle,8
2,743,detmle,25
2,744,detmle,15
2,745,detmle,3
2,746,detmle,12
2,747,detmle,6
2,748,detmle,3
2,749,detmle,5
2,750,detmle,4
2,751,detmle,9
2,752,detmle,9
2,753,detmle,7
2,754,detmle,8
2,755,detmle,2
2,756,detmle,4
2,757,detmle,2
2,758,detmle,4
2,759,detmle,5
2,760,detmle,6
2,761,detmle,10
2,762,detmle,8
2,763,detmle,13
2,764,detmle,4
2,765,detmle,8
2,766,detmle,14
2,767,detmle,57
2,768,detmle,3
2,769,detmle,6
2,770,detmle,5
2,771,detmle,3
2,772,detmle,53
2,773,detmle,16
2,774,detmle,4
2,775,detmle,2
2,776,detmle,7
2,777,detmle,4
2,778,detmle,13
2,779,detmle,7
2,780,detmle,6
2,781,detmle,52
2,782,detmle,4
2,783,detmle,1
2,784,detmle,16
2,785,detmle,2
2,786,detmle,52
2,787,detmle,6
2,788,detmle,4
2,789,detmle,6
2,790,detmle,3
2,791,detmle,37
2,792,detmle,18
2,793,detmle,20
2,794,detmle,11
2,795,detmle,2
2,796,detmle,5
2,797,detmle,23
2,798,detmle,9
2,799,detmle,8
2,800,detmle,19
2,801,detmle,24
2,802,detmle,36
2,803,detmle,59
2,804,detmle,5
2,805,detmle,4
2,806,detmle,3
2,807,detmle,11
2,808,detmle,114
2,809,detmle,9
2,810,detmle,11
2,811,detmle,16
2,812,detmle,37
2,813,detmle,25
2,814,detmle,36
2,815,detmle,23
2,816,detmle,8
2,817,detmle,9
2,818,detmle,31
2,819,detmle,2
2,820,detmle,15
2,821,detmle,4
2,822,detmle,1
2,823,detmle,5
2,824,detmle,13
2,825,detmle,23
2,826,detmle,4
2,827,detmle,5
2,828,detmle,2
2,829,detmle,3
2,830,detmle,6
2,831,detmle,32
2,832,detmle,3
2,833,detmle,28
2,834,detmle,130
2,835,detmle,3
2,836,detmle,9
2,837,detmle,2
2,838,detmle,2
2,839,detmle,38
2,840,detmle,6
2,841,detmle,25
2,842,detmle,20
2,843,detmle,48
2,844,detmle,82
2,845,detmle,12
2,846,detmle,11
2,847,detmle,33
2,848,detmle,10
2,849,detmle,5
2,850,detmle,2
2,851,detmle,7
2,852,detmle,6
2,853,detmle,19
2,854,detmle,25
2,855,detmle,4
2,856,detmle,13
2,857,detmle,8
2,858,detmle,4
2,859,detmle,32
2,860,detmle,3
2,861,detmle,3
2,862,detmle,13
2,863,detmle,5
2,864,detmle,4
2,865,detmle,16
2,866,detmle,37
2,867,detmle,13
2,868,detmle,5
2,869,detmle,1
2,870,detmle,9
2,871,detmle,12
2,872,detmle,10
2,873,detmle,24
2,874,detmle,6
2,875,detmle,7
2,876,detmle,3
2,877,detmle,12
2,878,detmle,11
2,879,detmle,17
2,880,detmle,3
2,881,detmle,17
2,882,detmle,57
2,883,detmle,3
2,884,detmle,4
2,885,detmle,2
2,886,detmle,72
2,887,detmle,5
2,888,detmle,9
2,889,detmle,25
2,890,detmle,12
2,891,detmle,10
2,892,detmle,3
2,893,detmle,7
2,894,detmle,19
2,895,detmle,3
2,896,detmle,48
2,897,detmle,6
2,898,detmle,16
2,899,detmle,5
2,900,detmle,4
2,901,detmle,9
2,902,detmle,9
2,903,detmle,8
2,904,detmle,33
2,905,detmle,15
2,906,detmle,12
2,907,detmle,18
2,908,detmle,4
2,909,detmle,13
2,910,detmle,33
2,911,detmle,3
2,912,detmle,9
2,913,detmle,4
2,914,detmle,6
2,915,detmle,3
2,916,detmle,5
2,917,detmle,6
2,918,detmle,6
2,919,detmle,27
2,920,detmle,23
2,921,detmle,34
2,922,detmle,9
2,923,detmle,9
2,924,detmle,10
2,925,detmle,19
2,926,detmle,3
2,927,detmle,5
2,928,detmle,5
2,929,detmle,11
2,930,detmle,15
2,931,detmle,10
2,932,detmle,10
2,933,detmle,14
2,934,detmle,4
2,935,detmle,10
2,936,detmle,4
2,937,detmle,16
2,938,detmle,57
2,939,detmle,17
2,940,detmle,32
2,941,detmle,2
2,942,detmle,18
2,943,detmle,7
2,944,detmle,23
2,945,detmle,17
2,946,detmle,27
2,947,detmle,5
2,948,detmle,13
2,949,detmle,4
2,950,detmle,17
2,951,detmle,13
2,952,detmle,10
2,953,detmle,17
2,954,detmle,6
2,955,detmle,11
2,956,detmle,37
2,957,detmle,3
2,958,detmle,6
2,959,detmle,6
2,960,detmle,41
2,961,detmle,9
2,962,detmle,33
2,963,detmle,6
2,964,detmle,10
2,965,detmle,7
2,966,detmle,14
2,967,detmle,4
2,968,detmle,6
2,969,detmle,13
2,970,detmle,24
2,971,detmle,6
2,972,detmle,42
2,973,detmle,4
2,974,detmle,44
2,975,detmle,28
2,976,detmle,12
2,977,detmle,26
2,978,detmle,2
2,979,detmle,4
2,980,detmle,2
2,981,detmle,41
2,982,detmle,13
2,983,detmle,2
2,984,detmle,5
2,985,detmle,7
2,986,detmle,5
2,987,detmle,15
2,988,detmle,5
2,989,detmle,7
2,990,detmle,10
2,991,detmle,12
2,992,detmle,4
2,993,detmle,33
2,994,detmle,8
2,995,detmle,3
2,996,detmle,5
2,997,detmle,2
2,998,detmle,11
2,999,detmle,41
2,1000,detmle,27
4,1,detmle,20
4,2,detmle,121
4,3,detmle,3
4,4,detmle,7
4,5,detmle,21
4,6,detmle,10
4,7,detmle,5
4,8,detmle,13
4,9,detmle,12
4,10,detmle,29
4,11,detmle,40
4,12,detmle,13
4,13,detmle,17
4,14,detmle,14
4,15,detmle,18
4,16,detmle,2
4,17,detmle,4
4,18,detmle,24
4,19,detmle,61
4,20,detmle,7
4,21,detmle,23
4,22,detmle,26
4,23,detmle,14
4,24,detmle,7
4,25,detmle,37
4,26,detmle,12
4,27,detmle,36
4,28,detmle,17
4,29,detmle,17
4,30,detmle,8
4,31,detmle,11
4,32,detmle,16
4,33,detmle,51
4,34,detmle,13
4,35,detmle,13
4,36,detmle,18
4,37,detmle,169
4,38,detmle,49
4,39,detmle,20
4,40,detmle,65
4,41,detmle,20
4,42,detmle,15
4,43,detmle,23
4,44,detmle,16
4,45,detmle,19
4,46,detmle,15
4,47,detmle,84
4,48,detmle,9
4,49,detmle,14
4,50,detmle,19
4,51,detmle,3
4,52,detmle,194
4,53,detmle,21
4,54,detmle,17
4,55,detmle,53
4,56,detmle,23
4,57,detmle,18
4,58,detmle,119
4,59,detmle,7
4,60,detmle,31
4,61,detmle,14
4,62,detmle,6
4,63,detmle,5
4,64,detmle,37
4,65,detmle,55
4,66,detmle,35
4,67,detmle,14
4,68,detmle,20
4,69,detmle,16
4,70,detmle,21
4,71,detmle,33
4,72,detmle,20
4,73,detmle,7
4,74,detmle,35
4,75,detmle,13
4,76,detmle,28
4,77,detmle,17
4,78,detmle,15
4,79,detmle,10
4,80,detmle,18
4,81,detmle,49
4,82,detmle,9
4,83,detmle,10
4,84,detmle,12
4,85,detmle,13
4,86,detmle,16
4,87,detmle,11
4,88,detmle,17
4,89,detmle,10
4,90,detmle,10
4,91,detmle,30
4,92,detmle,45
4,93,detmle,7
4,94,detmle,19
4,95,detmle,27
4,96,detmle,69
4,97,detmle,3
4,98,detmle,13
4,99,detmle,3
4,100,detmle,32
4,101,detmle,21
4,102,detmle,19
4,103,detmle,12
4,104,detmle,7
4,105,detmle,97
4,106,detmle,14
4,107,detmle,3
4,108,detmle,17
4,109,detmle,16
4,110,detmle,13
4,111,detmle,18
4,112,detmle,20
4,113,detmle,25
4,114,detmle,21
4,115,detmle,39
4,116,detmle,9
4,117,detmle,20
4,118,detmle,10
4,119,detmle,11
4,120,detmle,109
4,121,detmle,7
4,122,detmle,17
4,123,detmle,7
4,124,detmle,19
4,125,detmle,43
4,126,detmle,4
4,127,detmle,16
4,128,detmle,14
4,129,detmle,121
4,130,detmle,10
4,131,detmle,16
4,132,detmle,85
4,133,detmle,22
4,134,detmle,14
4,135,detmle,27
4,136,detmle,9
4,137,detmle,40
4,138,detmle,15
4,139,detmle,7
4,140,detmle,33
4,141,detmle,128
4,142,detmle,18
4,143,detmle,33
4,144,detmle,5
4,145,detmle,64
4,146,detmle,28
4,147,detmle,32
4,148,detmle,17
4,149,detmle,23
4,150,detmle,31
4,151,detmle,7
4,152,detmle,27
4,153,detmle,7
4,154,detmle,16
4,155,detmle,18
4,156,detmle,29
4,157,detmle,17
4,158,detmle,77
4,159,detmle,3
4,160,detmle,30
4,161,detmle,23
4,162,detmle,6
4,163,detmle,42
4,164,detmle,5
4,165,detmle,38
4,166,detmle,5
4,167,detmle,20
4,168,detmle,82
4,169,detmle,27
4,170,detmle,36
4,171,detmle,32
4,172,detmle,9
4,173,detmle,28
4,174,detmle,11
4,175,detmle,37
4,176,detmle,34
4,177,detmle,95
4,178,detmle,17
4,179,detmle,8
4,180,detmle,6
4,181,detmle,8
4,182,detmle,12
4,183,detmle,44
4,184,detmle,12
4,185,detmle,18
4,186,detmle,16
4,187,detmle,24
4,188,detmle,31
4,189,detmle,31
4,190,detmle,6
4,191,detmle,33
4,192,detmle,10
4,193,detmle,59
4,194,detmle,37
4,195,detmle,10
4,196,detmle,88
4,197,detmle,15
4,198,detmle,12
4,199,detmle,21
4,200,detmle,59
4,201,detmle,37
4,202,detmle,28
4,203,detmle,24
4,204,detmle,33
4,205,detmle,32
4,206,detmle,43
4,207,detmle,12
4,208,detmle,27
4,209,detmle,17
4,210,detmle,9
4,211,detmle,24
4,212,detmle,11
4,213,detmle,8
4,214,detmle,198
4,215,detmle,28
4,216,detmle,66
4,217,detmle,32
4,218,detmle,13
4,219,detmle,6
4,220,detmle,16
4,221,detmle,27
4,222,detmle,14
4,223,detmle,15
4,224,detmle,46
4,225,detmle,7
4,226,detmle,11
4,227,detmle,12
4,228,detmle,5
4,229,detmle,26
4,230,detmle,21
4,231,detmle,20
4,232,detmle,88
4,233,detmle,26
4,234,detmle,12
4,235,detmle,13
4,236,detmle,86
4,237,detmle,11
4,238,detmle,33
4,239,detmle,30
4,240,detmle,22
4,241,detmle,118
4,242,detmle,19
4,243,detmle,15
4,244,detmle,15
4,245,detmle,5
4,246,detmle,22
4,247,detmle,56
4,248,detmle,14
4,249,detmle,28
4,250,detmle,30
4,251,detmle,8
4,252,detmle,10
4,253,detmle,3
4,254,detmle,16
4,255,detmle,24
4,256,detmle,43
4,257,detmle,17
4,258,detmle,5
4,259,detmle,31
4,260,detmle,13
4,261,detmle,14
4,262,detmle,15
4,263,detmle,47
4,264,detmle,22
4,265,detmle,9
4,266,detmle,26
4,267,detmle,18
4,268,detmle,13
4,269,detmle,38
4,270,detmle,34
4,271,detmle,22
4,272,detmle,11
4,273,detmle,24
4,274,detmle,83
4,275,detmle,82
4,276,detmle,17
4,277,detmle,19
4,278,detmle,14
4,279,detmle,21
4,280,detmle,33
4,281,detmle,49
4,282,detmle,36
4,283,detmle,11
4,284,detmle,12
4,285,detmle,18
4,286,detmle,57
4,287,detmle,10
4,288,detmle,15
4,289,detmle,24
4,290,detmle,17
4,291,detmle,37
4,292,detmle,7
4,293,detmle,15
4,294,detmle,10
4,295,detmle,34
4,296,detmle,19
4,297,detmle,23
4,298,detmle,48
4,299,detmle,3
4,300,detmle,30
4,301,detmle,40
4,302,detmle,57
4,303,detmle,22
4,304,detmle,15
4,305,detmle,13
4,306,detmle,8
4,307,detmle,6
4,308,detmle,77
4,309,detmle,24
4,310,detmle,13
4,311,detmle,5
4,312,detmle,30
4,313,detmle,7
4,314,detmle,55
4,315,detmle,11
4,316,detmle,12
4,317,detmle,39
4,318,detmle,14
4,319,detmle,21
4,320,detmle,55
4,321,detmle,26
4,322,detmle,90
4,323,detmle,7
4,324,detmle,30
4,325,detmle,16
4,326,detmle,10
4,327,detmle,12
4,328,detmle,5
4,329,detmle,17
4,330,detmle,30
4,331,detmle,12
4,332,detmle,15
4,333,detmle,12
4,334,detmle,30
4,335,detmle,5
4,336,detmle,15
4,337,detmle,13
4,338,detmle,23
4,339,detmle,27
4,340,detmle,35
4,341,detmle,27
4,342,detmle,12
4,343,detmle,61
4,344,detmle,35
4,345,detmle,14
4,346,detmle,10
4,347,detmle,10
4,348,detmle,51
4,349,detmle,49
4,350,detmle,13
4,351,detmle,30
4,352,detmle,17
4,353,detmle,16
4,354,detmle,28
4,355,detmle,7
4,356,detmle,37
4,357,detmle,33
4,358,detmle,36
4,359,detmle,20
4,360,detmle,26
4,361,detmle,28
4,362,detmle,35
4,363,detmle,27
4,364,detmle,28
4,365,detmle,16
4,366,detmle,3
4,367,detmle,70
4,368,detmle,27
4,369,detmle,5
4,370,detmle,7
4,371,detmle,42
4,372,detmle,7
4,373,detmle,6
4,374,detmle,72
4,375,detmle,60
4,376,detmle,23
4,377,detmle,5
4,378,detmle,15
4,379,detmle,52
4,380,detmle,24
4,381,detmle,155
4,382,detmle,12
4,383,detmle,13
4,384,detmle,27
4,385,detmle,23
4,386,detmle,4
4,387,detmle,17
4,388,detmle,22
4,389,detmle,31
4,390,detmle,133
4,391,detmle,18
4,392,detmle,8
4,393,detmle,48
4,394,detmle,75
4,395,detmle,19
4,396,detmle,18
4,397,detmle,22
4,398,detmle,34
4,399,detmle,40
4,400,detmle,41
4,401,detmle,39
4,402,detmle,61
4,403,detmle,23
4,404,detmle,16
4,405,detmle,8
4,406,detmle,26
4,407,detmle,18
4,408,detmle,22
4,409,detmle,12
4,410,detmle,25
4,411,detmle,31
4,412,detmle,44
4,413,detmle,9
4,414,detmle,119
4,415,detmle,9
4,416,detmle,12
4,417,detmle,55
4,418,detmle,8
4,419,detmle,6
4,420,detmle,21
4,421,detmle,16
4,422,detmle,12
4,423,detmle,19
4,424,detmle,28
4,425,detmle,43
4,426,detmle,11
4,427,detmle,11
4,428,detmle,96
4,429,detmle,33
4,430,detmle,18
4,431,detmle,13
4,432,detmle,12
4,433,detmle,20
4,434,detmle,12
4,435,detmle,33
4,436,detmle,30
4,437,detmle,48
4,438,detmle,35
4,439,detmle,4
4,440,detmle,37
4,441,detmle,11
4,442,detmle,28
4,443,detmle,86
4,444,detmle,6
4,445,detmle,14
4,446,detmle,16
4,447,detmle,28
4,448,detmle,2
4,449,detmle,116
4,450,detmle,56
4,451,detmle,57
4,452,detmle,30
4,453,detmle,22
4,454,detmle,7
4,455,detmle,20
4,456,detmle,17
4,457,detmle,6
4,458,detmle,88
4,459,detmle,17
4,460,detmle,22
4,461,detmle,45
4,462,detmle,12
4,463,detmle,8
4,464,detmle,25
4,465,detmle,76
4,466,detmle,21
4,467,detmle,32
4,468,detmle,17
4,469,detmle,12
4,470,detmle,88
4,471,detmle,12
4,472,detmle,20
4,473,detmle,33
4,474,detmle,10
4,475,detmle,18
4,476,detmle,26
4,477,detmle,64
4,478,detmle,39
4,479,detmle,37
4,480,detmle,10
4,481,detmle,5
4,482,detmle,44
4,483,detmle,21
4,484,detmle,26
4,485,detmle,32
4,486,detmle,4
4,487,detmle,8
4,488,detmle,7
4,489,detmle,15
4,490,detmle,66
4,491,detmle,4
4,492,detmle,25
4,493,detmle,10
4,494,detmle,17
4,495,detmle,33
4,496,detmle,42
4,497,detmle,32
4,498,detmle,17
4,499,detmle,50
4,500,detmle,12
4,501,detmle,20
4,502,detmle,43
4,503,detmle,36
4,504,detmle,5
4,505,detmle,16
4,506,detmle,10
4,507,detmle,19
4,508,detmle,57
4,509,detmle,23
4,510,detmle,19
4,511,detmle,19
4,512,detmle,24
4,513,detmle,47
4,514,detmle,42
4,515,detmle,15
4,516,detmle,20
4,517,detmle,52
4,518,detmle,6
4,519,detmle,23
4,520,detmle,33
4,521,detmle,25
4,522,detmle,12
4,523,detmle,8
4,524,detmle,41
4,525,detmle,36
4,526,detmle,20
4,527,detmle,19
4,528,detmle,19
4,529,detmle,7
4,530,detmle,50
4,531,detmle,46
4,532,detmle,24
4,533,detmle,39
4,534,detmle,30
4,535,detmle,15
4,536,detmle,10
4,537,detmle,19
4,538,detmle,45
4,539,detmle,34
4,540,detmle,24
4,541,detmle,11
4,542,detmle,18
4,543,detmle,6
4,544,detmle,22
4,545,detmle,12
4,546,detmle,10
4,547,detmle,15
4,548,detmle,17
4,549,detmle,45
4,550,detmle,16
4,551,detmle,25
4,552,detmle,12
4,553,detmle,10
4,554,detmle,25
4,555,detmle,35
4,556,detmle,25
4,557,detmle,117
4,558,detmle,16
4,559,detmle,6
4,560,detmle,2
4,561,detmle,12
4,562,detmle,13
4,563,detmle,8
4,564,detmle,77
4,565,detmle,72
4,566,detmle,23
4,567,detmle,26
4,568,detmle,27
4,569,detmle,13
4,570,detmle,16
4,571,detmle,29
4,572,detmle,9
4,573,detmle,17
4,574,detmle,48
4,575,detmle,17
4,576,detmle,14
4,577,detmle,7
4,578,detmle,11
4,579,detmle,31
4,580,detmle,14
4,581,detmle,9
4,582,detmle,3
4,583,detmle,36
4,584,detmle,14
4,585,detmle,28
4,586,detmle,5
4,587,detmle,10
4,588,detmle,19
4,589,detmle,28
4,590,detmle,14
4,591,detmle,19
4,592,detmle,34
4,593,detmle,14
4,594,detmle,22
4,595,detmle,9
4,596,detmle,19
4,597,detmle,26
4,598,detmle,65
4,599,detmle,35
4,600,detmle,29
4,601,detmle,27
4,602,detmle,20
4,603,detmle,54
4,604,detmle,23
4,605,detmle,22
4,606,detmle,5
4,607,detmle,10
4,608,detmle,14
4,609,detmle,16
4,610,detmle,4
4,611,detmle,13
4,612,detmle,6
4,613,detmle,18
4,614,detmle,17
4,615,detmle,21
4,616,detmle,44
4,617,detmle,27
4,618,detmle,11
4,619,detmle,4
4,620,detmle,25
4,621,detmle,13
4,622,detmle,30
4,623,detmle,8
4,624,detmle,14
4,625,detmle,14
4,626,detmle,38
4,627,detmle,14
4,628,detmle,38
4,629,detmle,52
4,630,detmle,12
4,631,detmle,12
4,632,detmle,22
4,633,detmle,15
4,634,detmle,21
4,635,detmle,113
4,636,detmle,50
4,637,detmle,11
4,638,detmle,17
4,639,detmle,52
4,640,detmle,27
4,641,detmle,46
4,642,detmle,32
4,643,detmle,28
4,644,detmle,18
4,645,detmle,39
4,646,detmle,23
4,647,detmle,37
4,648,detmle,133
4,649,detmle,24
4,650,detmle,22
4,651,detmle,28
4,652,detmle,32
4,653,detmle,29
4,654,detmle,14
4,655,detmle,28
4,656,detmle,15
4,657,detmle,10
4,658,detmle,34
4,659,detmle,6
4,660,detmle,33
4,661,detmle,12
4,662,detmle,4
4,663,detmle,7
4,664,detmle,25
4,665,detmle,14
4,666,detmle,4
4,667,detmle,14
4,668,detmle,18
4,669,detmle,27
4,670,detmle,41
4,671,detmle,17
4,672,detmle,24
4,673,detmle,4
4,674,detmle,16
4,675,detmle,35
4,676,detmle,16
4,677,detmle,25
4,678,detmle,16
4,679,detmle,25
4,680,detmle,28
4,681,detmle,21
4,682,detmle,30
4,683,detmle,8
4,684,detmle,68
4,685,detmle,21
4,686,detmle,39
4,687,detmle,26
4,688,detmle,14
4,689,detmle,9
4,690,detmle,11
4,691,detmle,5
4,692,detmle,16
4,693,detmle,26
4,694,detmle,8
4,695,detmle,58
4,696,detmle,47
4,697,detmle,19
4,698,detmle,6
4,699,detmle,42
4,700,detmle,12
4,701,detmle,47
4,702,detmle,26
4,703,detmle,14
4,704,detmle,23
4,705,detmle,11
4,706,detmle,8
4,707,detmle,7
4,708,detmle,10
4,709,detmle,37
4,710,detmle,31
4,711,detmle,29
4,712,detmle,15
4,713,detmle,64
4,714,detmle,18
4,715,detmle,5
4,716,detmle,19
4,717,detmle,7
4,718,detmle,7
4,719,detmle,29
4,720,detmle,11
4,721,detmle,29
4,722,detmle,19
4,723,detmle,55
4,724,detmle,57
4,725,detmle,19
4,726,detmle,27
4,727,detmle,13
4,728,detmle,30
4,729,detmle,24
4,730,detmle,14
4,731,detmle,14
4,732,detmle,29
4,733,detmle,17
4,734,detmle,56
4,735,detmle,32
4,736,detmle,12
4,737,detmle,9
4,738,detmle,55
4,739,detmle,11
4,740,detmle,22
4,741,detmle,39
4,742,detmle,52
4,743,detmle,44
4,744,detmle,20
4,745,detmle,12
4,746,detmle,71
4,747,detmle,9
4,748,detmle,32
4,749,detmle,20
4,750,detmle,13
4,751,detmle,11
4,752,detmle,5
4,753,detmle,32
4,754,detmle,27
4,755,detmle,8
4,756,detmle,21
4,757,detmle,50
4,758,detmle,17
4,759,detmle,10
4,760,detmle,10
4,761,detmle,11
4,762,detmle,6
4,763,detmle,14
4,764,detmle,31
4,765,detmle,3
4,766,detmle,56
4,767,detmle,27
4,768,detmle,10
4,769,detmle,10
4,770,detmle,70
4,771,detmle,37
4,772,detmle,39
4,773,detmle,14
4,774,detmle,10
4,775,detmle,3
4,776,detmle,18
4,777,detmle,37
4,778,detmle,44
4,779,detmle,55
4,780,detmle,46
4,781,detmle,20
4,782,detmle,13
4,783,detmle,25
4,784,detmle,11
4,785,detmle,4
4,786,detmle,5
4,787,detmle,12
4,788,detmle,26
4,789,detmle,48
4,790,detmle,23
4,791,detmle,11
4,792,detmle,14
4,793,detmle,74
4,794,detmle,12
4,795,detmle,41
4,796,detmle,24
4,797,detmle,8
4,798,detmle,17
4,799,detmle,24
4,800,detmle,14
4,801,detmle,5
4,802,detmle,47
4,803,detmle,19
4,804,detmle,7
4,805,detmle,14
4,806,detmle,28
4,807,detmle,16
4,808,detmle,14
4,809,detmle,8
4,810,detmle,10
4,811,detmle,22
4,812,detmle,16
4,813,detmle,14
4,814,detmle,73
4,815,detmle,11
4,816,detmle,24
4,817,detmle,23
4,818,detmle,22
4,819,detmle,40
4,820,detmle,22
4,821,detmle,22
4,822,detmle,36
4,823,detmle,6
4,824,detmle,30
4,825,detmle,43
4,826,detmle,3
4,827,detmle,15
4,828,detmle,18
4,829,detmle,49
4,830,detmle,23
4,831,detmle,35
4,832,detmle,26
4,833,detmle,16
4,834,detmle,6
4,835,detmle,106
4,836,detmle,22
4,837,detmle,28
4,838,detmle,8
4,839,detmle,9
4,840,detmle,7
4,841,detmle,6
4,842,detmle,28
4,843,detmle,9
4,844,detmle,60
4,845,detmle,21
4,846,detmle,61
4,847,detmle,22
4,848,detmle,8
4,849,detmle,23
4,850,detmle,42
4,851,detmle,51
4,852,detmle,11
4,853,detmle,7
4,854,detmle,10
4,855,detmle,12
4,856,detmle,58
4,857,detmle,9
4,858,detmle,36
4,859,detmle,8
4,860,detmle,9
4,861,detmle,23
4,862,detmle,56
4,863,detmle,14
4,864,detmle,10
4,865,detmle,22
4,866,detmle,41
4,867,detmle,5
4,868,detmle,17
4,869,detmle,27
4,870,detmle,11
4,871,detmle,9
4,872,detmle,11
4,873,detmle,10
4,874,detmle,11
4,875,detmle,26
4,876,detmle,48
4,877,detmle,47
4,878,detmle,10
4,879,detmle,19
4,880,detmle,82
4,881,detmle,53
4,882,detmle,19
4,883,detmle,12
4,884,detmle,9
4,885,detmle,14
4,886,detmle,20
4,887,detmle,10
4,888,detmle,11
4,889,detmle,21
4,890,detmle,32
4,891,detmle,5
4,892,detmle,12
4,893,detmle,8
4,894,detmle,8
4,895,detmle,8
4,896,detmle,66
4,897,detmle,11
4,898,detmle,32
4,899,detmle,13
4,900,detmle,32
4,901,detmle,108
4,902,detmle,33
4,903,detmle,23
4,904,detmle,108
4,905,detmle,56
4,906,detmle,6
4,907,detmle,17
4,908,detmle,24
4,909,detmle,4
4,910,detmle,19
4,911,detmle,8
4,912,detmle,12
4,913,detmle,24
4,914,detmle,19
4,915,detmle,18
4,916,detmle,40
4,917,detmle,17
4,918,detmle,22
4,919,detmle,7
4,920,detmle,7
4,921,detmle,13
4,922,detmle,14
4,923,detmle,4
4,924,detmle,38
4,925,detmle,28
4,926,detmle,35
4,927,detmle,21
4,928,detmle,17
4,929,detmle,11
4,930,detmle,14
4,931,detmle,9
4,932,detmle,32
4,933,detmle,9
4,934,detmle,31
4,935,detmle,21
4,936,detmle,30
4,937,detmle,51
4,938,detmle,19
4,939,detmle,13
4,940,detmle,10
4,941,detmle,21
4,942,detmle,19
4,943,detmle,15
4,944,detmle,83
4,945,detmle,14
4,946,detmle,2
4,947,detmle,18
4,948,detmle,17
4,949,detmle,7
4,950,detmle,8
4,951,detmle,17
4,952,detmle,37
4,953,detmle,5
4,954,detmle,41
4,955,detmle,9
4,956,detmle,16
4,957,detmle,22
4,958,detmle,6
4,959,detmle,23
4,960,detmle,31
4,961,detmle,19
4,962,detmle,47
4,963,detmle,12
4,964,detmle,38
4,965,detmle,19
4,966,detmle,38
4,967,detmle,16
4,968,detmle,67
4,969,detmle,13
4,970,detmle,13
4,971,detmle,18
4,972,detmle,30
4,973,detmle,58
4,974,detmle,35
4,975,detmle,79
4,976,detmle,58
4,977,detmle,24
4,978,detmle,58
4,979,detmle,45
4,980,detmle,15
4,981,detmle,9
4,982,detmle,31
4,983,detmle,5
4,984,detmle,29
4,985,detmle,22
4,986,detmle,14
4,987,detmle,17
4,988,detmle,21
4,989,detmle,38
4,990,detmle,20
4,991,detmle,16
4,992,detmle,3
4,993,detmle,23
4,994,detmle,21
4,995,detmle,29
4,996,detmle,16
4,997,detmle,9
4,998,detmle,51
4,999,detmle,15
4,1000,detmle,32
6,1,detmle,40
6,2,detmle,18
6,3,detmle,47
6,4,detmle,27
6,5,detmle,22
6,6,detmle,46
6,7,detmle,19
6,8,detmle,10
6,9,detmle,15
6,10,detmle,16
6,11,detmle,16
6,12,detmle,32
6,13,detmle,21
6,14,detmle,11
6,15,detmle,15
6,16,detmle,53
6,17,detmle,88
6,18,detmle,24
6,19,detmle,5
6,20,detmle,87
6,21,detmle,68
6,22,detmle,15
6,23,detmle,25
6,24,detmle,34
6,25,detmle,23
6,26,detmle,10
6,27,detmle,24
6,28,detmle,28
6,29,detmle,41
6,30,detmle,30
6,31,detmle,16
6,32,detmle,27
6,33,detmle,36
6,34,detmle,36
6,35,detmle,15
6,36,detmle,57
6,37,detmle,52
6,38,detmle,14
6,39,detmle,24
6,40,detmle,15
6,41,detmle,39
6,42,detmle,53
6,43,detmle,13
6,44,detmle,13
6,45,detmle,32
6,46,detmle,64
6,47,detmle,39
6,48,detmle,10
6,49,detmle,13
6,50,detmle,87
6,51,detmle,21
6,52,detmle,79
6,53,detmle,17
6,54,detmle,96
6,55,detmle,16
6,56,detmle,23
6,57,detmle,40
6,58,detmle,15
6,59,detmle,25
6,60,detmle,23
6,61,detmle,23
6,62,detmle,20
6,63,detmle,55
6,64,detmle,55
6,65,detmle,28
6,66,detmle,25
6,67,detmle,30
6,68,detmle,16
6,69,detmle,18
6,70,detmle,29
6,71,detmle,77
6,72,detmle,69
6,73,detmle,30
6,74,detmle,27
6,75,detmle,18
6,76,detmle,203
6,77,detmle,21
6,78,detmle,14
6,79,detmle,114
6,80,detmle,32
6,81,detmle,24
6,82,detmle,41
6,83,detmle,48
6,84,detmle,10
6,85,detmle,16
6,86,detmle,43
6,87,detmle,51
6,88,detmle,21
6,89,detmle,67
6,90,detmle,9
6,91,detmle,10
6,92,detmle,39
6,93,detmle,15
6,94,detmle,23
6,95,detmle,28
6,96,detmle,52
6,97,detmle,22
6,98,detmle,33
6,99,detmle,36
6,100,detmle,8
6,101,detmle,32
6,102,detmle,36
6,103,detmle,28
6,104,detmle,38
6,105,detmle,18
6,106,detmle,64
6,107,detmle,12
6,108,detmle,17
6,109,detmle,37
6,110,detmle,35
6,111,detmle,65
6,112,detmle,34
6,113,detmle,24
6,114,detmle,12
6,115,detmle,18
6,116,detmle,26
6,117,detmle,45
6,118,detmle,43
6,119,detmle,50
6,120,detmle,18
6,121,detmle,77
6,122,detmle,11
6,123,detmle,22
6,124,detmle,95
6,125,detmle,42
6,126,detmle,29
6,127,detmle,46
6,128,detmle,38
6,129,detmle,58
6,130,detmle,67
6,131,detmle,42
6,132,detmle,28
6,133,detmle,22
6,134,detmle,43
6,135,detmle,26
6,136,detmle,97
6,137,detmle,17
6,138,detmle,33
6,139,detmle,31
6,140,detmle,29
6,141,detmle,61
6,142,detmle,30
6,143,detmle,32
6,144,detmle,19
6,145,detmle,20
6,146,detmle,44
6,147,detmle,20
6,148,detmle,30
6,149,detmle,16
6,150,detmle,28
6,151,detmle,33
6,152,detmle,34
6,153,detmle,18
6,154,detmle,17
6,155,detmle,6
6,156,detmle,13
6,157,detmle,10
6,158,detmle,35
6,159,detmle,32
6,160,detmle,24
6,161,detmle,17
6,162,detmle,19
6,163,detmle,17
6,164,detmle,54
6,165,detmle,47
6,166,detmle,30
6,167,detmle,30
6,168,detmle,23
6,169,detmle,23
6,170,detmle,17
6,171,detmle,12
6,172,detmle,13
6,173,detmle,21
6,174,detmle,6
6,175,detmle,24
6,176,detmle,19
6,177,detmle,20
6,178,detmle,25
6,179,detmle,26
6,180,detmle,78
6,181,detmle,14
6,182,detmle,38
6,183,detmle,13
6,184,detmle,25
6,185,detmle,19
6,186,detmle,33
6,187,detmle,21
6,188,detmle,29
6,189,detmle,48
6,190,detmle,42
6,191,detmle,27
6,192,detmle,34
6,193,detmle,65
6,194,detmle,57
6,195,detmle,22
6,196,detmle,20
6,197,detmle,49
6,198,detmle,45
6,199,detmle,24
6,200,detmle,15
6,201,detmle,11
6,202,detmle,11
6,203,detmle,28
6,204,detmle,18
6,205,detmle,22
6,206,detmle,9
6,207,detmle,38
6,208,detmle,16
6,209,detmle,24
6,210,detmle,47
6,211,detmle,14
6,212,detmle,20
6,213,detmle,24
6,214,detmle,20
6,215,detmle,32
6,216,detmle,34
6,217,detmle,31
6,218,detmle,53
6,219,detmle,30
6,220,detmle,76
6,221,detmle,18
6,222,detmle,73
6,223,detmle,34
6,224,detmle,53
6,225,detmle,69
6,226,detmle,15
6,227,detmle,97
6,228,detmle,42
6,229,detmle,43
6,230,detmle,20
6,231,detmle,22
6,232,detmle,19
6,233,detmle,38
6,234,detmle,25
6,235,detmle,54
6,236,detmle,19
6,237,detmle,15
6,238,detmle,45
6,239,detmle,38
6,240,detmle,29
6,241,detmle,60
6,242,detmle,35
6,243,detmle,75
6,244,detmle,20
6,245,detmle,15
6,246,detmle,53
6,247,detmle,41
6,248,detmle,20
6,249,detmle,10
6,250,detmle,36
6,251,detmle,14
6,252,detmle,11
6,253,detmle,33
6,254,detmle,13
6,255,detmle,16
6,256,detmle,26
6,257,detmle,41
6,258,detmle,121
6,259,detmle,19
6,260,detmle,23
6,261,detmle,40
6,262,detmle,43
6,263,detmle,27
6,264,detmle,12
6,265,detmle,61
6,266,detmle,39
6,267,detmle,12
6,268,detmle,57
6,269,detmle,12
6,270,detmle,66
6,271,detmle,26
6,272,detmle,33
6,273,detmle,99
6,274,detmle,19
6,275,detmle,33
6,276,detmle,15
6,277,detmle,20
6,278,detmle,21
6,279,detmle,39
6,280,detmle,28
6,281,detmle,24
6,282,detmle,20
6,283,detmle,26
6,284,detmle,145
6,285,detmle,63
6,286,detmle,28
6,287,detmle,22
6,288,detmle,40
6,289,detmle,85
6,290,detmle,31
6,291,detmle,21
6,292,detmle,56
6,293,detmle,16
6,294,detmle,61
6,295,detmle,84
6,296,detmle,23
6,297,detmle,14
6,298,detmle,36
6,299,detmle,39
6,300,detmle,59
6,301,detmle,13
6,302,detmle,42
6,303,detmle,25
6,304,detmle,32
6,305,detmle,14
6,306,detmle,38
6,307,detmle,15
6,308,detmle,18
6,309,detmle,25
6,310,detmle,18
6,311,detmle,102
6,312,detmle,26
6,313,detmle,220
6,314,detmle,60
6,315,detmle,33
6,316,detmle,21
6,317,detmle,46
6,318,detmle,23
6,319,detmle,43
6,320,detmle,45
6,321,detmle,31
6,322,detmle,24
6,323,detmle,54
6,324,detmle,15
6,325,detmle,67
6,326,detmle,169
6,327,detmle,49
6,328,detmle,77
6,329,detmle,43
6,330,detmle,22
6,331,detmle,38
6,332,detmle,33
6,333,detmle,86
6,334,detmle,7
6,335,detmle,60
6,336,detmle,33
6,337,detmle,10
6,338,detmle,57
6,339,detmle,16
6,340,detmle,16
6,341,detmle,18
6,342,detmle,47
6,343,detmle,56
6,344,detmle,26
6,345,detmle,71
6,346,detmle,59
6,347,detmle,76
6,348,detmle,6
6,349,detmle,19
6,350,detmle,83
6,351,detmle,50
6,352,detmle,32
6,353,detmle,45
6,354,detmle,121
6,355,detmle,13
6,356,detmle,20
6,357,detmle,12
6,358,detmle,42
6,359,detmle,9
6,360,detmle,36
6,361,detmle,48
6,362,detmle,14
6,363,detmle,39
6,364,detmle,21
6,365,detmle,7
6,366,detmle,26
6,367,detmle,19
6,368,detmle,13
6,369,detmle,61
6,370,detmle,6
6,371,detmle,15
6,372,detmle,48
6,373,detmle,24
6,374,detmle,43
6,375,detmle,36
6,376,detmle,13
6,377,detmle,24
6,378,detmle,13
6,379,detmle,57
6,380,detmle,86
6,381,detmle,55
6,382,detmle,45
6,383,detmle,33
6,384,detmle,49
6,385,detmle,199
6,386,detmle,27
6,387,detmle,24
6,388,detmle,93
6,389,detmle,29
6,390,detmle,61
6,391,detmle,103
6,392,detmle,11
6,393,detmle,28
6,394,detmle,18
6,395,detmle,28
6,396,detmle,80
6,397,detmle,44
6,398,detmle,36
6,399,detmle,24
6,400,detmle,27
6,401,detmle,28
6,402,detmle,27
6,403,detmle,29
6,404,detmle,48
6,405,detmle,16
6,406,detmle,38
6,407,detmle,61
6,408,detmle,14
6,409,detmle,19
6,410,detmle,134
6,411,detmle,21
6,412,detmle,44
6,413,detmle,47
6,414,detmle,16
6,415,detmle,26
6,416,detmle,8
6,417,detmle,72
6,418,detmle,24
6,419,detmle,30
6,420,detmle,37
6,421,detmle,30
6,422,detmle,16
6,423,detmle,50
6,424,detmle,14
6,425,detmle,12
6,426,detmle,15
6,427,detmle,37
6,428,detmle,37
6,429,detmle,11
6,430,detmle,98
6,431,detmle,36
6,432,detmle,16
6,433,detmle,41
6,434,detmle,37
6,435,detmle,52
6,436,detmle,42
6,437,detmle,24
6,438,detmle,41
6,439,detmle,82
6,440,detmle,14
6,441,detmle,69
6,442,detmle,16
6,443,detmle,20
6,444,detmle,43
6,445,detmle,28
6,446,detmle,20
6,447,detmle,14
6,448,detmle,54
6,449,detmle,64
6,450,detmle,28
6,451,detmle,20
6,452,detmle,23
6,453,detmle,33
6,454,detmle,24
6,455,detmle,35
6,456,detmle,10
6,457,detmle,34
6,458,detmle,43
6,459,detmle,18
6,460,detmle,54
6,461,detmle,58
6,462,detmle,15
6,463,detmle,17
6,464,detmle,52
6,465,detmle,22
6,466,detmle,23
6,467,detmle,27
6,468,detmle,26
6,469,detmle,41
6,470,detmle,68
6,471,detmle,15
6,472,detmle,23
6,473,detmle,2
6,474,detmle,93
6,475,detmle,34
6,476,detmle,33
6,477,detmle,33
6,478,detmle,58
6,479,detmle,122
6,480,detmle,21
6,481,detmle,73
6,482,detmle,37
6,483,detmle,56
6,484,detmle,21
6,485,detmle,24
6,486,detmle,12
6,487,detmle,26
6,488,detmle,16
6,489,detmle,21
6,490,detmle,34
6,491,detmle,46
6,492,detmle,23
6,493,detmle,40
6,494,detmle,14
6,495,detmle,20
6,496,detmle,51
6,497,detmle,52
6,498,detmle,5
6,499,detmle,44
6,500,detmle,69
6,501,detmle,44
6,502,detmle,58
6,503,detmle,56
6,504,detmle,26
6,505,detmle,28
6,506,detmle,40
6,507,detmle,97
6,508,detmle,18
6,509,detmle,11
6,510,detmle,34
6,511,detmle,17
6,512,detmle,42
6,513,detmle,24
6,514,detmle,27
6,515,detmle,49
6,516,detmle,17
6,517,detmle,46
6,518,detmle,24
6,519,detmle,58
6,520,detmle,25
6,521,detmle,37
6,522,detmle,44
6,523,detmle,11
6,524,detmle,24
6,525,detmle,7
6,526,detmle,58
6,527,detmle,37
6,528,detmle,53
6,529,detmle,20
6,530,detmle,40
6,531,detmle,23
6,532,detmle,28
6,533,detmle,9
6,534,detmle,10
6,535,detmle,38
6,536,detmle,37
6,537,detmle,32
6,538,detmle,26
6,539,detmle,14
6,540,detmle,17
6,541,detmle,38
6,542,detmle,13
6,543,detmle,40
6,544,detmle,41
6,545,detmle,35
6,546,detmle,39
6,547,detmle,30
6,548,detmle,23
6,549,detmle,13
6,550,detmle,14
6,551,detmle,21
6,552,detmle,17
6,553,detmle,30
6,554,detmle,54
6,555,detmle,45
6,556,detmle,30
6,557,detmle,85
6,558,detmle,46
6,559,detmle,35
6,560,detmle,36
6,561,detmle,16
6,562,detmle,14
6,563,detmle,96
6,564,detmle,26
6,565,detmle,23
6,566,detmle,13
6,567,detmle,19
6,568,detmle,117
6,569,detmle,25
6,570,detmle,30
6,571,detmle,33
6,572,detmle,53
6,573,detmle,36
6,574,detmle,23
6,575,detmle,25
6,576,detmle,49
6,577,detmle,15
6,578,detmle,5
6,579,detmle,33
6,580,detmle,46
6,581,detmle,103
6,582,detmle,20
6,583,detmle,54
6,584,detmle,53
6,585,detmle,71
6,586,detmle,97
6,587,detmle,25
6,588,detmle,12
6,589,detmle,146
6,590,detmle,31
6,591,detmle,23
6,592,detmle,58
6,593,detmle,39
6,594,detmle,29
6,595,detmle,37
6,596,detmle,28
6,597,detmle,43
6,598,detmle,12
6,599,detmle,50
6,600,detmle,29
6,601,detmle,12
6,602,detmle,77
6,603,detmle,22
6,604,detmle,19
6,605,detmle,27
6,606,detmle,20
6,607,detmle,12
6,608,detmle,22
6,609,detmle,7
6,610,detmle,21
6,611,detmle,40
6,612,detmle,28
6,613,detmle,45
6,614,detmle,24
6,615,detmle,32
6,616,detmle,26
6,617,detmle,69
6,618,detmle,37
6,619,detmle,51
6,620,detmle,68
6,621,detmle,24
6,622,detmle,19
6,623,detmle,27
6,624,detmle,60
6,625,detmle,88
6,626,detmle,8
6,627,detmle,10
6,628,detmle,15
6,629,detmle,35
6,630,detmle,22
6,631,detmle,7
6,632,detmle,36
6,633,detmle,91
6,634,detmle,23
6,635,detmle,16
6,636,detmle,22
6,637,detmle,49
6,638,detmle,33
6,639,detmle,83
6,640,detmle,72
6,641,detmle,38
6,642,detmle,86
6,643,detmle,39
6,644,detmle,29
6,645,detmle,57
6,646,detmle,53
6,647,detmle,64
6,648,detmle,39
6,649,detmle,34
6,650,detmle,82
6,651,detmle,22
6,652,detmle,15
6,653,detmle,23
6,654,detmle,58
6,655,detmle,18
6,656,detmle,32
6,657,detmle,67
6,658,detmle,35
6,659,detmle,29
6,660,detmle,46
6,661,detmle,74
6,662,detmle,28
6,663,detmle,23
6,664,detmle,44
6,665,detmle,107
6,666,detmle,79
6,667,detmle,15
6,668,detmle,19
6,669,detmle,7
6,670,detmle,42
6,671,detmle,25
6,672,detmle,141
6,673,detmle,32
6,674,detmle,26
6,675,detmle,39
6,676,detmle,64
6,677,detmle,11
6,678,detmle,24
6,679,detmle,37
6,680,detmle,28
6,681,detmle,19
6,682,detmle,72
6,683,detmle,77
6,684,detmle,63
6,685,detmle,12
6,686,detmle,14
6,687,detmle,16
6,688,detmle,22
6,689,detmle,27
6,690,detmle,40
6,691,detmle,43
6,692,detmle,28
6,693,detmle,15
6,694,detmle,34
6,695,detmle,24
6,696,detmle,32
6,697,detmle,24
6,698,detmle,31
6,699,detmle,69
6,700,detmle,31
6,701,detmle,60
6,702,detmle,26
6,703,detmle,32
6,704,detmle,42
6,705,detmle,70
6,706,detmle,47
6,707,detmle,70
6,708,detmle,39
6,709,detmle,31
6,710,detmle,23
6,711,detmle,34
6,712,detmle,22
6,713,detmle,27
6,714,detmle,37
6,715,detmle,22
6,716,detmle,14
6,717,detmle,37
6,718,detmle,18
6,719,detmle,31
6,720,detmle,39
6,721,detmle,49
6,722,detmle,103
6,723,detmle,35
6,724,detmle,111
6,725,detmle,44
6,726,detmle,124
6,727,detmle,32
6,728,detmle,20
6,729,detmle,14
6,730,detmle,165
6,731,detmle,62
6,732,detmle,44
6,733,detmle,56
6,734,detmle,45
6,735,detmle,14
6,736,detmle,57
6,737,detmle,66
6,738,detmle,28
6,739,detmle,31
6,740,detmle,41
6,741,detmle,44
6,742,detmle,100
6,743,detmle,33
6,744,detmle,39
6,745,detmle,22
6,746,detmle,26
6,747,detmle,19
6,748,detmle,30
6,749,detmle,53
6,750,detmle,10
6,751,detmle,27
6,752,detmle,30
6,753,detmle,69
6,754,detmle,42
6,755,detmle,36
6,756,detmle,19
6,757,detmle,42
6,758,detmle,22
6,759,detmle,23
6,760,detmle,32
6,761,detmle,41
6,762,detmle,14
6,763,detmle,12
6,764,detmle,60
6,765,detmle,38
6,766,detmle,25
6,767,detmle,44
6,768,detmle,58
6,769,detmle,13
6,770,detmle,40
6,771,detmle,37
6,772,detmle,32
6,773,detmle,39
6,774,detmle,14
6,775,detmle,24
6,776,detmle,22
6,777,detmle,57
6,778,detmle,14
6,779,detmle,36
6,780,detmle,35
6,781,detmle,36
6,782,detmle,31
6,783,detmle,10
6,784,detmle,49
6,785,detmle,10
6,786,detmle,14
6,787,detmle,28
6,788,detmle,36
6,789,detmle,16
6,790,detmle,56
6,791,detmle,13
6,792,detmle,27
6,793,detmle,20
6,794,detmle,21
6,795,detmle,28
6,796,detmle,34
6,797,detmle,15
6,798,detmle,6
6,799,detmle,34
6,800,detmle,24
6,801,detmle,56
6,802,detmle,52
6,803,detmle,27
6,804,detmle,17
6,805,detmle,73
6,806,detmle,44
6,807,detmle,88
6,808,detmle,25
6,809,detmle,12
6,810,detmle,24
6,811,detmle,52
6,812,detmle,111
6,813,detmle,12
6,814,detmle,28
6,815,detmle,55
6,816,detmle,15
6,817,detmle,31
6,818,detmle,19
6,819,detmle,117
6,820,detmle,24
6,821,detmle,24
6,822,detmle,40
6,823,detmle,22
6,824,detmle,14
6,825,detmle,32
6,826,detmle,33
6,827,detmle,73
6,828,detmle,25
6,829,detmle,24
6,830,detmle,29
6,831,detmle,23
6,832,detmle,27
6,833,detmle,22
6,834,detmle,32
6,835,detmle,13
6,836,detmle,63
6,837,detmle,26
6,838,detmle,56
6,839,detmle,334
6,840,detmle,65
6,841,detmle,52
6,842,detmle,24
6,843,detmle,24
6,844,detmle,17
6,845,detmle,13
6,846,detmle,57
6,847,detmle,45
6,848,detmle,124
6,849,detmle,24
6,850,detmle,25
6,851,detmle,12
6,852,detmle,76
6,853,detmle,44
6,854,detmle,35
6,855,detmle,19
6,856,detmle,37
6,857,detmle,7
6,858,detmle,19
6,859,detmle,45
6,860,detmle,17
6,861,detmle,26
6,862,detmle,40
6,863,detmle,86
6,864,detmle,13
6,865,detmle,220
6,866,detmle,14
6,867,detmle,27
6,868,detmle,65
6,869,detmle,154
6,870,detmle,49
6,871,detmle,21
6,872,detmle,18
6,873,detmle,67
6,874,detmle,28
6,875,detmle,44
6,876,detmle,25
6,877,detmle,43
6,878,detmle,10
6,879,detmle,55
6,880,detmle,22
6,881,detmle,91
6,882,detmle,45
6,883,detmle,98
6,884,detmle,45
6,885,detmle,42
6,886,detmle,30
6,887,detmle,62
6,888,detmle,19
6,889,detmle,163
6,890,detmle,40
6,891,detmle,39
6,892,detmle,77
6,893,detmle,76
6,894,detmle,140
6,895,detmle,46
6,896,detmle,46
6,897,detmle,30
6,898,detmle,77
6,899,detmle,84
6,900,detmle,33
6,901,detmle,108
6,902,detmle,44
6,903,detmle,23
6,904,detmle,28
6,905,detmle,32
6,906,detmle,6
6,907,detmle,21
6,908,detmle,25
6,909,detmle,13
6,910,detmle,38
6,911,detmle,21
6,912,detmle,67
6,913,detmle,34
6,914,detmle,31
6,915,detmle,67
6,916,detmle,42
6,917,detmle,36
6,918,detmle,43
6,919,detmle,85
6,920,detmle,44
6,921,detmle,29
6,922,detmle,52
6,923,detmle,28
6,924,detmle,38
6,925,detmle,65
6,926,detmle,12
6,927,detmle,59
6,928,detmle,19
6,929,detmle,53
6,930,detmle,11
6,931,detmle,26
6,932,detmle,34
6,933,detmle,46
6,934,detmle,45
6,935,detmle,68
6,936,detmle,25
6,937,detmle,60
6,938,detmle,46
6,939,detmle,25
6,940,detmle,24
6,941,detmle,22
6,942,detmle,17
6,943,detmle,67
6,944,detmle,28
6,945,detmle,24
6,946,detmle,17
6,947,detmle,45
6,948,detmle,77
6,949,detmle,56
6,950,detmle,42
6,951,detmle,40
6,952,detmle,82
6,953,detmle,32
6,954,detmle,25
6,955,detmle,21
6,956,detmle,12
6,957,detmle,21
6,958,detmle,30
6,959,detmle,18
6,960,detmle,31
6,961,detmle,48
6,962,detmle,36
6,963,detmle,12
6,964,detmle,29
6,965,detmle,16
6,966,detmle,11
6,967,detmle,31
6,968,detmle,30
6,969,detmle,27
6,970,detmle,61
6,971,detmle,51
6,972,detmle,12
6,973,detmle,42
6,974,detmle,78
6,975,detmle,21
6,976,detmle,11
6,977,detmle,51
6,978,detmle,22
6,979,detmle,32
6,980,detmle,37
6,981,detmle,46
6,982,detmle,25
6,983,detmle,26
6,984,detmle,22
6,985,detmle,26
6,986,detmle,27
6,987,detmle,13
6,988,detmle,31
6,989,detmle,28
6,990,detmle,36
6,991,detmle,17
6,992,detmle,40
6,993,detmle,12
6,994,detmle,26
6,995,detmle,55
6,996,detmle,29
6,997,detmle,123
6,998,detmle,113
6,999,detmle,37
6,1000,detmle,46
8,1,detmle,35
8,2,detmle,92
8,3,detmle,35
8,4,detmle,119
8,5,detmle,69
8,6,detmle,15
8,7,detmle,38
8,8,detmle,81
8,9,detmle,127
8,10,detmle,24
8,11,detmle,22
8,12,detmle,35
8,13,detmle,43
8,14,detmle,48
8,15,detmle,34
8,16,detmle,47
8,17,detmle,34
8,18,detmle,64
8,19,detmle,47
8,20,detmle,32
8,21,detmle,26
8,22,detmle,69
8,23,detmle,56
8,24,detmle,33
8,25,detmle,12
8,26,detmle,46
8,27,detmle,60
8,28,detmle,105
8,29,detmle,21
8,30,detmle,124
8,31,detmle,73
8,32,detmle,32
8,33,detmle,78
8,34,detmle,20
8,35,detmle,47
8,36,detmle,140
8,37,detmle,37
8,38,detmle,27
8,39,detmle,21
8,40,detmle,57
8,41,detmle,40
8,42,detmle,18
8,43,detmle,21
8,44,detmle,68
8,45,detmle,149
8,46,detmle,20
8,47,detmle,21
8,48,detmle,55
8,49,detmle,56
8,50,detmle,30
8,51,detmle,42
8,52,detmle,84
8,53,detmle,76
8,54,detmle,42
8,55,detmle,39
8,56,detmle,37
8,57,detmle,12
8,58,detmle,33
8,59,detmle,35
8,60,detmle,100
8,61,detmle,47
8,62,detmle,34
8,63,detmle,64
8,64,detmle,32
8,65,detmle,110
8,66,detmle,44
8,67,detmle,33
8,68,detmle,58
8,69,detmle,36
8,70,detmle,101
8,71,detmle,47
8,72,detmle,37
8,73,detmle,43
8,74,detmle,48
8,75,detmle,63
8,76,detmle,28
8,77,detmle,49
8,78,detmle,26
8,79,detmle,30
8,80,detmle,42
8,81,detmle,17
8,82,detmle,49
8,83,detmle,15
8,84,detmle,63
8,85,detmle,36
8,86,detmle,23
8,87,detmle,26
8,88,detmle,42
8,89,detmle,29
8,90,detmle,44
8,91,detmle,71
8,92,detmle,114
8,93,detmle,56
8,94,detmle,29
8,95,detmle,33
8,96,detmle,36
8,97,detmle,78
8,98,detmle,40
8,99,detmle,52
8,100,detmle,41
8,101,detmle,101
8,102,detmle,184
8,103,detmle,84
8,104,detmle,42
8,105,detmle,26
8,106,detmle,13
8,107,detmle,36
8,108,detmle,19
8,109,detmle,65
8,110,detmle,23
8,111,detmle,95
8,112,detmle,21
8,113,detmle,42
8,114,detmle,23
8,115,detmle,58
8,116,detmle,21
8,117,detmle,67
8,118,detmle,120
8,119,detmle,50
8,120,detmle,40
8,121,detmle,46
8,122,detmle,28
8,123,detmle,33
8,124,detmle,16
8,125,detmle,26
8,126,detmle,18
8,127,detmle,19
8,128,detmle,40
8,129,detmle,16
8,130,detmle,47
8,131,detmle,58
8,132,detmle,54
8,133,detmle,34
8,134,detmle,26
8,135,detmle,94
8,136,detmle,13
8,137,detmle,32
8,138,detmle,53
8,139,detmle,168
8,140,detmle,94
8,141,detmle,41
8,142,detmle,42
8,143,detmle,28
8,144,detmle,32
8,145,detmle,71
8,146,detmle,21
8,147,detmle,32
8,148,detmle,84
8,149,detmle,40
8,150,detmle,18
8,151,detmle,100
8,152,detmle,115
8,153,detmle,18
8,154,detmle,31
8,155,detmle,26
8,156,detmle,50
8,157,detmle,98
8,158,detmle,23
8,159,detmle,15
8,160,detmle,88
8,161,detmle,29
8,162,detmle,30
8,163,detmle,27
8,164,detmle,20
8,165,detmle,24
8,166,detmle,36
8,167,detmle,77
8,168,detmle,38
8,169,detmle,23
8,170,detmle,70
8,171,detmle,147
8,172,detmle,86
8,173,detmle,26
8,174,detmle,51
8,175,detmle,24
8,176,detmle,72
8,177,detmle,32
8,178,detmle,23
8,179,detmle,127
8,180,detmle,70
8,181,detmle,63
8,182,detmle,54
8,183,detmle,29
8,184,detmle,42
8,185,detmle,37
8,186,detmle,86
8,187,detmle,43
8,188,detmle,53
8,189,detmle,39
8,190,detmle,50
8,191,detmle,35
8,192,detmle,45
8,193,detmle,29
8,194,detmle,39
8,195,detmle,78
8,196,detmle,59
8,197,detmle,22
8,198,detmle,23
8,199,detmle,35
8,200,detmle,168
8,201,detmle,109
8,202,detmle,49
8,203,detmle,80
8,204,detmle,23
8,205,detmle,45
8,206,detmle,22
8,207,detmle,33
8,208,detmle,57
8,209,detmle,40
8,210,detmle,16
8,211,detmle,29
8,212,detmle,123
8,213,detmle,46
8,214,detmle,22
8,215,detmle,25
8,216,detmle,31
8,217,detmle,97
8,218,detmle,31
8,219,detmle,45
8,220,detmle,16
8,221,detmle,37
8,222,detmle,48
8,223,detmle,61
8,224,detmle,29
8,225,detmle,25
8,226,detmle,33
8,227,detmle,20
8,228,detmle,100
8,229,detmle,15
8,230,detmle,36
8,231,detmle,37
8,232,detmle,31
8,233,detmle,15
8,234,detmle,97
8,235,detmle,33
8,236,detmle,33
8,237,detmle,28
8,238,detmle,38
8,239,detmle,22
8,240,detmle,22
8,241,detmle,51
8,242,detmle,83
8,243,detmle,45
8,244,detmle,22
8,245,detmle,44
8,246,detmle,51
8,247,detmle,28
8,248,detmle,48
8,249,detmle,48
8,250,detmle,59
8,251,detmle,76
8,252,detmle,20
8,253,detmle,95
8,254,detmle,43
8,255,detmle,40
8,256,detmle,48
8,257,detmle,57
8,258,detmle,15
8,259,detmle,47
8,260,detmle,36
8,261,detmle,52
8,262,detmle,22
8,263,detmle,43
8,264,detmle,18
8,265,detmle,26
8,266,detmle,27
8,267,detmle,22
8,268,detmle,43
8,269,detmle,15
8,270,detmle,118
8,271,detmle,13
8,272,detmle,42
8,273,detmle,55
8,274,detmle,25
8,275,detmle,21
8,276,detmle,48
8,277,detmle,39
8,278,detmle,22
8,279,detmle,85
8,280,detmle,47
8,281,detmle,92
8,282,detmle,52
8,283,detmle,48
8,284,detmle,69
8,285,detmle,40
8,286,detmle,98
8,287,detmle,27
8,288,detmle,21
8,289,detmle,51
8,290,detmle,58
8,291,detmle,52
8,292,detmle,34
8,293,detmle,35
8,294,detmle,44
8,295,detmle,45
8,296,detmle,47
8,297,detmle,50
8,298,detmle,28
8,299,detmle,73
8,300,detmle,47
8,301,detmle,44
8,302,detmle,27
8,303,detmle,33
8,304,detmle,50
8,305,detmle,34
8,306,detmle,26
8,307,detmle,58
8,308,detmle,78
8,309,detmle,80
8,310,detmle,35
8,311,detmle,41
8,312,detmle,93
8,313,detmle,22
8,314,detmle,19
8,315,detmle,49
8,316,detmle,27
8,317,detmle,30
8,318,detmle,207
8,319,detmle,36
8,320,detmle,29
8,321,detmle,52
8,322,detmle,20
8,323,detmle,62
8,324,detmle,31
8,325,detmle,120
8,326,detmle,91
8,327,detmle,62
8,328,detmle,101
8,329,detmle,36
8,330,detmle,30
8,331,detmle,64
8,332,detmle,59
8,333,detmle,20
8,334,detmle,69
8,335,detmle,19
8,336,detmle,52
8,337,detmle,23
8,338,detmle,53
8,339,detmle,78
8,340,detmle,16
8,341,detmle,66
8,342,detmle,52
8,343,detmle,90
8,344,detmle,38
8,345,detmle,40
8,346,detmle,55
8,347,detmle,29
8,348,detmle,16
8,349,detmle,112
8,350,detmle,24
8,351,detmle,14
8,352,detmle,20
8,353,detmle,42
8,354,detmle,54
8,355,detmle,27
8,356,detmle,64
8,357,detmle,30
8,358,detmle,45
8,359,detmle,68
8,360,detmle,37
8,361,detmle,107
8,362,detmle,31
8,363,detmle,33
8,364,detmle,28
8,365,detmle,23
8,366,detmle,50
8,367,detmle,51
8,368,detmle,40
8,369,detmle,84
8,370,detmle,59
8,371,detmle,40
8,372,detmle,33
8,373,detmle,44
8,374,detmle,53
8,375,detmle,97
8,376,detmle,21
8,377,detmle,52
8,378,detmle,38
8,379,detmle,44
8,380,detmle,18
8,381,detmle,143
8,382,detmle,41
8,383,detmle,31
8,384,detmle,41
8,385,detmle,27
8,386,detmle,36
8,387,detmle,30
8,388,detmle,47
8,389,detmle,26
8,390,detmle,15
8,391,detmle,12
8,392,detmle,27
8,393,detmle,26
8,394,detmle,93
8,395,detmle,42
8,396,detmle,79
8,397,detmle,32
8,398,detmle,118
8,399,detmle,62
8,400,detmle,70
8,401,detmle,64
8,402,detmle,55
8,403,detmle,34
8,404,detmle,44
8,405,detmle,30
8,406,detmle,87
8,407,detmle,27
8,408,detmle,40
8,409,detmle,34
8,410,detmle,13
8,411,detmle,37
8,412,detmle,27
8,413,detmle,32
8,414,detmle,10
8,415,detmle,22
8,416,detmle,33
8,417,detmle,46
8,418,detmle,68
8,419,detmle,44
8,420,detmle,50
8,421,detmle,16
8,422,detmle,78
8,423,detmle,182
8,424,detmle,65
8,425,detmle,55
8,426,detmle,95
8,427,detmle,57
8,428,detmle,18
8,429,detmle,22
8,430,detmle,44
8,431,detmle,78
8,432,detmle,33
8,433,detmle,27
8,434,detmle,47
8,435,detmle,49
8,436,detmle,30
8,437,detmle,39
8,438,detmle,22
8,439,detmle,115
8,440,detmle,38
8,441,detmle,36
8,442,detmle,17
8,443,detmle,36
8,444,detmle,40
8,445,detmle,65
8,446,detmle,43
8,447,detmle,39
8,448,detmle,23
8,449,detmle,56
8,450,detmle,35
8,451,detmle,43
8,452,detmle,18
8,453,detmle,75
8,454,detmle,52
8,455,detmle,31
8,456,detmle,22
8,457,detmle,24
8,458,detmle,30
8,459,detmle,148
8,460,detmle,32
8,461,detmle,38
8,462,detmle,56
8,463,detmle,72
8,464,detmle,85
8,465,detmle,51
8,466,detmle,23
8,467,detmle,50
8,468,detmle,51
8,469,detmle,20
8,470,detmle,75
8,471,detmle,24
8,472,detmle,14
8,473,detmle,40
8,474,detmle,22
8,475,detmle,57
8,476,detmle,42
8,477,detmle,30
8,478,detmle,57
8,479,detmle,44
8,480,detmle,22
8,481,detmle,43
8,482,detmle,35
8,483,detmle,49
8,484,detmle,59
8,485,detmle,19
8,486,detmle,30
8,487,detmle,20
8,488,detmle,37
8,489,detmle,25
8,490,detmle,20
8,491,detmle,50
8,492,detmle,14
8,493,detmle,89
8,494,detmle,35
8,495,detmle,55
8,496,detmle,46
8,497,detmle,60
8,498,detmle,87
8,499,detmle,24
8,500,detmle,47
8,501,detmle,76
8,502,detmle,53
8,503,detmle,90
8,504,detmle,37
8,505,detmle,42
8,506,detmle,62
8,507,detmle,21
8,508,detmle,29
8,509,detmle,66
8,510,detmle,21
8,511,detmle,91
8,512,detmle,50
8,513,detmle,26
8,514,detmle,39
8,515,detmle,23
8,516,detmle,67
8,517,detmle,28
8,518,detmle,41
8,519,detmle,9
8,520,detmle,30
8,521,detmle,44
8,522,detmle,16
8,523,detmle,30
8,524,detmle,55
8,525,detmle,34
8,526,detmle,42
8,527,detmle,120
8,528,detmle,75
8,529,detmle,57
8,530,detmle,89
8,531,detmle,29
8,532,detmle,99
8,533,detmle,64
8,534,detmle,82
8,535,detmle,20
8,536,detmle,46
8,537,detmle,39
8,538,detmle,55
8,539,detmle,39
8,540,detmle,32
8,541,detmle,24
8,542,detmle,19
8,543,detmle,62
8,544,detmle,29
8,545,detmle,87
8,546,detmle,58
8,547,detmle,41
8,548,detmle,29
8,549,detmle,56
8,550,detmle,51
8,551,detmle,73
8,552,detmle,50
8,553,detmle,56
8,554,detmle,10
8,555,detmle,49
8,556,detmle,12
8,557,detmle,81
8,558,detmle,126
8,559,detmle,70
8,560,detmle,75
8,561,detmle,61
8,562,detmle,64
8,563,detmle,19
8,564,detmle,14
8,565,detmle,32
8,566,detmle,62
8,567,detmle,40
8,568,detmle,100
8,569,detmle,31
8,570,detmle,36
8,571,detmle,15
8,572,detmle,41
8,573,detmle,49
8,574,detmle,56
8,575,detmle,24
8,576,detmle,28
8,577,detmle,42
8,578,detmle,27
8,579,detmle,29
8,580,detmle,21
8,581,detmle,30
8,582,detmle,37
8,583,detmle,31
8,584,detmle,132
8,585,detmle,32
8,586,detmle,58
8,587,detmle,72
8,588,detmle,84
8,589,detmle,21
8,590,detmle,26
8,591,detmle,32
8,592,detmle,60
8,593,detmle,43
8,594,detmle,27
8,595,detmle,99
8,596,detmle,16
8,597,detmle,103
8,598,detmle,150
8,599,detmle,156
8,600,detmle,22
8,601,detmle,24
8,602,detmle,98
8,603,detmle,22
8,604,detmle,128
8,605,detmle,32
8,606,detmle,99
8,607,detmle,20
8,608,detmle,83
8,609,detmle,39
8,610,detmle,72
8,611,detmle,74
8,612,detmle,51
8,613,detmle,26
8,614,detmle,38
8,615,detmle,39
8,616,detmle,42
8,617,detmle,57
8,618,detmle,8
8,619,detmle,30
8,620,detmle,68
8,621,detmle,149
8,622,detmle,77
8,623,detmle,26
8,624,detmle,28
8,625,detmle,34
8,626,detmle,30
8,627,detmle,61
8,628,detmle,55
8,629,detmle,26
8,630,detmle,82
8,631,detmle,36
8,632,detmle,38
8,633,detmle,40
8,634,detmle,23
8,635,detmle,45
8,636,detmle,27
8,637,detmle,41
8,638,detmle,28
8,639,detmle,163
8,640,detmle,59
8,641,detmle,14
8,642,detmle,45
8,643,detmle,52
8,644,detmle,22
8,645,detmle,41
8,646,detmle,36
8,647,detmle,26
8,648,detmle,24
8,649,detmle,112
8,650,detmle,18
8,651,detmle,33
8,652,detmle,28
8,653,detmle,44
8,654,detmle,105
8,655,detmle,63
8,656,detmle,89
8,657,detmle,15
8,658,detmle,43
8,659,detmle,34
8,660,detmle,20
8,661,detmle,23
8,662,detmle,31
8,663,detmle,44
8,664,detmle,33
8,665,detmle,42
8,666,detmle,40
8,667,detmle,34
8,668,detmle,30
8,669,detmle,19
8,670,detmle,14
8,671,detmle,54
8,672,detmle,24
8,673,detmle,57
8,674,detmle,28
8,675,detmle,51
8,676,detmle,68
8,677,detmle,71
8,678,detmle,39
8,679,detmle,81
8,680,detmle,24
8,681,detmle,25
8,682,detmle,108
8,683,detmle,83
8,684,detmle,67
8,685,detmle,50
8,686,detmle,24
8,687,detmle,28
8,688,detmle,30
8,689,detmle,51
8,690,detmle,20
8,691,detmle,48
8,692,detmle,23
8,693,detmle,78
8,694,detmle,40
8,695,detmle,51
8,696,detmle,35
8,697,detmle,33
8,698,detmle,24
8,699,detmle,56
8,700,detmle,35
8,701,detmle,24
8,702,detmle,144
8,703,detmle,37
8,704,detmle,19
8,705,detmle,91
8,706,detmle,56
8,707,detmle,21
8,708,detmle,25
8,709,detmle,37
8,710,detmle,52
8,711,detmle,31
8,712,detmle,35
8,713,detmle,28
8,714,detmle,24
8,715,detmle,41
8,716,detmle,37
8,717,detmle,23
8,718,detmle,26
8,719,detmle,26
8,720,detmle,37
8,721,detmle,54
8,722,detmle,35
8,723,detmle,64
8,724,detmle,31
8,725,detmle,55
8,726,detmle,85
8,727,detmle,32
8,728,detmle,20
8,729,detmle,25
8,730,detmle,38
8,731,detmle,20
8,732,detmle,29
8,733,detmle,22
8,734,detmle,28
8,735,detmle,59
8,736,detmle,24
8,737,detmle,168
8,738,detmle,72
8,739,detmle,37
8,740,detmle,56
8,741,detmle,49
8,742,detmle,36
8,743,detmle,69
8,744,detmle,32
8,745,detmle,45
8,746,detmle,45
8,747,detmle,44
8,748,detmle,13
8,749,detmle,19
8,750,detmle,88
8,751,detmle,41
8,752,detmle,30
8,753,detmle,25
8,754,detmle,87
8,755,detmle,45
8,756,detmle,20
8,757,detmle,38
8,758,detmle,35
8,759,detmle,22
8,760,detmle,42
8,761,detmle,42
8,762,detmle,27
8,763,detmle,54
8,764,detmle,24
8,765,detmle,103
8,766,detmle,49
8,767,detmle,36
8,768,detmle,51
8,769,detmle,24
8,770,detmle,64
8,771,detmle,66
8,772,detmle,41
8,773,detmle,82
8,774,detmle,56
8,775,detmle,15
8,776,detmle,61
8,777,detmle,17
8,778,detmle,42
8,779,detmle,58
8,780,detmle,41
8,781,detmle,18
8,782,detmle,41
8,783,detmle,42
8,784,detmle,49
8,785,detmle,90
8,786,detmle,92
8,787,detmle,14
8,788,detmle,113
8,789,detmle,61
8,790,detmle,22
8,791,detmle,29
8,792,detmle,46
8,793,detmle,32
8,794,detmle,89
8,795,detmle,169
8,796,detmle,68
8,797,detmle,28
8,798,detmle,41
8,799,detmle,37
8,800,detmle,19
8,801,detmle,42
8,802,detmle,41
8,803,detmle,78
8,804,detmle,24
8,805,detmle,18
8,806,detmle,27
8,807,detmle,60
8,808,detmle,47
8,809,detmle,31
8,810,detmle,24
8,811,detmle,83
8,812,detmle,38
8,813,detmle,86
8,814,detmle,25
8,815,detmle,33
8,816,detmle,29
8,817,detmle,48
8,818,detmle,23
8,819,detmle,49
8,820,detmle,35
8,821,detmle,35
8,822,detmle,17
8,823,detmle,95
8,824,detmle,18
8,825,detmle,69
8,826,detmle,104
8,827,detmle,85
8,828,detmle,24
8,829,detmle,45
8,830,detmle,30
8,831,detmle,92
8,832,detmle,25
8,833,detmle,24
8,834,detmle,57
8,835,detmle,49
8,836,detmle,59
8,837,detmle,43
8,838,detmle,54
8,839,detmle,27
8,840,detmle,61
8,841,detmle,82
8,842,detmle,59
8,843,detmle,35
8,844,detmle,71
8,845,detmle,49
8,846,detmle,31
8,847,detmle,54
8,848,detmle,30
8,849,detmle,28
8,850,detmle,31
8,851,detmle,30
8,852,detmle,84
8,853,detmle,48
8,854,detmle,30
8,855,detmle,60
8,856,detmle,62
8,857,detmle,26
8,858,detmle,63
8,859,detmle,75
8,860,detmle,51
8,861,detmle,22
8,862,detmle,35
8,863,detmle,116
8,864,detmle,21
8,865,detmle,48
8,866,detmle,69
8,867,detmle,59
8,868,detmle,14
8,869,detmle,20
8,870,detmle,35
8,871,detmle,43
8,872,detmle,165
8,873,detmle,25
8,874,detmle,49
8,875,detmle,51
8,876,detmle,98
8,877,detmle,42
8,878,detmle,43
8,879,detmle,51
8,880,detmle,39
8,881,detmle,45
8,882,detmle,15
8,883,detmle,42
8,884,detmle,23
8,885,detmle,26
8,886,detmle,28
8,887,detmle,36
8,888,detmle,60
8,889,detmle,118
8,890,detmle,41
8,891,detmle,47
8,892,detmle,19
8,893,detmle,13
8,894,detmle,38
8,895,detmle,27
8,896,detmle,53
8,897,detmle,34
8,898,detmle,30
8,899,detmle,43
8,900,detmle,17
8,901,detmle,17
8,902,detmle,21
8,903,detmle,36
8,904,detmle,19
8,905,detmle,32
8,906,detmle,59
8,907,detmle,26
8,908,detmle,33
8,909,detmle,85
8,910,detmle,22
8,911,detmle,18
8,912,detmle,16
8,913,detmle,62
8,914,detmle,37
8,915,detmle,48
8,916,detmle,61
8,917,detmle,27
8,918,detmle,46
8,919,detmle,29
8,920,detmle,23
8,921,detmle,52
8,922,detmle,77
8,923,detmle,41
8,924,detmle,63
8,925,detmle,11
8,926,detmle,57
8,927,detmle,105
8,928,detmle,25
8,929,detmle,21
8,930,detmle,14
8,931,detmle,34
8,932,detmle,21
8,933,detmle,38
8,934,detmle,62
8,935,detmle,47
8,936,detmle,24
8,937,detmle,56
8,938,detmle,18
8,939,detmle,124
8,940,detmle,116
8,941,detmle,18
8,942,detmle,40
8,943,detmle,31
8,944,detmle,16
8,945,detmle,26
8,946,detmle,21
8,947,detmle,47
8,948,detmle,31
8,949,detmle,60
8,950,detmle,27
8,951,detmle,14
8,952,detmle,21
8,953,detmle,37
8,954,detmle,36
8,955,detmle,102
8,956,detmle,66
8,957,detmle,88
8,958,detmle,39
8,959,detmle,20
8,960,detmle,35
8,961,detmle,28
8,962,detmle,94
8,963,detmle,22
8,964,detmle,56
8,965,detmle,66
8,966,detmle,84
8,967,detmle,142
8,968,detmle,27
8,969,detmle,26
8,970,detmle,29
8,971,detmle,32
8,972,detmle,34
8,973,detmle,43
8,974,detmle,47
8,975,detmle,40
8,976,detmle,34
8,977,detmle,71
8,978,detmle,55
8,979,detmle,29
8,980,detmle,39
8,981,detmle,66
8,982,detmle,23
8,983,detmle,54
8,984,detmle,70
8,985,detmle,43
8,986,detmle,24
8,987,detmle,57
8,988,detmle,15
8,989,detmle,27
8,990,detmle,62
8,991,detmle,90
8,992,detmle,30
8,993,detmle,35
8,994,detmle,13
8,995,detmle,41
8,996,detmle,43
8,997,detmle,21
8,998,detmle,33
8,999,detmle,40
8,1000,detmle,103
10,1,detmle,53
10,2,detmle,101
10,3,detmle,50
10,4,detmle,62
10,5,detmle,137
10,6,detmle,186
10,7,detmle,116
10,8,detmle,135
10,9,detmle,21
10,10,detmle,21
10,11,detmle,37
10,12,detmle,56
10,13,detmle,29
10,14,detmle,65
10,15,detmle,34
10,16,detmle,25
10,17,detmle,30
10,18,detmle,57
10,19,detmle,54
10,20,detmle,123
10,21,detmle,105
10,22,detmle,19
10,23,detmle,58
10,24,detmle,40
10,25,detmle,74
10,26,detmle,33
10,27,detmle,30
10,28,detmle,60
10,29,detmle,31
10,30,detmle,49
10,31,detmle,38
10,32,detmle,62
10,33,detmle,35
10,34,detmle,40
10,35,detmle,44
10,36,detmle,32
10,37,detmle,40
10,38,detmle,51
10,39,detmle,78
10,40,detmle,44
10,41,detmle,32
10,42,detmle,129
10,43,detmle,61
10,44,detmle,61
10,45,detmle,59
10,46,detmle,170
10,47,detmle,83
10,48,detmle,101
10,49,detmle,46
10,50,detmle,41
10,51,detmle,35
10,52,detmle,99
10,53,detmle,48
10,54,detmle,51
10,55,detmle,80
10,56,detmle,54
10,57,detmle,44
10,58,detmle,120
10,59,detmle,48
10,60,detmle,56
10,61,detmle,31
10,62,detmle,29
10,63,detmle,56
10,64,detmle,32
10,65,detmle,50
10,66,detmle,63
10,67,detmle,91
10,68,detmle,37
10,69,detmle,41
10,70,detmle,21
10,71,detmle,25
10,72,detmle,46
10,73,detmle,39
10,74,detmle,42
10,75,detmle,56
10,76,detmle,84
10,77,detmle,40
10,78,detmle,42
10,79,detmle,30
10,80,detmle,42
10,81,detmle,144
10,82,detmle,63
10,83,detmle,78
10,84,detmle,22
10,85,detmle,207
10,86,detmle,55
10,87,detmle,87
10,88,detmle,166
10,89,detmle,190
10,90,detmle,100
10,91,detmle,35
10,92,detmle,64
10,93,detmle,63
10,94,detmle,29
10,95,detmle,199
10,96,detmle,50
10,97,detmle,39
10,98,detmle,50
10,99,detmle,89
10,100,detmle,58
10,101,detmle,69
10,102,detmle,49
10,103,detmle,76
10,104,detmle,30
10,105,detmle,51
10,106,detmle,42
10,107,detmle,24
10,108,detmle,131
10,109,detmle,57
10,110,detmle,32
10,111,detmle,106
10,112,detmle,133
10,113,detmle,25
10,114,detmle,89
10,115,detmle,99
10,116,detmle,65
10,117,detmle,103
10,118,detmle,130
10,119,detmle,24
10,120,detmle,52
10,121,detmle,29
10,122,detmle,137
10,123,detmle,132
10,124,detmle,57
10,125,detmle,36
10,126,detmle,58
10,127,detmle,74
10,128,detmle,158
10,129,detmle,21
10,130,detmle,41
10,131,detmle,73
10,132,detmle,37
10,133,detmle,45
10,134,detmle,31
10,135,detmle,37
10,136,detmle,41
10,137,detmle,78
10,138,detmle,43
10,139,detmle,27
10,140,detmle,44
10,141,detmle,58
10,142,detmle,55
10,143,detmle,42
10,144,detmle,51
10,145,detmle,94
10,146,detmle,57
10,147,detmle,79
10,148,detmle,50
10,149,detmle,234
10,150,detmle,52
10,151,detmle,38
10,152,detmle,53
10,153,detmle,70
10,154,detmle,24
10,155,detmle,39
10,156,detmle,29
10,157,detmle,69
10,158,detmle,68
10,159,detmle,97
10,160,detmle,38
10,161,detmle,64
10,162,detmle,123
10,163,detmle,155
10,164,detmle,31
10,165,detmle,36
10,166,detmle,17
10,167,detmle,29
10,168,detmle,57
10,169,detmle,59
10,170,detmle,43
10,171,detmle,38
10,172,detmle,44
10,173,detmle,46
10,174,detmle,37
10,175,detmle,44
10,176,detmle,63
10,177,detmle,82
10,178,detmle,23
10,179,detmle,46
10,180,detmle,36
10,181,detmle,56
10,182,detmle,211
10,183,detmle,24
10,184,detmle,39
10,185,detmle,46
10,186,detmle,38
10,187,detmle,58
10,188,detmle,53
10,189,detmle,123
10,190,detmle,93
10,191,detmle,114
10,192,detmle,58
10,193,detmle,55
10,194,detmle,41
10,195,detmle,37
10,196,detmle,108
10,197,detmle,52
10,198,detmle,74
10,199,detmle,40
10,200,detmle,60
10,201,detmle,91
10,202,detmle,80
10,203,detmle,39
10,204,detmle,37
10,205,detmle,22
10,206,detmle,116
10,207,detmle,93
10,208,detmle,80
10,209,detmle,79
10,210,detmle,70
10,211,detmle,30
10,212,detmle,63
10,213,detmle,79
10,214,detmle,44
10,215,detmle,26
10,216,detmle,86
10,217,detmle,60
10,218,detmle,56
10,219,detmle,43
10,220,detmle,22
10,221,detmle,20
10,222,detmle,53
10,223,detmle,35
10,224,detmle,69
10,225,detmle,48
10,226,detmle,62
10,227,detmle,31
10,228,detmle,79
10,229,detmle,53
10,230,detmle,34
10,231,detmle,51
10,232,detmle,53
10,233,detmle,73
10,234,detmle,160
10,235,detmle,38
10,236,detmle,44
10,237,detmle,46
10,238,detmle,100
10,239,detmle,40
10,240,detmle,48
10,241,detmle,52
10,242,detmle,36
10,243,detmle,51
10,244,detmle,31
10,245,detmle,50
10,246,detmle,53
10,247,detmle,38
10,248,detmle,85
10,249,detmle,54
10,250,detmle,76
10,251,detmle,50
10,252,detmle,110
10,253,detmle,27
10,254,detmle,25
10,255,detmle,106
10,256,detmle,85
10,257,detmle,43
10,258,detmle,33
10,259,detmle,76
10,260,detmle,64
10,261,detmle,33
10,262,detmle,36
10,263,detmle,107
10,264,detmle,64
10,265,detmle,106
10,266,detmle,90
10,267,detmle,36
10,268,detmle,60
10,269,detmle,71
10,270,detmle,103
10,271,detmle,29
10,272,detmle,274
10,273,detmle,35
10,274,detmle,78
10,275,detmle,56
10,276,detmle,64
10,277,detmle,30
10,278,detmle,20
10,279,detmle,38
10,280,detmle,122
10,281,detmle,37
10,282,detmle,104
10,283,detmle,47
10,284,detmle,98
10,285,detmle,63
10,286,detmle,47
10,287,detmle,49
10,288,detmle,49
10,289,detmle,35
10,290,detmle,266
10,291,detmle,22
10,292,detmle,35
10,293,detmle,53
10,294,detmle,102
10,295,detmle,38
10,296,detmle,39
10,297,detmle,36
10,298,detmle,27
10,299,detmle,31
10,300,detmle,30
10,301,detmle,45
10,302,detmle,50
10,303,detmle,43
10,304,detmle,121
10,305,detmle,52
10,306,detmle,47
10,307,detmle,42
10,308,detmle,40
10,309,detmle,94
10,310,detmle,30
10,311,detmle,52
10,312,detmle,68
10,313,detmle,104
10,314,detmle,40
10,315,detmle,77
10,316,detmle,23
10,317,detmle,50
10,318,detmle,66
10,319,detmle,42
10,320,detmle,54
10,321,detmle,70
10,322,detmle,45
10,323,detmle,32
10,324,detmle,56
10,325,detmle,35
10,326,detmle,72
10,327,detmle,76
10,328,detmle,44
10,329,detmle,30
10,330,detmle,115
10,331,detmle,96
10,332,detmle,28
10,333,detmle,35
10,334,detmle,48
10,335,detmle,29
10,336,detmle,43
10,337,detmle,60
10,338,detmle,28
10,339,detmle,54
10,340,detmle,43
10,341,detmle,238
10,342,detmle,38
10,343,detmle,45
10,344,detmle,34
10,345,detmle,52
10,346,detmle,43
10,347,detmle,36
10,348,detmle,39
10,349,detmle,89
10,350,detmle,49
10,351,detmle,40
10,352,detmle,34
10,353,detmle,170
10,354,detmle,63
10,355,detmle,56
10,356,detmle,24
10,357,detmle,98
10,358,detmle,22
10,359,detmle,69
10,360,detmle,46
10,361,detmle,83
10,362,detmle,23
10,363,detmle,30
10,364,detmle,44
10,365,detmle,113
10,366,detmle,41
10,367,detmle,101
10,368,detmle,40
10,369,detmle,31
10,370,detmle,90
10,371,detmle,180
10,372,detmle,30
10,373,detmle,22
10,374,detmle,97
10,375,detmle,81
10,376,detmle,64
10,377,detmle,63
10,378,detmle,28
10,379,detmle,29
10,380,detmle,89
10,381,detmle,50
10,382,detmle,30
10,383,detmle,83
10,384,detmle,83
10,385,detmle,55
10,386,detmle,94
10,387,detmle,64
10,388,detmle,30
10,389,detmle,36
10,390,detmle,124
10,391,detmle,62
10,392,detmle,135
10,393,detmle,37
10,394,detmle,57
10,395,detmle,35
10,396,detmle,69
10,397,detmle,52
10,398,detmle,23
10,399,detmle,45
10,400,detmle,74
10,401,detmle,67
10,402,detmle,64
10,403,detmle,30
10,404,detmle,92
10,405,detmle,39
10,406,detmle,62
10,407,detmle,39
10,408,detmle,102
10,409,detmle,95
10,410,detmle,93
10,411,detmle,67
10,412,detmle,38
10,413,detmle,66
10,414,detmle,46
10,415,detmle,112
10,416,detmle,39
10,417,detmle,79
10,418,detmle,23
10,419,detmle,46
10,420,detmle,19
10,421,detmle,25
10,422,detmle,62
10,423,detmle,53
10,424,detmle,40
10,425,detmle,97
10,426,detmle,34
10,427,detmle,55
10,428,detmle,18
10,429,detmle,38
10,430,detmle,57
10,431,detmle,48
10,432,detmle,49
10,433,detmle,67
10,434,detmle,29
10,435,detmle,77
10,436,detmle,28
10,437,detmle,56
10,438,detmle,47
10,439,detmle,43
10,440,detmle,49
10,441,detmle,85
10,442,detmle,66
10,443,detmle,41
10,444,detmle,51
10,445,detmle,44
10,446,detmle,83
10,447,detmle,130
10,448,detmle,97
10,449,detmle,49
10,450,detmle,74
10,451,detmle,33
10,452,detmle,29
10,453,detmle,49
10,454,detmle,48
10,455,detmle,52
10,456,detmle,79
10,457,detmle,43
10,458,detmle,33
10,459,detmle,53
10,460,detmle,100
10,461,detmle,87
10,462,detmle,46
10,463,detmle,48
10,464,detmle,33
10,465,detmle,99
10,466,detmle,73
10,467,detmle,56
10,468,detmle,29
10,469,detmle,29
10,470,detmle,24
10,471,detmle,21
10,472,detmle,27
10,473,detmle,44
10,474,detmle,25
10,475,detmle,66
10,476,detmle,32
10,477,detmle,71
10,478,detmle,43
10,479,detmle,58
10,480,detmle,37
10,481,detmle,42
10,482,detmle,25
10,483,detmle,101
10,484,detmle,41
10,485,detmle,62
10,486,detmle,38
10,487,detmle,47
10,488,detmle,264
10,489,detmle,45
10,490,detmle,61
10,491,detmle,55
10,492,detmle,32
10,493,detmle,72
10,494,detmle,33
10,495,detmle,51
10,496,detmle,61
10,497,detmle,40
10,498,detmle,34
10,499,detmle,58
10,500,detmle,90
10,501,detmle,58
10,502,detmle,21
10,503,detmle,28
10,504,detmle,95
10,505,detmle,114
10,506,detmle,61
10,507,detmle,64
10,508,detmle,39
10,509,detmle,46
10,510,detmle,43
10,511,detmle,36
10,512,detmle,23
10,513,detmle,186
10,514,detmle,34
10,515,detmle,66
10,516,detmle,76
10,517,detmle,63
10,518,detmle,28
10,519,detmle,35
10,520,detmle,21
10,521,detmle,91
10,522,detmle,57
10,523,detmle,41
10,524,detmle,142
10,525,detmle,29
10,526,detmle,21
10,527,detmle,68
10,528,detmle,28
10,529,detmle,93
10,530,detmle,73
10,531,detmle,30
10,532,detmle,128
10,533,detmle,34
10,534,detmle,39
10,535,detmle,22
10,536,detmle,96
10,537,detmle,79
10,538,detmle,68
10,539,detmle,39
10,540,detmle,48
10,541,detmle,75
10,542,detmle,19
10,543,detmle,64
10,544,detmle,50
10,545,detmle,84
10,546,detmle,20
10,547,detmle,115
10,548,detmle,71
10,549,detmle,20
10,550,detmle,28
10,551,detmle,38
10,552,detmle,38
10,553,detmle,43
10,554,detmle,69
10,555,detmle,28
10,556,detmle,84
10,557,detmle,65
10,558,detmle,43
10,559,detmle,48
10,560,detmle,35
10,561,detmle,93
10,562,detmle,37
10,563,detmle,87
10,564,detmle,35
10,565,detmle,39
10,566,detmle,61
10,567,detmle,255
10,568,detmle,61
10,569,detmle,64
10,570,detmle,40
10,571,detmle,60
10,572,detmle,50
10,573,detmle,33
10,574,detmle,24
10,575,detmle,56
10,576,detmle,64
10,577,detmle,68
10,578,detmle,213
10,579,detmle,49
10,580,detmle,35
10,581,detmle,32
10,582,detmle,69
10,583,detmle,63
10,584,detmle,46
10,585,detmle,105
10,586,detmle,23
10,587,detmle,75
10,588,detmle,31
10,589,detmle,61
10,590,detmle,19
10,591,detmle,62
10,592,detmle,46
10,593,detmle,49
10,594,detmle,44
10,595,detmle,31
10,596,detmle,42
10,597,detmle,93
10,598,detmle,38
10,599,detmle,55
10,600,detmle,55
10,601,detmle,126
10,602,detmle,24
10,603,detmle,64
10,604,detmle,59
10,605,detmle,65
10,606,detmle,50
10,607,detmle,55
10,608,detmle,52
10,609,detmle,31
10,610,detmle,53
10,611,detmle,30
10,612,detmle,56
10,613,detmle,33
10,614,detmle,40
10,615,detmle,70
10,616,detmle,65
10,617,detmle,23
10,618,detmle,58
10,619,detmle,60
10,620,detmle,94
10,621,detmle,262
10,622,detmle,66
10,623,detmle,109
10,624,detmle,43
10,625,detmle,135
10,626,detmle,63
10,627,detmle,90
10,628,detmle,56
10,629,detmle,89
10,630,detmle,35
10,631,detmle,42
10,632,detmle,35
10,633,detmle,33
10,634,detmle,44
10,635,detmle,42
10,636,detmle,60
10,637,detmle,29
10,638,detmle,39
10,639,detmle,81
10,640,detmle,75
10,641,detmle,65
10,642,detmle,82
10,643,detmle,36
10,644,detmle,47
10,645,detmle,76
10,646,detmle,39
10,647,detmle,69
10,648,detmle,84
10,649,detmle,22
10,650,detmle,40
10,651,detmle,45
10,652,detmle,54
10,653,detmle,52
10,654,detmle,37
10,655,detmle,47
10,656,detmle,42
10,657,detmle,83
10,658,detmle,27
10,659,detmle,73
10,660,detmle,53
10,661,detmle,43
10,662,detmle,43
10,663,detmle,67
10,664,detmle,28
10,665,detmle,75
10,666,detmle,42
10,667,detmle,34
10,668,detmle,48
10,669,detmle,50
10,670,detmle,75
10,671,detmle,41
10,672,detmle,73
10,673,detmle,29
10,674,detmle,158
10,675,detmle,172
10,676,detmle,54
10,677,detmle,38
10,678,detmle,40
10,679,detmle,59
10,680,detmle,42
10,681,detmle,37
10,682,detmle,78
10,683,detmle,68
10,684,detmle,84
10,685,detmle,87
10,686,detmle,58
10,687,detmle,54
10,688,detmle,133
10,689,detmle,93
10,690,detmle,28
10,691,detmle,105
10,692,detmle,36
10,693,detmle,71
10,694,detmle,69
10,695,detmle,27
10,696,detmle,17
10,697,detmle,41
10,698,detmle,113
10,699,detmle,96
10,700,detmle,131
10,701,detmle,68
10,702,detmle,289
10,703,detmle,113
10,704,detmle,44
10,705,detmle,60
10,706,detmle,38
10,707,detmle,39
10,708,detmle,27
10,709,detmle,63
10,710,detmle,46
10,711,detmle,55
10,712,detmle,102
10,713,detmle,19
10,714,detmle,36
10,715,detmle,25
10,716,detmle,47
10,717,detmle,86
10,718,detmle,50
10,719,detmle,34
10,720,detmle,62
10,721,detmle,44
10,722,detmle,33
10,723,detmle,40
10,724,detmle,44
10,725,detmle,65
10,726,detmle,93
10,727,detmle,39
10,728,detmle,26
10,729,detmle,19
10,730,detmle,27
10,731,detmle,56
10,732,detmle,73
10,733,detmle,136
10,734,detmle,40
10,735,detmle,74
10,736,detmle,26
10,737,detmle,81
10,738,detmle,77
10,739,detmle,37
10,740,detmle,39
10,741,detmle,45
10,742,detmle,75
10,743,detmle,72
10,744,detmle,45
10,745,detmle,39
10,746,detmle,54
10,747,detmle,74
10,748,detmle,35
10,749,detmle,88
10,750,detmle,144
10,751,detmle,82
10,752,detmle,39
10,753,detmle,28
10,754,detmle,56
10,755,detmle,44
10,756,detmle,10
10,757,detmle,29
10,758,detmle,55
10,759,detmle,19
10,760,detmle,60
10,761,detmle,58
10,762,detmle,124
10,763,detmle,37
10,764,detmle,30
10,765,detmle,54
10,766,detmle,116
10,767,detmle,53
10,768,detmle,47
10,769,detmle,37
10,770,detmle,30
10,771,detmle,45
10,772,detmle,48
10,773,detmle,38
10,774,detmle,21
10,775,detmle,42
10,776,detmle,55
10,777,detmle,81
10,778,detmle,35
10,779,detmle,50
10,780,detmle,31
10,781,detmle,61
10,782,detmle,52
10,783,detmle,26
10,784,detmle,149
10,785,detmle,45
10,786,detmle,46
10,787,detmle,21
10,788,detmle,83
10,789,detmle,26
10,790,detmle,68
10,791,detmle,39
10,792,detmle,65
10,793,detmle,46
10,794,detmle,53
10,795,detmle,84
10,796,detmle,35
10,797,detmle,43
10,798,detmle,41
10,799,detmle,68
10,800,detmle,84
10,801,detmle,34
10,802,detmle,31
10,803,detmle,25
10,804,detmle,53
10,805,detmle,114
10,806,detmle,66
10,807,detmle,40
10,808,detmle,32
10,809,detmle,37
10,810,detmle,41
10,811,detmle,32
10,812,detmle,51
10,813,detmle,81
10,814,detmle,21
10,815,detmle,100
10,816,detmle,60
10,817,detmle,89
10,818,detmle,24
10,819,detmle,67
10,820,detmle,45
10,821,detmle,72
10,822,detmle,31
10,823,detmle,75
10,824,detmle,18
10,825,detmle,29
10,826,detmle,140
10,827,detmle,83
10,828,detmle,89
10,829,detmle,30
10,830,detmle,28
10,831,detmle,51
10,832,detmle,38
10,833,detmle,93
10,834,detmle,85
10,835,detmle,54
10,836,detmle,44
10,837,detmle,24
10,838,detmle,36
10,839,detmle,45
10,840,detmle,69
10,841,detmle,75
10,842,detmle,181
10,843,detmle,48
10,844,detmle,23
10,845,detmle,35
10,846,detmle,64
10,847,detmle,36
10,848,detmle,52
10,849,detmle,36
10,850,detmle,40
10,851,detmle,49
10,852,detmle,63
10,853,detmle,69
10,854,detmle,63
10,855,detmle,82
10,856,detmle,68
10,857,detmle,37
10,858,detmle,68
10,859,detmle,152
10,860,detmle,45
10,861,detmle,23
10,862,detmle,64
10,863,detmle,36
10,864,detmle,38
10,865,detmle,30
10,866,detmle,37
10,867,detmle,27
10,868,detmle,73
10,869,detmle,227
10,870,detmle,38
10,871,detmle,147
10,872,detmle,52
10,873,detmle,77
10,874,detmle,107
10,875,detmle,25
10,876,detmle,37
10,877,detmle,112
10,878,detmle,93
10,879,detmle,39
10,880,detmle,151
10,881,detmle,51
10,882,detmle,98
10,883,detmle,37
10,884,detmle,118
10,885,detmle,25
10,886,detmle,90
10,887,detmle,53
10,888,detmle,74
10,889,detmle,100
10,890,detmle,34
10,891,detmle,55
10,892,detmle,118
10,893,detmle,49
10,894,detmle,84
10,895,detmle,87
10,896,detmle,26
10,897,detmle,46
10,898,detmle,65
10,899,detmle,49
10,900,detmle,23
10,901,detmle,45
10,902,detmle,72
10,903,detmle,59
10,904,detmle,35
10,905,detmle,70
10,906,detmle,72
10,907,detmle,50
10,908,detmle,110
10,909,detmle,31
10,910,detmle,38
10,911,detmle,25
10,912,detmle,50
10,913,detmle,52
10,914,detmle,77
10,915,detmle,33
10,916,detmle,52
10,917,detmle,41
10,918,detmle,49
10,919,detmle,123
10,920,detmle,46
10,921,detmle,35
10,922,detmle,78
10,923,detmle,32
10,924,detmle,67
10,925,detmle,28
10,926,detmle,31
10,927,detmle,61
10,928,detmle,81
10,929,detmle,101
10,930,detmle,75
10,931,detmle,19
10,932,detmle,87
10,933,detmle,49
10,934,detmle,60
10,935,detmle,57
10,936,detmle,83
10,937,detmle,46
10,938,detmle,64
10,939,detmle,27
10,940,detmle,53
10,941,detmle,22
10,942,detmle,47
10,943,detmle,34
10,944,detmle,40
10,945,detmle,35
10,946,detmle,78
10,947,detmle,54
10,948,detmle,41
10,949,detmle,68
10,950,detmle,61
10,951,detmle,30
10,952,detmle,59
10,953,detmle,48
10,954,detmle,22
10,955,detmle,20
10,956,detmle,49
10,957,detmle,43
10,958,detmle,165
10,959,detmle,113
10,960,detmle,31
10,961,detmle,36
10,962,detmle,125
10,963,detmle,61
10,964,detmle,96
10,965,detmle,66
10,966,detmle,33
10,967,detmle,42
10,968,detmle,25
10,969,detmle,68
10,970,detmle,31
10,971,detmle,49
10,972,detmle,44
10,973,detmle,67
10,974,detmle,78
10,975,detmle,54
10,976,detmle,137
10,977,detmle,50
10,978,detmle,51
10,979,detmle,48
10,980,detmle,59
10,981,detmle,50
10,982,detmle,32
10,983,detmle,47
10,984,detmle,116
10,985,detmle,40
10,986,detmle,90
10,987,detmle,60
10,988,detmle,80
10,989,detmle,61
10,990,detmle,34
10,991,detmle,34
10,992,detmle,53
10,993,detmle,23
10,994,detmle,56
10,995,detmle,105
10,996,detmle,64
10,997,detmle,65
10,998,detmle,31
10,999,detmle,49
10,1000,detmle,36
12,1,detmle,40
12,2,detmle,71
12,3,detmle,142
12,4,detmle,54
12,5,detmle,99
12,6,detmle,88
12,7,detmle,46
12,8,detmle,40
12,9,detmle,29
12,10,detmle,86
12,11,detmle,64
12,12,detmle,110
12,13,detmle,41
12,14,detmle,74
12,15,detmle,51
12,16,detmle,48
12,17,detmle,53
12,18,detmle,43
12,19,detmle,161
12,20,detmle,73
12,21,detmle,65
12,22,detmle,42
12,23,detmle,166
12,24,detmle,62
12,25,detmle,46
12,26,detmle,129
12,27,detmle,41
12,28,detmle,129
12,29,detmle,179
12,30,detmle,160
12,31,detmle,54
12,32,detmle,94
12,33,detmle,82
12,34,detmle,43
12,35,detmle,64
12,36,detmle,67
12,37,detmle,33
12,38,detmle,87
12,39,detmle,68
12,40,detmle,52
12,41,detmle,33
12,42,detmle,58
12,43,detmle,97
12,44,detmle,67
12,45,detmle,49
12,46,detmle,97
12,47,detmle,75
12,48,detmle,70
12,49,detmle,42
12,50,detmle,49
12,51,detmle,82
12,52,detmle,48
12,53,detmle,237
12,54,detmle,71
12,55,detmle,64
12,56,detmle,126
12,57,detmle,74
12,58,detmle,30
12,59,detmle,96
12,60,detmle,157
12,61,detmle,73
12,62,detmle,89
12,63,detmle,47
12,64,detmle,58
12,65,detmle,49
12,66,detmle,58
12,67,detmle,116
12,68,detmle,57
12,69,detmle,64
12,70,detmle,41
12,71,detmle,129
12,72,detmle,32
12,73,detmle,48
12,74,detmle,72
12,75,detmle,145
12,76,detmle,118
12,77,detmle,60
12,78,detmle,58
12,79,detmle,84
12,80,detmle,73
12,81,detmle,32
12,82,detmle,99
12,83,detmle,104
12,84,detmle,67
12,85,detmle,98
12,86,detmle,80
12,87,detmle,37
12,88,detmle,75
12,89,detmle,65
12,90,detmle,61
12,91,detmle,68
12,92,detmle,51
12,93,detmle,28
12,94,detmle,48
12,95,detmle,45
12,96,detmle,36
12,97,detmle,32
12,98,detmle,40
12,99,detmle,62
12,100,detmle,64
12,101,detmle,124
12,102,detmle,53
12,103,detmle,37
12,104,detmle,69
12,105,detmle,47
12,106,detmle,62
12,107,detmle,96
12,108,detmle,94
12,109,detmle,125
12,110,detmle,29
12,111,detmle,70
12,112,detmle,104
12,113,detmle,105
12,114,detmle,220
12,115,detmle,23
12,116,detmle,92
12,117,detmle,49
12,118,detmle,33
12,119,detmle,33
12,120,detmle,59
12,121,detmle,37
12,122,detmle,56
12,123,detmle,69
12,124,detmle,102
12,125,detmle,117
12,126,detmle,60
12,127,detmle,44
12,128,detmle,75
12,129,detmle,78
12,130,detmle,31
12,131,detmle,55
12,132,detmle,54
12,133,detmle,50
12,134,detmle,74
12,135,detmle,95
12,136,detmle,119
12,137,detmle,57
12,138,detmle,159
12,139,detmle,46
12,140,detmle,42
12,141,detmle,66
12,142,detmle,66
12,143,detmle,105
12,144,detmle,81
12,145,detmle,52
12,146,detmle,97
12,147,detmle,44
12,148,detmle,87
12,149,detmle,84
12,150,detmle,49
12,151,detmle,41
12,152,detmle,41
12,153,detmle,54
12,154,detmle,95
12,155,detmle,81
12,156,detmle,56
12,157,detmle,69
12,158,detmle,100
12,159,detmle,61
12,160,detmle,58
12,161,detmle,144
12,162,detmle,29
12,163,detmle,106
12,164,detmle,46
12,165,detmle,27
12,166,detmle,101
12,167,detmle,46
12,168,detmle,87
12,169,detmle,67
12,170,detmle,60
12,171,detmle,55
12,172,detmle,51
12,173,detmle,104
12,174,detmle,105
12,175,detmle,97
12,176,detmle,43
12,177,detmle,149
12,178,detmle,59
12,179,detmle,140
12,180,detmle,50
12,181,detmle,53
12,182,detmle,41
12,183,detmle,60
12,184,detmle,46
12,185,detmle,108
12,186,detmle,39
12,187,detmle,56
12,188,detmle,113
12,189,detmle,53
12,190,detmle,71
12,191,detmle,58
12,192,detmle,77
12,193,detmle,39
12,194,detmle,189
12,195,detmle,82
12,196,detmle,76
12,197,detmle,118
12,198,detmle,91
12,199,detmle,40
12,200,detmle,58
12,201,detmle,147
12,202,detmle,59
12,203,detmle,38
12,204,detmle,51
12,205,detmle,33
12,206,detmle,100
12,207,detmle,56
12,208,detmle,29
12,209,detmle,89
12,210,detmle,100
12,211,detmle,60
12,212,detmle,54
12,213,detmle,23
12,214,detmle,75
12,215,detmle,70
12,216,detmle,54
12,217,detmle,105
12,218,detmle,69
12,219,detmle,38
12,220,detmle,18
12,221,detmle,117
12,222,detmle,177
12,223,detmle,78
12,224,detmle,54
12,225,detmle,47
12,226,detmle,24
12,227,detmle,97
12,228,detmle,64
12,229,detmle,90
12,230,detmle,75
12,231,detmle,72
12,232,detmle,64
12,233,detmle,124
12,234,detmle,60
12,235,detmle,94
12,236,detmle,40
12,237,detmle,90
12,238,detmle,49
12,239,detmle,71
12,240,detmle,32
12,241,detmle,45
12,242,detmle,33
12,243,detmle,60
12,244,detmle,87
12,245,detmle,113
12,246,detmle,63
12,247,detmle,129
12,248,detmle,48
12,249,detmle,48
12,250,detmle,43
12,251,detmle,95
12,252,detmle,36
12,253,detmle,142
12,254,detmle,99
12,255,detmle,40
12,256,detmle,36
12,257,detmle,17
12,258,detmle,40
12,259,detmle,62
12,260,detmle,59
12,261,detmle,118
12,262,detmle,40
12,263,detmle,52
12,264,detmle,74
12,265,detmle,49
12,266,detmle,163
12,267,detmle,104
12,268,detmle,38
12,269,detmle,205
12,270,detmle,74
12,271,detmle,37
12,272,detmle,127
12,273,detmle,48
12,274,detmle,36
12,275,detmle,82
12,276,detmle,61
12,277,detmle,35
12,278,detmle,31
12,279,detmle,43
12,280,detmle,25
12,281,detmle,80
12,282,detmle,123
12,283,detmle,37
12,284,detmle,36
12,285,detmle,66
12,286,detmle,96
12,287,detmle,62
12,288,detmle,223
12,289,detmle,40
12,290,detmle,81
12,291,detmle,63
12,292,detmle,76
12,293,detmle,55
12,294,detmle,48
12,295,detmle,87
12,296,detmle,74
12,297,detmle,50
12,298,detmle,64
12,299,detmle,79
12,300,detmle,41
12,301,detmle,48
12,302,detmle,56
12,303,detmle,42
12,304,detmle,23
12,305,detmle,64
12,306,detmle,90
12,307,detmle,45
12,308,detmle,53
12,309,detmle,74
12,310,detmle,68
12,311,detmle,76
12,312,detmle,34
12,313,detmle,50
12,314,detmle,27
12,315,detmle,31
12,316,detmle,60
12,317,detmle,83
12,318,detmle,70
12,319,detmle,49
12,320,detmle,44
12,321,detmle,115
12,322,detmle,36
12,323,detmle,34
12,324,detmle,33
12,325,detmle,57
12,326,detmle,121
12,327,detmle,48
12,328,detmle,56
12,329,detmle,59
12,330,detmle,84
12,331,detmle,70
12,332,detmle,95
12,333,detmle,30
12,334,detmle,47
12,335,detmle,48
12,336,detmle,67
12,337,detmle,75
12,338,detmle,56
12,339,detmle,75
12,340,detmle,38
12,341,detmle,96
12,342,detmle,51
12,343,detmle,32
12,344,detmle,59
12,345,detmle,37
12,346,detmle,68
12,347,detmle,40
12,348,detmle,59
12,349,detmle,73
12,350,detmle,28
12,351,detmle,114
12,352,detmle,112
12,353,detmle,171
12,354,detmle,49
12,355,detmle,42
12,356,detmle,81
12,357,detmle,78
12,358,detmle,62
12,359,detmle,70
12,360,detmle,67
12,361,detmle,34
12,362,detmle,53
12,363,detmle,27
12,364,detmle,43
12,365,detmle,77
12,366,detmle,62
12,367,detmle,50
12,368,detmle,80
12,369,detmle,73
12,370,detmle,40
12,371,detmle,69
12,372,detmle,40
12,373,detmle,74
12,374,detmle,96
12,375,detmle,70
12,376,detmle,53
12,377,detmle,92
12,378,detmle,256
12,379,detmle,63
12,380,detmle,44
12,381,detmle,45
12,382,detmle,157
12,383,detmle,25
12,384,detmle,80
12,385,detmle,31
12,386,detmle,29
12,387,detmle,65
12,388,detmle,34
12,389,detmle,43
12,390,detmle,101
12,391,detmle,29
12,392,detmle,103
12,393,detmle,53
12,394,detmle,25
12,395,detmle,59
12,396,detmle,32
12,397,detmle,145
12,398,detmle,98
12,399,detmle,49
12,400,detmle,60
12,401,detmle,121
12,402,detmle,30
12,403,detmle,63
12,404,detmle,77
12,405,detmle,35
12,406,detmle,73
12,407,detmle,176
12,408,detmle,46
12,409,detmle,48
12,410,detmle,63
12,411,detmle,83
12,412,detmle,34
12,413,detmle,43
12,414,detmle,71
12,415,detmle,55
12,416,detmle,98
12,417,detmle,42
12,418,detmle,52
12,419,detmle,63
12,420,detmle,51
12,421,detmle,60
12,422,detmle,73
12,423,detmle,76
12,424,detmle,84
12,425,detmle,44
12,426,detmle,38
12,427,detmle,123
12,428,detmle,44
12,429,detmle,60
12,430,detmle,33
12,431,detmle,94
12,432,detmle,88
12,433,detmle,56
12,434,detmle,37
12,435,detmle,43
12,436,detmle,16
12,437,detmle,125
12,438,detmle,52
12,439,detmle,75
12,440,detmle,52
12,441,detmle,164
12,442,detmle,103
12,443,detmle,28
12,444,detmle,78
12,445,detmle,59
12,446,detmle,31
12,447,detmle,108
12,448,detmle,104
12,449,detmle,82
12,450,detmle,77
12,451,detmle,84
12,452,detmle,38
12,453,detmle,49
12,454,detmle,152
12,455,detmle,48
12,456,detmle,62
12,457,detmle,91
12,458,detmle,140
12,459,detmle,26
12,460,detmle,66
12,461,detmle,58
12,462,detmle,87
12,463,detmle,101
12,464,detmle,61
12,465,detmle,60
12,466,detmle,64
12,467,detmle,53
12,468,detmle,42
12,469,detmle,110
12,470,detmle,36
12,471,detmle,37
12,472,detmle,97
12,473,detmle,65
12,474,detmle,73
12,475,detmle,39
12,476,detmle,86
12,477,detmle,44
12,478,detmle,40
12,479,detmle,72
12,480,detmle,95
12,481,detmle,43
12,482,detmle,73
12,483,detmle,65
12,484,detmle,115
12,485,detmle,58
12,486,detmle,29
12,487,detmle,182
12,488,detmle,77
12,489,detmle,112
12,490,detmle,119
12,491,detmle,59
12,492,detmle,54
12,493,detmle,58
12,494,detmle,32
12,495,detmle,55
12,496,detmle,98
12,497,detmle,54
12,498,detmle,128
12,499,detmle,103
12,500,detmle,43
12,501,detmle,85
12,502,detmle,57
12,503,detmle,73
12,504,detmle,96
12,505,detmle,64
12,506,detmle,66
12,507,detmle,34
12,508,detmle,105
12,509,detmle,79
12,510,detmle,70
12,511,detmle,106
12,512,detmle,106
12,513,detmle,37
12,514,detmle,156
12,515,detmle,84
12,516,detmle,72
12,517,detmle,105
12,518,detmle,58
12,519,detmle,46
12,520,detmle,128
12,521,detmle,47
12,522,detmle,43
12,523,detmle,18
12,524,detmle,113
12,525,detmle,76
12,526,detmle,73
12,527,detmle,60
12,528,detmle,44
12,529,detmle,97
12,530,detmle,62
12,531,detmle,37
12,532,detmle,164
12,533,detmle,60
12,534,detmle,106
12,535,detmle,52
12,536,detmle,71
12,537,detmle,77
12,538,detmle,78
12,539,detmle,61
12,540,detmle,77
12,541,detmle,71
12,542,detmle,46
12,543,detmle,43
12,544,detmle,49
12,545,detmle,55
12,546,detmle,146
12,547,detmle,52
12,548,detmle,69
12,549,detmle,34
12,550,detmle,107
12,551,detmle,47
12,552,detmle,32
12,553,detmle,146
12,554,detmle,64
12,555,detmle,57
12,556,detmle,42
12,557,detmle,67
12,558,detmle,18
12,559,detmle,49
12,560,detmle,40
12,561,detmle,98
12,562,detmle,42
12,563,detmle,53
12,564,detmle,118
12,565,detmle,91
12,566,detmle,36
12,567,detmle,42
12,568,detmle,58
12,569,detmle,63
12,570,detmle,102
12,571,detmle,149
12,572,detmle,48
12,573,detmle,80
12,574,detmle,177
12,575,detmle,36
12,576,detmle,58
12,577,detmle,70
12,578,detmle,59
12,579,detmle,33
12,580,detmle,66
12,581,detmle,42
12,582,detmle,46
12,583,detmle,34
12,584,detmle,42
12,585,detmle,97
12,586,detmle,60
12,587,detmle,41
12,588,detmle,59
12,589,detmle,58
12,590,detmle,47
12,591,detmle,148
12,592,detmle,69
12,593,detmle,92
12,594,detmle,122
12,595,detmle,54
12,596,detmle,97
12,597,detmle,54
12,598,detmle,51
12,599,detmle,37
12,600,detmle,139
12,601,detmle,32
12,602,detmle,67
12,603,detmle,29
12,604,detmle,80
12,605,detmle,64
12,606,detmle,60
12,607,detmle,77
12,608,detmle,85
12,609,detmle,100
12,610,detmle,82
12,611,detmle,74
12,612,detmle,38
12,613,detmle,31
12,614,detmle,48
12,615,detmle,42
12,616,detmle,56
12,617,detmle,69
12,618,detmle,74
12,619,detmle,143
12,620,detmle,31
12,621,detmle,32
12,622,detmle,43
12,623,detmle,176
12,624,detmle,35
12,625,detmle,61
12,626,detmle,81
12,627,detmle,43
12,628,detmle,91
12,629,detmle,132
12,630,detmle,97
12,631,detmle,61
12,632,detmle,75
12,633,detmle,38
12,634,detmle,49
12,635,detmle,43
12,636,detmle,108
12,637,detmle,52
12,638,detmle,29
12,639,detmle,34
12,640,detmle,43
12,641,detmle,66
12,642,detmle,143
12,643,detmle,66
12,644,detmle,29
12,645,detmle,173
12,646,detmle,62
12,647,detmle,30
12,648,detmle,26
12,649,detmle,50
12,650,detmle,190
12,651,detmle,46
12,652,detmle,98
12,653,detmle,46
12,654,detmle,47
12,655,detmle,47
12,656,detmle,88
12,657,detmle,63
12,658,detmle,51
12,659,detmle,52
12,660,detmle,43
12,661,detmle,66
12,662,detmle,55
12,663,detmle,53
12,664,detmle,84
12,665,detmle,71
12,666,detmle,67
12,667,detmle,66
12,668,detmle,77
12,669,detmle,50
12,670,detmle,44
12,671,detmle,48
12,672,detmle,88
12,673,detmle,97
12,674,detmle,23
12,675,detmle,31
12,676,detmle,68
12,677,detmle,82
12,678,detmle,31
12,679,detmle,51
12,680,detmle,116
12,681,detmle,82
12,682,detmle,115
12,683,detmle,65
12,684,detmle,49
12,685,detmle,76
12,686,detmle,79
12,687,detmle,50
12,688,detmle,36
12,689,detmle,71
12,690,detmle,33
12,691,detmle,188
12,692,detmle,72
12,693,detmle,50
12,694,detmle,66
12,695,detmle,80
12,696,detmle,23
12,697,detmle,108
12,698,detmle,25
12,699,detmle,117
12,700,detmle,141
12,701,detmle,55
12,702,detmle,35
12,703,detmle,39
12,704,detmle,74
12,705,detmle,55
12,706,detmle,49
12,707,detmle,141
12,708,detmle,71
12,709,detmle,47
12,710,detmle,59
12,711,detmle,52
12,712,detmle,59
12,713,detmle,65
12,714,detmle,220
12,715,detmle,35
12,716,detmle,36
12,717,detmle,71
12,718,detmle,58
12,719,detmle,174
12,720,detmle,36
12,721,detmle,76
12,722,detmle,93
12,723,detmle,156
12,724,detmle,46
12,725,detmle,87
12,726,detmle,59
12,727,detmle,37
12,728,detmle,39
12,729,detmle,131
12,730,detmle,44
12,731,detmle,58
12,732,detmle,96
12,733,detmle,47
12,734,detmle,85
12,735,detmle,51
12,736,detmle,73
12,737,detmle,80
12,738,detmle,63
12,739,detmle,45
12,740,detmle,64
12,741,detmle,47
12,742,detmle,37
12,743,detmle,66
12,744,detmle,68
12,745,detmle,46
12,746,detmle,29
12,747,detmle,39
12,748,detmle,63
12,749,detmle,47
12,750,detmle,52
12,751,detmle,65
12,752,detmle,54
12,753,detmle,45
12,754,detmle,65
12,755,detmle,74
12,756,detmle,95
12,757,detmle,56
12,758,detmle,83
12,759,detmle,101
12,760,detmle,102
12,761,detmle,30
12,762,detmle,26
12,763,detmle,47
12,764,detmle,66
12,765,detmle,88
12,766,detmle,25
12,767,detmle,86
12,768,detmle,127
12,769,detmle,48
12,770,detmle,76
12,771,detmle,50
12,772,detmle,114
12,773,detmle,109
12,774,detmle,44
12,775,detmle,47
12,776,detmle,72
12,777,detmle,88
12,778,detmle,93
12,779,detmle,97
12,780,detmle,88
12,781,detmle,117
12,782,detmle,47
12,783,detmle,52
12,784,detmle,73
12,785,detmle,67
12,786,detmle,38
12,787,detmle,30
12,788,detmle,50
12,789,detmle,56
12,790,detmle,67
12,791,detmle,56
12,792,detmle,72
12,793,detmle,56
12,794,detmle,79
12,795,detmle,74
12,796,detmle,87
12,797,detmle,50
12,798,detmle,286
12,799,detmle,123
12,800,detmle,94
12,801,detmle,72
12,802,detmle,82
12,803,detmle,73
12,804,detmle,84
12,805,detmle,58
12,806,detmle,52
12,807,detmle,45
12,808,detmle,40
12,809,detmle,85
12,810,detmle,108
12,811,detmle,66
12,812,detmle,82
12,813,detmle,28
12,814,detmle,114
12,815,detmle,41
12,816,detmle,111
12,817,detmle,34
12,818,detmle,84
12,819,detmle,71
12,820,detmle,72
12,821,detmle,26
12,822,detmle,42
12,823,detmle,78
12,824,detmle,76
12,825,detmle,70
12,826,detmle,72
12,827,detmle,75
12,828,detmle,68
12,829,detmle,100
12,830,detmle,74
12,831,detmle,80
12,832,detmle,75
12,833,detmle,40
12,834,detmle,38
12,835,detmle,85
12,836,detmle,55
12,837,detmle,158
12,838,detmle,47
12,839,detmle,60
12,840,detmle,65
12,841,detmle,93
12,842,detmle,65
12,843,detmle,83
12,844,detmle,42
12,845,detmle,80
12,846,detmle,109
12,847,detmle,37
12,848,detmle,49
12,849,detmle,83
12,850,detmle,141
12,851,detmle,39
12,852,detmle,36
12,853,detmle,87
12,854,detmle,30
12,855,detmle,87
12,856,detmle,62
12,857,detmle,59
12,858,detmle,66
12,859,detmle,51
12,860,detmle,76
12,861,detmle,134
12,862,detmle,55
12,863,detmle,21
12,864,detmle,56
12,865,detmle,45
12,866,detmle,96
12,867,detmle,100
12,868,detmle,25
12,869,detmle,56
12,870,detmle,72
12,871,detmle,77
12,872,detmle,59
12,873,detmle,26
12,874,detmle,31
12,875,detmle,59
12,876,detmle,41
12,877,detmle,112
12,878,detmle,80
12,879,detmle,186
12,880,detmle,55
12,881,detmle,41
12,882,detmle,98
12,883,detmle,31
12,884,detmle,35
12,885,detmle,63
12,886,detmle,166
12,887,detmle,77
12,888,detmle,61
12,889,detmle,79
12,890,detmle,145
12,891,detmle,79
12,892,detmle,67
12,893,detmle,41
12,894,detmle,52
12,895,detmle,58
12,896,detmle,35
12,897,detmle,51
12,898,detmle,33
12,899,detmle,109
12,900,detmle,40
12,901,detmle,54
12,902,detmle,34
12,903,detmle,57
12,904,detmle,71
12,905,detmle,50
12,906,detmle,68
12,907,detmle,52
12,908,detmle,63
12,909,detmle,68
12,910,detmle,69
12,911,detmle,66
12,912,detmle,90
12,913,detmle,80
12,914,detmle,68
12,915,detmle,51
12,916,detmle,51
12,917,detmle,90
12,918,detmle,46
12,919,detmle,49
12,920,detmle,63
12,921,detmle,47
12,922,detmle,44
12,923,detmle,73
12,924,detmle,56
12,925,detmle,73
12,926,detmle,39
12,927,detmle,36
12,928,detmle,38
12,929,detmle,144
12,930,detmle,70
12,931,detmle,53
12,932,detmle,75
12,933,detmle,50
12,934,detmle,122
12,935,detmle,69
12,936,detmle,22
12,937,detmle,68
12,938,detmle,48
12,939,detmle,108
12,940,detmle,66
12,941,detmle,45
12,942,detmle,68
12,943,detmle,57
12,944,detmle,82
12,945,detmle,71
12,946,detmle,68
12,947,detmle,59
12,948,detmle,117
12,949,detmle,68
12,950,detmle,51
12,951,detmle,33
12,952,detmle,51
12,953,detmle,67
12,954,detmle,82
12,955,detmle,165
12,956,detmle,95
12,957,detmle,154
12,958,detmle,28
12,959,detmle,50
12,960,detmle,57
12,961,detmle,59
12,962,detmle,84
12,963,detmle,32
12,964,detmle,137
12,965,detmle,42
12,966,detmle,44
12,967,detmle,53
12,968,detmle,81
12,969,detmle,82
12,970,detmle,93
12,971,detmle,77
12,972,detmle,57
12,973,detmle,70
12,974,detmle,35
12,975,detmle,57
12,976,detmle,55
12,977,detmle,39
12,978,detmle,59
12,979,detmle,77
12,980,detmle,35
12,981,detmle,36
12,982,detmle,43
12,983,detmle,136
12,984,detmle,32
12,985,detmle,79
12,986,detmle,124
12,987,detmle,74
12,988,detmle,84
12,989,detmle,44
12,990,detmle,91
12,991,detmle,116
12,992,detmle,39
12,993,detmle,91
12,994,detmle,58
12,995,detmle,34
12,996,detmle,91
12,997,detmle,55
12,998,detmle,47
12,999,detmle,38
12,1000,detmle,242
2,1,heuristic,33
2,2,heuristic,4
2,3,heuristic,8
2,4,heuristic,7
2,5,heuristic,11
2,6,heuristic,15
2,7,heuristic,18
2,8,heuristic,13
2,9,heuristic,30
2,10,heuristic,6
2,11,heuristic,35
2,12,heuristic,12
2,13,heuristic,19
2,14,heuristic,2
2,15,heuristic,14
2,16,heuristic,8
2,17,heuristic,74
2,18,heuristic,5
2,19,heuristic,4
2,20,heuristic,13
2,21,heuristic,7
2,22,heuristic,22
2,23,heuristic,23
2,24,heuristic,22
2,25,heuristic,7
2,26,heuristic,12
2,27,heuristic,3
2,28,heuristic,5
2,29,heuristic,5
2,30,heuristic,3
2,31,heuristic,34
2,32,heuristic,4
2,33,heuristic,3
2,34,heuristic,3
2,35,heuristic,68
2,36,heuristic,22
2,37,heuristic,3
2,38,heuristic,3
2,39,heuristic,52
2,40,heuristic,7
2,41,heuristic,13
2,42,heuristic,5
2,43,heuristic,28
2,44,heuristic,28
2,45,heuristic,6
2,46,heuristic,30
2,47,heuristic,17
2,48,heuristic,23
2,49,heuristic,4
2,50,heuristic,24
2,51,heuristic,2
2,52,heuristic,6
2,53,heuristic,2
2,54,heuristic,45
2,55,heuristic,27
2,56,heuristic,12
2,57,heuristic,28
2,58,heuristic,11
2,59,heuristic,6
2,60,heuristic,3
2,61,heuristic,15
2,62,heuristic,6
2,63,heuristic,15
2,64,heuristic,18
2,65,heuristic,8
2,66,heuristic,25
2,67,heuristic,22
2,68,heuristic,13
2,69,heuristic,18
2,70,heuristic,33
2,71,heuristic,6
2,72,heuristic,92
2,73,heuristic,11
2,74,heuristic,29
2,75,heuristic,14
2,76,heuristic,75
2,77,heuristic,10
2,78,heuristic,9
2,79,heuristic,14
2,80,heuristic,15
2,81,heuristic,9
2,82,heuristic,4
2,83,heuristic,17
2,84,heuristic,18
2,85,heuristic,3
2,86,heuristic,5
2,87,heuristic,13
2,88,heuristic,4
2,89,heuristic,3
2,90,heuristic,27
2,91,heuristic,28
2,92,heuristic,11
2,93,heuristic,83
2,94,heuristic,11
2,95,heuristic,9
2,96,heuristic,5
2,97,heuristic,6
2,98,heuristic,23
2,99,heuristic,24
2,100,heuristic,10
2,101,heuristic,15
2,102,heuristic,8
2,103,heuristic,4
2,104,heuristic,135
2,105,heuristic,10
2,106,heuristic,1
2,107,heuristic,29
2,108,heuristic,4
2,109,heuristic,13
2,110,heuristic,11
2,111,heuristic,52
2,112,heuristic,39
2,113,heuristic,3
2,114,heuristic,4
2,115,heuristic,4
2,116,heuristic,55
2,117,heuristic,13
2,118,heuristic,27
2,119,heuristic,40
2,120,heuristic,14
2,121,heuristic,5
2,122,heuristic,8
2,123,heuristic,25
2,124,heuristic,5
2,125,heuristic,68
2,126,heuristic,3
2,127,heuristic,11
2,128,heuristic,16
2,129,heuristic,9
2,130,heuristic,33
2,131,heuristic,20
2,132,heuristic,5
2,133,heuristic,30
2,134,heuristic,7
2,135,heuristic,6
2,136,heuristic,23
2,137,heuristic,14
2,138,heuristic,8
2,139,heuristic,13
2,140,heuristic,15
2,141,heuristic,4
2,142,heuristic,9
2,143,heuristic,17
2,144,heuristic,15
2,145,heuristic,6
2,146,heuristic,20
2,147,heuristic,8
2,148,heuristic,7
2,149,heuristic,14
2,150,heuristic,9
2,151,heuristic,14
2,152,heuristic,44
2,153,heuristic,5
2,154,heuristic,9
2,155,heuristic,4
2,156,heuristic,7
2,157,heuristic,21
2,158,heuristic,43
2,159,heuristic,11
2,160,heuristic,11
2,161,heuristic,3
2,162,heuristic,20
2,163,heuristic,10
2,164,heuristic,3
2,165,heuristic,8
2,166,heuristic,13
2,167,heuristic,7
2,168,heuristic,18
2,169,heuristic,9
2,170,heuristic,7
2,171,heuristic,9
2,172,heuristic,8
2,173,heuristic,13
2,174,heuristic,54
2,175,heuristic,5
2,176,heuristic,10
2,177,heuristic,3
2,178,heuristic,31
2,179,heuristic,58
2,180,heuristic,33
2,181,heuristic,14
2,182,heuristic,88
2,183,heuristic,23
2,184,heuristic,52
2,185,heuristic,9
2,186,heuristic,8
2,187,heuristic,11
2,188,heuristic,11
2,189,heuristic,7
2,190,heuristic,9
2,191,heuristic,15
2,192,heuristic,3
2,193,heuristic,4
2,194,heuristic,7
2,195,heuristic,10
2,196,heuristic,4
2,197,heuristic,10
2,198,heuristic,24
2,199,heuristic,31
2,200,heuristic,55
2,201,heuristic,3
2,202,heuristic,24
2,203,heuristic,6
2,204,heuristic,6
2,205,heuristic,31
2,206,heuristic,11
2,207,heuristic,21
2,208,heuristic,8
2,209,heuristic,12
2,210,heuristic,97
2,211,heuristic,12
2,212,heuristic,10
2,213,heuristic,3
2,214,heuristic,2
2,215,heuristic,7
2,216,heuristic,7
2,217,heuristic,7
2,218,heuristic,8
2,219,heuristic,17
2,220,heuristic,7
2,221,heuristic,9
2,222,heuristic,28
2,223,heuristic,16
2,224,heuristic,8
2,225,heuristic,4
2,226,heuristic,7
2,227,heuristic,20
2,228,heuristic,3
2,229,heuristic,26
2,230,heuristic,16
2,231,heuristic,7
2,232,heuristic,6
2,233,heuristic,12
2,234,heuristic,3
2,235,heuristic,15
2,236,heuristic,37
2,237,heuristic,16
2,238,heuristic,4
2,239,heuristic,4
2,240,heuristic,21
2,241,heuristic,14
2,242,heuristic,27
2,243,heuristic,8
2,244,heuristic,19
2,245,heuristic,11
2,246,heuristic,8
2,247,heuristic,24
2,248,heuristic,9
2,249,heuristic,10
2,250,heuristic,74
2,251,heuristic,16
2,252,heuristic,23
2,253,heuristic,6
2,254,heuristic,5
2,255,heuristic,5
2,256,heuristic,6
2,257,heuristic,3
2,258,heuristic,18
2,259,heuristic,61
2,260,heuristic,33
2,261,heuristic,20
2,262,heuristic,32
2,263,heuristic,13
2,264,heuristic,2
2,265,heuristic,6
2,266,heuristic,103
2,267,heuristic,5
2,268,heuristic,5
2,269,heuristic,9
2,270,heuristic,15
2,271,heuristic,10
2,272,heuristic,50
2,273,heuristic,6
2,274,heuristic,6
2,275,heuristic,40
2,276,heuristic,4
2,277,heuristic,18
2,278,heuristic,5
2,279,heuristic,45
2,280,heuristic,3
2,281,heuristic,13
2,282,heuristic,9
2,283,heuristic,13
2,284,heuristic,7
2,285,heuristic,19
2,286,heuristic,6
2,287,heuristic,23
2,288,heuristic,3
2,289,heuristic,15
2,290,heuristic,17
2,291,heuristic,38
2,292,heuristic,28
2,293,heuristic,33
2,294,heuristic,18
2,295,heuristic,6
2,296,heuristic,11
2,297,heuristic,5
2,298,heuristic,54
2,299,heuristic,7
2,300,heuristic,23
2,301,heuristic,5
2,302,heuristic,37
2,303,heuristic,4
2,304,heuristic,10
2,305,heuristic,19
2,306,heuristic,3
2,307,heuristic,3
2,308,heuristic,3
2,309,heuristic,8
2,310,heuristic,6
2,311,heuristic,11
2,312,heuristic,8
2,313,heuristic,4
2,314,heuristic,10
2,315,heuristic,3
2,316,heuristic,3
2,317,heuristic,16
2,318,heuristic,7
2,319,heuristic,30
2,320,heuristic,9
2,321,heuristic,15
2,322,heuristic,26
2,323,heuristic,5
2,324,heuristic,3
2,325,heuristic,4
2,326,heuristic,35
2,327,heuristic,4
2,328,heuristic,5
2,329,heuristic,18
2,330,heuristic,32
2,331,heuristic,3
2,332,heuristic,2
2,333,heuristic,15
2,334,heuristic,4
2,335,heuristic,4
2,336,heuristic,31
2,337,heuristic,9
2,338,heuristic,2
2,339,heuristic,25
2,340,heuristic,3
2,341,heuristic,5
2,342,heuristic,4
2,343,heuristic,25
2,344,heuristic,12
2,345,heuristic,29
2,346,heuristic,6
2,347,heuristic,12
2,348,heuristic,18
2,349,heuristic,52
2,350,heuristic,9
2,351,heuristic,5
2,352,heuristic,4
2,353,heuristic,10
2,354,heuristic,6
2,355,heuristic,50
2,356,heuristic,11
2,357,heuristic,13
2,358,heuristic,6
2,359,heuristic,2
2,360,heuristic,39
2,361,heuristic,18
2,362,heuristic,10
2,363,heuristic,9
2,364,heuristic,6
2,365,heuristic,13
2,366,heuristic,7
2,367,heuristic,5
2,368,heuristic,5
2,369,heuristic,15
2,370,heuristic,6
2,371,heuristic,32
2,372,heuristic,7
2,373,heuristic,10
2,374,heuristic,7
2,375,heuristic,14
2,376,heuristic,8
2,377,heuristic,4
2,378,heuristic,10
2,379,heuristic,11
2,380,heuristic,4
2,381,heuristic,37
2,382,heuristic,50
2,383,heuristic,2
2,384,heuristic,19
2,385,heuristic,51
2,386,heuristic,21
2,387,heuristic,18
2,388,heuristic,21
2,389,heuristic,2
2,390,heuristic,18
2,391,heuristic,9
2,392,heuristic,23
2,393,heuristic,14
2,394,heuristic,17
2,395,heuristic,38
2,396,heuristic,6
2,397,heuristic,20
2,398,heuristic,15
2,399,heuristic,4
2,400,heuristic,10
2,401,heuristic,3
2,402,heuristic,10
2,403,heuristic,20
2,404,heuristic,5
2,405,heuristic,3
2,406,heuristic,3
2,407,heuristic,18
2,408,heuristic,49
2,409,heuristic,21
2,410,heuristic,9
2,411,heuristic,4
2,412,heuristic,14
2,413,heuristic,11
2,414,heuristic,27
2,415,heuristic,11
2,416,heuristic,7
2,417,heuristic,29
2,418,heuristic,13
2,419,heuristic,8
2,420,heuristic,23
2,421,heuristic,4
2,422,heuristic,8
2,423,heuristic,4
2,424,heuristic,5
2,425,heuristic,7
2,426,heuristic,27
2,427,heuristic,9
2,428,heuristic,11
2,429,heuristic,22
2,430,heuristic,3
2,431,heuristic,15
2,432,heuristic,2
2,433,heuristic,21
2,434,heuristic,13
2,435,heuristic,8
2,436,heuristic,2
2,437,heuristic,29
2,438,heuristic,8
2,439,heuristic,5
2,440,heuristic,22
2,441,heuristic,20
2,442,heuristic,53
2,443,heuristic,2
2,444,heuristic,21
2,445,heuristic,30
2,446,heuristic,21
2,447,heuristic,43
2,448,heuristic,21
2,449,heuristic,8
2,450,heuristic,21
2,451,heuristic,5
2,452,heuristic,9
2,453,heuristic,7
2,454,heuristic,20
2,455,heuristic,19
2,456,heuristic,19
2,457,heuristic,12
2,458,heuristic,23
2,459,heuristic,9
2,460,heuristic,46
2,461,heuristic,5
2,462,heuristic,7
2,463,heuristic,3
2,464,heuristic,6
2,465,heuristic,6
2,466,heuristic,30
2,467,heuristic,3
2,468,heuristic,28
2,469,heuristic,36
2,470,heuristic,5
2,471,heuristic,58
2,472,heuristic,1
2,473,heuristic,12
2,474,heuristic,34
2,475,heuristic,8
2,476,heuristic,8
2,477,heuristic,13
2,478,heuristic,1
2,479,heuristic,54
2,480,heuristic,6
2,481,heuristic,4
2,482,heuristic,15
2,483,heuristic,3
2,484,heuristic,9
2,485,heuristic,56
2,486,heuristic,5
2,487,heuristic,33
2,488,heuristic,38
2,489,heuristic,3
2,490,heuristic,3
2,491,heuristic,6
2,492,heuristic,4
2,493,heuristic,8
2,494,heuristic,3
2,495,heuristic,28
2,496,heuristic,20
2,497,heuristic,4
2,498,heuristic,10
2,499,heuristic,61
2,500,heuristic,1
2,501,heuristic,8
2,502,heuristic,82
2,503,heuristic,5
2,504,heuristic,4
2,505,heuristic,32
2,506,heuristic,10
2,507,heuristic,6
2,508,heuristic,71
2,509,heuristic,5
2,510,heuristic,17
2,511,heuristic,7
2,512,heuristic,28
2,513,heuristic,10
2,514,heuristic,5
2,515,heuristic,1
2,516,heuristic,39
2,517,heuristic,19
2,518,heuristic,10
2,519,heuristic,19
2,520,heuristic,7
2,521,heuristic,1
2,522,heuristic,9
2,523,heuristic,5
2,524,heuristic,29
2,525,heuristic,4
2,526,heuristic,15
2,527,heuristic,14
2,528,heuristic,5
2,529,heuristic,44
2,530,heuristic,3
2,531,heuristic,6
2,532,heuristic,51
2,533,heuristic,2
2,534,heuristic,10
2,535,heuristic,16
2,536,heuristic,4
2,537,heuristic,9
2,538,heuristic,8
2,539,heuristic,10
2,540,heuristic,55
2,541,heuristic,36
2,542,heuristic,28
2,543,heuristic,14
2,544,heuristic,5
2,545,heuristic,1
2,546,heuristic,1
2,547,heuristic,23
2,548,heuristic,16
2,549,heuristic,9
2,550,heuristic,5
2,551,heuristic,4
2,552,heuristic,7
2,553,heuristic,45
2,554,heuristic,4
2,555,heuristic,42
2,556,heuristic,64
2,557,heuristic,5
2,558,heuristic,3
2,559,heuristic,17
2,560,heuristic,62
2,561,heuristic,3
2,562,heuristic,29
2,563,heuristic,6
2,564,heuristic,13
2,565,heuristic,5
2,566,heuristic,8
2,567,heuristic,22
2,568,heuristic,21
2,569,heuristic,3
2,570,heuristic,8
2,571,heuristic,10
2,572,heuristic,24
2,573,heuristic,56
2,574,heuristic,5
2,575,heuristic,4
2,576,heuristic,7
2,577,heuristic,27
2,578,heuristic,18
2,579,heuristic,7
2,580,heuristic,14
2,581,heuristic,14
2,582,heuristic,3
2,583,heuristic,31
2,584,heuristic,4
2,585,heuristic,24
2,586,heuristic,12
2,587,heuristic,81
2,588,heuristic,25
2,589,heuristic,4
2,590,heuristic,16
2,591,heuristic,6
2,592,heuristic,3
2,593,heuristic,22
2,594,heuristic,31
2,595,heuristic,3
2,596,heuristic,5
2,597,heuristic,7
2,598,heuristic,16
2,599,heuristic,45
2,600,heuristic,22
2,601,heuristic,21
2,602,heuristic,14
2,603,heuristic,16
2,604,heuristic,57
2,605,heuristic,16
2,606,heuristic,12
2,607,heuristic,10
2,608,heuristic,8
2,609,heuristic,7
2,610,heuristic,123
2,611,heuristic,4
2,612,heuristic,5
2,613,heuristic,4
2,614,heuristic,20
2,615,heuristic,7
2,616,heuristic,4
2,617,heuristic,32
2,618,heuristic,3
2,619,heuristic,3
2,620,heuristic,11
2,621,heuristic,14
2,622,heuristic,6
2,623,heuristic,5
2,624,heuristic,1
2,625,heuristic,17
2,626,heuristic,9
2,627,heuristic,7
2,628,heuristic,9
2,629,heuristic,11
2,630,heuristic,12
2,631,heuristic,43
2,632,heuristic,20
2,633,heuristic,3
2,634,heuristic,30
2,635,heuristic,21
2,636,heuristic,1
2,637,heuristic,24
2,638,heuristic,7
2,639,heuristic,20
2,640,heuristic,6
2,641,heuristic,10
2,642,heuristic,7
2,643,heuristic,16
2,644,heuristic,36
2,645,heuristic,33
2,646,heuristic,10
2,647,heuristic,8
2,648,heuristic,3
2,649,heuristic,5
2,650,heuristic,9
2,651,heuristic,28
2,652,heuristic,6
2,653,heuristic,3
2,654,heuristic,64
2,655,heuristic,1
2,656,heuristic,11
2,657,heuristic,16
2,658,heuristic,6
2,659,heuristic,4
2,660,heuristic,5
2,661,heuristic,36
2,662,heuristic,27
2,663,heuristic,6
2,664,heuristic,50
2,665,heuristic,3
2,666,heuristic,8
2,667,heuristic,3
2,668,heuristic,14
2,669,heuristic,23
2,670,heuristic,15
2,671,heuristic,6
2,672,heuristic,7
2,673,heuristic,6
2,674,heuristic,6
2,675,heuristic,7
2,676,heuristic,10
2,677,heuristic,6
2,678,heuristic,12
2,679,heuristic,9
2,680,heuristic,7
2,681,heuristic,9
2,682,heuristic,9
2,683,heuristic,3
2,684,heuristic,14
2,685,heuristic,29
2,686,heuristic,7
2,687,heuristic,9
2,688,heuristic,14
2,689,heuristic,12
2,690,heuristic,9
2,691,heuristic,1
2,692,heuristic,5
2,693,heuristic,5
2,694,heuristic,7
2,695,heuristic,10
2,696,heuristic,3
2,697,heuristic,11
2,698,heuristic,8
2,699,heuristic,5
2,700,heuristic,26
2,701,heuristic,5
2,702,heuristic,4
2,703,heuristic,4
2,704,heuristic,9
2,705,heuristic,11
2,706,heuristic,18
2,707,heuristic,44
2,708,heuristic,7
2,709,heuristic,6
2,710,heuristic,11
2,711,heuristic,3
2,712,heuristic,7
2,713,heuristic,18
2,714,heuristic,18
2,715,heuristic,27
2,716,heuristic,7
2,717,heuristic,8
2,718,heuristic,4
2,719,heuristic,8
2,720,heuristic,4
2,721,heuristic,5
2,722,heuristic,4
2,723,heuristic,21
2,724,heuristic,31
2,725,heuristic,11
2,726,heuristic,6
2,727,heuristic,17
2,728,heuristic,22
2,729,heuristic,3
2,730,heuristic,7
2,731,heuristic,46
2,732,heuristic,13
2,733,heuristic,5
2,734,heuristic,12
2,735,heuristic,50
2,736,heuristic,28
2,737,heuristic,7
2,738,heuristic,17
2,739,heuristic,80
2,740,heuristic,36
2,741,heuristic,3
2,742,heuristic,16
2,743,heuristic,22
2,744,heuristic,7
2,745,heuristic,35
2,746,heuristic,2
2,747,heuristic,7
2,748,heuristic,10
2,749,heuristic,19
2,750,heuristic,6
2,751,heuristic,9
2,752,heuristic,5
2,753,heuristic,1
2,754,heuristic,44
2,755,heuristic,3
2,756,heuristic,12
2,757,heuristic,6
2,758,heuristic,33
2,759,heuristic,7
2,760,heuristic,9
2,761,heuristic,4
2,762,heuristic,10
2,763,heuristic,10
2,764,heuristic,9
2,765,heuristic,9
2,766,heuristic,25
2,767,heuristic,18
2,768,heuristic,15
2,769,heuristic,1
2,770,heuristic,50
2,771,heuristic,5
2,772,heuristic,72
2,773,heuristic,25
2,774,heuristic,8
2,775,heuristic,13
2,776,heuristic,15
2,777,heuristic,6
2,778,heuristic,20
2,779,heuristic,56
2,780,heuristic,19
2,781,heuristic,10
2,782,heuristic,5
2,783,heuristic,13
2,784,heuristic,3
2,785,heuristic,17
2,786,heuristic,12
2,787,heuristic,1
2,788,heuristic,11
2,789,heuristic,5
2,790,heuristic,10
2,791,heuristic,10
2,792,heuristic,43
2,793,heuristic,4
2,794,heuristic,25
2,795,heuristic,16
2,796,heuristic,44
2,797,heuristic,7
2,798,heuristic,34
2,799,heuristic,7
2,800,heuristic,14
2,801,heuristic,50
2,802,heuristic,32
2,803,heuristic,14
2,804,heuristic,24
2,805,heuristic,5
2,806,heuristic,6
2,807,heuristic,8
2,808,heuristic,14
2,809,heuristic,3
2,810,heuristic,7
2,811,heuristic,22
2,812,heuristic,33
2,813,heuristic,5
2,814,heuristic,11
2,815,heuristic,7
2,816,heuristic,6
2,817,heuristic,64
2,818,heuristic,17
2,819,heuristic,7
2,820,heuristic,8
2,821,heuristic,7
2,822,heuristic,4
2,823,heuristic,42
2,824,heuristic,9
2,825,heuristic,5
2,826,heuristic,2
2,827,heuristic,3
2,828,heuristic,10
2,829,heuristic,17
2,830,heuristic,6
2,831,heuristic,5
2,832,heuristic,5
2,833,heuristic,10
2,834,heuristic,31
2,835,heuristic,58
2,836,heuristic,10
2,837,heuristic,3
2,838,heuristic,8
2,839,heuristic,30
2,840,heuristic,6
2,841,heuristic,4
2,842,heuristic,8
2,843,heuristic,9
2,844,heuristic,18
2,845,heuristic,36
2,846,heuristic,12
2,847,heuristic,2
2,848,heuristic,3
2,849,heuristic,13
2,850,heuristic,6
2,851,heuristic,6
2,852,heuristic,9
2,853,heuristic,5
2,854,heuristic,5
2,855,heuristic,6
2,856,heuristic,14
2,857,heuristic,21
2,858,heuristic,4
2,859,heuristic,3
2,860,heuristic,10
2,861,heuristic,5
2,862,heuristic,24
2,863,heuristic,10
2,864,heuristic,15
2,865,heuristic,7
2,866,heuristic,42
2,867,heuristic,18
2,868,heuristic,65
2,869,heuristic,87
2,870,heuristic,6
2,871,heuristic,10
2,872,heuristic,8
2,873,heuristic,28
2,874,heuristic,17
2,875,heuristic,3
2,876,heuristic,35
2,877,heuristic,19
2,878,heuristic,9
2,879,heuristic,17
2,880,heuristic,27
2,881,heuristic,6
2,882,heuristic,52
2,883,heuristic,3
2,884,heuristic,5
2,885,heuristic,9
2,886,heuristic,6
2,887,heuristic,3
2,888,heuristic,9
2,889,heuristic,19
2,890,heuristic,8
2,891,heuristic,6
2,892,heuristic,6
2,893,heuristic,21
2,894,heuristic,4
2,895,heuristic,17
2,896,heuristic,61
2,897,heuristic,73
2,898,heuristic,23
2,899,heuristic,5
2,900,heuristic,50
2,901,heuristic,40
2,902,heuristic,4
2,903,heuristic,5
2,904,heuristic,15
2,905,heuristic,14
2,906,heuristic,10
2,907,heuristic,9
2,908,heuristic,3
2,909,heuristic,9
2,910,heuristic,24
2,911,heuristic,5
2,912,heuristic,46
2,913,heuristic,6
2,914,heuristic,7
2,915,heuristic,3
2,916,heuristic,6
2,917,heuristic,22
2,918,heuristic,7
2,919,heuristic,13
2,920,heuristic,2
2,921,heuristic,1
2,922,heuristic,5
2,923,heuristic,19
2,924,heuristic,6
2,925,heuristic,5
2,926,heuristic,16
2,927,heuristic,8
2,928,heuristic,6
2,929,heuristic,5
2,930,heuristic,49
2,931,heuristic,29
2,932,heuristic,22
2,933,heuristic,5
2,934,heuristic,28
2,935,heuristic,86
2,936,heuristic,3
2,937,heuristic,104
2,938,heuristic,8
2,939,heuristic,8
2,940,heuristic,125
2,941,heuristic,8
2,942,heuristic,7
2,943,heuristic,1
2,944,heuristic,20
2,945,heuristic,4
2,946,heuristic,8
2,947,heuristic,6
2,948,heuristic,13
2,949,heuristic,4
2,950,heuristic,9
2,951,heuristic,5
2,952,heuristic,27
2,953,heuristic,5
2,954,heuristic,20
2,955,heuristic,21
2,956,heuristic,5
2,957,heuristic,4
2,958,heuristic,4
2,959,heuristic,6
2,960,heuristic,14
2,961,heuristic,5
2,962,heuristic,29
2,963,heuristic,17
2,964,heuristic,6
2,965,heuristic,7
2,966,heuristic,4
2,967,heuristic,15
2,968,heuristic,7
2,969,heuristic,29
2,970,heuristic,44
2,971,heuristic,8
2,972,heuristic,13
2,973,heuristic,21
2,974,heuristic,15
2,975,heuristic,10
2,976,heuristic,4
2,977,heuristic,27
2,978,heuristic,6
2,979,heuristic,7
2,980,heuristic,13
2,981,heuristic,15
2,982,heuristic,6
2,983,heuristic,4
2,984,heuristic,4
2,985,heuristic,31
2,986,heuristic,12
2,987,heuristic,3
2,988,heuristic,40
2,989,heuristic,10
2,990,heuristic,12
2,991,heuristic,4
2,992,heuristic,15
2,993,heuristic,16
2,994,heuristic,7
2,995,heuristic,5
2,996,heuristic,4
2,997,heuristic,22
2,998,heuristic,4
2,999,heuristic,13
2,1000,heuristic,13
4,1,heuristic,98
4,2,heuristic,101
4,3,heuristic,7
4,4,heuristic,44
4,5,heuristic,378
4,6,heuristic,12
4,7,heuristic,25
4,8,heuristic,14
4,9,heuristic,397
4,10,heuristic,1
4,11,heuristic,133
4,12,heuristic,6
4,13,heuristic,37
4,14,heuristic,158
4,15,heuristic,67
4,16,heuristic,61
4,17,heuristic,163
4,18,heuristic,4
4,19,heuristic,69
4,20,heuristic,548
4,21,heuristic,18
4,22,heuristic,62
4,23,heuristic,70
4,24,heuristic,111
4,25,heuristic,14
4,26,heuristic,124
4,27,heuristic,138
4,28,heuristic,461
4,29,heuristic,4
4,30,heuristic,78
4,31,heuristic,41
4,32,heuristic,6
4,33,heuristic,243
4,34,heuristic,260
4,35,heuristic,67
4,36,heuristic,210
4,37,heuristic,137
4,38,heuristic,159
4,39,heuristic,39
4,40,heuristic,31
4,41,heuristic,94
4,42,heuristic,169
4,43,heuristic,93
4,44,heuristic,236
4,45,heuristic,69
4,46,heuristic,59
4,47,heuristic,291
4,48,heuristic,94
4,49,heuristic,86
4,50,heuristic,101
4,51,heuristic,8
4,52,heuristic,50
4,53,heuristic,18
4,54,heuristic,12
4,55,heuristic,33
4,56,heuristic,277
4,57,heuristic,102
4,58,heuristic,264
4,59,heuristic,10
4,60,heuristic,17
4,61,heuristic,123
4,62,heuristic,29
4,63,heuristic,16
4,64,heuristic,65
4,65,heuristic,6
4,66,heuristic,294
4,67,heuristic,108
4,68,heuristic,5
4,69,heuristic,59
4,70,heuristic,97
4,71,heuristic,165
4,72,heuristic,35
4,73,heuristic,21
4,74,heuristic,30
4,75,heuristic,204
4,76,heuristic,155
4,77,heuristic,6
4,78,heuristic,41
4,79,heuristic,7
4,80,heuristic,6
4,81,heuristic,117
4,82,heuristic,277
4,83,heuristic,15
4,84,heuristic,142
4,85,heuristic,23
4,86,heuristic,114
4,87,heuristic,157
4,88,heuristic,89
4,89,heuristic,53
4,90,heuristic,121
4,91,heuristic,99
4,92,heuristic,42
4,93,heuristic,179
4,94,heuristic,380
4,95,heuristic,48
4,96,heuristic,110
4,97,heuristic,17
4,98,heuristic,28
4,99,heuristic,92
4,100,heuristic,60
4,101,heuristic,67
4,102,heuristic,56
4,103,heuristic,414
4,104,heuristic,29
4,105,heuristic,14
4,106,heuristic,99
4,107,heuristic,168
4,108,heuristic,153
4,109,heuristic,449
4,110,heuristic,168
4,111,heuristic,5
4,112,heuristic,14
4,113,heuristic,138
4,114,heuristic,254
4,115,heuristic,214
4,116,heuristic,31
4,117,heuristic,398
4,118,heuristic,19
4,119,heuristic,6
4,120,heuristic,45
4,121,heuristic,219
4,122,heuristic,28
4,123,heuristic,163
4,124,heuristic,50
4,125,heuristic,163
4,126,heuristic,71
4,127,heuristic,6
4,128,heuristic,1074
4,129,heuristic,8
4,130,heuristic,52
4,131,heuristic,8
4,132,heuristic,64
4,133,heuristic,5
4,134,heuristic,258
4,135,heuristic,155
4,136,heuristic,6
4,137,heuristic,39
4,138,heuristic,406
4,139,heuristic,198
4,140,heuristic,70
4,141,heuristic,25
4,142,heuristic,15
4,143,heuristic,41
4,144,heuristic,309
4,145,heuristic,11
4,146,heuristic,501
4,147,heuristic,30
4,148,heuristic,47
4,149,heuristic,222
4,150,heuristic,233
4,151,heuristic,373
4,152,heuristic,103
4,153,heuristic,73
4,154,heuristic,1366
4,155,heuristic,29
4,156,heuristic,90
4,157,heuristic,14
4,158,heuristic,62
4,159,heuristic,10
4,160,heuristic,15
4,161,heuristic,10
4,162,heuristic,91
4,163,heuristic,103
4,164,heuristic,8
4,165,heuristic,74
4,166,heuristic,8
4,167,heuristic,174
4,168,heuristic,8
4,169,heuristic,103
4,170,heuristic,3
4,171,heuristic,129
4,172,heuristic,88
4,173,heuristic,62
4,174,heuristic,43
4,175,heuristic,34
4,176,heuristic,37
4,177,heuristic,271
4,178,heuristic,192
4,179,heuristic,90
4,180,heuristic,37
4,181,heuristic,118
4,182,heuristic,51
4,183,heuristic,125
4,184,heuristic,6
4,185,heuristic,199
4,186,heuristic,93
4,187,heuristic,244
4,188,heuristic,48
4,189,heuristic,36
4,190,heuristic,69
4,191,heuristic,28
4,192,heuristic,52
4,193,heuristic,136
4,194,heuristic,77
4,195,heuristic,117
4,196,heuristic,51
4,197,heuristic,32
4,198,heuristic,10
4,199,heuristic,317
4,200,heuristic,87
4,201,heuristic,46
4,202,heuristic,149
4,203,heuristic,330
4,204,heuristic,77
4,205,heuristic,146
4,206,heuristic,57
4,207,heuristic,151
4,208,heuristic,115
4,209,heuristic,111
4,210,heuristic,133
4,211,heuristic,5
4,212,heuristic,35
4,213,heuristic,12
4,214,heuristic,249
4,215,heuristic,89
4,216,heuristic,63
4,217,heuristic,74
4,218,heuristic,124
4,219,heuristic,34
4,220,heuristic,502
4,221,heuristic,650
4,222,heuristic,152
4,223,heuristic,441
4,224,heuristic,141
4,225,heuristic,30
4,226,heuristic,47
4,227,heuristic,81
4,228,heuristic,236
4,229,heuristic,116
4,230,heuristic,52
4,231,heuristic,250
4,232,heuristic,182
4,233,heuristic,158
4,234,heuristic,49
4,235,heuristic,58
4,236,heuristic,50
4,237,heuristic,460
4,238,heuristic,163
4,239,heuristic,2
4,240,heuristic,306
4,241,heuristic,209
4,242,heuristic,55
4,243,heuristic,13
4,244,heuristic,61
4,245,heuristic,128
4,246,heuristic,13
4,247,heuristic,43
4,248,heuristic,116
4,249,heuristic,398
4,250,heuristic,7
4,251,heuristic,116
4,252,heuristic,88
4,253,heuristic,4
4,254,heuristic,10
4,255,heuristic,68
4,256,heuristic,65
4,257,heuristic,109
4,258,heuristic,41
4,259,heuristic,201
4,260,heuristic,14
4,261,heuristic,247
4,262,heuristic,712
4,263,heuristic,263
4,264,heuristic,62
4,265,heuristic,95
4,266,heuristic,52
4,267,heuristic,620
4,268,heuristic,12
4,269,heuristic,121
4,270,heuristic,65
4,271,heuristic,43
4,272,heuristic,116
4,273,heuristic,2
4,274,heuristic,59
4,275,heuristic,84
4,276,heuristic,143
4,277,heuristic,75
4,278,heuristic,12
4,279,heuristic,365
4,280,heuristic,6
4,281,heuristic,23
4,282,heuristic,91
4,283,heuristic,32
4,284,heuristic,87
4,285,heuristic,10
4,286,heuristic,374
4,287,heuristic,3
4,288,heuristic,146
4,289,heuristic,8
4,290,heuristic,105
4,291,heuristic,91
4,292,heuristic,99
4,293,heuristic,10
4,294,heuristic,144
4,295,heuristic,388
4,296,heuristic,3
4,297,heuristic,38
4,298,heuristic,107
4,299,heuristic,68
4,300,heuristic,148
4,301,heuristic,5
4,302,heuristic,876
4,303,heuristic,36
4,304,heuristic,126
4,305,heuristic,30
4,306,heuristic,39
4,307,heuristic,102
4,308,heuristic,11
4,309,heuristic,31
4,310,heuristic,21
4,311,heuristic,46
4,312,heuristic,258
4,313,heuristic,51
4,314,heuristic,359
4,315,heuristic,110
4,316,heuristic,34
4,317,heuristic,23
4,318,heuristic,2
4,319,heuristic,70
4,320,heuristic,74
4,321,heuristic,88
4,322,heuristic,5
4,323,heuristic,75
4,324,heuristic,128
4,325,heuristic,32
4,326,heuristic,384
4,327,heuristic,27
4,328,heuristic,270
4,329,heuristic,88
4,330,heuristic,136
4,331,heuristic,34
4,332,heuristic,81
4,333,heuristic,21
4,334,heuristic,9
4,335,heuristic,272
4,336,heuristic,12
4,337,heuristic,33
4,338,heuristic,66
4,339,heuristic,5
4,340,heuristic,11
4,341,heuristic,6
4,342,heuristic,118
4,343,heuristic,17
4,344,heuristic,59
4,345,heuristic,103
4,346,heuristic,30
4,347,heuristic,20
4,348,heuristic,231
4,349,heuristic,78
4,350,heuristic,102
4,351,heuristic,59
4,352,heuristic,12
4,353,heuristic,102
4,354,heuristic,262
4,355,heuristic,29
4,356,heuristic,17
4,357,heuristic,142
4,358,heuristic,68
4,359,heuristic,80
4,360,heuristic,7
4,361,heuristic,63
4,362,heuristic,203
4,363,heuristic,72
4,364,heuristic,51
4,365,heuristic,167
4,366,heuristic,127
4,367,heuristic,7
4,368,heuristic,116
4,369,heuristic,2
4,370,heuristic,393
4,371,heuristic,337
4,372,heuristic,36
4,373,heuristic,197
4,374,heuristic,166
4,375,heuristic,272
4,376,heuristic,231
4,377,heuristic,491
4,378,heuristic,145
4,379,heuristic,91
4,380,heuristic,68
4,381,heuristic,92
4,382,heuristic,10
4,383,heuristic,231
4,384,heuristic,290
4,385,heuristic,8
4,386,heuristic,60
4,387,heuristic,210
4,388,heuristic,3
4,389,heuristic,41
4,390,heuristic,79
4,391,heuristic,11
4,392,heuristic,61
4,393,heuristic,58
4,394,heuristic,88
4,395,heuristic,58
4,396,heuristic,60
4,397,heuristic,211
4,398,heuristic,163
4,399,heuristic,75
4,400,heuristic,70
4,401,heuristic,9
4,402,heuristic,50
4,403,heuristic,78
4,404,heuristic,76
4,405,heuristic,439
4,406,heuristic,150
4,407,heuristic,33
4,408,heuristic,481
4,409,heuristic,74
4,410,heuristic,156
4,411,heuristic,138
4,412,heuristic,122
4,413,heuristic,195
4,414,heuristic,12
4,415,heuristic,110
4,416,heuristic,23
4,417,heuristic,274
4,418,heuristic,32
4,419,heuristic,169
4,420,heuristic,45
4,421,heuristic,22
4,422,heuristic,69
4,423,heuristic,69
4,424,heuristic,172
4,425,heuristic,38
4,426,heuristic,288
4,427,heuristic,181
4,428,heuristic,7
4,429,heuristic,261
4,430,heuristic,420
4,431,heuristic,17
4,432,heuristic,39
4,433,heuristic,35
4,434,heuristic,66
4,435,heuristic,121
4,436,heuristic,78
4,437,heuristic,177
4,438,heuristic,112
4,439,heuristic,265
4,440,heuristic,6
4,441,heuristic,64
4,442,heuristic,96
4,443,heuristic,314
4,444,heuristic,22
4,445,heuristic,5
4,446,heuristic,122
4,447,heuristic,11
4,448,heuristic,63
4,449,heuristic,80
4,450,heuristic,13
4,451,heuristic,148
4,452,heuristic,92
4,453,heuristic,4
4,454,heuristic,130
4,455,heuristic,15
4,456,heuristic,41
4,457,heuristic,73
4,458,heuristic,55
4,459,heuristic,7
4,460,heuristic,830
4,461,heuristic,22
4,462,heuristic,34
4,463,heuristic,93
4,464,heuristic,10
4,465,heuristic,143
4,466,heuristic,44
4,467,heuristic,17
4,468,heuristic,7
4,469,heuristic,50
4,470,heuristic,32
4,471,heuristic,136
4,472,heuristic,59
4,473,heuristic,98
4,474,heuristic,109
4,475,heuristic,131
4,476,heuristic,192
4,477,heuristic,205
4,478,heuristic,53
4,479,heuristic,8
4,480,heuristic,160
4,481,heuristic,10
4,482,heuristic,161
4,483,heuristic,51
4,484,heuristic,186
4,485,heuristic,13
4,486,heuristic,14
4,487,heuristic,92
4,488,heuristic,5
4,489,heuristic,233
4,490,heuristic,16
4,491,heuristic,57
4,492,heuristic,25
4,493,heuristic,80
4,494,heuristic,11
4,495,heuristic,5
4,496,heuristic,8
4,497,heuristic,45
4,498,heuristic,82
4,499,heuristic,63
4,500,heuristic,125
4,501,heuristic,178
4,502,heuristic,20
4,503,heuristic,453
4,504,heuristic,28
4,505,heuristic,46
4,506,heuristic,86
4,507,heuristic,22
4,508,heuristic,4
4,509,heuristic,178
4,510,heuristic,38
4,511,heuristic,134
4,512,heuristic,196
4,513,heuristic,143
4,514,heuristic,230
4,515,heuristic,18
4,516,heuristic,36
4,517,heuristic,353
4,518,heuristic,48
4,519,heuristic,11
4,520,heuristic,42
4,521,heuristic,161
4,522,heuristic,93
4,523,heuristic,89
4,524,heuristic,35
4,525,heuristic,15
4,526,heuristic,21
4,527,heuristic,31
4,528,heuristic,3
4,529,heuristic,29
4,530,heuristic,10
4,531,heuristic,9
4,532,heuristic,8
4,533,heuristic,162
4,534,heuristic,98
4,535,heuristic,41
4,536,heuristic,152
4,537,heuristic,8
4,538,heuristic,101
4,539,heuristic,514
4,540,heuristic,4
4,541,heuristic,97
4,542,heuristic,4
4,543,heuristic,40
4,544,heuristic,128
4,545,heuristic,135
4,546,heuristic,47
4,547,heuristic,44
4,548,heuristic,83
4,549,heuristic,170
4,550,heuristic,52
4,551,heuristic,25
4,552,heuristic,12
4,553,heuristic,101
4,554,heuristic,27
4,555,heuristic,87
4,556,heuristic,59
4,557,heuristic,68
4,558,heuristic,38
4,559,heuristic,11
4,560,heuristic,1182
4,561,heuristic,268
4,562,heuristic,77
4,563,heuristic,67
4,564,heuristic,52
4,565,heuristic,156
4,566,heuristic,204
4,567,heuristic,220
4,568,heuristic,27
4,569,heuristic,35
4,570,heuristic,67
4,571,heuristic,7
4,572,heuristic,38
4,573,heuristic,152
4,574,heuristic,60
4,575,heuristic,51
4,576,heuristic,8
4,577,heuristic,172
4,578,heuristic,90
4,579,heuristic,15
4,580,heuristic,313
4,581,heuristic,134
4,582,heuristic,24
4,583,heuristic,71
4,584,heuristic,462
4,585,heuristic,79
4,586,heuristic,74
4,587,heuristic,114
4,588,heuristic,5
4,589,heuristic,109
4,590,heuristic,4
4,591,heuristic,75
4,592,heuristic,17
4,593,heuristic,11
4,594,heuristic,150
4,595,heuristic,15
4,596,heuristic,8
4,597,heuristic,16
4,598,heuristic,242
4,599,heuristic,29
4,600,heuristic,51
4,601,heuristic,81
4,602,heuristic,55
4,603,heuristic,56
4,604,heuristic,129
4,605,heuristic,102
4,606,heuristic,97
4,607,heuristic,469
4,608,heuristic,62
4,609,heuristic,26
4,610,heuristic,39
4,611,heuristic,47
4,612,heuristic,23
4,613,heuristic,505
4,614,heuristic,3
4,615,heuristic,64
4,616,heuristic,14
4,617,heuristic,12
4,618,heuristic,308
4,619,heuristic,78
4,620,heuristic,128
4,621,heuristic,68
4,622,heuristic,90
4,623,heuristic,285
4,624,heuristic,48
4,625,heuristic,161
4,626,heuristic,214
4,627,heuristic,43
4,628,heuristic,58
4,629,heuristic,59
4,630,heuristic,42
4,631,heuristic,6
4,632,heuristic,11
4,633,heuristic,6
4,634,heuristic,37
4,635,heuristic,7
4,636,heuristic,168
4,637,heuristic,100
4,638,heuristic,54
4,639,heuristic,120
4,640,heuristic,7
4,641,heuristic,39
4,642,heuristic,106
4,643,heuristic,7
4,644,heuristic,236
4,645,heuristic,393
4,646,heuristic,13
4,647,heuristic,13
4,648,heuristic,4
4,649,heuristic,237
4,650,heuristic,152
4,651,heuristic,121
4,652,heuristic,72
4,653,heuristic,91
4,654,heuristic,10
4,655,heuristic,254
4,656,heuristic,65
4,657,heuristic,153
4,658,heuristic,14
4,659,heuristic,24
4,660,heuristic,71
4,661,heuristic,25
4,662,heuristic,43
4,663,heuristic,42
4,664,heuristic,96
4,665,heuristic,169
4,666,heuristic,238
4,667,heuristic,73
4,668,heuristic,134
4,669,heuristic,98
4,670,heuristic,47
4,671,heuristic,36
4,672,heuristic,105
4,673,heuristic,37
4,674,heuristic,510
4,675,heuristic,17
4,676,heuristic,151
4,677,heuristic,74
4,678,heuristic,12
4,679,heuristic,73
4,680,heuristic,290
4,681,heuristic,150
4,682,heuristic,142
4,683,heuristic,96
4,684,heuristic,59
4,685,heuristic,261
4,686,heuristic,159
4,687,heuristic,116
4,688,heuristic,150
4,689,heuristic,71
4,690,heuristic,31
4,691,heuristic,157
4,692,heuristic,88
4,693,heuristic,454
4,694,heuristic,32
4,695,heuristic,120
4,696,heuristic,3
4,697,heuristic,7
4,698,heuristic,212
4,699,heuristic,6
4,700,heuristic,88
4,701,heuristic,34
4,702,heuristic,53
4,703,heuristic,97
4,704,heuristic,36
4,705,heuristic,61
4,706,heuristic,4
4,707,heuristic,58
4,708,heuristic,116
4,709,heuristic,2
4,710,heuristic,72
4,711,heuristic,48
4,712,heuristic,66
4,713,heuristic,9
4,714,heuristic,4
4,715,heuristic,7
4,716,heuristic,63
4,717,heuristic,23
4,718,heuristic,97
4,719,heuristic,20
4,720,heuristic,32
4,721,heuristic,60
4,722,heuristic,58
4,723,heuristic,8
4,724,heuristic,124
4,725,heuristic,22
4,726,heuristic,41
4,727,heuristic,7
4,728,heuristic,297
4,729,heuristic,23
4,730,heuristic,110
4,731,heuristic,52
4,732,heuristic,34
4,733,heuristic,50
4,734,heuristic,35
4,735,heuristic,10
4,736,heuristic,25
4,737,heuristic,286
4,738,heuristic,102
4,739,heuristic,50
4,740,heuristic,77
4,741,heuristic,110
4,742,heuristic,210
4,743,heuristic,539
4,744,heuristic,20
4,745,heuristic,151
4,746,heuristic,33
4,747,heuristic,10
4,748,heuristic,24
4,749,heuristic,93
4,750,heuristic,254
4,751,heuristic,19
4,752,heuristic,103
4,753,heuristic,98
4,754,heuristic,65
4,755,heuristic,224
4,756,heuristic,68
4,757,heuristic,429
4,758,heuristic,176
4,759,heuristic,67
4,760,heuristic,101
4,761,heuristic,45
4,762,heuristic,23
4,763,heuristic,183
4,764,heuristic,87
4,765,heuristic,122
4,766,heuristic,156
4,767,heuristic,322
4,768,heuristic,236
4,769,heuristic,352
4,770,heuristic,28
4,771,heuristic,31
4,772,heuristic,229
4,773,heuristic,144
4,774,heuristic,33
4,775,heuristic,38
4,776,heuristic,77
4,777,heuristic,101
4,778,heuristic,156
4,779,heuristic,39
4,780,heuristic,4
4,781,heuristic,72
4,782,heuristic,92
4,783,heuristic,6
4,784,heuristic,38
4,785,heuristic,10
4,786,heuristic,62
4,787,heuristic,3
4,788,heuristic,165
4,789,heuristic,129
4,790,heuristic,9
4,791,heuristic,186
4,792,heuristic,77
4,793,heuristic,109
4,794,heuristic,108
4,795,heuristic,6
4,796,heuristic,259
4,797,heuristic,118
4,798,heuristic,51
4,799,heuristic,8
4,800,heuristic,236
4,801,heuristic,394
4,802,heuristic,18
4,803,heuristic,57
4,804,heuristic,6
4,805,heuristic,26
4,806,heuristic,203
4,807,heuristic,70
4,808,heuristic,3
4,809,heuristic,134
4,810,heuristic,112
4,811,heuristic,38
4,812,heuristic,13
4,813,heuristic,93
4,814,heuristic,102
4,815,heuristic,24
4,816,heuristic,12
4,817,heuristic,130
4,818,heuristic,141
4,819,heuristic,67
4,820,heuristic,7
4,821,heuristic,16
4,822,heuristic,122
4,823,heuristic,33
4,824,heuristic,78
4,825,heuristic,9
4,826,heuristic,638
4,827,heuristic,87
4,828,heuristic,101
4,829,heuristic,529
4,830,heuristic,237
4,831,heuristic,9
4,832,heuristic,6
4,833,heuristic,75
4,834,heuristic,49
4,835,heuristic,84
4,836,heuristic,142
4,837,heuristic,23
4,838,heuristic,61
4,839,heuristic,58
4,840,heuristic,59
4,841,heuristic,25
4,842,heuristic,672
4,843,heuristic,9
4,844,heuristic,13
4,845,heuristic,6
4,846,heuristic,23
4,847,heuristic,127
4,848,heuristic,23
4,849,heuristic,35
4,850,heuristic,244
4,851,heuristic,30
4,852,heuristic,53
4,853,heuristic,210
4,854,heuristic,384
4,855,heuristic,307
4,856,heuristic,12
4,857,heuristic,114
4,858,heuristic,65
4,859,heuristic,141
4,860,heuristic,194
4,861,heuristic,495
4,862,heuristic,39
4,863,heuristic,20
4,864,heuristic,185
4,865,heuristic,3
4,866,heuristic,88
4,867,heuristic,39
4,868,heuristic,36
4,869,heuristic,4
4,870,heuristic,149
4,871,heuristic,473
4,872,heuristic,5
4,873,heuristic,39
4,874,heuristic,15
4,875,heuristic,4
4,876,heuristic,66
4,877,heuristic,73
4,878,heuristic,29
4,879,heuristic,54
4,880,heuristic,70
4,881,heuristic,58
4,882,heuristic,56
4,883,heuristic,267
4,884,heuristic,93
4,885,heuristic,44
4,886,heuristic,10
4,887,heuristic,4
4,888,heuristic,61
4,889,heuristic,31
4,890,heuristic,14
4,891,heuristic,149
4,892,heuristic,96
4,893,heuristic,86
4,894,heuristic,12
4,895,heuristic,11
4,896,heuristic,240
4,897,heuristic,39
4,898,heuristic,34
4,899,heuristic,161
4,900,heuristic,60
4,901,heuristic,151
4,902,heuristic,250
4,903,heuristic,12
4,904,heuristic,66
4,905,heuristic,468
4,906,heuristic,28
4,907,heuristic,401
4,908,heuristic,8
4,909,heuristic,5
4,910,heuristic,5
4,911,heuristic,85
4,912,heuristic,929
4,913,heuristic,35
4,914,heuristic,159
4,915,heuristic,31
4,916,heuristic,154
4,917,heuristic,7
4,918,heuristic,9
4,919,heuristic,153
4,920,heuristic,129
4,921,heuristic,77
4,922,heuristic,18
4,923,heuristic,77
4,924,heuristic,14
4,925,heuristic,81
4,926,heuristic,8
4,927,heuristic,50
4,928,heuristic,63
4,929,heuristic,9
4,930,heuristic,90
4,931,heuristic,112
4,932,heuristic,44
4,933,heuristic,114
4,934,heuristic,4
4,935,heuristic,121
4,936,heuristic,31
4,937,heuristic,156
4,938,heuristic,25
4,939,heuristic,115
4,940,heuristic,187
4,941,heuristic,7
4,942,heuristic,11
4,943,heuristic,4
4,944,heuristic,93
4,945,heuristic,320
4,946,heuristic,54
4,947,heuristic,5
4,948,heuristic,23
4,949,heuristic,19
4,950,heuristic,507
4,951,heuristic,60
4,952,heuristic,47
4,953,heuristic,169
4,954,heuristic,120
4,955,heuristic,388
4,956,heuristic,329
4,957,heuristic,33
4,958,heuristic,8
4,959,heuristic,15
4,960,heuristic,31
4,961,heuristic,85
4,962,heuristic,7
4,963,heuristic,39
4,964,heuristic,24
4,965,heuristic,75
4,966,heuristic,83
4,967,heuristic,79
4,968,heuristic,996
4,969,heuristic,5
4,970,heuristic,1062
4,971,heuristic,120
4,972,heuristic,38
4,973,heuristic,60
4,974,heuristic,43
4,975,heuristic,26
4,976,heuristic,55
4,977,heuristic,55
4,978,heuristic,41
4,979,heuristic,34
4,980,heuristic,330
4,981,heuristic,6
4,982,heuristic,76
4,983,heuristic,321
4,984,heuristic,105
4,985,heuristic,205
4,986,heuristic,125
4,987,heuristic,161
4,988,heuristic,139
4,989,heuristic,189
4,990,heuristic,23
4,991,heuristic,68
4,992,heuristic,7
4,993,heuristic,18
4,994,heuristic,32
4,995,heuristic,12
4,996,heuristic,49
4,997,heuristic,68
4,998,heuristic,208
4,999,heuristic,25
4,1000,heuristic,234
6,1,heuristic,235
6,2,heuristic,14
6,3,heuristic,195
6,4,heuristic,64
6,5,heuristic,640
6,6,heuristic,75
6,7,heuristic,105
6,8,heuristic,496
6,9,heuristic,108
6,10,heuristic,231
6,11,heuristic,178
6,12,heuristic,303
6,13,heuristic,192
6,14,heuristic,13
6,15,heuristic,49
6,16,heuristic,162
6,17,heuristic,11
6,18,heuristic,131
6,19,heuristic,98
6,20,heuristic,566
6,21,heuristic,514
6,22,heuristic,67
6,23,heuristic,234
6,24,heuristic,93
6,25,heuristic,341
6,26,heuristic,56
6,27,heuristic,106
6,28,heuristic,140
6,29,heuristic,193
6,30,heuristic,78
6,31,heuristic,36
6,32,heuristic,324
6,33,heuristic,466
6,34,heuristic,32
6,35,heuristic,221
6,36,heuristic,348
6,37,heuristic,20
6,38,heuristic,858
6,39,heuristic,38
6,40,heuristic,218
6,41,heuristic,256
6,42,heuristic,22
6,43,heuristic,16
6,44,heuristic,45
6,45,heuristic,85
6,46,heuristic,245
6,47,heuristic,329
6,48,heuristic,693
6,49,heuristic,219
6,50,heuristic,170
6,51,heuristic,199
6,52,heuristic,543
6,53,heuristic,184
6,54,heuristic,58
6,55,heuristic,406
6,56,heuristic,68
6,57,heuristic,82
6,58,heuristic,321
6,59,heuristic,99
6,60,heuristic,685
6,61,heuristic,113
6,62,heuristic,54
6,63,heuristic,129
6,64,heuristic,213
6,65,heuristic,174
6,66,heuristic,154
6,67,heuristic,152
6,68,heuristic,120
6,69,heuristic,315
6,70,heuristic,98
6,71,heuristic,244
6,72,heuristic,306
6,73,heuristic,6
6,74,heuristic,162
6,75,heuristic,140
6,76,heuristic,834
6,77,heuristic,781
6,78,heuristic,401
6,79,heuristic,451
6,80,heuristic,362
6,81,heuristic,902
6,82,heuristic,326
6,83,heuristic,252
6,84,heuristic,301
6,85,heuristic,44
6,86,heuristic,261
6,87,heuristic,563
6,88,heuristic,87
6,89,heuristic,152
6,90,heuristic,8
6,91,heuristic,359
6,92,heuristic,61
6,93,heuristic,137
6,94,heuristic,172
6,95,heuristic,264
6,96,heuristic,382
6,97,heuristic,293
6,98,heuristic,99
6,99,heuristic,233
6,100,heuristic,170
6,101,heuristic,11
6,102,heuristic,13
6,103,heuristic,211
6,104,heuristic,124
6,105,heuristic,494
6,106,heuristic,116
6,107,heuristic,65
6,108,heuristic,292
6,109,heuristic,366
6,110,heuristic,857
6,111,heuristic,209
6,112,heuristic,801
6,113,heuristic,563
6,114,heuristic,311
6,115,heuristic,164
6,116,heuristic,101
6,117,heuristic,54
6,118,heuristic,98
6,119,heuristic,282
6,120,heuristic,166
6,121,heuristic,286
6,122,heuristic,188
6,123,heuristic,156
6,124,heuristic,17
6,125,heuristic,59
6,126,heuristic,201
6,127,heuristic,120
6,128,heuristic,10
6,129,heuristic,145
6,130,heuristic,11
6,131,heuristic,177
6,132,heuristic,142
6,133,heuristic,106
6,134,heuristic,211
6,135,heuristic,213
6,136,heuristic,58
6,137,heuristic,51
6,138,heuristic,172
6,139,heuristic,40
6,140,heuristic,160
6,141,heuristic,115
6,142,heuristic,175
6,143,heuristic,89
6,144,heuristic,181
6,145,heuristic,242
6,146,heuristic,56
6,147,heuristic,138
6,148,heuristic,194
6,149,heuristic,185
6,150,heuristic,133
6,151,heuristic,215
6,152,heuristic,452
6,153,heuristic,339
6,154,heuristic,434
6,155,heuristic,203
6,156,heuristic,466
6,157,heuristic,116
6,158,heuristic,167
6,159,heuristic,84
6,160,heuristic,114
6,161,heuristic,84
6,162,heuristic,51
6,163,heuristic,417
6,164,heuristic,134
6,165,heuristic,574
6,166,heuristic,427
6,167,heuristic,177
6,168,heuristic,472
6,169,heuristic,6
6,170,heuristic,213
6,171,heuristic,146
6,172,heuristic,200
6,173,heuristic,49
6,174,heuristic,232
6,175,heuristic,96
6,176,heuristic,61
6,177,heuristic,189
6,178,heuristic,99
6,179,heuristic,673
6,180,heuristic,284
6,181,heuristic,1073
6,182,heuristic,355
6,183,heuristic,13
6,184,heuristic,280
6,185,heuristic,5
6,186,heuristic,201
6,187,heuristic,264
6,188,heuristic,169
6,189,heuristic,91
6,190,heuristic,227
6,191,heuristic,110
6,192,heuristic,262
6,193,heuristic,204
6,194,heuristic,260
6,195,heuristic,311
6,196,heuristic,349
6,197,heuristic,701
6,198,heuristic,42
6,199,heuristic,142
6,200,heuristic,264
6,201,heuristic,153
6,202,heuristic,152
6,203,heuristic,137
6,204,heuristic,89
6,205,heuristic,183
6,206,heuristic,60
6,207,heuristic,10
6,208,heuristic,95
6,209,heuristic,159
6,210,heuristic,7
6,211,heuristic,35
6,212,heuristic,1246
6,213,heuristic,159
6,214,heuristic,291
6,215,heuristic,104
6,216,heuristic,184
6,217,heuristic,1002
6,218,heuristic,175
6,219,heuristic,572
6,220,heuristic,368
6,221,heuristic,269
6,222,heuristic,484
6,223,heuristic,111
6,224,heuristic,269
6,225,heuristic,94
6,226,heuristic,810
6,227,heuristic,9
6,228,heuristic,134
6,229,heuristic,201
6,230,heuristic,327
6,231,heuristic,191
6,232,heuristic,335
6,233,heuristic,189
6,234,heuristic,29
6,235,heuristic,302
6,236,heuristic,179
6,237,heuristic,345
6,238,heuristic,9
6,239,heuristic,155
6,240,heuristic,11
6,241,heuristic,314
6,242,heuristic,107
6,243,heuristic,9
6,244,heuristic,164
6,245,heuristic,49
6,246,heuristic,138
6,247,heuristic,383
6,248,heuristic,542
6,249,heuristic,661
6,250,heuristic,53
6,251,heuristic,595
6,252,heuristic,78
6,253,heuristic,134
6,254,heuristic,65
6,255,heuristic,236
6,256,heuristic,298
6,257,heuristic,203
6,258,heuristic,341
6,259,heuristic,177
6,260,heuristic,267
6,261,heuristic,37
6,262,heuristic,370
6,263,heuristic,8
6,264,heuristic,338
6,265,heuristic,75
6,266,heuristic,420
6,267,heuristic,381
6,268,heuristic,88
6,269,heuristic,413
6,270,heuristic,158
6,271,heuristic,11
6,272,heuristic,148
6,273,heuristic,111
6,274,heuristic,124
6,275,heuristic,135
6,276,heuristic,82
6,277,heuristic,320
6,278,heuristic,115
6,279,heuristic,463
6,280,heuristic,138
6,281,heuristic,107
6,282,heuristic,33
6,283,heuristic,59
6,284,heuristic,165
6,285,heuristic,143
6,286,heuristic,129
6,287,heuristic,77
6,288,heuristic,441
6,289,heuristic,149
6,290,heuristic,11
6,291,heuristic,278
6,292,heuristic,231
6,293,heuristic,92
6,294,heuristic,290
6,295,heuristic,124
6,296,heuristic,246
6,297,heuristic,118
6,298,heuristic,292
6,299,heuristic,905
6,300,heuristic,204
6,301,heuristic,396
6,302,heuristic,152
6,303,heuristic,24
6,304,heuristic,247
6,305,heuristic,292
6,306,heuristic,291
6,307,heuristic,312
6,308,heuristic,387
6,309,heuristic,648
6,310,heuristic,319
6,311,heuristic,59
6,312,heuristic,268
6,313,heuristic,317
6,314,heuristic,47
6,315,heuristic,104
6,316,heuristic,201
6,317,heuristic,193
6,318,heuristic,6
6,319,heuristic,8
6,320,heuristic,386
6,321,heuristic,70
6,322,heuristic,181
6,323,heuristic,11
6,324,heuristic,101
6,325,heuristic,169
6,326,heuristic,356
6,327,heuristic,568
6,328,heuristic,188
6,329,heuristic,130
6,330,heuristic,388
6,331,heuristic,664
6,332,heuristic,5
6,333,heuristic,474
6,334,heuristic,328
6,335,heuristic,218
6,336,heuristic,128
6,337,heuristic,713
6,338,heuristic,127
6,339,heuristic,12
6,340,heuristic,378
6,341,heuristic,14
6,342,heuristic,47
6,343,heuristic,201
6,344,heuristic,140
6,345,heuristic,415
6,346,heuristic,1864
6,347,heuristic,110
6,348,heuristic,420
6,349,heuristic,1136
6,350,heuristic,105
6,351,heuristic,27
6,352,heuristic,403
6,353,heuristic,358
6,354,heuristic,665
6,355,heuristic,270
6,356,heuristic,168
6,357,heuristic,260
6,358,heuristic,169
6,359,heuristic,138
6,360,heuristic,110
6,361,heuristic,196
6,362,heuristic,350
6,363,heuristic,544
6,364,heuristic,6
6,365,heuristic,162
6,366,heuristic,112
6,367,heuristic,462
6,368,heuristic,446
6,369,heuristic,20
6,370,heuristic,146
6,371,heuristic,193
6,372,heuristic,119
6,373,heuristic,187
6,374,heuristic,12
6,375,heuristic,200
6,376,heuristic,68
6,377,heuristic,122
6,378,heuristic,316
6,379,heuristic,349
6,380,heuristic,5
6,381,heuristic,452
6,382,heuristic,294
6,383,heuristic,131
6,384,heuristic,65
6,385,heuristic,447
6,386,heuristic,359
6,387,heuristic,390
6,388,heuristic,10
6,389,heuristic,510
6,390,heuristic,305
6,391,heuristic,6
6,392,heuristic,298
6,393,heuristic,70
6,394,heuristic,4
6,395,heuristic,183
6,396,heuristic,441
6,397,heuristic,146
6,398,heuristic,8
6,399,heuristic,191
6,400,heuristic,189
6,401,heuristic,122
6,402,heuristic,13
6,403,heuristic,268
6,404,heuristic,233
6,405,heuristic,34
6,406,heuristic,53
6,407,heuristic,184
6,408,heuristic,475
6,409,heuristic,506
6,410,heuristic,184
6,411,heuristic,57
6,412,heuristic,10
6,413,heuristic,382
6,414,heuristic,227
6,415,heuristic,126
6,416,heuristic,424
6,417,heuristic,162
6,418,heuristic,346
6,419,heuristic,253
6,420,heuristic,195
6,421,heuristic,20
6,422,heuristic,193
6,423,heuristic,106
6,424,heuristic,319
6,425,heuristic,178
6,426,heuristic,266
6,427,heuristic,83
6,428,heuristic,358
6,429,heuristic,90
6,430,heuristic,229
6,431,heuristic,6
6,432,heuristic,210
6,433,heuristic,171
6,434,heuristic,250
6,435,heuristic,164
6,436,heuristic,1112
6,437,heuristic,198
6,438,heuristic,11
6,439,heuristic,251
6,440,heuristic,14
6,441,heuristic,423
6,442,heuristic,109
6,443,heuristic,216
6,444,heuristic,89
6,445,heuristic,85
6,446,heuristic,324
6,447,heuristic,477
6,448,heuristic,230
6,449,heuristic,24
6,450,heuristic,123
6,451,heuristic,160
6,452,heuristic,134
6,453,heuristic,211
6,454,heuristic,134
6,455,heuristic,235
6,456,heuristic,562
6,457,heuristic,404
6,458,heuristic,124
6,459,heuristic,106
6,460,heuristic,177
6,461,heuristic,62
6,462,heuristic,115
6,463,heuristic,71
6,464,heuristic,194
6,465,heuristic,243
6,466,heuristic,181
6,467,heuristic,129
6,468,heuristic,325
6,469,heuristic,140
6,470,heuristic,213
6,471,heuristic,51
6,472,heuristic,205
6,473,heuristic,127
6,474,heuristic,10
6,475,heuristic,673
6,476,heuristic,418
6,477,heuristic,209
6,478,heuristic,71
6,479,heuristic,728
6,480,heuristic,66
6,481,heuristic,86
6,482,heuristic,48
6,483,heuristic,118
6,484,heuristic,165
6,485,heuristic,72
6,486,heuristic,247
6,487,heuristic,551
6,488,heuristic,246
6,489,heuristic,129
6,490,heuristic,100
6,491,heuristic,132
6,492,heuristic,117
6,493,heuristic,517
6,494,heuristic,333
6,495,heuristic,15
6,496,heuristic,352
6,497,heuristic,211
6,498,heuristic,169
6,499,heuristic,79
6,500,heuristic,146
6,501,heuristic,29
6,502,heuristic,77
6,503,heuristic,248
6,504,heuristic,827
6,505,heuristic,91
6,506,heuristic,5
6,507,heuristic,184
6,508,heuristic,413
6,509,heuristic,95
6,510,heuristic,185
6,511,heuristic,147
6,512,heuristic,9
6,513,heuristic,822
6,514,heuristic,220
6,515,heuristic,17
6,516,heuristic,40
6,517,heuristic,146
6,518,heuristic,335
6,519,heuristic,44
6,520,heuristic,269
6,521,heuristic,13
6,522,heuristic,247
6,523,heuristic,3
6,524,heuristic,47
6,525,heuristic,709
6,526,heuristic,160
6,527,heuristic,316
6,528,heuristic,1943
6,529,heuristic,149
6,530,heuristic,266
6,531,heuristic,224
6,532,heuristic,93
6,533,heuristic,42
6,534,heuristic,291
6,535,heuristic,158
6,536,heuristic,104
6,537,heuristic,158
6,538,heuristic,103
6,539,heuristic,316
6,540,heuristic,126
6,541,heuristic,178
6,542,heuristic,242
6,543,heuristic,212
6,544,heuristic,224
6,545,heuristic,418
6,546,heuristic,671
6,547,heuristic,41
6,548,heuristic,322
6,549,heuristic,900
6,550,heuristic,190
6,551,heuristic,319
6,552,heuristic,387
6,553,heuristic,287
6,554,heuristic,86
6,555,heuristic,184
6,556,heuristic,155
6,557,heuristic,32
6,558,heuristic,1153
6,559,heuristic,332
6,560,heuristic,19
6,561,heuristic,375
6,562,heuristic,63
6,563,heuristic,270
6,564,heuristic,760
6,565,heuristic,196
6,566,heuristic,689
6,567,heuristic,853
6,568,heuristic,249
6,569,heuristic,280
6,570,heuristic,415
6,571,heuristic,12
6,572,heuristic,53
6,573,heuristic,344
6,574,heuristic,992
6,575,heuristic,284
6,576,heuristic,256
6,577,heuristic,24
6,578,heuristic,34
6,579,heuristic,10
6,580,heuristic,180
6,581,heuristic,247
6,582,heuristic,145
6,583,heuristic,406
6,584,heuristic,350
6,585,heuristic,588
6,586,heuristic,730
6,587,heuristic,205
6,588,heuristic,81
6,589,heuristic,269
6,590,heuristic,376
6,591,heuristic,120
6,592,heuristic,202
6,593,heuristic,351
6,594,heuristic,81
6,595,heuristic,49
6,596,heuristic,415
6,597,heuristic,55
6,598,heuristic,899
6,599,heuristic,102
6,600,heuristic,141
6,601,heuristic,556
6,602,heuristic,75
6,603,heuristic,584
6,604,heuristic,951
6,605,heuristic,96
6,606,heuristic,84
6,607,heuristic,73
6,608,heuristic,141
6,609,heuristic,284
6,610,heuristic,215
6,611,heuristic,199
6,612,heuristic,150
6,613,heuristic,62
6,614,heuristic,24
6,615,heuristic,155
6,616,heuristic,714
6,617,heuristic,80
6,618,heuristic,12
6,619,heuristic,35
6,620,heuristic,169
6,621,heuristic,450
6,622,heuristic,246
6,623,heuristic,205
6,624,heuristic,39
6,625,heuristic,370
6,626,heuristic,197
6,627,heuristic,302
6,628,heuristic,178
6,629,heuristic,237
6,630,heuristic,395
6,631,heuristic,709
6,632,heuristic,7
6,633,heuristic,378
6,634,heuristic,916
6,635,heuristic,1270
6,636,heuristic,267
6,637,heuristic,142
6,638,heuristic,338
6,639,heuristic,729
6,640,heuristic,58
6,641,heuristic,61
6,642,heuristic,65
6,643,heuristic,10
6,644,heuristic,798
6,645,heuristic,115
6,646,heuristic,103
6,647,heuristic,56
6,648,heuristic,4
6,649,heuristic,45
6,650,heuristic,368
6,651,heuristic,199
6,652,heuristic,763
6,653,heuristic,82
6,654,heuristic,537
6,655,heuristic,202
6,656,heuristic,218
6,657,heuristic,336
6,658,heuristic,338
6,659,heuristic,33
6,660,heuristic,183
6,661,heuristic,268
6,662,heuristic,614
6,663,heuristic,86
6,664,heuristic,15
6,665,heuristic,254
6,666,heuristic,94
6,667,heuristic,219
6,668,heuristic,354
6,669,heuristic,650
6,670,heuristic,495
6,671,heuristic,258
6,672,heuristic,30
6,673,heuristic,259
6,674,heuristic,257
6,675,heuristic,174
6,676,heuristic,114
6,677,heuristic,98
6,678,heuristic,343
6,679,heuristic,329
6,680,heuristic,103
6,681,heuristic,244
6,682,heuristic,488
6,683,heuristic,170
6,684,heuristic,406
6,685,heuristic,105
6,686,heuristic,83
6,687,heuristic,73
6,688,heuristic,400
6,689,heuristic,174
6,690,heuristic,425
6,691,heuristic,588
6,692,heuristic,135
6,693,heuristic,428
6,694,heuristic,136
6,695,heuristic,144
6,696,heuristic,164
6,697,heuristic,512
6,698,heuristic,185
6,699,heuristic,254
6,700,heuristic,391
6,701,heuristic,211
6,702,heuristic,87
6,703,heuristic,153
6,704,heuristic,382
6,705,heuristic,49
6,706,heuristic,130
6,707,heuristic,120
6,708,heuristic,16
6,709,heuristic,105
6,710,heuristic,355
6,711,heuristic,292
6,712,heuristic,8
6,713,heuristic,112
6,714,heuristic,210
6,715,heuristic,277
6,716,heuristic,69
6,717,heuristic,220
6,718,heuristic,260
6,719,heuristic,306
6,720,heuristic,419
6,721,heuristic,898
6,722,heuristic,622
6,723,heuristic,60
6,724,heuristic,75
6,725,heuristic,141
6,726,heuristic,164
6,727,heuristic,4
6,728,heuristic,125
6,729,heuristic,103
6,730,heuristic,113
6,731,heuristic,348
6,732,heuristic,503
6,733,heuristic,75
6,734,heuristic,398
6,735,heuristic,56
6,736,heuristic,21
6,737,heuristic,223
6,738,heuristic,260
6,739,heuristic,146
6,740,heuristic,375
6,741,heuristic,217
6,742,heuristic,174
6,743,heuristic,535
6,744,heuristic,161
6,745,heuristic,118
6,746,heuristic,4
6,747,heuristic,643
6,748,heuristic,1065
6,749,heuristic,171
6,750,heuristic,136
6,751,heuristic,132
6,752,heuristic,557
6,753,heuristic,55
6,754,heuristic,378
6,755,heuristic,133
6,756,heuristic,324
6,757,heuristic,237
6,758,heuristic,74
6,759,heuristic,142
6,760,heuristic,107
6,761,heuristic,165
6,762,heuristic,194
6,763,heuristic,41
6,764,heuristic,300
6,765,heuristic,691
6,766,heuristic,158
6,767,heuristic,166
6,768,heuristic,331
6,769,heuristic,141
6,770,heuristic,271
6,771,heuristic,104
6,772,heuristic,23
6,773,heuristic,555
6,774,heuristic,416
6,775,heuristic,146
6,776,heuristic,144
6,777,heuristic,125
6,778,heuristic,23
6,779,heuristic,361
6,780,heuristic,539
6,781,heuristic,587
6,782,heuristic,431
6,783,heuristic,335
6,784,heuristic,4
6,785,heuristic,1076
6,786,heuristic,830
6,787,heuristic,428
6,788,heuristic,151
6,789,heuristic,218
6,790,heuristic,282
6,791,heuristic,372
6,792,heuristic,9
6,793,heuristic,354
6,794,heuristic,123
6,795,heuristic,63
6,796,heuristic,400
6,797,heuristic,65
6,798,heuristic,362
6,799,heuristic,27
6,800,heuristic,136
6,801,heuristic,269
6,802,heuristic,436
6,803,heuristic,51
6,804,heuristic,150
6,805,heuristic,194
6,806,heuristic,93
6,807,heuristic,131
6,808,heuristic,212
6,809,heuristic,468
6,810,heuristic,11
6,811,heuristic,161
6,812,heuristic,243
6,813,heuristic,376
6,814,heuristic,113
6,815,heuristic,387
6,816,heuristic,734
6,817,heuristic,6
6,818,heuristic,394
6,819,heuristic,82
6,820,heuristic,151
6,821,heuristic,74
6,822,heuristic,124
6,823,heuristic,40
6,824,heuristic,145
6,825,heuristic,10
6,826,heuristic,12
6,827,heuristic,66
6,828,heuristic,389
6,829,heuristic,867
6,830,heuristic,374
6,831,heuristic,306
6,832,heuristic,263
6,833,heuristic,123
6,834,heuristic,115
6,835,heuristic,47
6,836,heuristic,163
6,837,heuristic,287
6,838,heuristic,627
6,839,heuristic,90
6,840,heuristic,228
6,841,heuristic,147
6,842,heuristic,824
6,843,heuristic,380
6,844,heuristic,14
6,845,heuristic,44
6,846,heuristic,29
6,847,heuristic,195
6,848,heuristic,10
6,849,heuristic,180
6,850,heuristic,118
6,851,heuristic,335
6,852,heuristic,256
6,853,heuristic,367
6,854,heuristic,7
6,855,heuristic,7
6,856,heuristic,114
6,857,heuristic,257
6,858,heuristic,635
6,859,heuristic,16
6,860,heuristic,491
6,861,heuristic,162
6,862,heuristic,140
6,863,heuristic,200
6,864,heuristic,311
6,865,heuristic,953
6,866,heuristic,142
6,867,heuristic,338
6,868,heuristic,232
6,869,heuristic,383
6,870,heuristic,168
6,871,heuristic,341
6,872,heuristic,53
6,873,heuristic,149
6,874,heuristic,250
6,875,heuristic,115
6,876,heuristic,5
6,877,heuristic,138
6,878,heuristic,159
6,879,heuristic,556
6,880,heuristic,83
6,881,heuristic,163
6,882,heuristic,226
6,883,heuristic,566
6,884,heuristic,359
6,885,heuristic,85
6,886,heuristic,352
6,887,heuristic,168
6,888,heuristic,142
6,889,heuristic,277
6,890,heuristic,240
6,891,heuristic,366
6,892,heuristic,119
6,893,heuristic,114
6,894,heuristic,227
6,895,heuristic,212
6,896,heuristic,92
6,897,heuristic,292
6,898,heuristic,119
6,899,heuristic,144
6,900,heuristic,590
6,901,heuristic,44
6,902,heuristic,253
6,903,heuristic,131
6,904,heuristic,148
6,905,heuristic,381
6,906,heuristic,728
6,907,heuristic,101
6,908,heuristic,315
6,909,heuristic,208
6,910,heuristic,294
6,911,heuristic,93
6,912,heuristic,523
6,913,heuristic,419
6,914,heuristic,135
6,915,heuristic,382
6,916,heuristic,110
6,917,heuristic,112
6,918,heuristic,481
6,919,heuristic,12
6,920,heuristic,29
6,921,heuristic,296
6,922,heuristic,266
6,923,heuristic,85
6,924,heuristic,152
6,925,heuristic,261
6,926,heuristic,116
6,927,heuristic,500
6,928,heuristic,288
6,929,heuristic,421
6,930,heuristic,770
6,931,heuristic,135
6,932,heuristic,7
6,933,heuristic,72
6,934,heuristic,615
6,935,heuristic,95
6,936,heuristic,476
6,937,heuristic,349
6,938,heuristic,197
6,939,heuristic,423
6,940,heuristic,138
6,941,heuristic,124
6,942,heuristic,5
6,943,heuristic,319
6,944,heuristic,174
6,945,heuristic,90
6,946,heuristic,156
6,947,heuristic,243
6,948,heuristic,108
6,949,heuristic,398
6,950,heuristic,151
6,951,heuristic,185
6,952,heuristic,21
6,953,heuristic,286
6,954,heuristic,91
6,955,heuristic,165
6,956,heuristic,126
6,957,heuristic,101
6,958,heuristic,44
6,959,heuristic,502
6,960,heuristic,191
6,961,heuristic,69
6,962,heuristic,643
6,963,heuristic,98
6,964,heuristic,366
6,965,heuristic,85
6,966,heuristic,178
6,967,heuristic,98
6,968,heuristic,200
6,969,heuristic,62
6,970,heuristic,118
6,971,heuristic,49
6,972,heuristic,72
6,973,heuristic,71
6,974,heuristic,447
6,975,heuristic,192
6,976,heuristic,7
6,977,heuristic,327
6,978,heuristic,292
6,979,heuristic,254
6,980,heuristic,236
6,981,heuristic,76
6,982,heuristic,77
6,983,heuristic,13
6,984,heuristic,219
6,985,heuristic,125
6,986,heuristic,208
6,987,heuristic,186
6,988,heuristic,10
6,989,heuristic,223
6,990,heuristic,66
6,991,heuristic,468
6,992,heuristic,322
6,993,heuristic,538
6,994,heuristic,292
6,995,heuristic,228
6,996,heuristic,283
6,997,heuristic,131
6,998,heuristic,6
6,999,heuristic,82
6,1000,heuristic,160
8,1,heuristic,432
8,2,heuristic,183
8,3,heuristic,492
8,4,heuristic,501
8,5,heuristic,263
8,6,heuristic,345
8,7,heuristic,349
8,8,heuristic,186
8,9,heuristic,898
8,10,heuristic,206
8,11,heuristic,322
8,12,heuristic,580
8,13,heuristic,222
8,14,heuristic,370
8,15,heuristic,507
8,16,heuristic,569
8,17,heuristic,908
8,18,heuristic,134
8,19,heuristic,441
8,20,heuristic,653
8,21,heuristic,237
8,22,heuristic,163
8,23,heuristic,56
8,24,heuristic,174
8,25,heuristic,1305
8,26,heuristic,244
8,27,heuristic,221
8,28,heuristic,276
8,29,heuristic,351
8,30,heuristic,116
8,31,heuristic,437
8,32,heuristic,236
8,33,heuristic,408
8,34,heuristic,515
8,35,heuristic,836
8,36,heuristic,2278
8,37,heuristic,533
8,38,heuristic,72
8,39,heuristic,250
8,40,heuristic,375
8,41,heuristic,724
8,42,heuristic,342
8,43,heuristic,588
8,44,heuristic,165
8,45,heuristic,651
8,46,heuristic,1256
8,47,heuristic,9
8,48,heuristic,684
8,49,heuristic,831
8,50,heuristic,15
8,51,heuristic,277
8,52,heuristic,128
8,53,heuristic,305
8,54,heuristic,1017
8,55,heuristic,48
8,56,heuristic,352
8,57,heuristic,166
8,58,heuristic,215
8,59,heuristic,106
8,60,heuristic,172
8,61,heuristic,63
8,62,heuristic,256
8,63,heuristic,341
8,64,heuristic,144
8,65,heuristic,165
8,66,heuristic,103
8,67,heuristic,66
8,68,heuristic,229
8,69,heuristic,89
8,70,heuristic,201
8,71,heuristic,237
8,72,heuristic,1526
8,73,heuristic,83
8,74,heuristic,236
8,75,heuristic,810
8,76,heuristic,167
8,77,heuristic,172
8,78,heuristic,162
8,79,heuristic,169
8,80,heuristic,890
8,81,heuristic,389
8,82,heuristic,184
8,83,heuristic,67
8,84,heuristic,263
8,85,heuristic,287
8,86,heuristic,395
8,87,heuristic,108
8,88,heuristic,351
8,89,heuristic,579
8,90,heuristic,265
8,91,heuristic,936
8,92,heuristic,322
8,93,heuristic,72
8,94,heuristic,73
8,95,heuristic,418
8,96,heuristic,188
8,97,heuristic,329
8,98,heuristic,876
8,99,heuristic,173
8,100,heuristic,468
8,101,heuristic,183
8,102,heuristic,304
8,103,heuristic,345
8,104,heuristic,249
8,105,heuristic,387
8,106,heuristic,185
8,107,heuristic,353
8,108,heuristic,354
8,109,heuristic,359
8,110,heuristic,186
8,111,heuristic,101
8,112,heuristic,110
8,113,heuristic,123
8,114,heuristic,133
8,115,heuristic,422
8,116,heuristic,844
8,117,heuristic,246
8,118,heuristic,191
8,119,heuristic,412
8,120,heuristic,880
8,121,heuristic,361
8,122,heuristic,159
8,123,heuristic,546
8,124,heuristic,286
8,125,heuristic,442
8,126,heuristic,19
8,127,heuristic,459
8,128,heuristic,417
8,129,heuristic,151
8,130,heuristic,363
8,131,heuristic,164
8,132,heuristic,74
8,133,heuristic,144
8,134,heuristic,273
8,135,heuristic,208
8,136,heuristic,980
8,137,heuristic,291
8,138,heuristic,203
8,139,heuristic,738
8,140,heuristic,827
8,141,heuristic,261
8,142,heuristic,315
8,143,heuristic,364
8,144,heuristic,471
8,145,heuristic,552
8,146,heuristic,623
8,147,heuristic,254
8,148,heuristic,351
8,149,heuristic,194
8,150,heuristic,300
8,151,heuristic,855
8,152,heuristic,207
8,153,heuristic,211
8,154,heuristic,506
8,155,heuristic,811
8,156,heuristic,336
8,157,heuristic,245
8,158,heuristic,149
8,159,heuristic,231
8,160,heuristic,364
8,161,heuristic,338
8,162,heuristic,287
8,163,heuristic,447
8,164,heuristic,96
8,165,heuristic,460
8,166,heuristic,340
8,167,heuristic,130
8,168,heuristic,125
8,169,heuristic,313
8,170,heuristic,508
8,171,heuristic,762
8,172,heuristic,133
8,173,heuristic,469
8,174,heuristic,171
8,175,heuristic,43
8,176,heuristic,52
8,177,heuristic,545
8,178,heuristic,13
8,179,heuristic,320
8,180,heuristic,214
8,181,heuristic,105
8,182,heuristic,280
8,183,heuristic,895
8,184,heuristic,311
8,185,heuristic,13
8,186,heuristic,293
8,187,heuristic,690
8,188,heuristic,191
8,189,heuristic,240
8,190,heuristic,433
8,191,heuristic,757
8,192,heuristic,877
8,193,heuristic,135
8,194,heuristic,467
8,195,heuristic,280
8,196,heuristic,108
8,197,heuristic,18
8,198,heuristic,599
8,199,heuristic,257
8,200,heuristic,137
8,201,heuristic,312
8,202,heuristic,435
8,203,heuristic,193
8,204,heuristic,133
8,205,heuristic,230
8,206,heuristic,220
8,207,heuristic,1017
8,208,heuristic,114
8,209,heuristic,395
8,210,heuristic,234
8,211,heuristic,285
8,212,heuristic,515
8,213,heuristic,91
8,214,heuristic,894
8,215,heuristic,363
8,216,heuristic,75
8,217,heuristic,133
8,218,heuristic,654
8,219,heuristic,770
8,220,heuristic,1164
8,221,heuristic,427
8,222,heuristic,55
8,223,heuristic,736
8,224,heuristic,217
8,225,heuristic,401
8,226,heuristic,942
8,227,heuristic,226
8,228,heuristic,736
8,229,heuristic,169
8,230,heuristic,1104
8,231,heuristic,202
8,232,heuristic,111
8,233,heuristic,208
8,234,heuristic,446
8,235,heuristic,598
8,236,heuristic,453
8,237,heuristic,164
8,238,heuristic,673
8,239,heuristic,585
8,240,heuristic,300
8,241,heuristic,113
8,242,heuristic,175
8,243,heuristic,314
8,244,heuristic,549
8,245,heuristic,29
8,246,heuristic,498
8,247,heuristic,348
8,248,heuristic,260
8,249,heuristic,6
8,250,heuristic,993
8,251,heuristic,431
8,252,heuristic,1626
8,253,heuristic,452
8,254,heuristic,358
8,255,heuristic,237
8,256,heuristic,412
8,257,heuristic,274
8,258,heuristic,250
8,259,heuristic,323
8,260,heuristic,526
8,261,heuristic,418
8,262,heuristic,638
8,263,heuristic,333
8,264,heuristic,293
8,265,heuristic,267
8,266,heuristic,495
8,267,heuristic,596
8,268,heuristic,1023
8,269,heuristic,538
8,270,heuristic,196
8,271,heuristic,458
8,272,heuristic,126
8,273,heuristic,254
8,274,heuristic,252
8,275,heuristic,10
8,276,heuristic,462
8,277,heuristic,354
8,278,heuristic,520
8,279,heuristic,736
8,280,heuristic,965
8,281,heuristic,388
8,282,heuristic,394
8,283,heuristic,535
8,284,heuristic,144
8,285,heuristic,222
8,286,heuristic,79
8,287,heuristic,364
8,288,heuristic,309
8,289,heuristic,727
8,290,heuristic,325
8,291,heuristic,382
8,292,heuristic,304
8,293,heuristic,522
8,294,heuristic,163
8,295,heuristic,610
8,296,heuristic,154
8,297,heuristic,279
8,298,heuristic,165
8,299,heuristic,168
8,300,heuristic,223
8,301,heuristic,353
8,302,heuristic,174
8,303,heuristic,235
8,304,heuristic,264
8,305,heuristic,20
8,306,heuristic,1291
8,307,heuristic,105
8,308,heuristic,1154
8,309,heuristic,169
8,310,heuristic,163
8,311,heuristic,252
8,312,heuristic,1080
8,313,heuristic,216
8,314,heuristic,96
8,315,heuristic,93
8,316,heuristic,367
8,317,heuristic,70
8,318,heuristic,351
8,319,heuristic,339
8,320,heuristic,246
8,321,heuristic,117
8,322,heuristic,135
8,323,heuristic,403
8,324,heuristic,398
8,325,heuristic,120
8,326,heuristic,5
8,327,heuristic,326
8,328,heuristic,901
8,329,heuristic,926
8,330,heuristic,1080
8,331,heuristic,77
8,332,heuristic,1140
8,333,heuristic,429
8,334,heuristic,448
8,335,heuristic,884
8,336,heuristic,1071
8,337,heuristic,124
8,338,heuristic,433
8,339,heuristic,279
8,340,heuristic,55
8,341,heuristic,459
8,342,heuristic,139
8,343,heuristic,146
8,344,heuristic,474
8,345,heuristic,380
8,346,heuristic,475
8,347,heuristic,208
8,348,heuristic,275
8,349,heuristic,87
8,350,heuristic,185
8,351,heuristic,805
8,352,heuristic,115
8,353,heuristic,901
8,354,heuristic,108
8,355,heuristic,206
8,356,heuristic,138
8,357,heuristic,183
8,358,heuristic,239
8,359,heuristic,381
8,360,heuristic,242
8,361,heuristic,1709
8,362,heuristic,156
8,363,heuristic,451
8,364,heuristic,107
8,365,heuristic,553
8,366,heuristic,1263
8,367,heuristic,83
8,368,heuristic,203
8,369,heuristic,623
8,370,heuristic,76
8,371,heuristic,748
8,372,heuristic,1449
8,373,heuristic,371
8,374,heuristic,245
8,375,heuristic,648
8,376,heuristic,285
8,377,heuristic,248
8,378,heuristic,306
8,379,heuristic,244
8,380,heuristic,570
8,381,heuristic,733
8,382,heuristic,80
8,383,heuristic,361
8,384,heuristic,646
8,385,heuristic,229
8,386,heuristic,239
8,387,heuristic,48
8,388,heuristic,344
8,389,heuristic,706
8,390,heuristic,814
8,391,heuristic,359
8,392,heuristic,300
8,393,heuristic,455
8,394,heuristic,603
8,395,heuristic,160
8,396,heuristic,264
8,397,heuristic,426
8,398,heuristic,770
8,399,heuristic,762
8,400,heuristic,196
8,401,heuristic,496
8,402,heuristic,511
8,403,heuristic,301
8,404,heuristic,239
8,405,heuristic,554
8,406,heuristic,520
8,407,heuristic,505
8,408,heuristic,260
8,409,heuristic,284
8,410,heuristic,534
8,411,heuristic,515
8,412,heuristic,41
8,413,heuristic,1088
8,414,heuristic,282
8,415,heuristic,238
8,416,heuristic,163
8,417,heuristic,35
8,418,heuristic,601
8,419,heuristic,409
8,420,heuristic,238
8,421,heuristic,667
8,422,heuristic,17
8,423,heuristic,1093
8,424,heuristic,663
8,425,heuristic,1093
8,426,heuristic,306
8,427,heuristic,115
8,428,heuristic,244
8,429,heuristic,14
8,430,heuristic,150
8,431,heuristic,232
8,432,heuristic,231
8,433,heuristic,7
8,434,heuristic,547
8,435,heuristic,453
8,436,heuristic,668
8,437,heuristic,969
8,438,heuristic,186
8,439,heuristic,162
8,440,heuristic,52
8,441,heuristic,229
8,442,heuristic,150
8,443,heuristic,15
8,444,heuristic,780
8,445,heuristic,141
8,446,heuristic,874
8,447,heuristic,127
8,448,heuristic,175
8,449,heuristic,61
8,450,heuristic,370
8,451,heuristic,125
8,452,heuristic,177
8,453,heuristic,633
8,454,heuristic,44
8,455,heuristic,473
8,456,heuristic,327
8,457,heuristic,190
8,458,heuristic,512
8,459,heuristic,387
8,460,heuristic,656
8,461,heuristic,104
8,462,heuristic,194
8,463,heuristic,856
8,464,heuristic,354
8,465,heuristic,311
8,466,heuristic,250
8,467,heuristic,510
8,468,heuristic,826
8,469,heuristic,142
8,470,heuristic,263
8,471,heuristic,241
8,472,heuristic,249
8,473,heuristic,280
8,474,heuristic,141
8,475,heuristic,1106
8,476,heuristic,228
8,477,heuristic,468
8,478,heuristic,167
8,479,heuristic,271
8,480,heuristic,773
8,481,heuristic,346
8,482,heuristic,369
8,483,heuristic,275
8,484,heuristic,340
8,485,heuristic,178
8,486,heuristic,230
8,487,heuristic,629
8,488,heuristic,352
8,489,heuristic,884
8,490,heuristic,211
8,491,heuristic,485
8,492,heuristic,317
8,493,heuristic,478
8,494,heuristic,303
8,495,heuristic,347
8,496,heuristic,768
8,497,heuristic,374
8,498,heuristic,472
8,499,heuristic,563
8,500,heuristic,45
8,501,heuristic,301
8,502,heuristic,206
8,503,heuristic,13
8,504,heuristic,127
8,505,heuristic,267
8,506,heuristic,85
8,507,heuristic,236
8,508,heuristic,305
8,509,heuristic,428
8,510,heuristic,159
8,511,heuristic,165
8,512,heuristic,930
8,513,heuristic,504
8,514,heuristic,392
8,515,heuristic,183
8,516,heuristic,567
8,517,heuristic,257
8,518,heuristic,761
8,519,heuristic,654
8,520,heuristic,185
8,521,heuristic,330
8,522,heuristic,181
8,523,heuristic,14
8,524,heuristic,21
8,525,heuristic,14
8,526,heuristic,531
8,527,heuristic,136
8,528,heuristic,1201
8,529,heuristic,154
8,530,heuristic,408
8,531,heuristic,1206
8,532,heuristic,130
8,533,heuristic,583
8,534,heuristic,241
8,535,heuristic,428
8,536,heuristic,699
8,537,heuristic,323
8,538,heuristic,118
8,539,heuristic,185
8,540,heuristic,1459
8,541,heuristic,566
8,542,heuristic,20
8,543,heuristic,14
8,544,heuristic,228
8,545,heuristic,530
8,546,heuristic,267
8,547,heuristic,217
8,548,heuristic,1363
8,549,heuristic,477
8,550,heuristic,792
8,551,heuristic,260
8,552,heuristic,631
8,553,heuristic,523
8,554,heuristic,187
8,555,heuristic,652
8,556,heuristic,367
8,557,heuristic,820
8,558,heuristic,85
8,559,heuristic,94
8,560,heuristic,372
8,561,heuristic,494
8,562,heuristic,282
8,563,heuristic,754
8,564,heuristic,294
8,565,heuristic,774
8,566,heuristic,596
8,567,heuristic,160
8,568,heuristic,338
8,569,heuristic,372
8,570,heuristic,18
8,571,heuristic,199
8,572,heuristic,641
8,573,heuristic,455
8,574,heuristic,169
8,575,heuristic,396
8,576,heuristic,305
8,577,heuristic,446
8,578,heuristic,91
8,579,heuristic,9
8,580,heuristic,664
8,581,heuristic,20
8,582,heuristic,166
8,583,heuristic,383
8,584,heuristic,119
8,585,heuristic,166
8,586,heuristic,430
8,587,heuristic,266
8,588,heuristic,551
8,589,heuristic,882
8,590,heuristic,279
8,591,heuristic,186
8,592,heuristic,240
8,593,heuristic,634
8,594,heuristic,349
8,595,heuristic,627
8,596,heuristic,209
8,597,heuristic,308
8,598,heuristic,538
8,599,heuristic,1033
8,600,heuristic,263
8,601,heuristic,288
8,602,heuristic,233
8,603,heuristic,361
8,604,heuristic,210
8,605,heuristic,493
8,606,heuristic,481
8,607,heuristic,511
8,608,heuristic,866
8,609,heuristic,211
8,610,heuristic,643
8,611,heuristic,69
8,612,heuristic,95
8,613,heuristic,343
8,614,heuristic,26
8,615,heuristic,285
8,616,heuristic,724
8,617,heuristic,312
8,618,heuristic,904
8,619,heuristic,611
8,620,heuristic,398
8,621,heuristic,439
8,622,heuristic,602
8,623,heuristic,578
8,624,heuristic,618
8,625,heuristic,393
8,626,heuristic,377
8,627,heuristic,116
8,628,heuristic,51
8,629,heuristic,252
8,630,heuristic,551
8,631,heuristic,987
8,632,heuristic,186
8,633,heuristic,301
8,634,heuristic,439
8,635,heuristic,449
8,636,heuristic,238
8,637,heuristic,185
8,638,heuristic,203
8,639,heuristic,226
8,640,heuristic,152
8,641,heuristic,310
8,642,heuristic,1031
8,643,heuristic,272
8,644,heuristic,301
8,645,heuristic,274
8,646,heuristic,485
8,647,heuristic,416
8,648,heuristic,629
8,649,heuristic,269
8,650,heuristic,303
8,651,heuristic,700
8,652,heuristic,483
8,653,heuristic,174
8,654,heuristic,324
8,655,heuristic,436
8,656,heuristic,116
8,657,heuristic,138
8,658,heuristic,431
8,659,heuristic,646
8,660,heuristic,213
8,661,heuristic,346
8,662,heuristic,349
8,663,heuristic,144
8,664,heuristic,616
8,665,heuristic,192
8,666,heuristic,174
8,667,heuristic,148
8,668,heuristic,191
8,669,heuristic,330
8,670,heuristic,282
8,671,heuristic,429
8,672,heuristic,398
8,673,heuristic,256
8,674,heuristic,228
8,675,heuristic,199
8,676,heuristic,642
8,677,heuristic,131
8,678,heuristic,108
8,679,heuristic,187
8,680,heuristic,309
8,681,heuristic,46
8,682,heuristic,98
8,683,heuristic,128
8,684,heuristic,16
8,685,heuristic,313
8,686,heuristic,384
8,687,heuristic,185
8,688,heuristic,313
8,689,heuristic,212
8,690,heuristic,159
8,691,heuristic,234
8,692,heuristic,64
8,693,heuristic,793
8,694,heuristic,373
8,695,heuristic,164
8,696,heuristic,372
8,697,heuristic,373
8,698,heuristic,136
8,699,heuristic,412
8,700,heuristic,429
8,701,heuristic,303
8,702,heuristic,130
8,703,heuristic,272
8,704,heuristic,610
8,705,heuristic,314
8,706,heuristic,649
8,707,heuristic,188
8,708,heuristic,114
8,709,heuristic,473
8,710,heuristic,449
8,711,heuristic,567
8,712,heuristic,309
8,713,heuristic,351
8,714,heuristic,167
8,715,heuristic,14
8,716,heuristic,125
8,717,heuristic,425
8,718,heuristic,604
8,719,heuristic,210
8,720,heuristic,295
8,721,heuristic,404
8,722,heuristic,305
8,723,heuristic,225
8,724,heuristic,236
8,725,heuristic,511
8,726,heuristic,450
8,727,heuristic,866
8,728,heuristic,266
8,729,heuristic,847
8,730,heuristic,522
8,731,heuristic,638
8,732,heuristic,342
8,733,heuristic,102
8,734,heuristic,1061
8,735,heuristic,471
8,736,heuristic,397
8,737,heuristic,597
8,738,heuristic,167
8,739,heuristic,620
8,740,heuristic,269
8,741,heuristic,250
8,742,heuristic,174
8,743,heuristic,186
8,744,heuristic,287
8,745,heuristic,169
8,746,heuristic,289
8,747,heuristic,327
8,748,heuristic,835
8,749,heuristic,155
8,750,heuristic,23
8,751,heuristic,792
8,752,heuristic,591
8,753,heuristic,464
8,754,heuristic,424
8,755,heuristic,331
8,756,heuristic,443
8,757,heuristic,323
8,758,heuristic,289
8,759,heuristic,204
8,760,heuristic,82
8,761,heuristic,268
8,762,heuristic,657
8,763,heuristic,95
8,764,heuristic,202
8,765,heuristic,49
8,766,heuristic,1322
8,767,heuristic,552
8,768,heuristic,121
8,769,heuristic,478
8,770,heuristic,538
8,771,heuristic,795
8,772,heuristic,360
8,773,heuristic,941
8,774,heuristic,108
8,775,heuristic,503
8,776,heuristic,253
8,777,heuristic,759
8,778,heuristic,621
8,779,heuristic,879
8,780,heuristic,483
8,781,heuristic,279
8,782,heuristic,77
8,783,heuristic,863
8,784,heuristic,1020
8,785,heuristic,316
8,786,heuristic,252
8,787,heuristic,815
8,788,heuristic,1268
8,789,heuristic,442
8,790,heuristic,276
8,791,heuristic,349
8,792,heuristic,290
8,793,heuristic,167
8,794,heuristic,308
8,795,heuristic,584
8,796,heuristic,221
8,797,heuristic,162
8,798,heuristic,1048
8,799,heuristic,138
8,800,heuristic,362
8,801,heuristic,207
8,802,heuristic,110
8,803,heuristic,802
8,804,heuristic,489
8,805,heuristic,84
8,806,heuristic,568
8,807,heuristic,899
8,808,heuristic,218
8,809,heuristic,336
8,810,heuristic,401
8,811,heuristic,711
8,812,heuristic,10
8,813,heuristic,116
8,814,heuristic,411
8,815,heuristic,191
8,816,heuristic,791
8,817,heuristic,220
8,818,heuristic,208
8,819,heuristic,534
8,820,heuristic,247
8,821,heuristic,85
8,822,heuristic,167
8,823,heuristic,309
8,824,heuristic,269
8,825,heuristic,356
8,826,heuristic,893
8,827,heuristic,453
8,828,heuristic,14
8,829,heuristic,1185
8,830,heuristic,384
8,831,heuristic,400
8,832,heuristic,1091
8,833,heuristic,593
8,834,heuristic,510
8,835,heuristic,342
8,836,heuristic,133
8,837,heuristic,1188
8,838,heuristic,9
8,839,heuristic,126
8,840,heuristic,274
8,841,heuristic,449
8,842,heuristic,406
8,843,heuristic,312
8,844,heuristic,1276
8,845,heuristic,1027
8,846,heuristic,136
8,847,heuristic,1258
8,848,heuristic,308
8,849,heuristic,272
8,850,heuristic,542
8,851,heuristic,215
8,852,heuristic,414
8,853,heuristic,452
8,854,heuristic,462
8,855,heuristic,88
8,856,heuristic,366
8,857,heuristic,561
8,858,heuristic,66
8,859,heuristic,397
8,860,heuristic,214
8,861,heuristic,414
8,862,heuristic,762
8,863,heuristic,136
8,864,heuristic,397
8,865,heuristic,70
8,866,heuristic,8
8,867,heuristic,174
8,868,heuristic,806
8,869,heuristic,280
8,870,heuristic,143
8,871,heuristic,2154
8,872,heuristic,9
8,873,heuristic,275
8,874,heuristic,728
8,875,heuristic,402
8,876,heuristic,97
8,877,heuristic,672
8,878,heuristic,892
8,879,heuristic,13
8,880,heuristic,251
8,881,heuristic,513
8,882,heuristic,157
8,883,heuristic,518
8,884,heuristic,135
8,885,heuristic,128
8,886,heuristic,417
8,887,heuristic,502
8,888,heuristic,63
8,889,heuristic,216
8,890,heuristic,180
8,891,heuristic,19
8,892,heuristic,67
8,893,heuristic,717
8,894,heuristic,436
8,895,heuristic,295
8,896,heuristic,394
8,897,heuristic,874
8,898,heuristic,121
8,899,heuristic,282
8,900,heuristic,188
8,901,heuristic,553
8,902,heuristic,367
8,903,heuristic,183
8,904,heuristic,693
8,905,heuristic,30
8,906,heuristic,691
8,907,heuristic,201
8,908,heuristic,299
8,909,heuristic,285
8,910,heuristic,243
8,911,heuristic,328
8,912,heuristic,61
8,913,heuristic,841
8,914,heuristic,449
8,915,heuristic,470
8,916,heuristic,172
8,917,heuristic,928
8,918,heuristic,798
8,919,heuristic,189
8,920,heuristic,260
8,921,heuristic,393
8,922,heuristic,309
8,923,heuristic,147
8,924,heuristic,123
8,925,heuristic,545
8,926,heuristic,170
8,927,heuristic,159
8,928,heuristic,503
8,929,heuristic,1118
8,930,heuristic,478
8,931,heuristic,72
8,932,heuristic,214
8,933,heuristic,207
8,934,heuristic,263
8,935,heuristic,556
8,936,heuristic,190
8,937,heuristic,227
8,938,heuristic,188
8,939,heuristic,123
8,940,heuristic,489
8,941,heuristic,39
8,942,heuristic,39
8,943,heuristic,224
8,944,heuristic,1071
8,945,heuristic,220
8,946,heuristic,266
8,947,heuristic,902
8,948,heuristic,214
8,949,heuristic,329
8,950,heuristic,964
8,951,heuristic,1170
8,952,heuristic,557
8,953,heuristic,328
8,954,heuristic,123
8,955,heuristic,143
8,956,heuristic,246
8,957,heuristic,1108
8,958,heuristic,226
8,959,heuristic,657
8,960,heuristic,714
8,961,heuristic,631
8,962,heuristic,221
8,963,heuristic,125
8,964,heuristic,244
8,965,heuristic,332
8,966,heuristic,268
8,967,heuristic,88
8,968,heuristic,33
8,969,heuristic,58
8,970,heuristic,337
8,971,heuristic,962
8,972,heuristic,263
8,973,heuristic,151
8,974,heuristic,259
8,975,heuristic,133
8,976,heuristic,881
8,977,heuristic,208
8,978,heuristic,814
8,979,heuristic,1016
8,980,heuristic,274
8,981,heuristic,297
8,982,heuristic,445
8,983,heuristic,83
8,984,heuristic,609
8,985,heuristic,342
8,986,heuristic,530
8,987,heuristic,202
8,988,heuristic,618
8,989,heuristic,71
8,990,heuristic,1056
8,991,heuristic,557
8,992,heuristic,78
8,993,heuristic,180
8,994,heuristic,1312
8,995,heuristic,645
8,996,heuristic,163
8,997,heuristic,400
8,998,heuristic,52
8,999,heuristic,1050
8,1000,heuristic,1103
10,1,heuristic,576
10,2,heuristic,711
10,3,heuristic,12
10,4,heuristic,553
10,5,heuristic,268
10,6,heuristic,745
10,7,heuristic,334
10,8,heuristic,90
10,9,heuristic,546
10,10,heuristic,844
10,11,heuristic,495
10,12,heuristic,675
10,13,heuristic,761
10,14,heuristic,186
10,15,heuristic,477
10,16,heuristic,180
10,17,heuristic,449
10,18,heuristic,609
10,19,heuristic,147
10,20,heuristic,527
10,21,heuristic,77
10,22,heuristic,646
10,23,heuristic,12
10,24,heuristic,739
10,25,heuristic,313
10,26,heuristic,316
10,27,heuristic,533
10,28,heuristic,351
10,29,heuristic,147
10,30,heuristic,713
10,31,heuristic,447
10,32,heuristic,621
10,33,heuristic,506
10,34,heuristic,494
10,35,heuristic,271
10,36,heuristic,1438
10,37,heuristic,22
10,38,heuristic,209
10,39,heuristic,660
10,40,heuristic,563
10,41,heuristic,916
10,42,heuristic,635
10,43,heuristic,858
10,44,heuristic,340
10,45,heuristic,829
10,46,heuristic,375
10,47,heuristic,312
10,48,heuristic,1586
10,49,heuristic,261
10,50,heuristic,538
10,51,heuristic,655
10,52,heuristic,657
10,53,heuristic,1141
10,54,heuristic,185
10,55,heuristic,701
10,56,heuristic,291
10,57,heuristic,620
10,58,heuristic,517
10,59,heuristic,552
10,60,heuristic,127
10,61,heuristic,228
10,62,heuristic,845
10,63,heuristic,204
10,64,heuristic,332
10,65,heuristic,570
10,66,heuristic,260
10,67,heuristic,374
10,68,heuristic,563
10,69,heuristic,412
10,70,heuristic,210
10,71,heuristic,655
10,72,heuristic,578
10,73,heuristic,635
10,74,heuristic,497
10,75,heuristic,588
10,76,heuristic,634
10,77,heuristic,638
10,78,heuristic,594
10,79,heuristic,785
10,80,heuristic,1348
10,81,heuristic,173
10,82,heuristic,9
10,83,heuristic,451
10,84,heuristic,482
10,85,heuristic,1311
10,86,heuristic,267
10,87,heuristic,251
10,88,heuristic,413
10,89,heuristic,124
10,90,heuristic,189
10,91,heuristic,597
10,92,heuristic,465
10,93,heuristic,388
10,94,heuristic,387
10,95,heuristic,866
10,96,heuristic,1123
10,97,heuristic,896
10,98,heuristic,655
10,99,heuristic,563
10,100,heuristic,49
10,101,heuristic,365
10,102,heuristic,453
10,103,heuristic,727
10,104,heuristic,518
10,105,heuristic,960
10,106,heuristic,363
10,107,heuristic,1258
10,108,heuristic,169
10,109,heuristic,671
10,110,heuristic,179
10,111,heuristic,359
10,112,heuristic,688
10,113,heuristic,396
10,114,heuristic,689
10,115,heuristic,669
10,116,heuristic,108
10,117,heuristic,140
10,118,heuristic,1110
10,119,heuristic,131
10,120,heuristic,920
10,121,heuristic,467
10,122,heuristic,289
10,123,heuristic,613
10,124,heuristic,354
10,125,heuristic,329
10,126,heuristic,467
10,127,heuristic,282
10,128,heuristic,360
10,129,heuristic,384
10,130,heuristic,114
10,131,heuristic,688
10,132,heuristic,664
10,133,heuristic,1070
10,134,heuristic,738
10,135,heuristic,351
10,136,heuristic,538
10,137,heuristic,246
10,138,heuristic,239
10,139,heuristic,234
10,140,heuristic,416
10,141,heuristic,578
10,142,heuristic,196
10,143,heuristic,1411
10,144,heuristic,409
10,145,heuristic,449
10,146,heuristic,162
10,147,heuristic,645
10,148,heuristic,310
10,149,heuristic,163
10,150,heuristic,1115
10,151,heuristic,254
10,152,heuristic,151
10,153,heuristic,831
10,154,heuristic,563
10,155,heuristic,113
10,156,heuristic,202
10,157,heuristic,879
10,158,heuristic,743
10,159,heuristic,182
10,160,heuristic,259
10,161,heuristic,412
10,162,heuristic,560
10,163,heuristic,834
10,164,heuristic,506
10,165,heuristic,1264
10,166,heuristic,390
10,167,heuristic,123
10,168,heuristic,163
10,169,heuristic,541
10,170,heuristic,332
10,171,heuristic,435
10,172,heuristic,1049
10,173,heuristic,471
10,174,heuristic,435
10,175,heuristic,565
10,176,heuristic,259
10,177,heuristic,566
10,178,heuristic,151
10,179,heuristic,601
10,180,heuristic,133
10,181,heuristic,377
10,182,heuristic,312
10,183,heuristic,431
10,184,heuristic,173
10,185,heuristic,709
10,186,heuristic,1608
10,187,heuristic,837
10,188,heuristic,258
10,189,heuristic,1570
10,190,heuristic,257
10,191,heuristic,201
10,192,heuristic,878
10,193,heuristic,747
10,194,heuristic,1332
10,195,heuristic,162
10,196,heuristic,327
10,197,heuristic,581
10,198,heuristic,722
10,199,heuristic,158
10,200,heuristic,289
10,201,heuristic,326
10,202,heuristic,974
10,203,heuristic,321
10,204,heuristic,328
10,205,heuristic,393
10,206,heuristic,722
10,207,heuristic,575
10,208,heuristic,654
10,209,heuristic,16
10,210,heuristic,881
10,211,heuristic,41
10,212,heuristic,569
10,213,heuristic,693
10,214,heuristic,246
10,215,heuristic,261
10,216,heuristic,1031
10,217,heuristic,475
10,218,heuristic,406
10,219,heuristic,115
10,220,heuristic,471
10,221,heuristic,230
10,222,heuristic,263
10,223,heuristic,293
10,224,heuristic,393
10,225,heuristic,207
10,226,heuristic,236
10,227,heuristic,670
10,228,heuristic,361
10,229,heuristic,297
10,230,heuristic,795
10,231,heuristic,200
10,232,heuristic,566
10,233,heuristic,574
10,234,heuristic,159
10,235,heuristic,775
10,236,heuristic,389
10,237,heuristic,359
10,238,heuristic,797
10,239,heuristic,445
10,240,heuristic,562
10,241,heuristic,143
10,242,heuristic,212
10,243,heuristic,657
10,244,heuristic,1243
10,245,heuristic,240
10,246,heuristic,132
10,247,heuristic,869
10,248,heuristic,996
10,249,heuristic,898
10,250,heuristic,136
10,251,heuristic,364
10,252,heuristic,284
10,253,heuristic,673
10,254,heuristic,873
10,255,heuristic,503
10,256,heuristic,148
10,257,heuristic,162
10,258,heuristic,255
10,259,heuristic,577
10,260,heuristic,118
10,261,heuristic,294
10,262,heuristic,335
10,263,heuristic,316
10,264,heuristic,611
10,265,heuristic,207
10,266,heuristic,1084
10,267,heuristic,504
10,268,heuristic,354
10,269,heuristic,397
10,270,heuristic,256
10,271,heuristic,700
10,272,heuristic,340
10,273,heuristic,2171
10,274,heuristic,1076
10,275,heuristic,264
10,276,heuristic,282
10,277,heuristic,2298
10,278,heuristic,347
10,279,heuristic,170
10,280,heuristic,192
10,281,heuristic,412
10,282,heuristic,1670
10,283,heuristic,734
10,284,heuristic,130
10,285,heuristic,255
10,286,heuristic,234
10,287,heuristic,461
10,288,heuristic,988
10,289,heuristic,748
10,290,heuristic,268
10,291,heuristic,302
10,292,heuristic,833
10,293,heuristic,1040
10,294,heuristic,126
10,295,heuristic,708
10,296,heuristic,877
10,297,heuristic,528
10,298,heuristic,378
10,299,heuristic,610
10,300,heuristic,247
10,301,heuristic,370
10,302,heuristic,210
10,303,heuristic,167
10,304,heuristic,1099
10,305,heuristic,688
10,306,heuristic,573
10,307,heuristic,464
10,308,heuristic,457
10,309,heuristic,845
10,310,heuristic,729
10,311,heuristic,743
10,312,heuristic,218
10,313,heuristic,217
10,314,heuristic,800
10,315,heuristic,246
10,316,heuristic,708
10,317,heuristic,345
10,318,heuristic,530
10,319,heuristic,296
10,320,heuristic,314
10,321,heuristic,777
10,322,heuristic,400
10,323,heuristic,1118
10,324,heuristic,306
10,325,heuristic,534
10,326,heuristic,169
10,327,heuristic,144
10,328,heuristic,387
10,329,heuristic,546
10,330,heuristic,768
10,331,heuristic,443
10,332,heuristic,597
10,333,heuristic,810
10,334,heuristic,752
10,335,heuristic,32
10,336,heuristic,926
10,337,heuristic,102
10,338,heuristic,776
10,339,heuristic,134
10,340,heuristic,81
10,341,heuristic,381
10,342,heuristic,928
10,343,heuristic,446
10,344,heuristic,799
10,345,heuristic,179
10,346,heuristic,529
10,347,heuristic,620
10,348,heuristic,299
10,349,heuristic,293
10,350,heuristic,840
10,351,heuristic,394
10,352,heuristic,933
10,353,heuristic,1610
10,354,heuristic,462
10,355,heuristic,202
10,356,heuristic,788
10,357,heuristic,90
10,358,heuristic,463
10,359,heuristic,728
10,360,heuristic,328
10,361,heuristic,956
10,362,heuristic,257
10,363,heuristic,1243
10,364,heuristic,267
10,365,heuristic,739
10,366,heuristic,406
10,367,heuristic,340
10,368,heuristic,534
10,369,heuristic,140
10,370,heuristic,479
10,371,heuristic,849
10,372,heuristic,426
10,373,heuristic,876
10,374,heuristic,499
10,375,heuristic,718
10,376,heuristic,673
10,377,heuristic,486
10,378,heuristic,273
10,379,heuristic,474
10,380,heuristic,564
10,381,heuristic,2129
10,382,heuristic,353
10,383,heuristic,482
10,384,heuristic,1061
10,385,heuristic,710
10,386,heuristic,831
10,387,heuristic,393
10,388,heuristic,744
10,389,heuristic,248
10,390,heuristic,895
10,391,heuristic,1199
10,392,heuristic,143
10,393,heuristic,955
10,394,heuristic,575
10,395,heuristic,363
10,396,heuristic,482
10,397,heuristic,415
10,398,heuristic,21
10,399,heuristic,387
10,400,heuristic,961
10,401,heuristic,873
10,402,heuristic,1698
10,403,heuristic,558
10,404,heuristic,452
10,405,heuristic,195
10,406,heuristic,306
10,407,heuristic,512
10,408,heuristic,72
10,409,heuristic,671
10,410,heuristic,341
10,411,heuristic,428
10,412,heuristic,443
10,413,heuristic,557
10,414,heuristic,178
10,415,heuristic,588
10,416,heuristic,656
10,417,heuristic,950
10,418,heuristic,609
10,419,heuristic,1521
10,420,heuristic,796
10,421,heuristic,1193
10,422,heuristic,730
10,423,heuristic,350
10,424,heuristic,1603
10,425,heuristic,464
10,426,heuristic,540
10,427,heuristic,893
10,428,heuristic,276
10,429,heuristic,319
10,430,heuristic,675
10,431,heuristic,361
10,432,heuristic,171
10,433,heuristic,1122
10,434,heuristic,890
10,435,heuristic,859
10,436,heuristic,258
10,437,heuristic,299
10,438,heuristic,339
10,439,heuristic,356
10,440,heuristic,462
10,441,heuristic,526
10,442,heuristic,1627
10,443,heuristic,196
10,444,heuristic,355
10,445,heuristic,128
10,446,heuristic,429
10,447,heuristic,450
10,448,heuristic,2068
10,449,heuristic,349
10,450,heuristic,439
10,451,heuristic,442
10,452,heuristic,373
10,453,heuristic,862
10,454,heuristic,831
10,455,heuristic,427
10,456,heuristic,583
10,457,heuristic,643
10,458,heuristic,271
10,459,heuristic,732
10,460,heuristic,259
10,461,heuristic,1025
10,462,heuristic,424
10,463,heuristic,123
10,464,heuristic,232
10,465,heuristic,294
10,466,heuristic,501
10,467,heuristic,234
10,468,heuristic,217
10,469,heuristic,479
10,470,heuristic,532
10,471,heuristic,254
10,472,heuristic,464
10,473,heuristic,678
10,474,heuristic,1000
10,475,heuristic,438
10,476,heuristic,532
10,477,heuristic,842
10,478,heuristic,568
10,479,heuristic,671
10,480,heuristic,233
10,481,heuristic,87
10,482,heuristic,647
10,483,heuristic,153
10,484,heuristic,21
10,485,heuristic,520
10,486,heuristic,128
10,487,heuristic,972
10,488,heuristic,388
10,489,heuristic,447
10,490,heuristic,677
10,491,heuristic,148
10,492,heuristic,273
10,493,heuristic,904
10,494,heuristic,1323
10,495,heuristic,355
10,496,heuristic,1325
10,497,heuristic,427
10,498,heuristic,296
10,499,heuristic,432
10,500,heuristic,279
10,501,heuristic,255
10,502,heuristic,268
10,503,heuristic,548
10,504,heuristic,429
10,505,heuristic,460
10,506,heuristic,326
10,507,heuristic,494
10,508,heuristic,927
10,509,heuristic,192
10,510,heuristic,363
10,511,heuristic,270
10,512,heuristic,608
10,513,heuristic,266
10,514,heuristic,768
10,515,heuristic,383
10,516,heuristic,287
10,517,heuristic,417
10,518,heuristic,163
10,519,heuristic,131
10,520,heuristic,708
10,521,heuristic,347
10,522,heuristic,202
10,523,heuristic,557
10,524,heuristic,556
10,525,heuristic,111
10,526,heuristic,1379
10,527,heuristic,22
10,528,heuristic,105
10,529,heuristic,106
10,530,heuristic,628
10,531,heuristic,728
10,532,heuristic,470
10,533,heuristic,1053
10,534,heuristic,1115
10,535,heuristic,1215
10,536,heuristic,610
10,537,heuristic,210
10,538,heuristic,157
10,539,heuristic,502
10,540,heuristic,303
10,541,heuristic,141
10,542,heuristic,150
10,543,heuristic,133
10,544,heuristic,1110
10,545,heuristic,843
10,546,heuristic,973
10,547,heuristic,708
10,548,heuristic,11
10,549,heuristic,436
10,550,heuristic,1111
10,551,heuristic,636
10,552,heuristic,1160
10,553,heuristic,1247
10,554,heuristic,190
10,555,heuristic,488
10,556,heuristic,782
10,557,heuristic,778
10,558,heuristic,410
10,559,heuristic,383
10,560,heuristic,82
10,561,heuristic,736
10,562,heuristic,224
10,563,heuristic,300
10,564,heuristic,285
10,565,heuristic,711
10,566,heuristic,802
10,567,heuristic,439
10,568,heuristic,400
10,569,heuristic,439
10,570,heuristic,416
10,571,heuristic,390
10,572,heuristic,304
10,573,heuristic,344
10,574,heuristic,348
10,575,heuristic,373
10,576,heuristic,537
10,577,heuristic,316
10,578,heuristic,406
10,579,heuristic,433
10,580,heuristic,322
10,581,heuristic,301
10,582,heuristic,811
10,583,heuristic,181
10,584,heuristic,510
10,585,heuristic,728
10,586,heuristic,341
10,587,heuristic,2215
10,588,heuristic,372
10,589,heuristic,362
10,590,heuristic,869
10,591,heuristic,1062
10,592,heuristic,135
10,593,heuristic,289
10,594,heuristic,285
10,595,heuristic,278
10,596,heuristic,1128
10,597,heuristic,787
10,598,heuristic,280
10,599,heuristic,264
10,600,heuristic,677
10,601,heuristic,292
10,602,heuristic,673
10,603,heuristic,882
10,604,heuristic,918
10,605,heuristic,167
10,606,heuristic,296
10,607,heuristic,849
10,608,heuristic,278
10,609,heuristic,391
10,610,heuristic,319
10,611,heuristic,48
10,612,heuristic,556
10,613,heuristic,120
10,614,heuristic,637
10,615,heuristic,824
10,616,heuristic,559
10,617,heuristic,501
10,618,heuristic,541
10,619,heuristic,1375
10,620,heuristic,459
10,621,heuristic,458
10,622,heuristic,445
10,623,heuristic,718
10,624,heuristic,821
10,625,heuristic,436
10,626,heuristic,622
10,627,heuristic,937
10,628,heuristic,902
10,629,heuristic,461
10,630,heuristic,308
10,631,heuristic,131
10,632,heuristic,259
10,633,heuristic,979
10,634,heuristic,234
10,635,heuristic,355
10,636,heuristic,104
10,637,heuristic,300
10,638,heuristic,203
10,639,heuristic,170
10,640,heuristic,309
10,641,heuristic,667
10,642,heuristic,158
10,643,heuristic,432
10,644,heuristic,287
10,645,heuristic,466
10,646,heuristic,123
10,647,heuristic,213
10,648,heuristic,281
10,649,heuristic,531
10,650,heuristic,620
10,651,heuristic,152
10,652,heuristic,1305
10,653,heuristic,263
10,654,heuristic,326
10,655,heuristic,1700
10,656,heuristic,1966
10,657,heuristic,406
10,658,heuristic,1602
10,659,heuristic,564
10,660,heuristic,538
10,661,heuristic,802
10,662,heuristic,591
10,663,heuristic,305
10,664,heuristic,698
10,665,heuristic,789
10,666,heuristic,535
10,667,heuristic,1045
10,668,heuristic,681
10,669,heuristic,1059
10,670,heuristic,896
10,671,heuristic,364
10,672,heuristic,493
10,673,heuristic,521
10,674,heuristic,271
10,675,heuristic,317
10,676,heuristic,363
10,677,heuristic,590
10,678,heuristic,746
10,679,heuristic,110
10,680,heuristic,623
10,681,heuristic,394
10,682,heuristic,981
10,683,heuristic,426
10,684,heuristic,457
10,685,heuristic,216
10,686,heuristic,501
10,687,heuristic,271
10,688,heuristic,24
10,689,heuristic,659
10,690,heuristic,825
10,691,heuristic,849
10,692,heuristic,655
10,693,heuristic,1150
10,694,heuristic,312
10,695,heuristic,527
10,696,heuristic,317
10,697,heuristic,966
10,698,heuristic,474
10,699,heuristic,588
10,700,heuristic,267
10,701,heuristic,363
10,702,heuristic,264
10,703,heuristic,226
10,704,heuristic,393
10,705,heuristic,678
10,706,heuristic,654
10,707,heuristic,545
10,708,heuristic,412
10,709,heuristic,176
10,710,heuristic,644
10,711,heuristic,553
10,712,heuristic,634
10,713,heuristic,395
10,714,heuristic,403
10,715,heuristic,1847
10,716,heuristic,463
10,717,heuristic,728
10,718,heuristic,258
10,719,heuristic,308
10,720,heuristic,741
10,721,heuristic,780
10,722,heuristic,1108
10,723,heuristic,681
10,724,heuristic,266
10,725,heuristic,600
10,726,heuristic,319
10,727,heuristic,1173
10,728,heuristic,1170
10,729,heuristic,1507
10,730,heuristic,525
10,731,heuristic,9
10,732,heuristic,614
10,733,heuristic,657
10,734,heuristic,291
10,735,heuristic,425
10,736,heuristic,885
10,737,heuristic,1075
10,738,heuristic,178
10,739,heuristic,424
10,740,heuristic,693
10,741,heuristic,534
10,742,heuristic,442
10,743,heuristic,807
10,744,heuristic,376
10,745,heuristic,1536
10,746,heuristic,507
10,747,heuristic,186
10,748,heuristic,445
10,749,heuristic,347
10,750,heuristic,411
10,751,heuristic,455
10,752,heuristic,478
10,753,heuristic,379
10,754,heuristic,950
10,755,heuristic,615
10,756,heuristic,222
10,757,heuristic,333
10,758,heuristic,240
10,759,heuristic,439
10,760,heuristic,307
10,761,heuristic,496
10,762,heuristic,468
10,763,heuristic,546
10,764,heuristic,76
10,765,heuristic,1153
10,766,heuristic,484
10,767,heuristic,333
10,768,heuristic,901
10,769,heuristic,179
10,770,heuristic,217
10,771,heuristic,1100
10,772,heuristic,479
10,773,heuristic,1012
10,774,heuristic,521
10,775,heuristic,479
10,776,heuristic,382
10,777,heuristic,577
10,778,heuristic,477
10,779,heuristic,458
10,780,heuristic,946
10,781,heuristic,53
10,782,heuristic,385
10,783,heuristic,512
10,784,heuristic,134
10,785,heuristic,824
10,786,heuristic,347
10,787,heuristic,2023
10,788,heuristic,229
10,789,heuristic,575
10,790,heuristic,1261
10,791,heuristic,470
10,792,heuristic,364
10,793,heuristic,1178
10,794,heuristic,920
10,795,heuristic,667
10,796,heuristic,284
10,797,heuristic,252
10,798,heuristic,267
10,799,heuristic,290
10,800,heuristic,16
10,801,heuristic,708
10,802,heuristic,487
10,803,heuristic,253
10,804,heuristic,674
10,805,heuristic,473
10,806,heuristic,1248
10,807,heuristic,601
10,808,heuristic,1006
10,809,heuristic,1326
10,810,heuristic,465
10,811,heuristic,364
10,812,heuristic,851
10,813,heuristic,732
10,814,heuristic,126
10,815,heuristic,407
10,816,heuristic,606
10,817,heuristic,301
10,818,heuristic,518
10,819,heuristic,465
10,820,heuristic,315
10,821,heuristic,458
10,822,heuristic,1026
10,823,heuristic,621
10,824,heuristic,113
10,825,heuristic,339
10,826,heuristic,711
10,827,heuristic,703
10,828,heuristic,857
10,829,heuristic,438
10,830,heuristic,874
10,831,heuristic,433
10,832,heuristic,490
10,833,heuristic,392
10,834,heuristic,327
10,835,heuristic,971
10,836,heuristic,19
10,837,heuristic,366
10,838,heuristic,763
10,839,heuristic,884
10,840,heuristic,52
10,841,heuristic,244
10,842,heuristic,507
10,843,heuristic,651
10,844,heuristic,185
10,845,heuristic,695
10,846,heuristic,592
10,847,heuristic,467
10,848,heuristic,495
10,849,heuristic,412
10,850,heuristic,484
10,851,heuristic,916
10,852,heuristic,433
10,853,heuristic,568
10,854,heuristic,713
10,855,heuristic,523
10,856,heuristic,231
10,857,heuristic,466
10,858,heuristic,303
10,859,heuristic,204
10,860,heuristic,679
10,861,heuristic,157
10,862,heuristic,755
10,863,heuristic,762
10,864,heuristic,13
10,865,heuristic,406
10,866,heuristic,377
10,867,heuristic,477
10,868,heuristic,767
10,869,heuristic,900
10,870,heuristic,711
10,871,heuristic,396
10,872,heuristic,941
10,873,heuristic,711
10,874,heuristic,695
10,875,heuristic,144
10,876,heuristic,169
10,877,heuristic,219
10,878,heuristic,312
10,879,heuristic,757
10,880,heuristic,376
10,881,heuristic,131
10,882,heuristic,637
10,883,heuristic,333
10,884,heuristic,1336
10,885,heuristic,671
10,886,heuristic,348
10,887,heuristic,170
10,888,heuristic,157
10,889,heuristic,482
10,890,heuristic,193
10,891,heuristic,478
10,892,heuristic,240
10,893,heuristic,389
10,894,heuristic,654
10,895,heuristic,566
10,896,heuristic,794
10,897,heuristic,893
10,898,heuristic,512
10,899,heuristic,732
10,900,heuristic,650
10,901,heuristic,475
10,902,heuristic,951
10,903,heuristic,845
10,904,heuristic,765
10,905,heuristic,682
10,906,heuristic,381
10,907,heuristic,396
10,908,heuristic,753
10,909,heuristic,147
10,910,heuristic,913
10,911,heuristic,242
10,912,heuristic,926
10,913,heuristic,489
10,914,heuristic,577
10,915,heuristic,561
10,916,heuristic,110
10,917,heuristic,227
10,918,heuristic,255
10,919,heuristic,382
10,920,heuristic,231
10,921,heuristic,194
10,922,heuristic,363
10,923,heuristic,95
10,924,heuristic,284
10,925,heuristic,331
10,926,heuristic,177
10,927,heuristic,336
10,928,heuristic,943
10,929,heuristic,597
10,930,heuristic,1732
10,931,heuristic,771
10,932,heuristic,727
10,933,heuristic,369
10,934,heuristic,2700
10,935,heuristic,329
10,936,heuristic,417
10,937,heuristic,531
10,938,heuristic,326
10,939,heuristic,963
10,940,heuristic,1215
10,941,heuristic,961
10,942,heuristic,595
10,943,heuristic,1729
10,944,heuristic,654
10,945,heuristic,246
10,946,heuristic,1295
10,947,heuristic,1075
10,948,heuristic,343
10,949,heuristic,295
10,950,heuristic,46
10,951,heuristic,324
10,952,heuristic,208
10,953,heuristic,850
10,954,heuristic,316
10,955,heuristic,637
10,956,heuristic,325
10,957,heuristic,343
10,958,heuristic,180
10,959,heuristic,151
10,960,heuristic,1058
10,961,heuristic,656
10,962,heuristic,85
10,963,heuristic,988
10,964,heuristic,139
10,965,heuristic,467
10,966,heuristic,362
10,967,heuristic,280
10,968,heuristic,160
10,969,heuristic,507
10,970,heuristic,267
10,971,heuristic,206
10,972,heuristic,216
10,973,heuristic,359
10,974,heuristic,517
10,975,heuristic,309
10,976,heuristic,177
10,977,heuristic,262
10,978,heuristic,624
10,979,heuristic,412
10,980,heuristic,2069
10,981,heuristic,871
10,982,heuristic,589
10,983,heuristic,522
10,984,heuristic,307
10,985,heuristic,617
10,986,heuristic,260
10,987,heuristic,337
10,988,heuristic,536
10,989,heuristic,242
10,990,heuristic,710
10,991,heuristic,661
10,992,heuristic,540
10,993,heuristic,816
10,994,heuristic,12
10,995,heuristic,915
10,996,heuristic,503
10,997,heuristic,514
10,998,heuristic,580
10,999,heuristic,1318
10,1000,heuristic,459
12,1,heuristic,291
12,2,heuristic,1678
12,3,heuristic,757
12,4,heuristic,748
12,5,heuristic,501
12,6,heuristic,978
12,7,heuristic,633
12,8,heuristic,718
12,9,heuristic,1019
12,10,heuristic,364
12,11,heuristic,570
12,12,heuristic,483
12,13,heuristic,1231
12,14,heuristic,825
12,15,heuristic,584
12,16,heuristic,506
12,17,heuristic,750
12,18,heuristic,634
12,19,heuristic,491
12,20,heuristic,519
12,21,heuristic,161
12,22,heuristic,833
12,23,heuristic,453
12,24,heuristic,645
12,25,heuristic,463
12,26,heuristic,423
12,27,heuristic,184
12,28,heuristic,664
12,29,heuristic,829
12,30,heuristic,1148
12,31,heuristic,1263
12,32,heuristic,874
12,33,heuristic,728
12,34,heuristic,828
12,35,heuristic,371
12,36,heuristic,889
12,37,heuristic,154
12,38,heuristic,986
12,39,heuristic,434
12,40,heuristic,1091
12,41,heuristic,1106
12,42,heuristic,275
12,43,heuristic,240
12,44,heuristic,444
12,45,heuristic,212
12,46,heuristic,282
12,47,heuristic,1370
12,48,heuristic,231
12,49,heuristic,784
12,50,heuristic,276
12,51,heuristic,497
12,52,heuristic,574
12,53,heuristic,657
12,54,heuristic,238
12,55,heuristic,433
12,56,heuristic,702
12,57,heuristic,249
12,58,heuristic,412
12,59,heuristic,729
12,60,heuristic,388
12,61,heuristic,201
12,62,heuristic,288
12,63,heuristic,789
12,64,heuristic,290
12,65,heuristic,1579
12,66,heuristic,649
12,67,heuristic,1291
12,68,heuristic,602
12,69,heuristic,599
12,70,heuristic,568
12,71,heuristic,194
12,72,heuristic,336
12,73,heuristic,1665
12,74,heuristic,244
12,75,heuristic,290
12,76,heuristic,243
12,77,heuristic,335
12,78,heuristic,699
12,79,heuristic,334
12,80,heuristic,828
12,81,heuristic,795
12,82,heuristic,587
12,83,heuristic,406
12,84,heuristic,764
12,85,heuristic,560
12,86,heuristic,967
12,87,heuristic,541
12,88,heuristic,1448
12,89,heuristic,382
12,90,heuristic,866
12,91,heuristic,486
12,92,heuristic,816
12,93,heuristic,1170
12,94,heuristic,488
12,95,heuristic,282
12,96,heuristic,528
12,97,heuristic,1453
12,98,heuristic,195
12,99,heuristic,150
12,100,heuristic,462
12,101,heuristic,962
12,102,heuristic,468
12,103,heuristic,541
12,104,heuristic,250
12,105,heuristic,1046
12,106,heuristic,373
12,107,heuristic,436
12,108,heuristic,449
12,109,heuristic,969
12,110,heuristic,843
12,111,heuristic,383
12,112,heuristic,205
12,113,heuristic,832
12,114,heuristic,467
12,115,heuristic,371
12,116,heuristic,793
12,117,heuristic,567
12,118,heuristic,609
12,119,heuristic,454
12,120,heuristic,846
12,121,heuristic,362
12,122,heuristic,18
12,123,heuristic,394
12,124,heuristic,707
12,125,heuristic,241
12,126,heuristic,1073
12,127,heuristic,313
12,128,heuristic,887
12,129,heuristic,579
12,130,heuristic,1370
12,131,heuristic,318
12,132,heuristic,1154
12,133,heuristic,246
12,134,heuristic,597
12,135,heuristic,483
12,136,heuristic,437
12,137,heuristic,474
12,138,heuristic,886
12,139,heuristic,1073
12,140,heuristic,806
12,141,heuristic,522
12,142,heuristic,799
12,143,heuristic,330
12,144,heuristic,736
12,145,heuristic,909
12,146,heuristic,1208
12,147,heuristic,2012
12,148,heuristic,1054
12,149,heuristic,346
12,150,heuristic,255
12,151,heuristic,1554
12,152,heuristic,270
12,153,heuristic,557
12,154,heuristic,384
12,155,heuristic,205
12,156,heuristic,720
12,157,heuristic,434
12,158,heuristic,564
12,159,heuristic,240
12,160,heuristic,227
12,161,heuristic,661
12,162,heuristic,432
12,163,heuristic,324
12,164,heuristic,740
12,165,heuristic,668
12,166,heuristic,623
12,167,heuristic,530
12,168,heuristic,1138
12,169,heuristic,409
12,170,heuristic,761
12,171,heuristic,1088
12,172,heuristic,743
12,173,heuristic,235
12,174,heuristic,626
12,175,heuristic,437
12,176,heuristic,431
12,177,heuristic,867
12,178,heuristic,436
12,179,heuristic,452
12,180,heuristic,629
12,181,heuristic,379
12,182,heuristic,264
12,183,heuristic,1831
12,184,heuristic,144
12,185,heuristic,645
12,186,heuristic,426
12,187,heuristic,460
12,188,heuristic,538
12,189,heuristic,452
12,190,heuristic,265
12,191,heuristic,922
12,192,heuristic,453
12,193,heuristic,729
12,194,heuristic,312
12,195,heuristic,315
12,196,heuristic,701
12,197,heuristic,681
12,198,heuristic,1307
12,199,heuristic,620
12,200,heuristic,1148
12,201,heuristic,916
12,202,heuristic,1284
12,203,heuristic,393
12,204,heuristic,1198
12,205,heuristic,305
12,206,heuristic,518
12,207,heuristic,968
12,208,heuristic,872
12,209,heuristic,636
12,210,heuristic,600
12,211,heuristic,810
12,212,heuristic,1046
12,213,heuristic,1521
12,214,heuristic,261
12,215,heuristic,271
12,216,heuristic,854
12,217,heuristic,344
12,218,heuristic,307
12,219,heuristic,932
12,220,heuristic,1533
12,221,heuristic,1358
12,222,heuristic,898
12,223,heuristic,349
12,224,heuristic,105
12,225,heuristic,343
12,226,heuristic,422
12,227,heuristic,385
12,228,heuristic,629
12,229,heuristic,1024
12,230,heuristic,347
12,231,heuristic,1355
12,232,heuristic,186
12,233,heuristic,629
12,234,heuristic,570
12,235,heuristic,587
12,236,heuristic,1294
12,237,heuristic,878
12,238,heuristic,459
12,239,heuristic,680
12,240,heuristic,215
12,241,heuristic,740
12,242,heuristic,1085
12,243,heuristic,335
12,244,heuristic,315
12,245,heuristic,411
12,246,heuristic,454
12,247,heuristic,805
12,248,heuristic,1268
12,249,heuristic,507
12,250,heuristic,1644
12,251,heuristic,654
12,252,heuristic,807
12,253,heuristic,664
12,254,heuristic,392
12,255,heuristic,291
12,256,heuristic,693
12,257,heuristic,404
12,258,heuristic,952
12,259,heuristic,773
12,260,heuristic,503
12,261,heuristic,1175
12,262,heuristic,359
12,263,heuristic,1054
12,264,heuristic,1047
12,265,heuristic,489
12,266,heuristic,240
12,267,heuristic,459
12,268,heuristic,769
12,269,heuristic,367
12,270,heuristic,885
12,271,heuristic,781
12,272,heuristic,459
12,273,heuristic,703
12,274,heuristic,655
12,275,heuristic,559
12,276,heuristic,1952
12,277,heuristic,371
12,278,heuristic,956
12,279,heuristic,295
12,280,heuristic,329
12,281,heuristic,567
12,282,heuristic,199
12,283,heuristic,919
12,284,heuristic,633
12,285,heuristic,273
12,286,heuristic,824
12,287,heuristic,497
12,288,heuristic,641
12,289,heuristic,390
12,290,heuristic,484
12,291,heuristic,583
12,292,heuristic,249
12,293,heuristic,824
12,294,heuristic,292
12,295,heuristic,1009
12,296,heuristic,922
12,297,heuristic,1344
12,298,heuristic,503
12,299,heuristic,243
12,300,heuristic,580
12,301,heuristic,1143
12,302,heuristic,618
12,303,heuristic,346
12,304,heuristic,557
12,305,heuristic,672
12,306,heuristic,403
12,307,heuristic,718
12,308,heuristic,881
12,309,heuristic,1026
12,310,heuristic,549
12,311,heuristic,413
12,312,heuristic,512
12,313,heuristic,408
12,314,heuristic,290
12,315,heuristic,378
12,316,heuristic,755
12,317,heuristic,249
12,318,heuristic,282
12,319,heuristic,374
12,320,heuristic,536
12,321,heuristic,445
12,322,heuristic,1185
12,323,heuristic,976
12,324,heuristic,1302
12,325,heuristic,598
12,326,heuristic,282
12,327,heuristic,370
12,328,heuristic,615
12,329,heuristic,854
12,330,heuristic,121
12,331,heuristic,1800
12,332,heuristic,524
12,333,heuristic,379
12,334,heuristic,23
12,335,heuristic,614
12,336,heuristic,191
12,337,heuristic,210
12,338,heuristic,1299
12,339,heuristic,602
12,340,heuristic,938
12,341,heuristic,449
12,342,heuristic,266
12,343,heuristic,501
12,344,heuristic,453
12,345,heuristic,383
12,346,heuristic,601
12,347,heuristic,267
12,348,heuristic,1326
12,349,heuristic,1380
12,350,heuristic,1317
12,351,heuristic,367
12,352,heuristic,623
12,353,heuristic,588
12,354,heuristic,199
12,355,heuristic,720
12,356,heuristic,1968
12,357,heuristic,471
12,358,heuristic,676
12,359,heuristic,424
12,360,heuristic,560
12,361,heuristic,163
12,362,heuristic,273
12,363,heuristic,699
12,364,heuristic,617
12,365,heuristic,1093
12,366,heuristic,2010
12,367,heuristic,906
12,368,heuristic,761
12,369,heuristic,1044
12,370,heuristic,712
12,371,heuristic,560
12,372,heuristic,608
12,373,heuristic,377
12,374,heuristic,440
12,375,heuristic,177
12,376,heuristic,594
12,377,heuristic,348
12,378,heuristic,589
12,379,heuristic,901
12,380,heuristic,863
12,381,heuristic,2092
12,382,heuristic,508
12,383,heuristic,217
12,384,heuristic,385
12,385,heuristic,403
12,386,heuristic,753
12,387,heuristic,720
12,388,heuristic,1050
12,389,heuristic,1246
12,390,heuristic,59
12,391,heuristic,373
12,392,heuristic,80
12,393,heuristic,935
12,394,heuristic,595
12,395,heuristic,598
12,396,heuristic,348
12,397,heuristic,311
12,398,heuristic,565
12,399,heuristic,266
12,400,heuristic,650
12,401,heuristic,310
12,402,heuristic,332
12,403,heuristic,110
12,404,heuristic,671
12,405,heuristic,775
12,406,heuristic,1000
12,407,heuristic,227
12,408,heuristic,659
12,409,heuristic,647
12,410,heuristic,919
12,411,heuristic,759
12,412,heuristic,152
12,413,heuristic,366
12,414,heuristic,1184
12,415,heuristic,614
12,416,heuristic,374
12,417,heuristic,712
12,418,heuristic,1082
12,419,heuristic,587
12,420,heuristic,1426
12,421,heuristic,679
12,422,heuristic,1672
12,423,heuristic,1060
12,424,heuristic,542
12,425,heuristic,1180
12,426,heuristic,219
12,427,heuristic,458
12,428,heuristic,619
12,429,heuristic,608
12,430,heuristic,1603
12,431,heuristic,566
12,432,heuristic,315
12,433,heuristic,316
12,434,heuristic,466
12,435,heuristic,567
12,436,heuristic,678
12,437,heuristic,163
12,438,heuristic,416
12,439,heuristic,662
12,440,heuristic,753
12,441,heuristic,385
12,442,heuristic,608
12,443,heuristic,466
12,444,heuristic,512
12,445,heuristic,234
12,446,heuristic,364
12,447,heuristic,255
12,448,heuristic,990
12,449,heuristic,633
12,450,heuristic,457
12,451,heuristic,281
12,452,heuristic,750
12,453,heuristic,1251
12,454,heuristic,249
12,455,heuristic,408
12,456,heuristic,231
12,457,heuristic,322
12,458,heuristic,1158
12,459,heuristic,439
12,460,heuristic,440
12,461,heuristic,261
12,462,heuristic,523
12,463,heuristic,458
12,464,heuristic,255
12,465,heuristic,529
12,466,heuristic,241
12,467,heuristic,257
12,468,heuristic,405
12,469,heuristic,116
12,470,heuristic,394
12,471,heuristic,686
12,472,heuristic,381
12,473,heuristic,916
12,474,heuristic,733
12,475,heuristic,196
12,476,heuristic,478
12,477,heuristic,477
12,478,heuristic,216
12,479,heuristic,837
12,480,heuristic,366
12,481,heuristic,1067
12,482,heuristic,785
12,483,heuristic,404
12,484,heuristic,663
12,485,heuristic,705
12,486,heuristic,851
12,487,heuristic,1481
12,488,heuristic,640
12,489,heuristic,1400
12,490,heuristic,517
12,491,heuristic,787
12,492,heuristic,282
12,493,heuristic,458
12,494,heuristic,783
12,495,heuristic,986
12,496,heuristic,297
12,497,heuristic,464
12,498,heuristic,1179
12,499,heuristic,663
12,500,heuristic,558
12,501,heuristic,1445
12,502,heuristic,776
12,503,heuristic,1686
12,504,heuristic,598
12,505,heuristic,136
12,506,heuristic,247
12,507,heuristic,961
12,508,heuristic,273
12,509,heuristic,349
12,510,heuristic,920
12,511,heuristic,158
12,512,heuristic,2065
12,513,heuristic,399
12,514,heuristic,372
12,515,heuristic,318
12,516,heuristic,627
12,517,heuristic,515
12,518,heuristic,487
12,519,heuristic,1265
12,520,heuristic,1604
12,521,heuristic,1497
12,522,heuristic,502
12,523,heuristic,1282
12,524,heuristic,546
12,525,heuristic,1318
12,526,heuristic,1534
12,527,heuristic,1276
12,528,heuristic,449
12,529,heuristic,469
12,530,heuristic,810
12,531,heuristic,1185
12,532,heuristic,357
12,533,heuristic,1422
12,534,heuristic,198
12,535,heuristic,653
12,536,heuristic,793
12,537,heuristic,711
12,538,heuristic,743
12,539,heuristic,1133
12,540,heuristic,632
12,541,heuristic,280
12,542,heuristic,814
12,543,heuristic,1455
12,544,heuristic,434
12,545,heuristic,475
12,546,heuristic,839
12,547,heuristic,488
12,548,heuristic,810
12,549,heuristic,390
12,550,heuristic,636
12,551,heuristic,1237
12,552,heuristic,296
12,553,heuristic,1072
12,554,heuristic,230
12,555,heuristic,914
12,556,heuristic,1382
12,557,heuristic,598
12,558,heuristic,1720
12,559,heuristic,312
12,560,heuristic,757
12,561,heuristic,290
12,562,heuristic,402
12,563,heuristic,832
12,564,heuristic,349
12,565,heuristic,180
12,566,heuristic,294
12,567,heuristic,602
12,568,heuristic,386
12,569,heuristic,832
12,570,heuristic,246
12,571,heuristic,659
12,572,heuristic,428
12,573,heuristic,682
12,574,heuristic,237
12,575,heuristic,441
12,576,heuristic,386
12,577,heuristic,714
12,578,heuristic,491
12,579,heuristic,453
12,580,heuristic,412
12,581,heuristic,1138
12,582,heuristic,803
12,583,heuristic,1101
12,584,heuristic,691
12,585,heuristic,378
12,586,heuristic,525
12,587,heuristic,694
12,588,heuristic,368
12,589,heuristic,151
12,590,heuristic,537
12,591,heuristic,463
12,592,heuristic,1088
12,593,heuristic,489
12,594,heuristic,330
12,595,heuristic,171
12,596,heuristic,877
12,597,heuristic,543
12,598,heuristic,806
12,599,heuristic,291
12,600,heuristic,926
12,601,heuristic,425
12,602,heuristic,709
12,603,heuristic,607
12,604,heuristic,296
12,605,heuristic,255
12,606,heuristic,414
12,607,heuristic,897
12,608,heuristic,970
12,609,heuristic,336
12,610,heuristic,242
12,611,heuristic,578
12,612,heuristic,293
12,613,heuristic,920
12,614,heuristic,515
12,615,heuristic,519
12,616,heuristic,349
12,617,heuristic,233
12,618,heuristic,499
12,619,heuristic,624
12,620,heuristic,942
12,621,heuristic,463
12,622,heuristic,306
12,623,heuristic,513
12,624,heuristic,242
12,625,heuristic,163
12,626,heuristic,452
12,627,heuristic,427
12,628,heuristic,862
12,629,heuristic,470
12,630,heuristic,886
12,631,heuristic,1312
12,632,heuristic,183
12,633,heuristic,456
12,634,heuristic,885
12,635,heuristic,792
12,636,heuristic,1221
12,637,heuristic,795
12,638,heuristic,348
12,639,heuristic,312
12,640,heuristic,750
12,641,heuristic,669
12,642,heuristic,1137
12,643,heuristic,496
12,644,heuristic,1606
12,645,heuristic,330
12,646,heuristic,217
12,647,heuristic,510
12,648,heuristic,469
12,649,heuristic,479
12,650,heuristic,369
12,651,heuristic,906
12,652,heuristic,493
12,653,heuristic,796
12,654,heuristic,155
12,655,heuristic,558
12,656,heuristic,638
12,657,heuristic,363
12,658,heuristic,394
12,659,heuristic,949
12,660,heuristic,302
12,661,heuristic,413
12,662,heuristic,320
12,663,heuristic,460
12,664,heuristic,817
12,665,heuristic,808
12,666,heuristic,627
12,667,heuristic,623
12,668,heuristic,104
12,669,heuristic,1093
12,670,heuristic,581
12,671,heuristic,608
12,672,heuristic,1044
12,673,heuristic,310
12,674,heuristic,1035
12,675,heuristic,426
12,676,heuristic,1245
12,677,heuristic,265
12,678,heuristic,427
12,679,heuristic,682
12,680,heuristic,235
12,681,heuristic,509
12,682,heuristic,544
12,683,heuristic,386
12,684,heuristic,1171
12,685,heuristic,981
12,686,heuristic,262
12,687,heuristic,247
12,688,heuristic,242
12,689,heuristic,780
12,690,heuristic,410
12,691,heuristic,624
12,692,heuristic,268
12,693,heuristic,1351
12,694,heuristic,24
12,695,heuristic,498
12,696,heuristic,1347
12,697,heuristic,611
12,698,heuristic,1032
12,699,heuristic,123
12,700,heuristic,1178
12,701,heuristic,292
12,702,heuristic,706
12,703,heuristic,751
12,704,heuristic,1153
12,705,heuristic,342
12,706,heuristic,133
12,707,heuristic,408
12,708,heuristic,581
12,709,heuristic,968
12,710,heuristic,525
12,711,heuristic,1184
12,712,heuristic,1060
12,713,heuristic,625
12,714,heuristic,553
12,715,heuristic,260
12,716,heuristic,859
12,717,heuristic,455
12,718,heuristic,654
12,719,heuristic,536
12,720,heuristic,121
12,721,heuristic,562
12,722,heuristic,844
12,723,heuristic,597
12,724,heuristic,1133
12,725,heuristic,817
12,726,heuristic,504
12,727,heuristic,287
12,728,heuristic,1058
12,729,heuristic,433
12,730,heuristic,284
12,731,heuristic,733
12,732,heuristic,685
12,733,heuristic,253
12,734,heuristic,1002
12,735,heuristic,1228
12,736,heuristic,398
12,737,heuristic,1440
12,738,heuristic,332
12,739,heuristic,1492
12,740,heuristic,1102
12,741,heuristic,160
12,742,heuristic,510
12,743,heuristic,786
12,744,heuristic,741
12,745,heuristic,561
12,746,heuristic,206
12,747,heuristic,1388
12,748,heuristic,775
12,749,heuristic,412
12,750,heuristic,845
12,751,heuristic,783
12,752,heuristic,319
12,753,heuristic,797
12,754,heuristic,170
12,755,heuristic,807
12,756,heuristic,440
12,757,heuristic,911
12,758,heuristic,1334
12,759,heuristic,280
12,760,heuristic,601
12,761,heuristic,462
12,762,heuristic,684
12,763,heuristic,731
12,764,heuristic,377
12,765,heuristic,1458
12,766,heuristic,502
12,767,heuristic,418
12,768,heuristic,555
12,769,heuristic,482
12,770,heuristic,344
12,771,heuristic,339
12,772,heuristic,342
12,773,heuristic,350
12,774,heuristic,365
12,775,heuristic,464
12,776,heuristic,649
12,777,heuristic,200
12,778,heuristic,346
12,779,heuristic,646
12,780,heuristic,667
12,781,heuristic,69
12,782,heuristic,819
12,783,heuristic,1267
12,784,heuristic,400
12,785,heuristic,376
12,786,heuristic,853
12,787,heuristic,776
12,788,heuristic,306
12,789,heuristic,668
12,790,heuristic,905
12,791,heuristic,859
12,792,heuristic,567
12,793,heuristic,293
12,794,heuristic,780
12,795,heuristic,1061
12,796,heuristic,643
12,797,heuristic,190
12,798,heuristic,676
12,799,heuristic,926
12,800,heuristic,378
12,801,heuristic,1035
12,802,heuristic,299
12,803,heuristic,515
12,804,heuristic,375
12,805,heuristic,859
12,806,heuristic,1134
12,807,heuristic,962
12,808,heuristic,603
12,809,heuristic,718
12,810,heuristic,440
12,811,heuristic,738
12,812,heuristic,394
12,813,heuristic,466
12,814,heuristic,280
12,815,heuristic,620
12,816,heuristic,490
12,817,heuristic,104
12,818,heuristic,448
12,819,heuristic,680
12,820,heuristic,759
12,821,heuristic,1196
12,822,heuristic,1516
12,823,heuristic,653
12,824,heuristic,752
12,825,heuristic,287
12,826,heuristic,573
12,827,heuristic,883
12,828,heuristic,493
12,829,heuristic,631
12,830,heuristic,112
12,831,heuristic,643
12,832,heuristic,345
12,833,heuristic,405
12,834,heuristic,582
12,835,heuristic,366
12,836,heuristic,398
12,837,heuristic,465
12,838,heuristic,335
12,839,heuristic,1135
12,840,heuristic,733
12,841,heuristic,946
12,842,heuristic,299
12,843,heuristic,634
12,844,heuristic,1434
12,845,heuristic,235
12,846,heuristic,625
12,847,heuristic,483
12,848,heuristic,1654
12,849,heuristic,1114
12,850,heuristic,437
12,851,heuristic,997
12,852,heuristic,143
12,853,heuristic,433
12,854,heuristic,627
12,855,heuristic,356
12,856,heuristic,421
12,857,heuristic,583
12,858,heuristic,433
12,859,heuristic,313
12,860,heuristic,1026
12,861,heuristic,116
12,862,heuristic,369
12,863,heuristic,869
12,864,heuristic,847
12,865,heuristic,683
12,866,heuristic,300
12,867,heuristic,1127
12,868,heuristic,177
12,869,heuristic,649
12,870,heuristic,408
12,871,heuristic,20
12,872,heuristic,666
12,873,heuristic,1050
12,874,heuristic,465
12,875,heuristic,337
12,876,heuristic,261
12,877,heuristic,356
12,878,heuristic,128
12,879,heuristic,1689
12,880,heuristic,207
12,881,heuristic,542
12,882,heuristic,1165
12,883,heuristic,646
12,884,heuristic,426
12,885,heuristic,754
12,886,heuristic,539
12,887,heuristic,1048
12,888,heuristic,938
12,889,heuristic,1012
12,890,heuristic,1011
12,891,heuristic,256
12,892,heuristic,717
12,893,heuristic,446
12,894,heuristic,945
12,895,heuristic,551
12,896,heuristic,1133
12,897,heuristic,416
12,898,heuristic,435
12,899,heuristic,506
12,900,heuristic,1099
12,901,heuristic,446
12,902,heuristic,934
12,903,heuristic,1853
12,904,heuristic,186
12,905,heuristic,600
12,906,heuristic,636
12,907,heuristic,510
12,908,heuristic,264
12,909,heuristic,622
12,910,heuristic,613
12,911,heuristic,134
12,912,heuristic,997
12,913,heuristic,481
12,914,heuristic,926
12,915,heuristic,810
12,916,heuristic,74
12,917,heuristic,388
12,918,heuristic,300
12,919,heuristic,384
12,920,heuristic,391
12,921,heuristic,379
12,922,heuristic,329
12,923,heuristic,429
12,924,heuristic,410
12,925,heuristic,538
12,926,heuristic,631
12,927,heuristic,503
12,928,heuristic,1073
12,929,heuristic,153
12,930,heuristic,373
12,931,heuristic,372
12,932,heuristic,1213
12,933,heuristic,739
12,934,heuristic,360
12,935,heuristic,605
12,936,heuristic,774
12,937,heuristic,152
12,938,heuristic,705
12,939,heuristic,1096
12,940,heuristic,935
12,941,heuristic,823
12,942,heuristic,184
12,943,heuristic,325
12,944,heuristic,659
12,945,heuristic,429
12,946,heuristic,1034
12,947,heuristic,367
12,948,heuristic,1115
12,949,heuristic,847
12,950,heuristic,1019
12,951,heuristic,211
12,952,heuristic,978
12,953,heuristic,942
12,954,heuristic,625
12,955,heuristic,1015
12,956,heuristic,831
12,957,heuristic,336
12,958,heuristic,1597
12,959,heuristic,424
12,960,heuristic,138
12,961,heuristic,1473
12,962,heuristic,668
12,963,heuristic,778
12,964,heuristic,573
12,965,heuristic,623
12,966,heuristic,381
12,967,heuristic,972
12,968,heuristic,552
12,969,heuristic,568
12,970,heuristic,220
12,971,heuristic,242
12,972,heuristic,1173
12,973,heuristic,444
12,974,heuristic,722
12,975,heuristic,519
12,976,heuristic,862
12,977,heuristic,455
12,978,heuristic,572
12,979,heuristic,545
12,980,heuristic,282
12,981,heuristic,507
12,982,heuristic,953
12,983,heuristic,224
12,984,heuristic,515
12,985,heuristic,369
12,986,heuristic,1219
12,987,heuristic,609
12,988,heuristic,241
12,989,heuristic,1530
12,990,heuristic,950
12,991,heuristic,1007
12,992,heuristic,679
12,993,heuristic,168
12,994,heuristic,309
12,995,heuristic,839
12,996,heuristic,976
12,997,heuristic,313
12,998,heuristic,863
12,999,heuristic,963
12,1000,heuristic,485
