n,effort_row,rep,estimator,p,α,χ,h,a,r,t
2,1,1,standard,1.0,1.0,0.05,5000,1.0,1.0,1
2,2,1,standard,1.0,1.0,0.05,5000,1.0,1.0,2
2,3,1,standard,1.0,1.0,0.05,5000,1.0,1.0,3
2,4,1,standard,1.0,1.0,0.05,5000,1.0,1.0,2
2,5,1,standard,1.0,1.0,0.05,5000,1.0,1.0,4
2,6,1,standard,1.0,1.0,0.05,5000,1.0,1.0,2
2,7,1,standard,1.0,1.0,0.05,5000,1.0,1.0,1
2,8,1,standard,1.0,1.0,0.05,5000,1.0,1.0,4
2,9,1,standard,1.0,1.0,0.05,5000,1.0,1.0,4
2,10,1,standard,1.0,1.0,0.05,5000,1.0,1.0,3
2,11,1,standard,1.0,1.0,0.05,5000,1.0,1.0,4
2,12,1,standard,1.0,1.0,0.05,5000,1.0,1.0,3
2,13,1,standard,1.0,1.0,0.05,5000,1.0,1.0,3
2,14,1,standard,1.0,1.0,0.05,5000,1.0,1.0,4
2,15,1,standard,1.0,1.0,0.05,5000,1.0,1.0,3
2,16,1,standard,1.0,1.0,0.05,5000,1.0,1.0,4
2,17,1,standard,1.0,1.0,0.05,5000,1.0,1.0,3
2,18,1,standard,1.0,1.0,0.05,5000,1.0,1.0,4
2,19,1,standard,1.0,1.0,0.05,5000,1.0,1.0,4
2,20,1,standard,1.0,1.0,0.05,5000,1.0,1.0,3
2,21,1,standard,1.0,1.0,0.05,5000,1.0,1.0,4
2,22,1,standard,1.0,1.0,0.05,5000,1.0,1.0,4
2,23,1,standard,1.0,1.0,0.05,5000,1.0,1.0,3
2,24,1,standard,1.0,1.0,0.05,5000,1.0,1.0,3
2,25,1,standard,1.0,1.0,0.05,5000,1.0,1.0,3
2,26,1,standard,1.0,1.0,0.05,5000,1.0,1.0,3
2,27,1,standard,1.0,1.0,0.05,5000,1.0,1.0,3
2,28,1,standard,1.0,1.0,0.05,5000,1.0,1.0,3
2,29,1,standard,1.0,1.0,0.05,5000,1.0,1.0,2
2,30,1,standard,1.0,1.0,0.05,5000,1.0,1.0,3
2,31,1,standard,1.0,1.0,0.05,5000,1.0,1.0,3
2,32,1,standard,1.0,1.0,0.05,5000,1.0,1.0,3
2,33,1,standard,1.0,1.0,0.05,5000,1.0,1.0,3
2,34,1,standard,1.0,1.0,0.05,5000,1.0,1.0,4
2,35,1,standard,1.0,1.0,0.05,5000,1.0,1.0,3
2,36,1,standard,1.0,1.0,0.05,5000,1.0,1.0,4
2,37,1,standard,1.0,1.0,0.05,5000,1.0,1.0,3
2,38,1,standard,1.0,1.0,0.05,5000,1.0,1.0,3
2,39,1,standard,1.0,1.0,0.05,5000,1.0,1.0,3
2,40,1,standard,1.0,1.0,0.05,5000,1.0,1.0,2
2,41,1,standard,1.0,1.0,0.05,5000,1.0,1.0,2
2,42,1,standard,1.0,1.0,0.05,5000,1.0,1.0,3
2,43,1,standard,1.0,1.0,0.05,5000,1.0,1.0,4
2,44,1,standard,1.0,1.0,0.05,5000,1.0,1.0,3
2,45,1,standard,1.0,1.0,0.05,5000,1.0,1.0,4
2,46,1,standard,1.0,1.0,0.05,5000,1.0,1.0,2
2,47,1,standard,1.0,1.0,0.05,5000,1.0,1.0,4
2,48,1,standard,1.0,1.0,0.05,5000,1.0,1.0,2
2,49,1,standard,1.0,1.0,0.05,5000,1.0,1.0,4
2,50,1,standard,1.0,1.0,0.05,5000,1.0,1.0,3
2,51,1,standard,1.0,1.0,0.05,5000,1.0,1.0,2
2,52,1,standard,1.0,1.0,0.05,5000,1.0,1.0,2
2,53,1,standard,1.0,1.0,0.05,5000,1.0,1.0,4
2,54,1,standard,1.0,1.0,0.05,5000,1.0,1.0,4
2,55,1,standard,1.0,1.0,0.05,5000,1.0,1.0,4
2,56,1,standard,1.0,1.0,0.05,5000,1.0,1.0,3
2,57,1,standard,1.0,1.0,0.05,5000,1.0,1.0,4
2,58,1,standard,1.0,1.0,0.05,5000,1.0,1.0,3
2,59,1,standard,1.0,1.0,0.05,5000,1.0,1.0,2
2,60,1,standard,1.0,1.0,0.05,5000,1.0,1.0,2
2,61,1,standard,1.0,1.0,0.05,5000,1.0,1.0,3
2,62,1,standard,1.0,1.0,0.05,5000,1.0,1.0,3
2,63,1,standard,1.0,1.0,0.05,5000,1.0,1.0,4
2,64,1,standard,1.0,1.0,0.05,5000,1.0,1.0,2
2,65,1,standard,1.0,1.0,0.05,5000,1.0,1.0,3
2,66,1,standard,1.0,1.0,0.05,5000,1.0,1.0,3
2,67,1,standard,1.0,1.0,0.05,5000,1.0,1.0,3
2,68,1,standard,1.0,1.0,0.05,5000,1.0,1.0,4
2,69,1,standard,1.0,1.0,0.05,5000,1.0,1.0,3
2,70,1,standard,1.0,1.0,0.05,5000,1.0,1.0,2
2,71,1,standard,1.0,1.0,0.05,5000,1.0,1.0,2
2,72,1,standard,1.0,1.0,0.05,5000,1.0,1.0,4
2,73,1,standard,1.0,1.0,0.05,5000,1.0,1.0,1
2,74,1,standard,1.0,1.0,0.05,5000,1.0,1.0,2
2,75,1,standard,1.0,1.0,0.05,5000,1.0,1.0,3
2,76,1,standard,1.0,1.0,0.05,5000,1.0,1.0,3
2,77,1,standard,1.0,1.0,0.05,5000,1.0,1.0,2
2,78,1,standard,1.0,1.0,0.05,5000,1.0,1.0,2
2,79,1,standard,1.0,1.0,0.05,5000,1.0,1.0,4
2,80,1,standard,1.0,1.0,0.05,5000,1.0,1.0,3
2,81,1,standard,1.0,1.0,0.05,5000,1.0,1.0,2
2,82,1,standard,1.0,1.0,0.05,5000,1.0,1.0,4
2,83,1,standard,1.0,1.0,0.05,5000,1.0,1.0,2
2,84,1,standard,1.0,1.0,0.05,5000,1.0,1.0,3
2,85,1,standard,1.0,1.0,0.05,5000,1.0,1.0,3
2,86,1,standard,1.0,1.0,0.05,5000,1.0,1.0,3
2,87,1,standard,1.0,1.0,0.05,5000,1.0,1.0,3
2,88,1,standard,1.0,1.0,0.05,5000,1.0,1.0,2
2,89,1,standard,1.0,1.0,0.05,5000,1.0,1.0,3
2,90,1,standard,1.0,1.0,0.05,5000,1.0,1.0,3
2,91,1,standard,1.0,1.0,0.05,5000,1.0,1.0,3
2,92,1,standard,1.0,1.0,0.05,5000,1.0,1.0,1
2,93,1,standard,1.0,1.0,0.05,5000,1.0,1.0,4
2,94,1,standard,1.0,1.0,0.05,5000,1.0,1.0,4
2,95,1,standard,1.0,1.0,0.05,5000,1.0,1.0,3
2,96,1,standard,1.0,1.0,0.05,5000,1.0,1.0,3
2,97,1,standard,1.0,1.0,0.05,5000,1.0,1.0,3
2,98,1,standard,1.0,1.0,0.05,5000,1.0,1.0,4
2,99,1,standard,1.0,1.0,0.05,5000,1.0,1.0,3
2,100,1,standard,1.0,1.0,0.05,5000,1.0,1.0,3
2,101,1,standard,1.0,1.0,0.05,5000,1.0,1.0,3
2,102,1,standard,1.0,1.0,0.05,5000,1.0,1.0,3
2,103,1,standard,1.0,1.0,0.05,5000,1.0,1.0,4
2,104,1,standard,1.0,1.0,0.05,5000,1.0,1.0,4
2,105,1,standard,1.0,1.0,0.05,5000,1.0,1.0,3
2,106,1,standard,1.0,1.0,0.05,5000,1.0,1.0,3
2,107,1,standard,1.0,1.0,0.05,5000,1.0,1.0,1
2,108,1,standard,1.0,1.0,0.05,5000,1.0,1.0,2
2,109,1,standard,1.0,1.0,0.05,5000,1.0,1.0,3
2,110,1,standard,1.0,1.0,0.05,5000,1.0,1.0,4
2,111,1,standard,1.0,1.0,0.05,5000,1.0,1.0,3
2,112,1,standard,1.0,1.0,0.05,5000,1.0,1.0,4
2,113,1,standard,1.0,1.0,0.05,5000,1.0,1.0,3
2,114,1,standard,1.0,1.0,0.05,5000,1.0,1.0,2
2,115,1,standard,1.0,1.0,0.05,5000,1.0,1.0,4
2,116,1,standard,1.0,1.0,0.05,5000,1.0,1.0,4
2,117,1,standard,1.0,1.0,0.05,5000,1.0,1.0,4
2,118,1,standard,1.0,1.0,0.05,5000,1.0,1.0,3
2,119,1,standard,1.0,1.0,0.05,5000,1.0,1.0,3
2,120,1,standard,1.0,1.0,0.05,5000,1.0,1.0,3
2,121,1,standard,1.0,1.0,0.05,5000,1.0,1.0,4
2,122,1,standard,1.0,1.0,0.05,5000,1.0,1.0,4
2,123,1,standard,1.0,1.0,0.05,5000,1.0,1.0,2
2,124,1,standard,1.0,1.0,0.05,5000,1.0,1.0,4
2,125,1,standard,1.0,1.0,0.05,5000,1.0,1.0,3
2,126,1,standard,1.0,1.0,0.05,5000,1.0,1.0,4
2,127,1,standard,1.0,1.0,0.05,5000,1.0,1.0,3
2,128,1,standard,1.0,1.0,0.05,5000,1.0,1.0,4
2,129,1,standard,1.0,1.0,0.05,5000,1.0,1.0,4
2,130,1,standard,1.0,1.0,0.05,5000,1.0,1.0,2
2,131,1,standard,1.0,1.0,0.05,5000,1.0,1.0,2
2,132,1,standard,1.0,1.0,0.05,5000,1.0,1.0,4
2,133,1,standard,1.0,1.0,0.05,5000,1.0,1.0,2
2,134,1,standard,1.0,1.0,0.05,5000,1.0,1.0,4
2,135,1,standard,1.0,1.0,0.05,5000,1.0,1.0,3
2,136,1,standard,1.0,1.0,0.05,5000,1.0,1.0,2
2,137,1,standard,1.0,1.0,0.05,5000,1.0,1.0,2
2,138,1,standard,1.0,1.0,0.05,5000,1.0,1.0,4
2,139,1,standard,1.0,1.0,0.05,5000,1.0,1.0,2
2,140,1,standard,1.0,1.0,0.05,5000,1.0,1.0,3
2,141,1,standard,1.0,1.0,0.05,5000,1.0,1.0,3
2,142,1,standard,1.0,1.0,0.05,5000,1.0,1.0,2
2,143,1,standard,1.0,1.0,0.05,5000,1.0,1.0,3
2,144,1,standard,1.0,1.0,0.05,5000,1.0,1.0,2
2,145,1,standard,1.0,1.0,0.05,5000,1.0,1.0,1
2,146,1,standard,1.0,1.0,0.05,5000,1.0,1.0,3
2,147,1,standard,1.0,1.0,0.05,5000,1.0,1.0,2
2,148,1,standard,1.0,1.0,0.05,5000,1.0,1.0,3
2,149,1,standard,1.0,1.0,0.05,5000,1.0,1.0,2
2,150,1,standard,1.0,1.0,0.05,5000,1.0,1.0,3
2,151,1,standard,1.0,1.0,0.05,5000,1.0,1.0,2
2,152,1,standard,1.0,1.0,0.05,5000,1.0,1.0,4
2,153,1,standard,1.0,1.0,0.05,5000,1.0,1.0,2
2,154,1,standard,1.0,1.0,0.05,5000,1.0,1.0,2
2,155,1,standard,1.0,1.0,0.05,5000,1.0,1.0,4
2,156,1,standard,1.0,1.0,0.05,5000,1.0,1.0,3
2,157,1,standard,1.0,1.0,0.05,5000,1.0,1.0,4
2,158,1,standard,1.0,1.0,0.05,5000,1.0,1.0,2
2,159,1,standard,1.0,1.0,0.05,5000,1.0,1.0,3
2,160,1,standard,1.0,1.0,0.05,5000,1.0,1.0,4
2,161,1,standard,1.0,1.0,0.05,5000,1.0,1.0,3
2,162,1,standard,1.0,1.0,0.05,5000,1.0,1.0,3
2,163,1,standard,1.0,1.0,0.05,5000,1.0,1.0,1
2,164,1,standard,1.0,1.0,0.05,5000,1.0,1.0,3
2,165,1,standard,1.0,1.0,0.05,5000,1.0,1.0,2
2,166,1,standard,1.0,1.0,0.05,5000,1.0,1.0,3
2,167,1,standard,1.0,1.0,0.05,5000,1.0,1.0,3
2,168,1,standard,1.0,1.0,0.05,5000,1.0,1.0,3
2,169,1,standard,1.0,1.0,0.05,5000,1.0,1.0,4
2,170,1,standard,1.0,1.0,0.05,5000,1.0,1.0,3
2,171,1,standard,1.0,1.0,0.05,5000,1.0,1.0,1
2,172,1,standard,1.0,1.0,0.05,5000,1.0,1.0,4
2,173,1,standard,1.0,1.0,0.05,5000,1.0,1.0,2
2,174,1,standard,1.0,1.0,0.05,5000,1.0,1.0,3
2,175,1,standard,1.0,1.0,0.05,5000,1.0,1.0,4
2,176,1,standard,1.0,1.0,0.05,5000,1.0,1.0,2
2,177,1,standard,1.0,1.0,0.05,5000,1.0,1.0,2
2,178,1,standard,1.0,1.0,0.05,5000,1.0,1.0,3
2,179,1,standard,1.0,1.0,0.05,5000,1.0,1.0,2
2,180,1,standard,1.0,1.0,0.05,5000,1.0,1.0,3
2,181,1,standard,1.0,1.0,0.05,5000,1.0,1.0,2
2,182,1,standard,1.0,1.0,0.05,5000,1.0,1.0,3
2,183,1,standard,1.0,1.0,0.05,5000,1.0,1.0,3
2,184,1,standard,1.0,1.0,0.05,5000,1.0,1.0,2
2,185,1,standard,1.0,1.0,0.05,5000,1.0,1.0,3
2,186,1,standard,1.0,1.0,0.05,5000,1.0,1.0,4
2,187,1,standard,1.0,1.0,0.05,5000,1.0,1.0,4
2,188,1,standard,1.0,1.0,0.05,5000,1.0,1.0,3
2,189,1,standard,1.0,1.0,0.05,5000,1.0,1.0,3
2,190,1,standard,1.0,1.0,0.05,5000,1.0,1.0,3
2,191,1,standard,1.0,1.0,0.05,5000,1.0,1.0,4
2,192,1,standard,1.0,1.0,0.05,5000,1.0,1.0,3
2,193,1,standard,1.0,1.0,0.05,5000,1.0,1.0,4
2,194,1,standard,1.0,1.0,0.05,5000,1.0,1.0,4
2,195,1,standard,1.0,1.0,0.05,5000,1.0,1.0,4
2,196,1,standard,1.0,1.0,0.05,5000,1.0,1.0,4
2,197,1,standard,1.0,1.0,0.05,5000,1.0,1.0,3
2,198,1,standard,1.0,1.0,0.05,5000,1.0,1.0,2
2,199,1,standard,1.0,1.0,0.05,5000,1.0,1.0,4
2,200,1,standard,1.0,1.0,0.05,5000,1.0,1.0,3
3,1,1,standard,1.0,1.0,0.05,5000,1.0,1.0,3
3,2,1,standard,1.0,1.0,0.05,5000,1.0,1.0,3
3,3,1,standard,1.0,1.0,0.05,5000,1.0,1.0,3
3,4,1,standard,1.0,1.0,0.05,5000,1.0,1.0,3
3,5,1,standard,1.0,1.0,0.05,5000,1.0,1.0,3
3,6,1,standard,1.0,1.0,0.05,5000,1.0,1.0,3
3,7,1,standard,1.0,1.0,0.05,5000,1.0,1.0,3
3,8,1,standard,1.0,1.0,0.05,5000,1.0,1.0,3
3,9,1,standard,1.0,1.0,0.05,5000,1.0,1.0,3
3,10,1,standard,1.0,1.0,0.05,5000,1.0,1.0,2
3,11,1,standard,1.0,1.0,0.05,5000,1.0,1.0,3
3,12,1,standard,1.0,1.0,0.05,5000,1.0,1.0,3
3,13,1,standard,1.0,1.0,0.05,5000,1.0,1.0,3
3,14,1,standard,1.0,1.0,0.05,5000,1.0,1.0,3
3,15,1,standard,1.0,1.0,0.05,5000,1.0,1.0,3
3,16,1,standard,1.0,1.0,0.05,5000,1.0,1.0,3
3,17,1,standard,1.0,1.0,0.05,5000,1.0,1.0,3
3,18,1,standard,1.0,1.0,0.05,5000,1.0,1.0,3
3,19,1,standard,1.0,1.0,0.05,5000,1.0,1.0,3
3,20,1,standard,1.0,1.0,0.05,5000,1.0,1.0,3
3,21,1,standard,1.0,1.0,0.05,5000,1.0,1.0,3
3,22,1,standard,1.0,1.0,0.05,5000,1.0,1.0,3
3,23,1,standard,1.0,1.0,0.05,5000,1.0,1.0,3
3,24,1,standard,1.0,1.0,0.05,5000,1.0,1.0,3
3,25,1,standard,1.0,1.0,0.05,5000,1.0,1.0,3
3,26,1,standard,1.0,1.0,0.05,5000,1.0,1.0,3
3,27,1,standard,1.0,1.0,0.05,5000,1.0,1.0,3
3,28,1,standard,1.0,1.0,0.05,5000,1.0,1.0,3
3,29,1,standard,1.0,1.0,0.05,5000,1.0,1.0,2
3,30,1,standard,1.0,1.0,0.05,5000,1.0,1.0,3
3,31,1,standard,1.0,1.0,0.05,5000,1.0,1.0,3
3,32,1,standard,1.0,1.0,0.05,5000,1.0,1.0,3
3,33,1,standard,1.0,1.0,0.05,5000,1.0,1.0,3
3,34,1,standard,1.0,1.0,0.05,5000,1.0,1.0,3
3,35,1,standard,1.0,1.0,0.05,5000,1.0,1.0,3
3,36,1,standard,1.0,1.0,0.05,5000,1.0,1.0,3
3,37,1,standard,1.0,1.0,0.05,5000,1.0,1.0,3
3,38,1,standard,1.0,1.0,0.05,5000,1.0,1.0,3
3,39,1,standard,1.0,1.0,0.05,5000,1.0,1.0,3
3,40,1,standard,1.0,1.0,0.05,5000,1.0,1.0,3
3,41,1,standard,1.0,1.0,0.05,5000,1.0,1.0,3
3,42,1,standard,1.0,1.0,0.05,5000,1.0,1.0,3
3,43,1,standard,1.0,1.0,0.05,5000,1.0,1.0,2
3,44,1,standard,1.0,1.0,0.05,5000,1.0,1.0,3
3,45,1,standard,1.0,1.0,0.05,5000,1.0,1.0,3
3,46,1,standard,1.0,1.0,0.05,5000,1.0,1.0,3
3,47,1,standard,1.0,1.0,0.05,5000,1.0,1.0,3
3,48,1,standard,1.0,1.0,0.05,5000,1.0,1.0,3
3,49,1,standard,1.0,1.0,0.05,5000,1.0,1.0,3
3,50,1,standard,1.0,1.0,0.05,5000,1.0,1.0,3
3,51,1,standard,1.0,1.0,0.05,5000,1.0,1.0,3
3,52,1,standard,1.0,1.0,0.05,5000,1.0,1.0,2
3,53,1,standard,1.0,1.0,0.05,5000,1.0,1.0,3
3,54,1,standard,1.0,1.0,0.05,5000,1.0,1.0,3
3,55,1,standard,1.0,1.0,0.05,5000,1.0,1.0,3
3,56,1,standard,1.0,1.0,0.05,5000,1.0,1.0,3
3,57,1,standard,1.0,1.0,0.05,5000,1.0,1.0,3
3,58,1,standard,1.0,1.0,0.05,5000,1.0,1.0,3
3,59,1,standard,1.0,1.0,0.05,5000,1.0,1.0,3
3,60,1,standard,1.0,1.0,0.05,5000,1.0,1.0,3
3,61,1,standard,1.0,1.0,0.05,5000,1.0,1.0,3
3,62,1,standard,1.0,1.0,0.05,5000,1.0,1.0,3
3,63,1,standard,1.0,1.0,0.05,5000,1.0,1.0,3
3,64,1,standard,1.0,1.0,0.05,5000,1.0,1.0,3
3,65,1,standard,1.0,1.0,0.05,5000,1.0,1.0,3
3,66,1,standard,1.0,1.0,0.05,5000,1.0,1.0,3
3,67,1,standard,1.0,1.0,0.05,5000,1.0,1.0,3
3,68,1,standard,1.0,1.0,0.05,5000,1.0,1.0,3
3,69,1,standard,1.0,1.0,0.05,5000,1.0,1.0,3
3,70,1,standard,1.0,1.0,0.05,5000,1.0,1.0,3
3,71,1,standard,1.0,1.0,0.05,5000,1.0,1.0,3
3,72,1,standard,1.0,1.0,0.05,5000,1.0,1.0,3
3,73,1,standard,1.0,1.0,0.05,5000,1.0,1.0,3
3,74,1,standard,1.0,1.0,0.05,5000,1.0,1.0,3
3,75,1,standard,1.0,1.0,0.05,5000,1.0,1.0,3
3,76,1,standard,1.0,1.0,0.05,5000,1.0,1.0,3
3,77,1,standard,1.0,1.0,0.05,5000,1.0,1.0,3
3,78,1,standard,1.0,1.0,0.05,5000,1.0,1.0,2
3,79,1,standard,1.0,1.0,0.05,5000,1.0,1.0,3
3,80,1,standard,1.0,1.0,0.05,5000,1.0,1.0,3
3,81,1,standard,1.0,1.0,0.05,5000,1.0,1.0,2
3,82,1,standard,1.0,1.0,0.05,5000,1.0,1.0,3
3,83,1,standard,1.0,1.0,0.05,5000,1.0,1.0,3
3,84,1,standard,1.0,1.0,0.05,5000,1.0,1.0,3
3,85,1,standard,1.0,1.0,0.05,5000,1.0,1.0,3
3,86,1,standard,1.0,1.0,0.05,5000,1.0,1.0,3
3,87,1,standard,1.0,1.0,0.05,5000,1.0,1.0,3
3,88,1,standard,1.0,1.0,0.05,5000,1.0,1.0,3
3,89,1,standard,1.0,1.0,0.05,5000,1.0,1.0,3
3,90,1,standard,1.0,1.0,0.05,5000,1.0,1.0,3
3,91,1,standard,1.0,1.0,0.05,5000,1.0,1.0,3
3,92,1,standard,1.0,1.0,0.05,5000,1.0,1.0,3
3,93,1,standard,1.0,1.0,0.05,5000,1.0,1.0,3
3,94,1,standard,1.0,1.0,0.05,5000,1.0,1.0,3
3,95,1,standard,1.0,1.0,0.05,5000,1.0,1.0,3
3,96,1,standard,1.0,1.0,0.05,5000,1.0,1.0,3
3,97,1,standard,1.0,1.0,0.05,5000,1.0,1.0,3
3,98,1,standard,1.0,1.0,0.05,5000,1.0,1.0,3
3,99,1,standard,1.0,1.0,0.05,5000,1.0,1.0,3
3,100,1,standard,1.0,1.0,0.05,5000,1.0,1.0,3
3,101,1,standard,1.0,1.0,0.05,5000,1.0,1.0,3
3,102,1,standard,1.0,1.0,0.05,5000,1.0,1.0,3
3,103,1,standard,1.0,1.0,0.05,5000,1.0,1.0,3
3,104,1,standard,1.0,1.0,0.05,5000,1.0,1.0,3
3,105,1,standard,1.0,1.0,0.05,5000,1.0,1.0,3
3,106,1,standard,1.0,1.0,0.05,5000,1.0,1.0,3
3,107,1,standard,1.0,1.0,0.05,5000,1.0,1.0,3
3,108,1,standard,1.0,1.0,0.05,5000,1.0,1.0,3
3,109,1,standard,1.0,1.0,0.05,5000,1.0,1.0,3
3,110,1,standard,1.0,1.0,0.05,5000,1.0,1.0,3
3,111,1,standard,1.0,1.0,0.05,5000,1.0,1.0,3
3,112,1,standard,1.0,1.0,0.05,5000,1.0,1.0,3
3,113,1,standard,1.0,1.0,0.05,5000,1.0,1.0,3
3,114,1,standard,1.0,1.0,0.05,5000,1.0,1.0,3
3,115,1,standard,1.0,1.0,0.05,5000,1.0,1.0,3
3,116,1,standard,1.0,1.0,0.05,5000,1.0,1.0,3
3,117,1,standard,1.0,1.0,0.05,5000,1.0,1.0,3
3,118,1,standard,1.0,1.0,0.05,5000,1.0,1.0,2
3,119,1,standard,1.0,1.0,0.05,5000,1.0,1.0,3
3,120,1,standard,1.0,1.0,0.05,5000,1.0,1.0,3
3,121,1,standard,1.0,1.0,0.05,5000,1.0,1.0,3
3,122,1,standard,1.0,1.0,0.05,5000,1.0,1.0,3
3,123,1,standard,1.0,1.0,0.05,5000,1.0,1.0,3
3,124,1,standard,1.0,1.0,0.05,5000,1.0,1.0,3
3,125,1,standard,1.0,1.0,0.05,5000,1.0,1.0,3
3,126,1,standard,1.0,1.0,0.05,5000,1.0,1.0,3
3,127,1,standard,1.0,1.0,0.05,5000,1.0,1.0,3
3,128,1,standard,1.0,1.0,0.05,5000,1.0,1.0,3
3,129,1,standard,1.0,1.0,0.05,5000,1.0,1.0,3
3,130,1,standard,1.0,1.0,0.05,5000,1.0,1.0,3
3,131,1,standard,1.0,1.0,0.05,5000,1.0,1.0,3
3,132,1,standard,1.0,1.0,0.05,5000,1.0,1.0,3
3,133,1,standard,1.0,1.0,0.05,5000,1.0,1.0,3
3,134,1,standard,1.0,1.0,0.05,5000,1.0,1.0,3
3,135,1,standard,1.0,1.0,0.05,5000,1.0,1.0,3
3,136,1,standard,1.0,1.0,0.05,5000,1.0,1.0,3
3,137,1,standard,1.0,1.0,0.05,5000,1.0,1.0,3
3,138,1,standard,1.0,1.0,0.05,5000,1.0,1.0,3
3,139,1,standard,1.0,1.0,0.05,5000,1.0,1.0,2
3,140,1,standard,1.0,1.0,0.05,5000,1.0,1.0,3
3,141,1,standard,1.0,1.0,0.05,5000,1.0,1.0,3
3,142,1,standard,1.0,1.0,0.05,5000,1.0,1.0,3
3,143,1,standard,1.0,1.0,0.05,5000,1.0,1.0,3
3,144,1,standard,1.0,1.0,0.05,5000,1.0,1.0,2
3,145,1,standard,1.0,1.0,0.05,5000,1.0,1.0,2
3,146,1,standard,1.0,1.0,0.05,5000,1.0,1.0,3
3,147,1,standard,1.0,1.0,0.05,5000,1.0,1.0,3
3,148,1,standard,1.0,1.0,0.05,5000,1.0,1.0,3
3,149,1,standard,1.0,1.0,0.05,5000,1.0,1.0,3
3,150,1,standard,1.0,1.0,0.05,5000,1.0,1.0,3
3,151,1,standard,1.0,1.0,0.05,5000,1.0,1.0,3
3,152,1,standard,1.0,1.0,0.05,5000,1.0,1.0,3
3,153,1,standard,1.0,1.0,0.05,5000,1.0,1.0,3
3,154,1,standard,1.0,1.0,0.05,5000,1.0,1.0,3
3,155,1,standard,1.0,1.0,0.05,5000,1.0,1.0,3
3,156,1,standard,1.0,1.0,0.05,5000,1.0,1.0,3
3,157,1,standard,1.0,1.0,0.05,5000,1.0,1.0,3
3,158,1,standard,1.0,1.0,0.05,5000,1.0,1.0,3
3,159,1,standard,1.0,1.0,0.05,5000,1.0,1.0,3
3,160,1,standard,1.0,1.0,0.05,5000,1.0,1.0,3
3,161,1,standard,1.0,1.0,0.05,5000,1.0,1.0,3
3,162,1,standard,1.0,1.0,0.05,5000,1.0,1.0,3
3,163,1,standard,1.0,1.0,0.05,5000,1.0,1.0,1
3,164,1,standard,1.0,1.0,0.05,5000,1.0,1.0,3
3,165,1,standard,1.0,1.0,0.05,5000,1.0,1.0,3
3,166,1,standard,1.0,1.0,0.05,5000,1.0,1.0,3
3,167,1,standard,1.0,1.0,0.05,5000,1.0,1.0,3
3,168,1,standard,1.0,1.0,0.05,5000,1.0,1.0,3
3,169,1,standard,1.0,1.0,0.05,5000,1.0,1.0,3
3,170,1,standard,1.0,1.0,0.05,5000,1.0,1.0,2
3,171,1,standard,1.0,1.0,0.05,5000,1.0,1.0,3
3,172,1,standard,1.0,1.0,0.05,5000,1.0,1.0,3
3,173,1,standard,1.0,1.0,0.05,5000,1.0,1.0,3
3,174,1,standard,1.0,1.0,0.05,5000,1.0,1.0,3
3,175,1,standard,1.0,1.0,0.05,5000,1.0,1.0,3
3,176,1,standard,1.0,1.0,0.05,5000,1.0,1.0,3
3,177,1,standard,1.0,1.0,0.05,5000,1.0,1.0,3
3,178,1,standard,1.0,1.0,0.05,5000,1.0,1.0,3
3,179,1,standard,1.0,1.0,0.05,5000,1.0,1.0,3
3,180,1,standard,1.0,1.0,0.05,5000,1.0,1.0,3
3,181,1,standard,1.0,1.0,0.05,5000,1.0,1.0,3
3,182,1,standard,1.0,1.0,0.05,5000,1.0,1.0,3
3,183,1,standard,1.0,1.0,0.05,5000,1.0,1.0,3
3,184,1,standard,1.0,1.0,0.05,5000,1.0,1.0,3
3,185,1,standard,1.0,1.0,0.05,5000,1.0,1.0,3
3,186,1,standard,1.0,1.0,0.05,5000,1.0,1.0,3
3,187,1,standard,1.0,1.0,0.05,5000,1.0,1.0,3
3,188,1,standard,1.0,1.0,0.05,5000,1.0,1.0,3
3,189,1,standard,1.0,1.0,0.05,5000,1.0,1.0,3
3,190,1,standard,1.0,1.0,0.05,5000,1.0,1.0,3
3,191,1,standard,1.0,1.0,0.05,5000,1.0,1.0,3
3,192,1,standard,1.0,1.0,0.05,5000,1.0,1.0,3
3,193,1,standard,1.0,1.0,0.05,5000,1.0,1.0,3
3,194,1,standard,1.0,1.0,0.05,5000,1.0,1.0,3
3,195,1,standard,1.0,1.0,0.05,5000,1.0,1.0,3
3,196,1,standard,1.0,1.0,0.05,5000,1.0,1.0,3
3,197,1,standard,1.0,1.0,0.05,5000,1.0,1.0,3
3,198,1,standard,1.0,1.0,0.05,5000,1.0,1.0,3
3,199,1,standard,1.0,1.0,0.05,5000,1.0,1.0,3
3,200,1,standard,1.0,1.0,0.05,5000,1.0,1.0,3
4,1,1,standard,1.0,1.0,0.05,5000,1.0,1.0,57
4,2,1,standard,1.0,1.0,0.05,5000,1.0,1.0,57
4,3,1,standard,1.0,1.0,0.05,5000,1.0,1.0,55
4,4,1,standard,1.0,1.0,0.05,5000,1.0,1.0,55
4,5,1,standard,1.0,1.0,0.05,5000,1.0,1.0,57
4,6,1,standard,1.0,1.0,0.05,5000,1.0,1.0,57
4,7,1,standard,1.0,1.0,0.05,5000,1.0,1.0,55
4,8,1,standard,1.0,1.0,0.05,5000,1.0,1.0,55
4,9,1,standard,1.0,1.0,0.05,5000,1.0,1.0,55
4,10,1,standard,1.0,1.0,0.05,5000,1.0,1.0,57
4,11,1,standard,1.0,1.0,0.05,5000,1.0,1.0,55
4,12,1,standard,1.0,1.0,0.05,5000,1.0,1.0,59
4,13,1,standard,1.0,1.0,0.05,5000,1.0,1.0,55
4,14,1,standard,1.0,1.0,0.05,5000,1.0,1.0,55
4,15,1,standard,1.0,1.0,0.05,5000,1.0,1.0,55
4,16,1,standard,1.0,1.0,0.05,5000,1.0,1.0,55
4,17,1,standard,1.0,1.0,0.05,5000,1.0,1.0,55
4,18,1,standard,1.0,1.0,0.05,5000,1.0,1.0,55
4,19,1,standard,1.0,1.0,0.05,5000,1.0,1.0,55
4,20,1,standard,1.0,1.0,0.05,5000,1.0,1.0,55
4,21,1,standard,1.0,1.0,0.05,5000,1.0,1.0,55
4,22,1,standard,1.0,1.0,0.05,5000,1.0,1.0,55
4,23,1,standard,1.0,1.0,0.05,5000,1.0,1.0,55
4,24,1,standard,1.0,1.0,0.05,5000,1.0,1.0,55
4,25,1,standard,1.0,1.0,0.05,5000,1.0,1.0,55
4,26,1,standard,1.0,1.0,0.05,5000,1.0,1.0,55
4,27,1,standard,1.0,1.0,0.05,5000,1.0,1.0,57
4,28,1,standard,1.0,1.0,0.05,5000,1.0,1.0,55
4,29,1,standard,1.0,1.0,0.05,5000,1.0,1.0,57
4,30,1,standard,1.0,1.0,0.05,5000,1.0,1.0,55
4,31,1,standard,1.0,1.0,0.05,5000,1.0,1.0,55
4,32,1,standard,1.0,1.0,0.05,5000,1.0,1.0,55
4,33,1,standard,1.0,1.0,0.05,5000,1.0,1.0,55
4,34,1,standard,1.0,1.0,0.05,5000,1.0,1.0,55
4,35,1,standard,1.0,1.0,0.05,5000,1.0,1.0,57
4,36,1,standard,1.0,1.0,0.05,5000,1.0,1.0,55
4,37,1,standard,1.0,1.0,0.05,5000,1.0,1.0,55
4,38,1,standard,1.0,1.0,0.05,5000,1.0,1.0,57
4,39,1,standard,1.0,1.0,0.05,5000,1.0,1.0,55
4,40,1,standard,1.0,1.0,0.05,5000,1.0,1.0,57
4,41,1,standard,1.0,1.0,0.05,5000,1.0,1.0,55
4,42,1,standard,1.0,1.0,0.05,5000,1.0,1.0,57
4,43,1,standard,1.0,1.0,0.05,5000,1.0,1.0,49
4,44,1,standard,1.0,1.0,0.05,5000,1.0,1.0,55
4,45,1,standard,1.0,1.0,0.05,5000,1.0,1.0,55
4,46,1,standard,1.0,1.0,0.05,5000,1.0,1.0,55
4,47,1,standard,1.0,1.0,0.05,5000,1.0,1.0,55
4,48,1,standard,1.0,1.0,0.05,5000,1.0,1.0,55
4,49,1,standard,1.0,1.0,0.05,5000,1.0,1.0,55
4,50,1,standard,1.0,1.0,0.05,5000,1.0,1.0,55
4,51,1,standard,1.0,1.0,0.05,5000,1.0,1.0,55
4,52,1,standard,1.0,1.0,0.05,5000,1.0,1.0,57
4,53,1,standard,1.0,1.0,0.05,5000,1.0,1.0,55
4,54,1,standard,1.0,1.0,0.05,5000,1.0,1.0,55
4,55,1,standard,1.0,1.0,0.05,5000,1.0,1.0,57
4,56,1,standard,1.0,1.0,0.05,5000,1.0,1.0,55
4,57,1,standard,1.0,1.0,0.05,5000,1.0,1.0,55
4,58,1,standard,1.0,1.0,0.05,5000,1.0,1.0,55
4,59,1,standard,1.0,1.0,0.05,5000,1.0,1.0,55
4,60,1,standard,1.0,1.0,0.05,5000,1.0,1.0,55
4,61,1,standard,1.0,1.0,0.05,5000,1.0,1.0,57
4,62,1,standard,1.0,1.0,0.05,5000,1.0,1.0,57
4,63,1,standard,1.0,1.0,0.05,5000,1.0,1.0,55
4,64,1,standard,1.0,1.0,0.05,5000,1.0,1.0,59
4,65,1,standard,1.0,1.0,0.05,5000,1.0,1.0,55
4,66,1,standard,1.0,1.0,0.05,5000,1.0,1.0,55
4,67,1,standard,1.0,1.0,0.05,5000,1.0,1.0,57
4,68,1,standard,1.0,1.0,0.05,5000,1.0,1.0,55
4,69,1,standard,1.0,1.0,0.05,5000,1.0,1.0,57
4,70,1,standard,1.0,1.0,0.05,5000,1.0,1.0,55
4,71,1,standard,1.0,1.0,0.05,5000,1.0,1.0,55
4,72,1,standard,1.0,1.0,0.05,5000,1.0,1.0,55
4,73,1,standard,1.0,1.0,0.05,5000,1.0,1.0,55
4,74,1,standard,1.0,1.0,0.05,5000,1.0,1.0,57
4,75,1,standard,1.0,1.0,0.05,5000,1.0,1.0,55
4,76,1,standard,1.0,1.0,0.05,5000,1.0,1.0,55
4,77,1,standard,1.0,1.0,0.05,5000,1.0,1.0,55
4,78,1,standard,1.0,1.0,0.05,5000,1.0,1.0,2
4,79,1,standard,1.0,1.0,0.05,5000,1.0,1.0,55
4,80,1,standard,1.0,1.0,0.05,5000,1.0,1.0,55
4,81,1,standard,1.0,1.0,0.05,5000,1.0,1.0,55
4,82,1,standard,1.0,1.0,0.05,5000,1.0,1.0,55
4,83,1,standard,1.0,1.0,0.05,5000,1.0,1.0,57
4,84,1,standard,1.0,1.0,0.05,5000,1.0,1.0,55
4,85,1,standard,1.0,1.0,0.05,5000,1.0,1.0,55
4,86,1,standard,1.0,1.0,0.05,5000,1.0,1.0,55
4,87,1,standard,1.0,1.0,0.05,5000,1.0,1.0,55
4,88,1,standard,1.0,1.0,0.05,5000,1.0,1.0,55
4,89,1,standard,1.0,1.0,0.05,5000,1.0,1.0,57
4,90,1,standard,1.0,1.0,0.05,5000,1.0,1.0,55
4,91,1,standard,1.0,1.0,0.05,5000,1.0,1.0,55
4,92,1,standard,1.0,1.0,0.05,5000,1.0,1.0,55
4,93,1,standard,1.0,1.0,0.05,5000,1.0,1.0,55
4,94,1,standard,1.0,1.0,0.05,5000,1.0,1.0,55
4,95,1,standard,1.0,1.0,0.05,5000,1.0,1.0,55
4,96,1,standard,1.0,1.0,0.05,5000,1.0,1.0,55
4,97,1,standard,1.0,1.0,0.05,5000,1.0,1.0,57
4,98,1,standard,1.0,1.0,0.05,5000,1.0,1.0,55
4,99,1,standard,1.0,1.0,0.05,5000,1.0,1.0,59
4,100,1,standard,1.0,1.0,0.05,5000,1.0,1.0,55
4,101,1,standard,1.0,1.0,0.05,5000,1.0,1.0,55
4,102,1,standard,1.0,1.0,0.05,5000,1.0,1.0,55
4,103,1,standard,1.0,1.0,0.05,5000,1.0,1.0,55
4,104,1,standard,1.0,1.0,0.05,5000,1.0,1.0,57
4,105,1,standard,1.0,1.0,0.05,5000,1.0,1.0,55
4,106,1,standard,1.0,1.0,0.05,5000,1.0,1.0,55
4,107,1,standard,1.0,1.0,0.05,5000,1.0,1.0,57
4,108,1,standard,1.0,1.0,0.05,5000,1.0,1.0,57
4,109,1,standard,1.0,1.0,0.05,5000,1.0,1.0,59
4,110,1,standard,1.0,1.0,0.05,5000,1.0,1.0,55
4,111,1,standard,1.0,1.0,0.05,5000,1.0,1.0,55
4,112,1,standard,1.0,1.0,0.05,5000,1.0,1.0,55
4,113,1,standard,1.0,1.0,0.05,5000,1.0,1.0,55
4,114,1,standard,1.0,1.0,0.05,5000,1.0,1.0,55
4,115,1,standard,1.0,1.0,0.05,5000,1.0,1.0,57
4,116,1,standard,1.0,1.0,0.05,5000,1.0,1.0,55
4,117,1,standard,1.0,1.0,0.05,5000,1.0,1.0,55
4,118,1,standard,1.0,1.0,0.05,5000,1.0,1.0,53
4,119,1,standard,1.0,1.0,0.05,5000,1.0,1.0,55
4,120,1,standard,1.0,1.0,0.05,5000,1.0,1.0,55
4,121,1,standard,1.0,1.0,0.05,5000,1.0,1.0,55
4,122,1,standard,1.0,1.0,0.05,5000,1.0,1.0,55
4,123,1,standard,1.0,1.0,0.05,5000,1.0,1.0,57
4,124,1,standard,1.0,1.0,0.05,5000,1.0,1.0,59
4,125,1,standard,1.0,1.0,0.05,5000,1.0,1.0,55
4,126,1,standard,1.0,1.0,0.05,5000,1.0,1.0,57
4,127,1,standard,1.0,1.0,0.05,5000,1.0,1.0,55
4,128,1,standard,1.0,1.0,0.05,5000,1.0,1.0,55
4,129,1,standard,1.0,1.0,0.05,5000,1.0,1.0,55
4,130,1,standard,1.0,1.0,0.05,5000,1.0,1.0,55
4,131,1,standard,1.0,1.0,0.05,5000,1.0,1.0,57
4,132,1,standard,1.0,1.0,0.05,5000,1.0,1.0,55
4,133,1,standard,1.0,1.0,0.05,5000,1.0,1.0,55
4,134,1,standard,1.0,1.0,0.05,5000,1.0,1.0,55
4,135,1,standard,1.0,1.0,0.05,5000,1.0,1.0,55
4,136,1,standard,1.0,1.0,0.05,5000,1.0,1.0,55
4,137,1,standard,1.0,1.0,0.05,5000,1.0,1.0,59
4,138,1,standard,1.0,1.0,0.05,5000,1.0,1.0,55
4,139,1,standard,1.0,1.0,0.05,5000,1.0,1.0,57
4,140,1,standard,1.0,1.0,0.05,5000,1.0,1.0,55
4,141,1,standard,1.0,1.0,0.05,5000,1.0,1.0,55
4,142,1,standard,1.0,1.0,0.05,5000,1.0,1.0,53
4,143,1,standard,1.0,1.0,0.05,5000,1.0,1.0,57
4,144,1,standard,1.0,1.0,0.05,5000,1.0,1.0,57
4,145,1,standard,1.0,1.0,0.05,5000,1.0,1.0,57
4,146,1,standard,1.0,1.0,0.05,5000,1.0,1.0,55
4,147,1,standard,1.0,1.0,0.05,5000,1.0,1.0,57
4,148,1,standard,1.0,1.0,0.05,5000,1.0,1.0,55
4,149,1,standard,1.0,1.0,0.05,5000,1.0,1.0,55
4,150,1,standard,1.0,1.0,0.05,5000,1.0,1.0,55
4,151,1,standard,1.0,1.0,0.05,5000,1.0,1.0,55
4,152,1,standard,1.0,1.0,0.05,5000,1.0,1.0,55
4,153,1,standard,1.0,1.0,0.05,5000,1.0,1.0,55
4,154,1,standard,1.0,1.0,0.05,5000,1.0,1.0,53
4,155,1,standard,1.0,1.0,0.05,5000,1.0,1.0,55
4,156,1,standard,1.0,1.0,0.05,5000,1.0,1.0,55
4,157,1,standard,1.0,1.0,0.05,5000,1.0,1.0,55
4,158,1,standard,1.0,1.0,0.05,5000,1.0,1.0,55
4,159,1,standard,1.0,1.0,0.05,5000,1.0,1.0,55
4,160,1,standard,1.0,1.0,0.05,5000,1.0,1.0,55
4,161,1,standard,1.0,1.0,0.05,5000,1.0,1.0,57
4,162,1,standard,1.0,1.0,0.05,5000,1.0,1.0,59
4,163,1,standard,1.0,1.0,0.05,5000,1.0,1.0,55
4,164,1,standard,1.0,1.0,0.05,5000,1.0,1.0,55
4,165,1,standard,1.0,1.0,0.05,5000,1.0,1.0,55
4,166,1,standard,1.0,1.0,0.05,5000,1.0,1.0,57
4,167,1,standard,1.0,1.0,0.05,5000,1.0,1.0,55
4,168,1,standard,1.0,1.0,0.05,5000,1.0,1.0,55
4,169,1,standard,1.0,1.0,0.05,5000,1.0,1.0,55
4,170,1,standard,1.0,1.0,0.05,5000,1.0,1.0,57
4,171,1,standard,1.0,1.0,0.05,5000,1.0,1.0,57
4,172,1,standard,1.0,1.0,0.05,5000,1.0,1.0,55
4,173,1,standard,1.0,1.0,0.05,5000,1.0,1.0,57
4,174,1,standard,1.0,1.0,0.05,5000,1.0,1.0,57
4,175,1,standard,1.0,1.0,0.05,5000,1.0,1.0,55
4,176,1,standard,1.0,1.0,0.05,5000,1.0,1.0,55
4,177,1,standard,1.0,1.0,0.05,5000,1.0,1.0,55
4,178,1,standard,1.0,1.0,0.05,5000,1.0,1.0,55
4,179,1,standard,1.0,1.0,0.05,5000,1.0,1.0,57
4,180,1,standard,1.0,1.0,0.05,5000,1.0,1.0,55
4,181,1,standard,1.0,1.0,0.05,5000,1.0,1.0,55
4,182,1,standard,1.0,1.0,0.05,5000,1.0,1.0,55
4,183,1,standard,1.0,1.0,0.05,5000,1.0,1.0,55
4,184,1,standard,1.0,1.0,0.05,5000,1.0,1.0,59
4,185,1,standard,1.0,1.0,0.05,5000,1.0,1.0,55
4,186,1,standard,1.0,1.0,0.05,5000,1.0,1.0,55
4,187,1,standard,1.0,1.0,0.05,5000,1.0,1.0,55
4,188,1,standard,1.0,1.0,0.05,5000,1.0,1.0,55
4,189,1,standard,1.0,1.0,0.05,5000,1.0,1.0,57
4,190,1,standard,1.0,1.0,0.05,5000,1.0,1.0,55
4,191,1,standard,1.0,1.0,0.05,5000,1.0,1.0,55
4,192,1,standard,1.0,1.0,0.05,5000,1.0,1.0,55
4,193,1,standard,1.0,1.0,0.05,5000,1.0,1.0,57
4,194,1,standard,1.0,1.0,0.05,5000,1.0,1.0,55
4,195,1,standard,1.0,1.0,0.05,5000,1.0,1.0,55
4,196,1,standard,1.0,1.0,0.05,5000,1.0,1.0,55
4,197,1,standard,1.0,1.0,0.05,5000,1.0,1.0,57
4,198,1,standard,1.0,1.0,0.05,5000,1.0,1.0,59
4,199,1,standard,1.0,1.0,0.05,5000,1.0,1.0,55
4,200,1,standard,1.0,1.0,0.05,5000,1.0,1.0,55
5,1,1,standard,1.0,1.0,0.05,5000,1.0,1.0,
5,2,1,standard,1.0,1.0,0.05,5000,1.0,1.0,
5,3,1,standard,1.0,1.0,0.05,5000,1.0,1.0,
5,4,1,standard,1.0,1.0,0.05,5000,1.0,1.0,
5,5,1,standard,1.0,1.0,0.05,5000,1.0,1.0,
5,6,1,standard,1.0,1.0,0.05,5000,1.0,1.0,
5,7,1,standard,1.0,1.0,0.05,5000,1.0,1.0,
5,8,1,standard,1.0,1.0,0.05,5000,1.0,1.0,
5,9,1,standard,1.0,1.0,0.05,5000,1.0,1.0,
5,10,1,standard,1.0,1.0,0.05,5000,1.0,1.0,
5,11,1,standard,1.0,1.0,0.05,5000,1.0,1.0,
5,12,1,standard,1.0,1.0,0.05,5000,1.0,1.0,
5,13,1,standard,1.0,1.0,0.05,5000,1.0,1.0,
5,14,1,standard,1.0,1.0,0.05,5000,1.0,1.0,
5,15,1,standard,1.0,1.0,0.05,5000,1.0,1.0,
5,16,1,standard,1.0,1.0,0.05,5000,1.0,1.0,
5,17,1,standard,1.0,1.0,0.05,5000,1.0,1.0,
5,18,1,standard,1.0,1.0,0.05,5000,1.0,1.0,
5,19,1,standard,1.0,1.0,0.05,5000,1.0,1.0,
5,20,1,standard,1.0,1.0,0.05,5000,1.0,1.0,
5,21,1,standard,1.0,1.0,0.05,5000,1.0,1.0,
5,22,1,standard,1.0,1.0,0.05,5000,1.0,1.0,
5,23,1,standard,1.0,1.0,0.05,5000,1.0,1.0,
5,24,1,standard,1.0,1.0,0.05,5000,1.0,1.0,
5,25,1,standard,1.0,1.0,0.05,5000,1.0,1.0,
5,26,1,standard,1.0,1.0,0.05,5000,1.0,1.0,
5,27,1,standard,1.0,1.0,0.05,5000,1.0,1.0,
5,28,1,standard,1.0,1.0,0.05,5000,1.0,1.0,
5,29,1,standard,1.0,1.0,0.05,5000,1.0,1.0,
5,30,1,standard,1.0,1.0,0.05,5000,1.0,1.0,
5,31,1,standard,1.0,1.0,0.05,5000,1.0,1.0,
5,32,1,standard,1.0,1.0,0.05,5000,1.0,1.0,
5,33,1,standard,1.0,1.0,0.05,5000,1.0,1.0,
5,34,1,standard,1.0,1.0,0.05,5000,1.0,1.0,
5,35,1,standard,1.0,1.0,0.05,5000,1.0,1.0,
5,36,1,standard,1.0,1.0,0.05,5000,1.0,1.0,
5,37,1,standard,1.0,1.0,0.05,5000,1.0,1.0,
5,38,1,standard,1.0,1.0,0.05,5000,1.0,1.0,
5,39,1,standard,1.0,1.0,0.05,5000,1.0,1.0,
5,40,1,standard,1.0,1.0,0.05,5000,1.0,1.0,
5,41,1,standard,1.0,1.0,0.05,5000,1.0,1.0,
5,42,1,standard,1.0,1.0,0.05,5000,1.0,1.0,
5,43,1,standard,1.0,1.0,0.05,5000,1.0,1.0,
5,44,1,standard,1.0,1.0,0.05,5000,1.0,1.0,
5,45,1,standard,1.0,1.0,0.05,5000,1.0,1.0,
5,46,1,standard,1.0,1.0,0.05,5000,1.0,1.0,
5,47,1,standard,1.0,1.0,0.05,5000,1.0,1.0,
5,48,1,standard,1.0,1.0,0.05,5000,1.0,1.0,
5,49,1,standard,1.0,1.0,0.05,5000,1.0,1.0,
5,50,1,standard,1.0,1.0,0.05,5000,1.0,1.0,
5,51,1,standard,1.0,1.0,0.05,5000,1.0,1.0,
5,52,1,standard,1.0,1.0,0.05,5000,1.0,1.0,
5,53,1,standard,1.0,1.0,0.05,5000,1.0,1.0,
5,54,1,standard,1.0,1.0,0.05,5000,1.0,1.0,
5,55,1,standard,1.0,1.0,0.05,5000,1.0,1.0,
5,56,1,standard,1.0,1.0,0.05,5000,1.0,1.0,
5,57,1,standard,1.0,1.0,0.05,5000,1.0,1.0,
5,58,1,standard,1.0,1.0,0.05,5000,1.0,1.0,
5,59,1,standard,1.0,1.0,0.05,5000,1.0,1.0,
5,60,1,standard,1.0,1.0,0.05,5000,1.0,1.0,
5,61,1,standard,1.0,1.0,0.05,5000,1.0,1.0,
5,62,1,standard,1.0,1.0,0.05,5000,1.0,1.0,
5,63,1,standard,1.0,1.0,0.05,5000,1.0,1.0,
5,64,1,standard,1.0,1.0,0.05,5000,1.0,1.0,
5,65,1,standard,1.0,1.0,0.05,5000,1.0,1.0,
5,66,1,standard,1.0,1.0,0.05,5000,1.0,1.0,
5,67,1,standard,1.0,1.0,0.05,5000,1.0,1.0,
5,68,1,standard,1.0,1.0,0.05,5000,1.0,1.0,
5,69,1,standard,1.0,1.0,0.05,5000,1.0,1.0,
5,70,1,standard,1.0,1.0,0.05,5000,1.0,1.0,
5,71,1,standard,1.0,1.0,0.05,5000,1.0,1.0,
5,72,1,standard,1.0,1.0,0.05,5000,1.0,1.0,
5,73,1,standard,1.0,1.0,0.05,5000,1.0,1.0,
5,74,1,standard,1.0,1.0,0.05,5000,1.0,1.0,
5,75,1,standard,1.0,1.0,0.05,5000,1.0,1.0,
5,76,1,standard,1.0,1.0,0.05,5000,1.0,1.0,
5,77,1,standard,1.0,1.0,0.05,5000,1.0,1.0,
5,78,1,standard,1.0,1.0,0.05,5000,1.0,1.0,
5,79,1,standard,1.0,1.0,0.05,5000,1.0,1.0,
5,80,1,standard,1.0,1.0,0.05,5000,1.0,1.0,
5,81,1,standard,1.0,1.0,0.05,5000,1.0,1.0,
5,82,1,standard,1.0,1.0,0.05,5000,1.0,1.0,
5,83,1,standard,1.0,1.0,0.05,5000,1.0,1.0,
5,84,1,standard,1.0,1.0,0.05,5000,1.0,1.0,
5,85,1,standard,1.0,1.0,0.05,5000,1.0,1.0,
5,86,1,standard,1.0,1.0,0.05,5000,1.0,1.0,
5,87,1,standard,1.0,1.0,0.05,5000,1.0,1.0,
5,88,1,standard,1.0,1.0,0.05,5000,1.0,1.0,
5,89,1,standard,1.0,1.0,0.05,5000,1.0,1.0,
5,90,1,standard,1.0,1.0,0.05,5000,1.0,1.0,
5,91,1,standard,1.0,1.0,0.05,5000,1.0,1.0,
5,92,1,standard,1.0,1.0,0.05,5000,1.0,1.0,
5,93,1,standard,1.0,1.0,0.05,5000,1.0,1.0,
5,94,1,standard,1.0,1.0,0.05,5000,1.0,1.0,
5,95,1,standard,1.0,1.0,0.05,5000,1.0,1.0,
5,96,1,standard,1.0,1.0,0.05,5000,1.0,1.0,
5,97,1,standard,1.0,1.0,0.05,5000,1.0,1.0,
5,98,1,standard,1.0,1.0,0.05,5000,1.0,1.0,
5,99,1,standard,1.0,1.0,0.05,5000,1.0,1.0,
5,100,1,standard,1.0,1.0,0.05,5000,1.0,1.0,
5,101,1,standard,1.0,1.0,0.05,5000,1.0,1.0,
5,102,1,standard,1.0,1.0,0.05,5000,1.0,1.0,
5,103,1,standard,1.0,1.0,0.05,5000,1.0,1.0,
5,104,1,standard,1.0,1.0,0.05,5000,1.0,1.0,
5,105,1,standard,1.0,1.0,0.05,5000,1.0,1.0,
5,106,1,standard,1.0,1.0,0.05,5000,1.0,1.0,
5,107,1,standard,1.0,1.0,0.05,5000,1.0,1.0,
5,108,1,standard,1.0,1.0,0.05,5000,1.0,1.0,
5,109,1,standard,1.0,1.0,0.05,5000,1.0,1.0,
5,110,1,standard,1.0,1.0,0.05,5000,1.0,1.0,
5,111,1,standard,1.0,1.0,0.05,5000,1.0,1.0,
5,112,1,standard,1.0,1.0,0.05,5000,1.0,1.0,
5,113,1,standard,1.0,1.0,0.05,5000,1.0,1.0,
5,114,1,standard,1.0,1.0,0.05,5000,1.0,1.0,
5,115,1,standard,1.0,1.0,0.05,5000,1.0,1.0,
5,116,1,standard,1.0,1.0,0.05,5000,1.0,1.0,
5,117,1,standard,1.0,1.0,0.05,5000,1.0,1.0,
5,118,1,standard,1.0,1.0,0.05,5000,1.0,1.0,
5,119,1,standard,1.0,1.0,0.05,5000,1.0,1.0,
5,120,1,standard,1.0,1.0,0.05,5000,1.0,1.0,
5,121,1,standard,1.0,1.0,0.05,5000,1.0,1.0,
5,122,1,standard,1.0,1.0,0.05,5000,1.0,1.0,
5,123,1,standard,1.0,1.0,0.05,5000,1.0,1.0,
5,124,1,standard,1.0,1.0,0.05,5000,1.0,1.0,
5,125,1,standard,1.0,1.0,0.05,5000,1.0,1.0,
5,126,1,standard,1.0,1.0,0.05,5000,1.0,1.0,
5,127,1,standard,1.0,1.0,0.05,5000,1.0,1.0,
5,128,1,standard,1.0,1.0,0.05,5000,1.0,1.0,
5,129,1,standard,1.0,1.0,0.05,5000,1.0,1.0,
5,130,1,standard,1.0,1.0,0.05,5000,1.0,1.0,
5,131,1,standard,1.0,1.0,0.05,5000,1.0,1.0,
5,132,1,standard,1.0,1.0,0.05,5000,1.0,1.0,
5,133,1,standard,1.0,1.0,0.05,5000,1.0,1.0,
5,134,1,standard,1.0,1.0,0.05,5000,1.0,1.0,
5,135,1,standard,1.0,1.0,0.05,5000,1.0,1.0,
5,136,1,standard,1.0,1.0,0.05,5000,1.0,1.0,
5,137,1,standard,1.0,1.0,0.05,5000,1.0,1.0,
5,138,1,standard,1.0,1.0,0.05,5000,1.0,1.0,
5,139,1,standard,1.0,1.0,0.05,5000,1.0,1.0,
5,140,1,standard,1.0,1.0,0.05,5000,1.0,1.0,
5,141,1,standard,1.0,1.0,0.05,5000,1.0,1.0,
5,142,1,standard,1.0,1.0,0.05,5000,1.0,1.0,
5,143,1,standard,1.0,1.0,0.05,5000,1.0,1.0,
5,144,1,standard,1.0,1.0,0.05,5000,1.0,1.0,
5,145,1,standard,1.0,1.0,0.05,5000,1.0,1.0,
5,146,1,standard,1.0,1.0,0.05,5000,1.0,1.0,
5,147,1,standard,1.0,1.0,0.05,5000,1.0,1.0,
5,148,1,standard,1.0,1.0,0.05,5000,1.0,1.0,
5,149,1,standard,1.0,1.0,0.05,5000,1.0,1.0,
5,150,1,standard,1.0,1.0,0.05,5000,1.0,1.0,
5,151,1,standard,1.0,1.0,0.05,5000,1.0,1.0,
5,152,1,standard,1.0,1.0,0.05,5000,1.0,1.0,
5,153,1,standard,1.0,1.0,0.05,5000,1.0,1.0,
5,154,1,standard,1.0,1.0,0.05,5000,1.0,1.0,
5,155,1,standard,1.0,1.0,0.05,5000,1.0,1.0,
5,156,1,standard,1.0,1.0,0.05,5000,1.0,1.0,
5,157,1,standard,1.0,1.0,0.05,5000,1.0,1.0,
5,158,1,standard,1.0,1.0,0.05,5000,1.0,1.0,
5,159,1,standard,1.0,1.0,0.05,5000,1.0,1.0,
5,160,1,standard,1.0,1.0,0.05,5000,1.0,1.0,
5,161,1,standard,1.0,1.0,0.05,5000,1.0,1.0,
5,162,1,standard,1.0,1.0,0.05,5000,1.0,1.0,
5,163,1,standard,1.0,1.0,0.05,5000,1.0,1.0,
5,164,1,standard,1.0,1.0,0.05,5000,1.0,1.0,
5,165,1,standard,1.0,1.0,0.05,5000,1.0,1.0,
5,166,1,standard,1.0,1.0,0.05,5000,1.0,1.0,
5,167,1,standard,1.0,1.0,0.05,5000,1.0,1.0,
5,168,1,standard,1.0,1.0,0.05,5000,1.0,1.0,
5,169,1,standard,1.0,1.0,0.05,5000,1.0,1.0,
5,170,1,standard,1.0,1.0,0.05,5000,1.0,1.0,
5,171,1,standard,1.0,1.0,0.05,5000,1.0,1.0,
5,172,1,standard,1.0,1.0,0.05,5000,1.0,1.0,
5,173,1,standard,1.0,1.0,0.05,5000,1.0,1.0,
5,174,1,standard,1.0,1.0,0.05,5000,1.0,1.0,
5,175,1,standard,1.0,1.0,0.05,5000,1.0,1.0,
5,176,1,standard,1.0,1.0,0.05,5000,1.0,1.0,
5,177,1,standard,1.0,1.0,0.05,5000,1.0,1.0,
5,178,1,standard,1.0,1.0,0.05,5000,1.0,1.0,
5,179,1,standard,1.0,1.0,0.05,5000,1.0,1.0,
5,180,1,standard,1.0,1.0,0.05,5000,1.0,1.0,
5,181,1,standard,1.0,1.0,0.05,5000,1.0,1.0,
5,182,1,standard,1.0,1.0,0.05,5000,1.0,1.0,
5,183,1,standard,1.0,1.0,0.05,5000,1.0,1.0,
5,184,1,standard,1.0,1.0,0.05,5000,1.0,1.0,
5,185,1,standard,1.0,1.0,0.05,5000,1.0,1.0,
5,186,1,standard,1.0,1.0,0.05,5000,1.0,1.0,
5,187,1,standard,1.0,1.0,0.05,5000,1.0,1.0,
5,188,1,standard,1.0,1.0,0.05,5000,1.0,1.0,
5,189,1,standard,1.0,1.0,0.05,5000,1.0,1.0,
5,190,1,standard,1.0,1.0,0.05,5000,1.0,1.0,
5,191,1,standard,1.0,1.0,0.05,5000,1.0,1.0,
5,192,1,standard,1.0,1.0,0.05,5000,1.0,1.0,
5,193,1,standard,1.0,1.0,0.05,5000,1.0,1.0,
5,194,1,standard,1.0,1.0,0.05,5000,1.0,1.0,
5,195,1,standard,1.0,1.0,0.05,5000,1.0,1.0,
5,196,1,standard,1.0,1.0,0.05,5000,1.0,1.0,
5,197,1,standard,1.0,1.0,0.05,5000,1.0,1.0,
5,198,1,standard,1.0,1.0,0.05,5000,1.0,1.0,
5,199,1,standard,1.0,1.0,0.05,5000,1.0,1.0,
5,200,1,standard,1.0,1.0,0.05,5000,1.0,1.0,
2,1,1,detmle,1.0,1.0,0.05,5000,1.0,1.0,1
2,2,1,detmle,1.0,1.0,0.05,5000,1.0,1.0,2
2,3,1,detmle,1.0,1.0,0.05,5000,1.0,1.0,3
2,4,1,detmle,1.0,1.0,0.05,5000,1.0,1.0,2
2,5,1,detmle,1.0,1.0,0.05,5000,1.0,1.0,3
2,6,1,detmle,1.0,1.0,0.05,5000,1.0,1.0,2
2,7,1,detmle,1.0,1.0,0.05,5000,1.0,1.0,1
2,8,1,detmle,1.0,1.0,0.05,5000,1.0,1.0,4
2,9,1,detmle,1.0,1.0,0.05,5000,1.0,1.0,4
2,10,1,detmle,1.0,1.0,0.05,5000,1.0,1.0,3
2,11,1,detmle,1.0,1.0,0.05,5000,1.0,1.0,3
2,12,1,detmle,1.0,1.0,0.05,5000,1.0,1.0,3
2,13,1,detmle,1.0,1.0,0.05,5000,1.0,1.0,3
2,14,1,detmle,1.0,1.0,0.05,5000,1.0,1.0,4
2,15,1,detmle,1.0,1.0,0.05,5000,1.0,1.0,3
2,16,1,detmle,1.0,1.0,0.05,5000,1.0,1.0,3
2,17,1,detmle,1.0,1.0,0.05,5000,1.0,1.0,3
2,18,1,detmle,1.0,1.0,0.05,5000,1.0,1.0,4
2,19,1,detmle,1.0,1.0,0.05,5000,1.0,1.0,3
2,20,1,detmle,1.0,1.0,0.05,5000,1.0,1.0,3
2,21,1,detmle,1.0,1.0,0.05,5000,1.0,1.0,4
2,22,1,detmle,1.0,1.0,0.05,5000,1.0,1.0,3
2,23,1,detmle,1.0,1.0,0.05,5000,1.0,1.0,3
2,24,1,detmle,1.0,1.0,0.05,5000,1.0,1.0,3
2,25,1,detmle,1.0,1.0,0.05,5000,1.0,1.0,3
2,26,1,detmle,1.0,1.0,0.05,5000,1.0,1.0,3
2,27,1,detmle,1.0,1.0,0.05,5000,1.0,1.0,4
2,28,1,detmle,1.0,1.0,0.05,5000,1.0,1.0,3
2,29,1,detmle,1.0,1.0,0.05,5000,1.0,1.0,2
2,30,1,detmle,1.0,1.0,0.05,5000,1.0,1.0,3
2,31,1,detmle,1.0,1.0,0.05,5000,1.0,1.0,3
2,32,1,detmle,1.0,1.0,0.05,5000,1.0,1.0,3
2,33,1,detmle,1.0,1.0,0.05,5000,1.0,1.0,3
2,34,1,detmle,1.0,1.0,0.05,5000,1.0,1.0,3
2,35,1,detmle,1.0,1.0,0.05,5000,1.0,1.0,3
2,36,1,detmle,1.0,1.0,0.05,5000,1.0,1.0,4
2,37,1,detmle,1.0,1.0,0.05,5000,1.0,1.0,3
2,38,1,detmle,1.0,1.0,0.05,5000,1.0,1.0,3
2,39,1,detmle,1.0,1.0,0.05,5000,1.0,1.0,3
2,40,1,detmle,1.0,1.0,0.05,5000,1.0,1.0,2
2,41,1,detmle,1.0,1.0,0.05,5000,1.0,1.0,2
2,42,1,detmle,1.0,1.0,0.05,5000,1.0,1.0,3
2,43,1,detmle,1.0,1.0,0.05,5000,1.0,1.0,4
2,44,1,detmle,1.0,1.0,0.05,5000,1.0,1.0,3
2,45,1,detmle,1.0,1.0,0.05,5000,1.0,1.0,4
2,46,1,detmle,1.0,1.0,0.05,5000,1.0,1.0,2
2,47,1,detmle,1.0,1.0,0.05,5000,1.0,1.0,3
2,48,1,detmle,1.0,1.0,0.05,5000,1.0,1.0,2
2,49,1,detmle,1.0,1.0,0.05,5000,1.0,1.0,4
2,50,1,detmle,1.0,1.0,0.05,5000,1.0,1.0,3
2,51,1,detmle,1.0,1.0,0.05,5000,1.0,1.0,2
2,52,1,detmle,1.0,1.0,0.05,5000,1.0,1.0,2
2,53,1,detmle,1.0,1.0,0.05,5000,1.0,1.0,4
2,54,1,detmle,1.0,1.0,0.05,5000,1.0,1.0,3
2,55,1,detmle,1.0,1.0,0.05,5000,1.0,1.0,4
2,56,1,detmle,1.0,1.0,0.05,5000,1.0,1.0,3
2,57,1,detmle,1.0,1.0,0.05,5000,1.0,1.0,3
2,58,1,detmle,1.0,1.0,0.05,5000,1.0,1.0,3
2,59,1,detmle,1.0,1.0,0.05,5000,1.0,1.0,2
2,60,1,detmle,1.0,1.0,0.05,5000,1.0,1.0,2
2,61,1,detmle,1.0,1.0,0.05,5000,1.0,1.0,3
2,62,1,detmle,1.0,1.0,0.05,5000,1.0,1.0,3
2,63,1,detmle,1.0,1.0,0.05,5000,1.0,1.0,4
2,64,1,detmle,1.0,1.0,0.05,5000,1.0,1.0,2
2,65,1,detmle,1.0,1.0,0.05,5000,1.0,1.0,3
2,66,1,detmle,1.0,1.0,0.05,5000,1.0,1.0,3
2,67,1,detmle,1.0,1.0,0.05,5000,1.0,1.0,3
2,68,1,detmle,1.0,1.0,0.05,5000,1.0,1.0,3
2,69,1,detmle,1.0,1.0,0.05,5000,1.0,1.0,3
2,70,1,detmle,1.0,1.0,0.05,5000,1.0,1.0,2
2,71,1,detmle,1.0,1.0,0.05,5000,1.0,1.0,2
2,72,1,detmle,1.0,1.0,0.05,5000,1.0,1.0,4
2,73,1,detmle,1.0,1.0,0.05,5000,1.0,1.0,1
2,74,1,detmle,1.0,1.0,0.05,5000,1.0,1.0,2
2,75,1,detmle,1.0,1.0,0.05,5000,1.0,1.0,3
2,76,1,detmle,1.0,1.0,0.05,5000,1.0,1.0,3
2,77,1,detmle,1.0,1.0,0.05,5000,1.0,1.0,2
2,78,1,detmle,1.0,1.0,0.05,5000,1.0,1.0,2
2,79,1,detmle,1.0,1.0,0.05,5000,1.0,1.0,4
2,80,1,detmle,1.0,1.0,0.05,5000,1.0,1.0,3
2,81,1,detmle,1.0,1.0,0.05,5000,1.0,1.0,2
2,82,1,detmle,1.0,1.0,0.05,5000,1.0,1.0,3
2,83,1,detmle,1.0,1.0,0.05,5000,1.0,1.0,2
2,84,1,detmle,1.0,1.0,0.05,5000,1.0,1.0,3
2,85,1,detmle,1.0,1.0,0.05,5000,1.0,1.0,3
2,86,1,detmle,1.0,1.0,0.05,5000,1.0,1.0,3
2,87,1,detmle,1.0,1.0,0.05,5000,1.0,1.0,3
2,88,1,detmle,1.0,1.0,0.05,5000,1.0,1.0,2
2,89,1,detmle,1.0,1.0,0.05,5000,1.0,1.0,3
2,90,1,detmle,1.0,1.0,0.05,5000,1.0,1.0,3
2,91,1,detmle,1.0,1.0,0.05,5000,1.0,1.0,3
2,92,1,detmle,1.0,1.0,0.05,5000,1.0,1.0,1
2,93,1,detmle,1.0,1.0,0.05,5000,1.0,1.0,3
2,94,1,detmle,1.0,1.0,0.05,5000,1.0,1.0,4
2,95,1,detmle,1.0,1.0,0.05,5000,1.0,1.0,3
2,96,1,detmle,1.0,1.0,0.05,5000,1.0,1.0,3
2,97,1,detmle,1.0,1.0,0.05,5000,1.0,1.0,3
2,98,1,detmle,1.0,1.0,0.05,5000,1.0,1.0,4
2,99,1,detmle,1.0,1.0,0.05,5000,1.0,1.0,3
2,100,1,detmle,1.0,1.0,0.05,5000,1.0,1.0,3
2,101,1,detmle,1.0,1.0,0.05,5000,1.0,1.0,3
2,102,1,detmle,1.0,1.0,0.05,5000,1.0,1.0,3
2,103,1,detmle,1.0,1.0,0.05,5000,1.0,1.0,4
2,104,1,detmle,1.0,1.0,0.05,5000,1.0,1.0,4
2,105,1,detmle,1.0,1.0,0.05,5000,1.0,1.0,3
2,106,1,detmle,1.0,1.0,0.05,5000,1.0,1.0,3
2,107,1,detmle,1.0,1.0,0.05,5000,1.0,1.0,1
2,108,1,detmle,1.0,1.0,0.05,5000,1.0,1.0,2
2,109,1,detmle,1.0,1.0,0.05,5000,1.0,1.0,3
2,110,1,detmle,1.0,1.0,0.05,5000,1.0,1.0,4
2,111,1,detmle,1.0,1.0,0.05,5000,1.0,1.0,3
2,112,1,detmle,1.0,1.0,0.05,5000,1.0,1.0,4
2,113,1,detmle,1.0,1.0,0.05,5000,1.0,1.0,3
2,114,1,detmle,1.0,1.0,0.05,5000,1.0,1.0,2
2,115,1,detmle,1.0,1.0,0.05,5000,1.0,1.0,4
2,116,1,detmle,1.0,1.0,0.05,5000,1.0,1.0,3
2,117,1,detmle,1.0,1.0,0.05,5000,1.0,1.0,3
2,118,1,detmle,1.0,1.0,0.05,5000,1.0,1.0,3
2,119,1,detmle,1.0,1.0,0.05,5000,1.0,1.0,3
2,120,1,detmle,1.0,1.0,0.05,5000,1.0,1.0,3
2,121,1,detmle,1.0,1.0,0.05,5000,1.0,1.0,3
2,122,1,detmle,1.0,1.0,0.05,5000,1.0,1.0,3
2,123,1,detmle,1.0,1.0,0.05,5000,1.0,1.0,2
2,124,1,detmle,1.0,1.0,0.05,5000,1.0,1.0,4
2,125,1,detmle,1.0,1.0,0.05,5000,1.0,1.0,3
2,126,1,detmle,1.0,1.0,0.05,5000,1.0,1.0,4
2,127,1,detmle,1.0,1.0,0.05,5000,1.0,1.0,3
2,128,1,detmle,1.0,1.0,0.05,5000,1.0,1.0,3
2,129,1,detmle,1.0,1.0,0.05,5000,1.0,1.0,3
2,130,1,detmle,1.0,1.0,0.05,5000,1.0,1.0,2
2,131,1,detmle,1.0,1.0,0.05,5000,1.0,1.0,2
2,132,1,detmle,1.0,1.0,0.05,5000,1.0,1.0,4
2,133,1,detmle,1.0,1.0,0.05,5000,1.0,1.0,2
2,134,1,detmle,1.0,1.0,0.05,5000,1.0,1.0,4
2,135,1,detmle,1.0,1.0,0.05,5000,1.0,1.0,3
2,136,1,detmle,1.0,1.0,0.05,5000,1.0,1.0,2
2,137,1,detmle,1.0,1.0,0.05,5000,1.0,1.0,2
2,138,1,detmle,1.0,1.0,0.05,5000,1.0,1.0,3
2,139,1,detmle,1.0,1.0,0.05,5000,1.0,1.0,2
2,140,1,detmle,1.0,1.0,0.05,5000,1.0,1.0,3
2,141,1,detmle,1.0,1.0,0.05,5000,1.0,1.0,3
2,142,1,detmle,1.0,1.0,0.05,5000,1.0,1.0,2
2,143,1,detmle,1.0,1.0,0.05,5000,1.0,1.0,3
2,144,1,detmle,1.0,1.0,0.05,5000,1.0,1.0,2
2,145,1,detmle,1.0,1.0,0.05,5000,1.0,1.0,1
2,146,1,detmle,1.0,1.0,0.05,5000,1.0,1.0,3
2,147,1,detmle,1.0,1.0,0.05,5000,1.0,1.0,2
2,148,1,detmle,1.0,1.0,0.05,5000,1.0,1.0,3
2,149,1,detmle,1.0,1.0,0.05,5000,1.0,1.0,2
2,150,1,detmle,1.0,1.0,0.05,5000,1.0,1.0,3
2,151,1,detmle,1.0,1.0,0.05,5000,1.0,1.0,2
2,152,1,detmle,1.0,1.0,0.05,5000,1.0,1.0,4
2,153,1,detmle,1.0,1.0,0.05,5000,1.0,1.0,2
2,154,1,detmle,1.0,1.0,0.05,5000,1.0,1.0,2
2,155,1,detmle,1.0,1.0,0.05,5000,1.0,1.0,3
2,156,1,detmle,1.0,1.0,0.05,5000,1.0,1.0,3
2,157,1,detmle,1.0,1.0,0.05,5000,1.0,1.0,4
2,158,1,detmle,1.0,1.0,0.05,5000,1.0,1.0,2
2,159,1,detmle,1.0,1.0,0.05,5000,1.0,1.0,3
2,160,1,detmle,1.0,1.0,0.05,5000,1.0,1.0,4
2,161,1,detmle,1.0,1.0,0.05,5000,1.0,1.0,3
2,162,1,detmle,1.0,1.0,0.05,5000,1.0,1.0,3
2,163,1,detmle,1.0,1.0,0.05,5000,1.0,1.0,1
2,164,1,detmle,1.0,1.0,0.05,5000,1.0,1.0,3
2,165,1,detmle,1.0,1.0,0.05,5000,1.0,1.0,2
2,166,1,detmle,1.0,1.0,0.05,5000,1.0,1.0,3
2,167,1,detmle,1.0,1.0,0.05,5000,1.0,1.0,3
2,168,1,detmle,1.0,1.0,0.05,5000,1.0,1.0,3
2,169,1,detmle,1.0,1.0,0.05,5000,1.0,1.0,4
2,170,1,detmle,1.0,1.0,0.05,5000,1.0,1.0,3
2,171,1,detmle,1.0,1.0,0.05,5000,1.0,1.0,1
2,172,1,detmle,1.0,1.0,0.05,5000,1.0,1.0,4
2,173,1,detmle,1.0,1.0,0.05,5000,1.0,1.0,2
2,174,1,detmle,1.0,1.0,0.05,5000,1.0,1.0,3
2,175,1,detmle,1.0,1.0,0.05,5000,1.0,1.0,3
2,176,1,detmle,1.0,1.0,0.05,5000,1.0,1.0,2
2,177,1,detmle,1.0,1.0,0.05,5000,1.0,1.0,2
2,178,1,detmle,1.0,1.0,0.05,5000,1.0,1.0,3
2,179,1,detmle,1.0,1.0,0.05,5000,1.0,1.0,2
2,180,1,detmle,1.0,1.0,0.05,5000,1.0,1.0,3
2,181,1,detmle,1.0,1.0,0.05,5000,1.0,1.0,2
2,182,1,detmle,1.0,1.0,0.05,5000,1.0,1.0,3
2,183,1,detmle,1.0,1.0,0.05,5000,1.0,1.0,3
2,184,1,detmle,1.0,1.0,0.05,5000,1.0,1.0,2
2,185,1,detmle,1.0,1.0,0.05,5000,1.0,1.0,3
2,186,1,detmle,1.0,1.0,0.05,5000,1.0,1.0,3
2,187,1,detmle,1.0,1.0,0.05,5000,1.0,1.0,3
2,188,1,detmle,1.0,1.0,0.05,5000,1.0,1.0,3
2,189,1,detmle,1.0,1.0,0.05,5000,1.0,1.0,4
2,190,1,detmle,1.0,1.0,0.05,5000,1.0,1.0,3
2,191,1,detmle,1.0,1.0,0.05,5000,1.0,1.0,4
2,192,1,detmle,1.0,1.0,0.05,5000,1.0,1.0,3
2,193,1,detmle,1.0,1.0,0.05,5000,1.0,1.0,4
2,194,1,detmle,1.0,1.0,0.05,5000,1.0,1.0,4
2,195,1,detmle,1.0,1.0,0.05,5000,1.0,1.0,3
2,196,1,detmle,1.0,1.0,0.05,5000,1.0,1.0,3
2,197,1,detmle,1.0,1.0,0.05,5000,1.0,1.0,3
2,198,1,detmle,1.0,1.0,0.05,5000,1.0,1.0,2
2,199,1,detmle,1.0,1.0,0.05,5000,1.0,1.0,4
2,200,1,detmle,1.0,1.0,0.05,5000,1.0,1.0,3
3,1,1,detmle,1.0,1.0,0.05,5000,1.0,1.0,3
3,2,1,detmle,1.0,1.0,0.05,5000,1.0,1.0,3
3,3,1,detmle,1.0,1.0,0.05,5000,1.0,1.0,3
3,4,1,detmle,1.0,1.0,0.05,5000,1.0,1.0,3
3,5,1,detmle,1.0,1.0,0.05,5000,1.0,1.0,3
3,6,1,detmle,1.0,1.0,0.05,5000,1.0,1.0,3
3,7,1,detmle,1.0,1.0,0.05,5000,1.0,1.0,4
3,8,1,detmle,1.0,1.0,0.05,5000,1.0,1.0,3
3,9,1,detmle,1.0,1.0,0.05,5000,1.0,1.0,3
3,10,1,detmle,1.0,1.0,0.05,5000,1.0,1.0,2
3,11,1,detmle,1.0,1.0,0.05,5000,1.0,1.0,3
3,12,1,detmle,1.0,1.0,0.05,5000,1.0,1.0,3
3,13,1,detmle,1.0,1.0,0.05,5000,1.0,1.0,3
3,14,1,detmle,1.0,1.0,0.05,5000,1.0,1.0,3
3,15,1,detmle,1.0,1.0,0.05,5000,1.0,1.0,3
3,16,1,detmle,1.0,1.0,0.05,5000,1.0,1.0,4
3,17,1,detmle,1.0,1.0,0.05,5000,1.0,1.0,3
3,18,1,detmle,1.0,1.0,0.05,5000,1.0,1.0,3
3,19,1,detmle,1.0,1.0,0.05,5000,1.0,1.0,3
3,20,1,detmle,1.0,1.0,0.05,5000,1.0,1.0,3
3,21,1,detmle,1.0,1.0,0.05,5000,1.0,1.0,3
3,22,1,detmle,1.0,1.0,0.05,5000,1.0,1.0,3
3,23,1,detmle,1.0,1.0,0.05,5000,1.0,1.0,3
3,24,1,detmle,1.0,1.0,0.05,5000,1.0,1.0,3
3,25,1,detmle,1.0,1.0,0.05,5000,1.0,1.0,3
3,26,1,detmle,1.0,1.0,0.05,5000,1.0,1.0,3
3,27,1,detmle,1.0,1.0,0.05,5000,1.0,1.0,3
3,28,1,detmle,1.0,1.0,0.05,5000,1.0,1.0,3
3,29,1,detmle,1.0,1.0,0.05,5000,1.0,1.0,2
3,30,1,detmle,1.0,1.0,0.05,5000,1.0,1.0,3
3,31,1,detmle,1.0,1.0,0.05,5000,1.0,1.0,3
3,32,1,detmle,1.0,1.0,0.05,5000,1.0,1.0,3
3,33,1,detmle,1.0,1.0,0.05,5000,1.0,1.0,3
3,34,1,detmle,1.0,1.0,0.05,5000,1.0,1.0,3
3,35,1,detmle,1.0,1.0,0.05,5000,1.0,1.0,3
3,36,1,detmle,1.0,1.0,0.05,5000,1.0,1.0,3
3,37,1,detmle,1.0,1.0,0.05,5000,1.0,1.0,3
3,38,1,detmle,1.0,1.0,0.05,5000,1.0,1.0,3
3,39,1,detmle,1.0,1.0,0.05,5000,1.0,1.0,3
3,40,1,detmle,1.0,1.0,0.05,5000,1.0,1.0,3
3,41,1,detmle,1.0,1.0,0.05,5000,1.0,1.0,3
3,42,1,detmle,1.0,1.0,0.05,5000,1.0,1.0,3
3,43,1,detmle,1.0,1.0,0.05,5000,1.0,1.0,2
3,44,1,detmle,1.0,1.0,0.05,5000,1.0,1.0,3
3,45,1,detmle,1.0,1.0,0.05,5000,1.0,1.0,3
3,46,1,detmle,1.0,1.0,0.05,5000,1.0,1.0,3
3,47,1,detmle,1.0,1.0,0.05,5000,1.0,1.0,4
3,48,1,detmle,1.0,1.0,0.05,5000,1.0,1.0,3
3,49,1,detmle,1.0,1.0,0.05,5000,1.0,1.0,3
3,50,1,detmle,1.0,1.0,0.05,5000,1.0,1.0,3
3,51,1,detmle,1.0,1.0,0.05,5000,1.0,1.0,3
3,52,1,detmle,1.0,1.0,0.05,5000,1.0,1.0,2
3,53,1,detmle,1.0,1.0,0.05,5000,1.0,1.0,3
3,54,1,detmle,1.0,1.0,0.05,5000,1.0,1.0,3
3,55,1,detmle,1.0,1.0,0.05,5000,1.0,1.0,4
3,56,1,detmle,1.0,1.0,0.05,5000,1.0,1.0,3
3,57,1,detmle,1.0,1.0,0.05,5000,1.0,1.0,4
3,58,1,detmle,1.0,1.0,0.05,5000,1.0,1.0,3
3,59,1,detmle,1.0,1.0,0.05,5000,1.0,1.0,3
3,60,1,detmle,1.0,1.0,0.05,5000,1.0,1.0,3
3,61,1,detmle,1.0,1.0,0.05,5000,1.0,1.0,3
3,62,1,detmle,1.0,1.0,0.05,5000,1.0,1.0,3
3,63,1,detmle,1.0,1.0,0.05,5000,1.0,1.0,3
3,64,1,detmle,1.0,1.0,0.05,5000,1.0,1.0,3
3,65,1,detmle,1.0,1.0,0.05,5000,1.0,1.0,3
3,66,1,detmle,1.0,1.0,0.05,5000,1.0,1.0,4
3,67,1,detmle,1.0,1.0,0.05,5000,1.0,1.0,3
3,68,1,detmle,1.0,1.0,0.05,5000,1.0,1.0,3
3,69,1,detmle,1.0,1.0,0.05,5000,1.0,1.0,3
3,70,1,detmle,1.0,1.0,0.05,5000,1.0,1.0,3
3,71,1,detmle,1.0,1.0,0.05,5000,1.0,1.0,3
3,72,1,detmle,1.0,1.0,0.05,5000,1.0,1.0,3
3,73,1,detmle,1.0,1.0,0.05,5000,1.0,1.0,3
3,74,1,detmle,1.0,1.0,0.05,5000,1.0,1.0,3
3,75,1,detmle,1.0,1.0,0.05,5000,1.0,1.0,3
3,76,1,detmle,1.0,1.0,0.05,5000,1.0,1.0,3
3,77,1,detmle,1.0,1.0,0.05,5000,1.0,1.0,3
3,78,1,detmle,1.0,1.0,0.05,5000,1.0,1.0,2
3,79,1,detmle,1.0,1.0,0.05,5000,1.0,1.0,4
3,80,1,detmle,1.0,1.0,0.05,5000,1.0,1.0,3
3,81,1,detmle,1.0,1.0,0.05,5000,1.0,1.0,2
3,82,1,detmle,1.0,1.0,0.05,5000,1.0,1.0,4
3,83,1,detmle,1.0,1.0,0.05,5000,1.0,1.0,4
3,84,1,detmle,1.0,1.0,0.05,5000,1.0,1.0,3
3,85,1,detmle,1.0,1.0,0.05,5000,1.0,1.0,3
3,86,1,detmle,1.0,1.0,0.05,5000,1.0,1.0,3
3,87,1,detmle,1.0,1.0,0.05,5000,1.0,1.0,4
3,88,1,detmle,1.0,1.0,0.05,5000,1.0,1.0,3
3,89,1,detmle,1.0,1.0,0.05,5000,1.0,1.0,3
3,90,1,detmle,1.0,1.0,0.05,5000,1.0,1.0,3
3,91,1,detmle,1.0,1.0,0.05,5000,1.0,1.0,3
3,92,1,detmle,1.0,1.0,0.05,5000,1.0,1.0,3
3,93,1,detmle,1.0,1.0,0.05,5000,1.0,1.0,3
3,94,1,detmle,1.0,1.0,0.05,5000,1.0,1.0,3
3,95,1,detmle,1.0,1.0,0.05,5000,1.0,1.0,3
3,96,1,detmle,1.0,1.0,0.05,5000,1.0,1.0,3
3,97,1,detmle,1.0,1.0,0.05,5000,1.0,1.0,3
3,98,1,detmle,1.0,1.0,0.05,5000,1.0,1.0,3
3,99,1,detmle,1.0,1.0,0.05,5000,1.0,1.0,3
3,100,1,detmle,1.0,1.0,0.05,5000,1.0,1.0,3
3,101,1,detmle,1.0,1.0,0.05,5000,1.0,1.0,3
3,102,1,detmle,1.0,1.0,0.05,5000,1.0,1.0,3
3,103,1,detmle,1.0,1.0,0.05,5000,1.0,1.0,3
3,104,1,detmle,1.0,1.0,0.05,5000,1.0,1.0,4
3,105,1,detmle,1.0,1.0,0.05,5000,1.0,1.0,3
3,106,1,detmle,1.0,1.0,0.05,5000,1.0,1.0,3
3,107,1,detmle,1.0,1.0,0.05,5000,1.0,1.0,3
3,108,1,detmle,1.0,1.0,0.05,5000,1.0,1.0,3
3,109,1,detmle,1.0,1.0,0.05,5000,1.0,1.0,3
3,110,1,detmle,1.0,1.0,0.05,5000,1.0,1.0,3
3,111,1,detmle,1.0,1.0,0.05,5000,1.0,1.0,3
3,112,1,detmle,1.0,1.0,0.05,5000,1.0,1.0,4
3,113,1,detmle,1.0,1.0,0.05,5000,1.0,1.0,3
3,114,1,detmle,1.0,1.0,0.05,5000,1.0,1.0,3
3,115,1,detmle,1.0,1.0,0.05,5000,1.0,1.0,4
3,116,1,detmle,1.0,1.0,0.05,5000,1.0,1.0,3
3,117,1,detmle,1.0,1.0,0.05,5000,1.0,1.0,3
3,118,1,detmle,1.0,1.0,0.05,5000,1.0,1.0,2
3,119,1,detmle,1.0,1.0,0.05,5000,1.0,1.0,3
3,120,1,detmle,1.0,1.0,0.05,5000,1.0,1.0,3
3,121,1,detmle,1.0,1.0,0.05,5000,1.0,1.0,4
3,122,1,detmle,1.0,1.0,0.05,5000,1.0,1.0,3
3,123,1,detmle,1.0,1.0,0.05,5000,1.0,1.0,3
3,124,1,detmle,1.0,1.0,0.05,5000,1.0,1.0,3
3,125,1,detmle,1.0,1.0,0.05,5000,1.0,1.0,3
3,126,1,detmle,1.0,1.0,0.05,5000,1.0,1.0,3
3,127,1,detmle,1.0,1.0,0.05,5000,1.0,1.0,3
3,128,1,detmle,1.0,1.0,0.05,5000,1.0,1.0,3
3,129,1,detmle,1.0,1.0,0.05,5000,1.0,1.0,4
3,130,1,detmle,1.0,1.0,0.05,5000,1.0,1.0,3
3,131,1,detmle,1.0,1.0,0.05,5000,1.0,1.0,3
3,132,1,detmle,1.0,1.0,0.05,5000,1.0,1.0,4
3,133,1,detmle,1.0,1.0,0.05,5000,1.0,1.0,3
3,134,1,detmle,1.0,1.0,0.05,5000,1.0,1.0,3
3,135,1,detmle,1.0,1.0,0.05,5000,1.0,1.0,3
3,136,1,detmle,1.0,1.0,0.05,5000,1.0,1.0,3
3,137,1,detmle,1.0,1.0,0.05,5000,1.0,1.0,3
3,138,1,detmle,1.0,1.0,0.05,5000,1.0,1.0,3
3,139,1,detmle,1.0,1.0,0.05,5000,1.0,1.0,2
3,140,1,detmle,1.0,1.0,0.05,5000,1.0,1.0,3
3,141,1,detmle,1.0,1.0,0.05,5000,1.0,1.0,3
3,142,1,detmle,1.0,1.0,0.05,5000,1.0,1.0,3
3,143,1,detmle,1.0,1.0,0.05,5000,1.0,1.0,3
3,144,1,detmle,1.0,1.0,0.05,5000,1.0,1.0,2
3,145,1,detmle,1.0,1.0,0.05,5000,1.0,1.0,2
3,146,1,detmle,1.0,1.0,0.05,5000,1.0,1.0,3
3,147,1,detmle,1.0,1.0,0.05,5000,1.0,1.0,3
3,148,1,detmle,1.0,1.0,0.05,5000,1.0,1.0,3
3,149,1,detmle,1.0,1.0,0.05,5000,1.0,1.0,3
3,150,1,detmle,1.0,1.0,0.05,5000,1.0,1.0,3
3,151,1,detmle,1.0,1.0,0.05,5000,1.0,1.0,3
3,152,1,detmle,1.0,1.0,0.05,5000,1.0,1.0,3
3,153,1,detmle,1.0,1.0,0.05,5000,1.0,1.0,3
3,154,1,detmle,1.0,1.0,0.05,5000,1.0,1.0,3
3,155,1,detmle,1.0,1.0,0.05,5000,1.0,1.0,3
3,156,1,detmle,1.0,1.0,0.05,5000,1.0,1.0,3
3,157,1,detmle,1.0,1.0,0.05,5000,1.0,1.0,3
3,158,1,detmle,1.0,1.0,0.05,5000,1.0,1.0,3
3,159,1,detmle,1.0,1.0,0.05,5000,1.0,1.0,3
3,160,1,detmle,1.0,1.0,0.05,5000,1.0,1.0,3
3,161,1,detmle,1.0,1.0,0.05,5000,1.0,1.0,3
3,162,1,detmle,1.0,1.0,0.05,5000,1.0,1.0,3
3,163,1,detmle,1.0,1.0,0.05,5000,1.0,1.0,1
3,164,1,detmle,1.0,1.0,0.05,5000,1.0,1.0,3
3,165,1,detmle,1.0,1.0,0.05,5000,1.0,1.0,3
3,166,1,detmle,1.0,1.0,0.05,5000,1.0,1.0,3
3,167,1,detmle,1.0,1.0,0.05,5000,1.0,1.0,4
3,168,1,detmle,1.0,1.0,0.05,5000,1.0,1.0,4
3,169,1,detmle,1.0,1.0,0.05,5000,1.0,1.0,3
3,170,1,detmle,1.0,1.0,0.05,5000,1.0,1.0,2
3,171,1,detmle,1.0,1.0,0.05,5000,1.0,1.0,3
3,172,1,detmle,1.0,1.0,0.05,5000,1.0,1.0,3
3,173,1,detmle,1.0,1.0,0.05,5000,1.0,1.0,4
3,174,1,detmle,1.0,1.0,0.05,5000,1.0,1.0,3
3,175,1,detmle,1.0,1.0,0.05,5000,1.0,1.0,3
3,176,1,detmle,1.0,1.0,0.05,5000,1.0,1.0,3
3,177,1,detmle,1.0,1.0,0.05,5000,1.0,1.0,3
3,178,1,detmle,1.0,1.0,0.05,5000,1.0,1.0,3
3,179,1,detmle,1.0,1.0,0.05,5000,1.0,1.0,3
3,180,1,detmle,1.0,1.0,0.05,5000,1.0,1.0,3
3,181,1,detmle,1.0,1.0,0.05,5000,1.0,1.0,3
3,182,1,detmle,1.0,1.0,0.05,5000,1.0,1.0,3
3,183,1,detmle,1.0,1.0,0.05,5000,1.0,1.0,3
3,184,1,detmle,1.0,1.0,0.05,5000,1.0,1.0,3
3,185,1,detmle,1.0,1.0,0.05,5000,1.0,1.0,3
3,186,1,detmle,1.0,1.0,0.05,5000,1.0,1.0,4
3,187,1,detmle,1.0,1.0,0.05,5000,1.0,1.0,3
3,188,1,detmle,1.0,1.0,0.05,5000,1.0,1.0,3
3,189,1,detmle,1.0,1.0,0.05,5000,1.0,1.0,3
3,190,1,detmle,1.0,1.0,0.05,5000,1.0,1.0,3
3,191,1,detmle,1.0,1.0,0.05,5000,1.0,1.0,3
3,192,1,detmle,1.0,1.0,0.05,5000,1.0,1.0,3
3,193,1,detmle,1.0,1.0,0.05,5000,1.0,1.0,3
3,194,1,detmle,1.0,1.0,0.05,5000,1.0,1.0,3
3,195,1,detmle,1.0,1.0,0.05,5000,1.0,1.0,3
3,196,1,detmle,1.0,1.0,0.05,5000,1.0,1.0,3
3,197,1,detmle,1.0,1.0,0.05,5000,1.0,1.0,3
3,198,1,detmle,1.0,1.0,0.05,5000,1.0,1.0,3
3,199,1,detmle,1.0,1.0,0.05,5000,1.0,1.0,3
3,200,1,detmle,1.0,1.0,0.05,5000,1.0,1.0,3
4,1,1,detmle,1.0,1.0,0.05,5000,1.0,1.0,3
4,2,1,detmle,1.0,1.0,0.05,5000,1.0,1.0,3
4,3,1,detmle,1.0,1.0,0.05,5000,1.0,1.0,4
4,4,1,detmle,1.0,1.0,0.05,5000,1.0,1.0,3
4,5,1,detmle,1.0,1.0,0.05,5000,1.0,1.0,3
4,6,1,detmle,1.0,1.0,0.05,5000,1.0,1.0,3
4,7,1,detmle,1.0,1.0,0.05,5000,1.0,1.0,3
4,8,1,detmle,1.0,1.0,0.05,5000,1.0,1.0,4
4,9,1,detmle,1.0,1.0,0.05,5000,1.0,1.0,4
4,10,1,detmle,1.0,1.0,0.05,5000,1.0,1.0,3
4,11,1,detmle,1.0,1.0,0.05,5000,1.0,1.0,4
4,12,1,detmle,1.0,1.0,0.05,5000,1.0,1.0,4
4,13,1,detmle,1.0,1.0,0.05,5000,1.0,1.0,4
4,14,1,detmle,1.0,1.0,0.05,5000,1.0,1.0,4
4,15,1,detmle,1.0,1.0,0.05,5000,1.0,1.0,4
4,16,1,detmle,1.0,1.0,0.05,5000,1.0,1.0,4
4,17,1,detmle,1.0,1.0,0.05,5000,1.0,1.0,4
4,18,1,detmle,1.0,1.0,0.05,5000,1.0,1.0,4
4,19,1,detmle,1.0,1.0,0.05,5000,1.0,1.0,3
4,20,1,detmle,1.0,1.0,0.05,5000,1.0,1.0,3
4,21,1,detmle,1.0,1.0,0.05,5000,1.0,1.0,4
4,22,1,detmle,1.0,1.0,0.05,5000,1.0,1.0,4
4,23,1,detmle,1.0,1.0,0.05,5000,1.0,1.0,4
4,24,1,detmle,1.0,1.0,0.05,5000,1.0,1.0,4
4,25,1,detmle,1.0,1.0,0.05,5000,1.0,1.0,3
4,26,1,detmle,1.0,1.0,0.05,5000,1.0,1.0,3
4,27,1,detmle,1.0,1.0,0.05,5000,1.0,1.0,4
4,28,1,detmle,1.0,1.0,0.05,5000,1.0,1.0,3
4,29,1,detmle,1.0,1.0,0.05,5000,1.0,1.0,4
4,30,1,detmle,1.0,1.0,0.05,5000,1.0,1.0,4
4,31,1,detmle,1.0,1.0,0.05,5000,1.0,1.0,4
4,32,1,detmle,1.0,1.0,0.05,5000,1.0,1.0,4
4,33,1,detmle,1.0,1.0,0.05,5000,1.0,1.0,3
4,34,1,detmle,1.0,1.0,0.05,5000,1.0,1.0,4
4,35,1,detmle,1.0,1.0,0.05,5000,1.0,1.0,4
4,36,1,detmle,1.0,1.0,0.05,5000,1.0,1.0,4
4,37,1,detmle,1.0,1.0,0.05,5000,1.0,1.0,3
4,38,1,detmle,1.0,1.0,0.05,5000,1.0,1.0,3
4,39,1,detmle,1.0,1.0,0.05,5000,1.0,1.0,3
4,40,1,detmle,1.0,1.0,0.05,5000,1.0,1.0,3
4,41,1,detmle,1.0,1.0,0.05,5000,1.0,1.0,4
4,42,1,detmle,1.0,1.0,0.05,5000,1.0,1.0,4
4,43,1,detmle,1.0,1.0,0.05,5000,1.0,1.0,3
4,44,1,detmle,1.0,1.0,0.05,5000,1.0,1.0,4
4,45,1,detmle,1.0,1.0,0.05,5000,1.0,1.0,4
4,46,1,detmle,1.0,1.0,0.05,5000,1.0,1.0,4
4,47,1,detmle,1.0,1.0,0.05,5000,1.0,1.0,3
4,48,1,detmle,1.0,1.0,0.05,5000,1.0,1.0,3
4,49,1,detmle,1.0,1.0,0.05,5000,1.0,1.0,4
4,50,1,detmle,1.0,1.0,0.05,5000,1.0,1.0,4
4,51,1,detmle,1.0,1.0,0.05,5000,1.0,1.0,4
4,52,1,detmle,1.0,1.0,0.05,5000,1.0,1.0,3
4,53,1,detmle,1.0,1.0,0.05,5000,1.0,1.0,4
4,54,1,detmle,1.0,1.0,0.05,5000,1.0,1.0,4
4,55,1,detmle,1.0,1.0,0.05,5000,1.0,1.0,3
4,56,1,detmle,1.0,1.0,0.05,5000,1.0,1.0,3
4,57,1,detmle,1.0,1.0,0.05,5000,1.0,1.0,3
4,58,1,detmle,1.0,1.0,0.05,5000,1.0,1.0,3
4,59,1,detmle,1.0,1.0,0.05,5000,1.0,1.0,4
4,60,1,detmle,1.0,1.0,0.05,5000,1.0,1.0,3
4,61,1,detmle,1.0,1.0,0.05,5000,1.0,1.0,3
4,62,1,detmle,1.0,1.0,0.05,5000,1.0,1.0,4
4,63,1,detmle,1.0,1.0,0.05,5000,1.0,1.0,3
4,64,1,detmle,1.0,1.0,0.05,5000,1.0,1.0,4
4,65,1,detmle,1.0,1.0,0.05,5000,1.0,1.0,4
4,66,1,detmle,1.0,1.0,0.05,5000,1.0,1.0,3
4,67,1,detmle,1.0,1.0,0.05,5000,1.0,1.0,4
4,68,1,detmle,1.0,1.0,0.05,5000,1.0,1.0,4
4,69,1,detmle,1.0,1.0,0.05,5000,1.0,1.0,3
4,70,1,detmle,1.0,1.0,0.05,5000,1.0,1.0,3
4,71,1,detmle,1.0,1.0,0.05,5000,1.0,1.0,4
4,72,1,detmle,1.0,1.0,0.05,5000,1.0,1.0,4
4,73,1,detmle,1.0,1.0,0.05,5000,1.0,1.0,3
4,74,1,detmle,1.0,1.0,0.05,5000,1.0,1.0,3
4,75,1,detmle,1.0,1.0,0.05,5000,1.0,1.0,3
4,76,1,detmle,1.0,1.0,0.05,5000,1.0,1.0,4
4,77,1,detmle,1.0,1.0,0.05,5000,1.0,1.0,3
4,78,1,detmle,1.0,1.0,0.05,5000,1.0,1.0,2
4,79,1,detmle,1.0,1.0,0.05,5000,1.0,1.0,3
4,80,1,detmle,1.0,1.0,0.05,5000,1.0,1.0,4
4,81,1,detmle,1.0,1.0,0.05,5000,1.0,1.0,3
4,82,1,detmle,1.0,1.0,0.05,5000,1.0,1.0,4
4,83,1,detmle,1.0,1.0,0.05,5000,1.0,1.0,3
4,84,1,detmle,1.0,1.0,0.05,5000,1.0,1.0,4
4,85,1,detmle,1.0,1.0,0.05,5000,1.0,1.0,4
4,86,1,detmle,1.0,1.0,0.05,5000,1.0,1.0,4
4,87,1,detmle,1.0,1.0,0.05,5000,1.0,1.0,3
4,88,1,detmle,1.0,1.0,0.05,5000,1.0,1.0,4
4,89,1,detmle,1.0,1.0,0.05,5000,1.0,1.0,4
4,90,1,detmle,1.0,1.0,0.05,5000,1.0,1.0,4
4,91,1,detmle,1.0,1.0,0.05,5000,1.0,1.0,3
4,92,1,detmle,1.0,1.0,0.05,5000,1.0,1.0,3
4,93,1,detmle,1.0,1.0,0.05,5000,1.0,1.0,4
4,94,1,detmle,1.0,1.0,0.05,5000,1.0,1.0,4
4,95,1,detmle,1.0,1.0,0.05,5000,1.0,1.0,3
4,96,1,detmle,1.0,1.0,0.05,5000,1.0,1.0,3
4,97,1,detmle,1.0,1.0,0.05,5000,1.0,1.0,3
4,98,1,detmle,1.0,1.0,0.05,5000,1.0,1.0,4
4,99,1,detmle,1.0,1.0,0.05,5000,1.0,1.0,4
4,100,1,detmle,1.0,1.0,0.05,5000,1.0,1.0,4
4,101,1,detmle,1.0,1.0,0.05,5000,1.0,1.0,4
4,102,1,detmle,1.0,1.0,0.05,5000,1.0,1.0,3
4,103,1,detmle,1.0,1.0,0.05,5000,1.0,1.0,4
4,104,1,detmle,1.0,1.0,0.05,5000,1.0,1.0,4
4,105,1,detmle,1.0,1.0,0.05,5000,1.0,1.0,3
4,106,1,detmle,1.0,1.0,0.05,5000,1.0,1.0,4
4,107,1,detmle,1.0,1.0,0.05,5000,1.0,1.0,3
4,108,1,detmle,1.0,1.0,0.05,5000,1.0,1.0,3
4,109,1,detmle,1.0,1.0,0.05,5000,1.0,1.0,3
4,110,1,detmle,1.0,1.0,0.05,5000,1.0,1.0,4
4,111,1,detmle,1.0,1.0,0.05,5000,1.0,1.0,4
4,112,1,detmle,1.0,1.0,0.05,5000,1.0,1.0,4
4,113,1,detmle,1.0,1.0,0.05,5000,1.0,1.0,4
4,114,1,detmle,1.0,1.0,0.05,5000,1.0,1.0,4
4,115,1,detmle,1.0,1.0,0.05,5000,1.0,1.0,3
4,116,1,detmle,1.0,1.0,0.05,5000,1.0,1.0,4
4,117,1,detmle,1.0,1.0,0.05,5000,1.0,1.0,4
4,118,1,detmle,1.0,1.0,0.05,5000,1.0,1.0,3
4,119,1,detmle,1.0,1.0,0.05,5000,1.0,1.0,4
4,120,1,detmle,1.0,1.0,0.05,5000,1.0,1.0,4
4,121,1,detmle,1.0,1.0,0.05,5000,1.0,1.0,5
4,122,1,detmle,1.0,1.0,0.05,5000,1.0,1.0,4
4,123,1,detmle,1.0,1.0,0.05,5000,1.0,1.0,4
4,124,1,detmle,1.0,1.0,0.05,5000,1.0,1.0,4
4,125,1,detmle,1.0,1.0,0.05,5000,1.0,1.0,4
4,126,1,detmle,1.0,1.0,0.05,5000,1.0,1.0,3
4,127,1,detmle,1.0,1.0,0.05,5000,1.0,1.0,4
4,128,1,detmle,1.0,1.0,0.05,5000,1.0,1.0,4
4,129,1,detmle,1.0,1.0,0.05,5000,1.0,1.0,4
4,130,1,detmle,1.0,1.0,0.05,5000,1.0,1.0,3
4,131,1,detmle,1.0,1.0,0.05,5000,1.0,1.0,3
4,132,1,detmle,1.0,1.0,0.05,5000,1.0,1.0,4
4,133,1,detmle,1.0,1.0,0.05,5000,1.0,1.0,3
4,134,1,detmle,1.0,1.0,0.05,5000,1.0,1.0,4
4,135,1,detmle,1.0,1.0,0.05,5000,1.0,1.0,4
4,136,1,detmle,1.0,1.0,0.05,5000,1.0,1.0,3
4,137,1,detmle,1.0,1.0,0.05,5000,1.0,1.0,3
4,138,1,detmle,1.0,1.0,0.05,5000,1.0,1.0,4
4,139,1,detmle,1.0,1.0,0.05,5000,1.0,1.0,4
4,140,1,detmle,1.0,1.0,0.05,5000,1.0,1.0,4
4,141,1,detmle,1.0,1.0,0.05,5000,1.0,1.0,4
4,142,1,detmle,1.0,1.0,0.05,5000,1.0,1.0,3
4,143,1,detmle,1.0,1.0,0.05,5000,1.0,1.0,4
4,144,1,detmle,1.0,1.0,0.05,5000,1.0,1.0,3
4,145,1,detmle,1.0,1.0,0.05,5000,1.0,1.0,3
4,146,1,detmle,1.0,1.0,0.05,5000,1.0,1.0,3
4,147,1,detmle,1.0,1.0,0.05,5000,1.0,1.0,3
4,148,1,detmle,1.0,1.0,0.05,5000,1.0,1.0,4
4,149,1,detmle,1.0,1.0,0.05,5000,1.0,1.0,3
4,150,1,detmle,1.0,1.0,0.05,5000,1.0,1.0,4
4,151,1,detmle,1.0,1.0,0.05,5000,1.0,1.0,3
4,152,1,detmle,1.0,1.0,0.05,5000,1.0,1.0,4
4,153,1,detmle,1.0,1.0,0.05,5000,1.0,1.0,3
4,154,1,detmle,1.0,1.0,0.05,5000,1.0,1.0,3
4,155,1,detmle,1.0,1.0,0.05,5000,1.0,1.0,4
4,156,1,detmle,1.0,1.0,0.05,5000,1.0,1.0,4
4,157,1,detmle,1.0,1.0,0.05,5000,1.0,1.0,3
4,158,1,detmle,1.0,1.0,0.05,5000,1.0,1.0,3
4,159,1,detmle,1.0,1.0,0.05,5000,1.0,1.0,4
4,160,1,detmle,1.0,1.0,0.05,5000,1.0,1.0,4
4,161,1,detmle,1.0,1.0,0.05,5000,1.0,1.0,4
4,162,1,detmle,1.0,1.0,0.05,5000,1.0,1.0,3
4,163,1,detmle,1.0,1.0,0.05,5000,1.0,1.0,3
4,164,1,detmle,1.0,1.0,0.05,5000,1.0,1.0,4
4,165,1,detmle,1.0,1.0,0.05,5000,1.0,1.0,4
4,166,1,detmle,1.0,1.0,0.05,5000,1.0,1.0,3
4,167,1,detmle,1.0,1.0,0.05,5000,1.0,1.0,3
4,168,1,detmle,1.0,1.0,0.05,5000,1.0,1.0,4
4,169,1,detmle,1.0,1.0,0.05,5000,1.0,1.0,4
4,170,1,detmle,1.0,1.0,0.05,5000,1.0,1.0,3
4,171,1,detmle,1.0,1.0,0.05,5000,1.0,1.0,3
4,172,1,detmle,1.0,1.0,0.05,5000,1.0,1.0,3
4,173,1,detmle,1.0,1.0,0.05,5000,1.0,1.0,3
4,174,1,detmle,1.0,1.0,0.05,5000,1.0,1.0,3
4,175,1,detmle,1.0,1.0,0.05,5000,1.0,1.0,4
4,176,1,detmle,1.0,1.0,0.05,5000,1.0,1.0,3
4,177,1,detmle,1.0,1.0,0.05,5000,1.0,1.0,3
4,178,1,detmle,1.0,1.0,0.05,5000,1.0,1.0,3
4,179,1,detmle,1.0,1.0,0.05,5000,1.0,1.0,4
4,180,1,detmle,1.0,1.0,0.05,5000,1.0,1.0,4
4,181,1,detmle,1.0,1.0,0.05,5000,1.0,1.0,4
4,182,1,detmle,1.0,1.0,0.05,5000,1.0,1.0,3
4,183,1,detmle,1.0,1.0,0.05,5000,1.0,1.0,4
4,184,1,detmle,1.0,1.0,0.05,5000,1.0,1.0,3
4,185,1,detmle,1.0,1.0,0.05,5000,1.0,1.0,3
4,186,1,detmle,1.0,1.0,0.05,5000,1.0,1.0,4
4,187,1,detmle,1.0,1.0,0.05,5000,1.0,1.0,4
4,188,1,detmle,1.0,1.0,0.05,5000,1.0,1.0,4
4,189,1,detmle,1.0,1.0,0.05,5000,1.0,1.0,3
4,190,1,detmle,1.0,1.0,0.05,5000,1.0,1.0,3
4,191,1,detmle,1.0,1.0,0.05,5000,1.0,1.0,4
4,192,1,detmle,1.0,1.0,0.05,5000,1.0,1.0,3
4,193,1,detmle,1.0,1.0,0.05,5000,1.0,1.0,4
4,194,1,detmle,1.0,1.0,0.05,5000,1.0,1.0,3
4,195,1,detmle,1.0,1.0,0.05,5000,1.0,1.0,4
4,196,1,detmle,1.0,1.0,0.05,5000,1.0,1.0,4
4,197,1,detmle,1.0,1.0,0.05,5000,1.0,1.0,3
4,198,1,detmle,1.0,1.0,0.05,5000,1.0,1.0,4
4,199,1,detmle,1.0,1.0,0.05,5000,1.0,1.0,3
4,200,1,detmle,1.0,1.0,0.05,5000,1.0,1.0,4
5,1,1,detmle,1.0,1.0,0.05,5000,1.0,1.0,4
5,2,1,detmle,1.0,1.0,0.05,5000,1.0,1.0,4
5,3,1,detmle,1.0,1.0,0.05,5000,1.0,1.0,5
5,4,1,detmle,1.0,1.0,0.05,5000,1.0,1.0,4
5,5,1,detmle,1.0,1.0,0.05,5000,1.0,1.0,3
5,6,1,detmle,1.0,1.0,0.05,5000,1.0,1.0,4
5,7,1,detmle,1.0,1.0,0.05,5000,1.0,1.0,4
5,8,1,detmle,1.0,1.0,0.05,5000,1.0,1.0,6
5,9,1,detmle,1.0,1.0,0.05,5000,1.0,1.0,5
5,10,1,detmle,1.0,1.0,0.05,5000,1.0,1.0,4
5,11,1,detmle,1.0,1.0,0.05,5000,1.0,1.0,4
5,12,1,detmle,1.0,1.0,0.05,5000,1.0,1.0,4
5,13,1,detmle,1.0,1.0,0.05,5000,1.0,1.0,5
5,14,1,detmle,1.0,1.0,0.05,5000,1.0,1.0,5
5,15,1,detmle,1.0,1.0,0.05,5000,1.0,1.0,4
5,16,1,detmle,1.0,1.0,0.05,5000,1.0,1.0,5
5,17,1,detmle,1.0,1.0,0.05,5000,1.0,1.0,6
5,18,1,detmle,1.0,1.0,0.05,5000,1.0,1.0,4
5,19,1,detmle,1.0,1.0,0.05,5000,1.0,1.0,5
5,20,1,detmle,1.0,1.0,0.05,5000,1.0,1.0,5
5,21,1,detmle,1.0,1.0,0.05,5000,1.0,1.0,6
5,22,1,detmle,1.0,1.0,0.05,5000,1.0,1.0,5
5,23,1,detmle,1.0,1.0,0.05,5000,1.0,1.0,4
5,24,1,detmle,1.0,1.0,0.05,5000,1.0,1.0,5
5,25,1,detmle,1.0,1.0,0.05,5000,1.0,1.0,4
5,26,1,detmle,1.0,1.0,0.05,5000,1.0,1.0,6
5,27,1,detmle,1.0,1.0,0.05,5000,1.0,1.0,4
5,28,1,detmle,1.0,1.0,0.05,5000,1.0,1.0,4
5,29,1,detmle,1.0,1.0,0.05,5000,1.0,1.0,3
5,30,1,detmle,1.0,1.0,0.05,5000,1.0,1.0,5
5,31,1,detmle,1.0,1.0,0.05,5000,1.0,1.0,4
5,32,1,detmle,1.0,1.0,0.05,5000,1.0,1.0,4
5,33,1,detmle,1.0,1.0,0.05,5000,1.0,1.0,5
5,34,1,detmle,1.0,1.0,0.05,5000,1.0,1.0,5
5,35,1,detmle,1.0,1.0,0.05,5000,1.0,1.0,4
5,36,1,detmle,1.0,1.0,0.05,5000,1.0,1.0,5
5,37,1,detmle,1.0,1.0,0.05,5000,1.0,1.0,5
5,38,1,detmle,1.0,1.0,0.05,5000,1.0,1.0,4
5,39,1,detmle,1.0,1.0,0.05,5000,1.0,1.0,4
5,40,1,detmle,1.0,1.0,0.05,5000,1.0,1.0,4
5,41,1,detmle,1.0,1.0,0.05,5000,1.0,1.0,4
5,42,1,detmle,1.0,1.0,0.05,5000,1.0,1.0,5
5,43,1,detmle,1.0,1.0,0.05,5000,1.0,1.0,4
5,44,1,detmle,1.0,1.0,0.05,5000,1.0,1.0,6
5,45,1,detmle,1.0,1.0,0.05,5000,1.0,1.0,4
5,46,1,detmle,1.0,1.0,0.05,5000,1.0,1.0,4
5,47,1,detmle,1.0,1.0,0.05,5000,1.0,1.0,5
5,48,1,detmle,1.0,1.0,0.05,5000,1.0,1.0,4
5,49,1,detmle,1.0,1.0,0.05,5000,1.0,1.0,6
5,50,1,detmle,1.0,1.0,0.05,5000,1.0,1.0,5
5,51,1,detmle,1.0,1.0,0.05,5000,1.0,1.0,4
5,52,1,detmle,1.0,1.0,0.05,5000,1.0,1.0,4
5,53,1,detmle,1.0,1.0,0.05,5000,1.0,1.0,4
5,54,1,detmle,1.0,1.0,0.05,5000,1.0,1.0,5
5,55,1,detmle,1.0,1.0,0.05,5000,1.0,1.0,5
5,56,1,detmle,1.0,1.0,0.05,5000,1.0,1.0,4
5,57,1,detmle,1.0,1.0,0.05,5000,1.0,1.0,3
5,58,1,detmle,1.0,1.0,0.05,5000,1.0,1.0,4
5,59,1,detmle,1.0,1.0,0.05,5000,1.0,1.0,4
5,60,1,detmle,1.0,1.0,0.05,5000,1.0,1.0,4
5,61,1,detmle,1.0,1.0,0.05,5000,1.0,1.0,4
5,62,1,detmle,1.0,1.0,0.05,5000,1.0,1.0,3
5,63,1,detmle,1.0,1.0,0.05,5000,1.0,1.0,6
5,64,1,detmle,1.0,1.0,0.05,5000,1.0,1.0,4
5,65,1,detmle,1.0,1.0,0.05,5000,1.0,1.0,5
5,66,1,detmle,1.0,1.0,0.05,5000,1.0,1.0,4
5,67,1,detmle,1.0,1.0,0.05,5000,1.0,1.0,4
5,68,1,detmle,1.0,1.0,0.05,5000,1.0,1.0,4
5,69,1,detmle,1.0,1.0,0.05,5000,1.0,1.0,4
5,70,1,detmle,1.0,1.0,0.05,5000,1.0,1.0,5
5,71,1,detmle,1.0,1.0,0.05,5000,1.0,1.0,4
5,72,1,detmle,1.0,1.0,0.05,5000,1.0,1.0,6
5,73,1,detmle,1.0,1.0,0.05,5000,1.0,1.0,4
5,74,1,detmle,1.0,1.0,0.05,5000,1.0,1.0,4
5,75,1,detmle,1.0,1.0,0.05,5000,1.0,1.0,4
5,76,1,detmle,1.0,1.0,0.05,5000,1.0,1.0,6
5,77,1,detmle,1.0,1.0,0.05,5000,1.0,1.0,3
5,78,1,detmle,1.0,1.0,0.05,5000,1.0,1.0,3
5,79,1,detmle,1.0,1.0,0.05,5000,1.0,1.0,5
5,80,1,detmle,1.0,1.0,0.05,5000,1.0,1.0,5
5,81,1,detmle,1.0,1.0,0.05,5000,1.0,1.0,4
5,82,1,detmle,1.0,1.0,0.05,5000,1.0,1.0,5
5,83,1,detmle,1.0,1.0,0.05,5000,1.0,1.0,4
5,84,1,detmle,1.0,1.0,0.05,5000,1.0,1.0,4
5,85,1,detmle,1.0,1.0,0.05,5000,1.0,1.0,5
5,86,1,detmle,1.0,1.0,0.05,5000,1.0,1.0,5
5,87,1,detmle,1.0,1.0,0.05,5000,1.0,1.0,4
5,88,1,detmle,1.0,1.0,0.05,5000,1.0,1.0,4
5,89,1,detmle,1.0,1.0,0.05,5000,1.0,1.0,3
5,90,1,detmle,1.0,1.0,0.05,5000,1.0,1.0,5
5,91,1,detmle,1.0,1.0,0.05,5000,1.0,1.0,5
5,92,1,detmle,1.0,1.0,0.05,5000,1.0,1.0,4
5,93,1,detmle,1.0,1.0,0.05,5000,1.0,1.0,7
5,94,1,detmle,1.0,1.0,0.05,5000,1.0,1.0,4
5,95,1,detmle,1.0,1.0,0.05,5000,1.0,1.0,4
5,96,1,detmle,1.0,1.0,0.05,5000,1.0,1.0,4
5,97,1,detmle,1.0,1.0,0.05,5000,1.0,1.0,3
5,98,1,detmle,1.0,1.0,0.05,5000,1.0,1.0,7
5,99,1,detmle,1.0,1.0,0.05,5000,1.0,1.0,3
5,100,1,detmle,1.0,1.0,0.05,5000,1.0,1.0,5
5,101,1,detmle,1.0,1.0,0.05,5000,1.0,1.0,5
5,102,1,detmle,1.0,1.0,0.05,5000,1.0,1.0,5
5,103,1,detmle,1.0,1.0,0.05,5000,1.0,1.0,5
5,104,1,detmle,1.0,1.0,0.05,5000,1.0,1.0,4
5,105,1,detmle,1.0,1.0,0.05,5000,1.0,1.0,6
5,106,1,detmle,1.0,1.0,0.05,5000,1.0,1.0,4
5,107,1,detmle,1.0,1.0,0.05,5000,1.0,1.0,4
5,108,1,detmle,1.0,1.0,0.05,5000,1.0,1.0,3
5,109,1,detmle,1.0,1.0,0.05,5000,1.0,1.0,4
5,110,1,detmle,1.0,1.0,0.05,5000,1.0,1.0,5
5,111,1,detmle,1.0,1.0,0.05,5000,1.0,1.0,4
5,112,1,detmle,1.0,1.0,0.05,5000,1.0,1.0,5
5,113,1,detmle,1.0,1.0,0.05,5000,1.0,1.0,5
5,114,1,detmle,1.0,1.0,0.05,5000,1.0,1.0,6
5,115,1,detmle,1.0,1.0,0.05,5000,1.0,1.0,4
5,116,1,detmle,1.0,1.0,0.05,5000,1.0,1.0,6
5,117,1,detmle,1.0,1.0,0.05,5000,1.0,1.0,4
5,118,1,detmle,1.0,1.0,0.05,5000,1.0,1.0,4
5,119,1,detmle,1.0,1.0,0.05,5000,1.0,1.0,4
5,120,1,detmle,1.0,1.0,0.05,5000,1.0,1.0,5
5,121,1,detmle,1.0,1.0,0.05,5000,1.0,1.0,6
5,122,1,detmle,1.0,1.0,0.05,5000,1.0,1.0,5
5,123,1,detmle,1.0,1.0,0.05,5000,1.0,1.0,3
5,124,1,detmle,1.0,1.0,0.05,5000,1.0,1.0,5
5,125,1,detmle,1.0,1.0,0.05,5000,1.0,1.0,4
5,126,1,detmle,1.0,1.0,0.05,5000,1.0,1.0,3
5,127,1,detmle,1.0,1.0,0.05,5000,1.0,1.0,4
5,128,1,detmle,1.0,1.0,0.05,5000,1.0,1.0,6
5,129,1,detmle,1.0,1.0,0.05,5000,1.0,1.0,5
5,130,1,detmle,1.0,1.0,0.05,5000,1.0,1.0,4
5,131,1,detmle,1.0,1.0,0.05,5000,1.0,1.0,3
5,132,1,detmle,1.0,1.0,0.05,5000,1.0,1.0,5
5,133,1,detmle,1.0,1.0,0.05,5000,1.0,1.0,4
5,134,1,detmle,1.0,1.0,0.05,5000,1.0,1.0,6
5,135,1,detmle,1.0,1.0,0.05,5000,1.0,1.0,5
5,136,1,detmle,1.0,1.0,0.05,5000,1.0,1.0,4
5,137,1,detmle,1.0,1.0,0.05,5000,1.0,1.0,4
5,138,1,detmle,1.0,1.0,0.05,5000,1.0,1.0,5
5,139,1,detmle,1.0,1.0,0.05,5000,1.0,1.0,3
5,140,1,detmle,1.0,1.0,0.05,5000,1.0,1.0,5
5,141,1,detmle,1.0,1.0,0.05,5000,1.0,1.0,5
5,142,1,detmle,1.0,1.0,0.05,5000,1.0,1.0,4
5,143,1,detmle,1.0,1.0,0.05,5000,1.0,1.0,4
5,144,1,detmle,1.0,1.0,0.05,5000,1.0,1.0,3
5,145,1,detmle,1.0,1.0,0.05,5000,1.0,1.0,4
5,146,1,detmle,1.0,1.0,0.05,5000,1.0,1.0,4
5,147,1,detmle,1.0,1.0,0.05,5000,1.0,1.0,4
5,148,1,detmle,1.0,1.0,0.05,5000,1.0,1.0,4
5,149,1,detmle,1.0,1.0,0.05,5000,1.0,1.0,4
5,150,1,detmle,1.0,1.0,0.05,5000,1.0,1.0,4
5,151,1,detmle,1.0,1.0,0.05,5000,1.0,1.0,4
5,152,1,detmle,1.0,1.0,0.05,5000,1.0,1.0,4
5,153,1,detmle,1.0,1.0,0.05,5000,1.0,1.0,4
5,154,1,detmle,1.0,1.0,0.05,5000,1.0,1.0,4
5,155,1,detmle,1.0,1.0,0.05,5000,1.0,1.0,4
5,156,1,detmle,1.0,1.0,0.05,5000,1.0,1.0,6
5,157,1,detmle,1.0,1.0,0.05,5000,1.0,1.0,4
5,158,1,detmle,1.0,1.0,0.05,5000,1.0,1.0,4
5,159,1,detmle,1.0,1.0,0.05,5000,1.0,1.0,4
5,160,1,detmle,1.0,1.0,0.05,5000,1.0,1.0,5
5,161,1,detmle,1.0,1.0,0.05,5000,1.0,1.0,4
5,162,1,detmle,1.0,1.0,0.05,5000,1.0,1.0,3
5,163,1,detmle,1.0,1.0,0.05,5000,1.0,1.0,3
5,164,1,detmle,1.0,1.0,0.05,5000,1.0,1.0,4
5,165,1,detmle,1.0,1.0,0.05,5000,1.0,1.0,4
5,166,1,detmle,1.0,1.0,0.05,5000,1.0,1.0,4
5,167,1,detmle,1.0,1.0,0.05,5000,1.0,1.0,4
5,168,1,detmle,1.0,1.0,0.05,5000,1.0,1.0,4
5,169,1,detmle,1.0,1.0,0.05,5000,1.0,1.0,4
5,170,1,detmle,1.0,1.0,0.05,5000,1.0,1.0,4
5,171,1,detmle,1.0,1.0,0.05,5000,1.0,1.0,4
5,172,1,detmle,1.0,1.0,0.05,5000,1.0,1.0,5
5,173,1,detmle,1.0,1.0,0.05,5000,1.0,1.0,4
5,174,1,detmle,1.0,1.0,0.05,5000,1.0,1.0,3
5,175,1,detmle,1.0,1.0,0.05,5000,1.0,1.0,6
5,176,1,detmle,1.0,1.0,0.05,5000,1.0,1.0,4
5,177,1,detmle,1.0,1.0,0.05,5000,1.0,1.0,4
5,178,1,detmle,1.0,1.0,0.05,5000,1.0,1.0,4
5,179,1,detmle,1.0,1.0,0.05,5000,1.0,1.0,5
5,180,1,detmle,1.0,1.0,0.05,5000,1.0,1.0,4
5,181,1,detmle,1.0,1.0,0.05,5000,1.0,1.0,4
5,182,1,detmle,1.0,1.0,0.05,5000,1.0,1.0,5
5,183,1,detmle,1.0,1.0,0.05,5000,1.0,1.0,4
5,184,1,detmle,1.0,1.0,0.05,5000,1.0,1.0,3
5,185,1,detmle,1.0,1.0,0.05,5000,1.0,1.0,5
5,186,1,detmle,1.0,1.0,0.05,5000,1.0,1.0,8
5,187,1,detmle,1.0,1.0,0.05,5000,1.0,1.0,5
5,188,1,detmle,1.0,1.0,0.05,5000,1.0,1.0,5
5,189,1,detmle,1.0,1.0,0.05,5000,1.0,1.0,4
5,190,1,detmle,1.0,1.0,0.05,5000,1.0,1.0,4
5,191,1,detmle,1.0,1.0,0.05,5000,1.0,1.0,4
5,192,1,detmle,1.0,1.0,0.05,5000,1.0,1.0,5
5,193,1,detmle,1.0,1.0,0.05,5000,1.0,1.0,5
5,194,1,detmle,1.0,1.0,0.05,5000,1.0,1.0,5
5,195,1,detmle,1.0,1.0,0.05,5000,1.0,1.0,5
5,196,1,detmle,1.0,1.0,0.05,5000,1.0,1.0,7
5,197,1,detmle,1.0,1.0,0.05,5000,1.0,1.0,4
5,198,1,detmle,1.0,1.0,0.05,5000,1.0,1.0,3
5,199,1,detmle,1.0,1.0,0.05,5000,1.0,1.0,4
5,200,1,detmle,1.0,1.0,0.05,5000,1.0,1.0,4
2,1,1,mle,1.0,1.0,0.05,5000,1.0,1.0,1
2,2,1,mle,1.0,1.0,0.05,5000,1.0,1.0,3
2,3,1,mle,1.0,1.0,0.05,5000,1.0,1.0,7
2,4,1,mle,1.0,1.0,0.05,5000,1.0,1.0,3
2,5,1,mle,1.0,1.0,0.05,5000,1.0,1.0,9
2,6,1,mle,1.0,1.0,0.05,5000,1.0,1.0,3
2,7,1,mle,1.0,1.0,0.05,5000,1.0,1.0,1
2,8,1,mle,1.0,1.0,0.05,5000,1.0,1.0,3
2,9,1,mle,1.0,1.0,0.05,5000,1.0,1.0,11
2,10,1,mle,1.0,1.0,0.05,5000,1.0,1.0,5
2,11,1,mle,1.0,1.0,0.05,5000,1.0,1.0,8
2,12,1,mle,1.0,1.0,0.05,5000,1.0,1.0,9
2,13,1,mle,1.0,1.0,0.05,5000,1.0,1.0,3
2,14,1,mle,1.0,1.0,0.05,5000,1.0,1.0,3
2,15,1,mle,1.0,1.0,0.05,5000,1.0,1.0,17
2,16,1,mle,1.0,1.0,0.05,5000,1.0,1.0,9
2,17,1,mle,1.0,1.0,0.05,5000,1.0,1.0,3
2,18,1,mle,1.0,1.0,0.05,5000,1.0,1.0,3
2,19,1,mle,1.0,1.0,0.05,5000,1.0,1.0,3
2,20,1,mle,1.0,1.0,0.05,5000,1.0,1.0,3
2,21,1,mle,1.0,1.0,0.05,5000,1.0,1.0,6
2,22,1,mle,1.0,1.0,0.05,5000,1.0,1.0,10
2,23,1,mle,1.0,1.0,0.05,5000,1.0,1.0,3
2,24,1,mle,1.0,1.0,0.05,5000,1.0,1.0,5
2,25,1,mle,1.0,1.0,0.05,5000,1.0,1.0,3
2,26,1,mle,1.0,1.0,0.05,5000,1.0,1.0,3
2,27,1,mle,1.0,1.0,0.05,5000,1.0,1.0,4
2,28,1,mle,1.0,1.0,0.05,5000,1.0,1.0,3
2,29,1,mle,1.0,1.0,0.05,5000,1.0,1.0,11
2,30,1,mle,1.0,1.0,0.05,5000,1.0,1.0,10
2,31,1,mle,1.0,1.0,0.05,5000,1.0,1.0,3
2,32,1,mle,1.0,1.0,0.05,5000,1.0,1.0,5
2,33,1,mle,1.0,1.0,0.05,5000,1.0,1.0,6
2,34,1,mle,1.0,1.0,0.05,5000,1.0,1.0,3
2,35,1,mle,1.0,1.0,0.05,5000,1.0,1.0,9
2,36,1,mle,1.0,1.0,0.05,5000,1.0,1.0,5
2,37,1,mle,1.0,1.0,0.05,5000,1.0,1.0,3
2,38,1,mle,1.0,1.0,0.05,5000,1.0,1.0,9
2,39,1,mle,1.0,1.0,0.05,5000,1.0,1.0,3
2,40,1,mle,1.0,1.0,0.05,5000,1.0,1.0,12
2,41,1,mle,1.0,1.0,0.05,5000,1.0,1.0,3
2,42,1,mle,1.0,1.0,0.05,5000,1.0,1.0,8
2,43,1,mle,1.0,1.0,0.05,5000,1.0,1.0,6
2,44,1,mle,1.0,1.0,0.05,5000,1.0,1.0,3
2,45,1,mle,1.0,1.0,0.05,5000,1.0,1.0,3
2,46,1,mle,1.0,1.0,0.05,5000,1.0,1.0,3
2,47,1,mle,1.0,1.0,0.05,5000,1.0,1.0,3
2,48,1,mle,1.0,1.0,0.05,5000,1.0,1.0,11
2,49,1,mle,1.0,1.0,0.05,5000,1.0,1.0,3
2,50,1,mle,1.0,1.0,0.05,5000,1.0,1.0,7
2,51,1,mle,1.0,1.0,0.05,5000,1.0,1.0,7
2,52,1,mle,1.0,1.0,0.05,5000,1.0,1.0,3
2,53,1,mle,1.0,1.0,0.05,5000,1.0,1.0,5
2,54,1,mle,1.0,1.0,0.05,5000,1.0,1.0,5
2,55,1,mle,1.0,1.0,0.05,5000,1.0,1.0,3
2,56,1,mle,1.0,1.0,0.05,5000,1.0,1.0,3
2,57,1,mle,1.0,1.0,0.05,5000,1.0,1.0,19
2,58,1,mle,1.0,1.0,0.05,5000,1.0,1.0,17
2,59,1,mle,1.0,1.0,0.05,5000,1.0,1.0,3
2,60,1,mle,1.0,1.0,0.05,5000,1.0,1.0,3
2,61,1,mle,1.0,1.0,0.05,5000,1.0,1.0,3
2,62,1,mle,1.0,1.0,0.05,5000,1.0,1.0,5
2,63,1,mle,1.0,1.0,0.05,5000,1.0,1.0,5
2,64,1,mle,1.0,1.0,0.05,5000,1.0,1.0,3
2,65,1,mle,1.0,1.0,0.05,5000,1.0,1.0,3
2,66,1,mle,1.0,1.0,0.05,5000,1.0,1.0,3
2,67,1,mle,1.0,1.0,0.05,5000,1.0,1.0,9
2,68,1,mle,1.0,1.0,0.05,5000,1.0,1.0,5
2,69,1,mle,1.0,1.0,0.05,5000,1.0,1.0,12
2,70,1,mle,1.0,1.0,0.05,5000,1.0,1.0,5
2,71,1,mle,1.0,1.0,0.05,5000,1.0,1.0,5
2,72,1,mle,1.0,1.0,0.05,5000,1.0,1.0,3
2,73,1,mle,1.0,1.0,0.05,5000,1.0,1.0,1
2,74,1,mle,1.0,1.0,0.05,5000,1.0,1.0,3
2,75,1,mle,1.0,1.0,0.05,5000,1.0,1.0,6
2,76,1,mle,1.0,1.0,0.05,5000,1.0,1.0,3
2,77,1,mle,1.0,1.0,0.05,5000,1.0,1.0,13
2,78,1,mle,1.0,1.0,0.05,5000,1.0,1.0,5
2,79,1,mle,1.0,1.0,0.05,5000,1.0,1.0,3
2,80,1,mle,1.0,1.0,0.05,5000,1.0,1.0,8
2,81,1,mle,1.0,1.0,0.05,5000,1.0,1.0,5
2,82,1,mle,1.0,1.0,0.05,5000,1.0,1.0,3
2,83,1,mle,1.0,1.0,0.05,5000,1.0,1.0,3
2,84,1,mle,1.0,1.0,0.05,5000,1.0,1.0,3
2,85,1,mle,1.0,1.0,0.05,5000,1.0,1.0,7
2,86,1,mle,1.0,1.0,0.05,5000,1.0,1.0,13
2,87,1,mle,1.0,1.0,0.05,5000,1.0,1.0,6
2,88,1,mle,1.0,1.0,0.05,5000,1.0,1.0,3
2,89,1,mle,1.0,1.0,0.05,5000,1.0,1.0,3
2,90,1,mle,1.0,1.0,0.05,5000,1.0,1.0,3
2,91,1,mle,1.0,1.0,0.05,5000,1.0,1.0,10
2,92,1,mle,1.0,1.0,0.05,5000,1.0,1.0,1
2,93,1,mle,1.0,1.0,0.05,5000,1.0,1.0,5
2,94,1,mle,1.0,1.0,0.05,5000,1.0,1.0,3
2,95,1,mle,1.0,1.0,0.05,5000,1.0,1.0,9
2,96,1,mle,1.0,1.0,0.05,5000,1.0,1.0,5
2,97,1,mle,1.0,1.0,0.05,5000,1.0,1.0,3
2,98,1,mle,1.0,1.0,0.05,5000,1.0,1.0,12
2,99,1,mle,1.0,1.0,0.05,5000,1.0,1.0,5
2,100,1,mle,1.0,1.0,0.05,5000,1.0,1.0,5
2,101,1,mle,1.0,1.0,0.05,5000,1.0,1.0,3
2,102,1,mle,1.0,1.0,0.05,5000,1.0,1.0,5
2,103,1,mle,1.0,1.0,0.05,5000,1.0,1.0,3
2,104,1,mle,1.0,1.0,0.05,5000,1.0,1.0,3
2,105,1,mle,1.0,1.0,0.05,5000,1.0,1.0,6
2,106,1,mle,1.0,1.0,0.05,5000,1.0,1.0,3
2,107,1,mle,1.0,1.0,0.05,5000,1.0,1.0,1
2,108,1,mle,1.0,1.0,0.05,5000,1.0,1.0,7
2,109,1,mle,1.0,1.0,0.05,5000,1.0,1.0,4
2,110,1,mle,1.0,1.0,0.05,5000,1.0,1.0,3
2,111,1,mle,1.0,1.0,0.05,5000,1.0,1.0,3
2,112,1,mle,1.0,1.0,0.05,5000,1.0,1.0,7
2,113,1,mle,1.0,1.0,0.05,5000,1.0,1.0,3
2,114,1,mle,1.0,1.0,0.05,5000,1.0,1.0,5
2,115,1,mle,1.0,1.0,0.05,5000,1.0,1.0,3
2,116,1,mle,1.0,1.0,0.05,5000,1.0,1.0,3
2,117,1,mle,1.0,1.0,0.05,5000,1.0,1.0,3
2,118,1,mle,1.0,1.0,0.05,5000,1.0,1.0,10
2,119,1,mle,1.0,1.0,0.05,5000,1.0,1.0,3
2,120,1,mle,1.0,1.0,0.05,5000,1.0,1.0,3
2,121,1,mle,1.0,1.0,0.05,5000,1.0,1.0,7
2,122,1,mle,1.0,1.0,0.05,5000,1.0,1.0,3
2,123,1,mle,1.0,1.0,0.05,5000,1.0,1.0,3
2,124,1,mle,1.0,1.0,0.05,5000,1.0,1.0,8
2,125,1,mle,1.0,1.0,0.05,5000,1.0,1.0,3
2,126,1,mle,1.0,1.0,0.05,5000,1.0,1.0,3
2,127,1,mle,1.0,1.0,0.05,5000,1.0,1.0,9
2,128,1,mle,1.0,1.0,0.05,5000,1.0,1.0,3
2,129,1,mle,1.0,1.0,0.05,5000,1.0,1.0,3
2,130,1,mle,1.0,1.0,0.05,5000,1.0,1.0,23
2,131,1,mle,1.0,1.0,0.05,5000,1.0,1.0,8
2,132,1,mle,1.0,1.0,0.05,5000,1.0,1.0,3
2,133,1,mle,1.0,1.0,0.05,5000,1.0,1.0,3
2,134,1,mle,1.0,1.0,0.05,5000,1.0,1.0,14
2,135,1,mle,1.0,1.0,0.05,5000,1.0,1.0,3
2,136,1,mle,1.0,1.0,0.05,5000,1.0,1.0,5
2,137,1,mle,1.0,1.0,0.05,5000,1.0,1.0,3
2,138,1,mle,1.0,1.0,0.05,5000,1.0,1.0,8
2,139,1,mle,1.0,1.0,0.05,5000,1.0,1.0,7
2,140,1,mle,1.0,1.0,0.05,5000,1.0,1.0,3
2,141,1,mle,1.0,1.0,0.05,5000,1.0,1.0,3
2,142,1,mle,1.0,1.0,0.05,5000,1.0,1.0,3
2,143,1,mle,1.0,1.0,0.05,5000,1.0,1.0,4
2,144,1,mle,1.0,1.0,0.05,5000,1.0,1.0,16
2,145,1,mle,1.0,1.0,0.05,5000,1.0,1.0,1
2,146,1,mle,1.0,1.0,0.05,5000,1.0,1.0,6
2,147,1,mle,1.0,1.0,0.05,5000,1.0,1.0,5
2,148,1,mle,1.0,1.0,0.05,5000,1.0,1.0,8
2,149,1,mle,1.0,1.0,0.05,5000,1.0,1.0,7
2,150,1,mle,1.0,1.0,0.05,5000,1.0,1.0,10
2,151,1,mle,1.0,1.0,0.05,5000,1.0,1.0,3
2,152,1,mle,1.0,1.0,0.05,5000,1.0,1.0,33
2,153,1,mle,1.0,1.0,0.05,5000,1.0,1.0,12
2,154,1,mle,1.0,1.0,0.05,5000,1.0,1.0,5
2,155,1,mle,1.0,1.0,0.05,5000,1.0,1.0,3
2,156,1,mle,1.0,1.0,0.05,5000,1.0,1.0,5
2,157,1,mle,1.0,1.0,0.05,5000,1.0,1.0,11
2,158,1,mle,1.0,1.0,0.05,5000,1.0,1.0,15
2,159,1,mle,1.0,1.0,0.05,5000,1.0,1.0,3
2,160,1,mle,1.0,1.0,0.05,5000,1.0,1.0,3
2,161,1,mle,1.0,1.0,0.05,5000,1.0,1.0,4
2,162,1,mle,1.0,1.0,0.05,5000,1.0,1.0,9
2,163,1,mle,1.0,1.0,0.05,5000,1.0,1.0,1
2,164,1,mle,1.0,1.0,0.05,5000,1.0,1.0,3
2,165,1,mle,1.0,1.0,0.05,5000,1.0,1.0,8
2,166,1,mle,1.0,1.0,0.05,5000,1.0,1.0,4
2,167,1,mle,1.0,1.0,0.05,5000,1.0,1.0,3
2,168,1,mle,1.0,1.0,0.05,5000,1.0,1.0,3
2,169,1,mle,1.0,1.0,0.05,5000,1.0,1.0,7
2,170,1,mle,1.0,1.0,0.05,5000,1.0,1.0,7
2,171,1,mle,1.0,1.0,0.05,5000,1.0,1.0,1
2,172,1,mle,1.0,1.0,0.05,5000,1.0,1.0,3
2,173,1,mle,1.0,1.0,0.05,5000,1.0,1.0,3
2,174,1,mle,1.0,1.0,0.05,5000,1.0,1.0,13
2,175,1,mle,1.0,1.0,0.05,5000,1.0,1.0,10
2,176,1,mle,1.0,1.0,0.05,5000,1.0,1.0,3
2,177,1,mle,1.0,1.0,0.05,5000,1.0,1.0,5
2,178,1,mle,1.0,1.0,0.05,5000,1.0,1.0,3
2,179,1,mle,1.0,1.0,0.05,5000,1.0,1.0,11
2,180,1,mle,1.0,1.0,0.05,5000,1.0,1.0,3
2,181,1,mle,1.0,1.0,0.05,5000,1.0,1.0,3
2,182,1,mle,1.0,1.0,0.05,5000,1.0,1.0,3
2,183,1,mle,1.0,1.0,0.05,5000,1.0,1.0,5
2,184,1,mle,1.0,1.0,0.05,5000,1.0,1.0,3
2,185,1,mle,1.0,1.0,0.05,5000,1.0,1.0,8
2,186,1,mle,1.0,1.0,0.05,5000,1.0,1.0,8
2,187,1,mle,1.0,1.0,0.05,5000,1.0,1.0,3
2,188,1,mle,1.0,1.0,0.05,5000,1.0,1.0,6
2,189,1,mle,1.0,1.0,0.05,5000,1.0,1.0,6
2,190,1,mle,1.0,1.0,0.05,5000,1.0,1.0,5
2,191,1,mle,1.0,1.0,0.05,5000,1.0,1.0,6
2,192,1,mle,1.0,1.0,0.05,5000,1.0,1.0,3
2,193,1,mle,1.0,1.0,0.05,5000,1.0,1.0,7
2,194,1,mle,1.0,1.0,0.05,5000,1.0,1.0,6
2,195,1,mle,1.0,1.0,0.05,5000,1.0,1.0,5
2,196,1,mle,1.0,1.0,0.05,5000,1.0,1.0,6
2,197,1,mle,1.0,1.0,0.05,5000,1.0,1.0,6
2,198,1,mle,1.0,1.0,0.05,5000,1.0,1.0,24
2,199,1,mle,1.0,1.0,0.05,5000,1.0,1.0,7
2,200,1,mle,1.0,1.0,0.05,5000,1.0,1.0,3
3,1,1,mle,1.0,1.0,0.05,5000,1.0,1.0,25
3,2,1,mle,1.0,1.0,0.05,5000,1.0,1.0,20
3,3,1,mle,1.0,1.0,0.05,5000,1.0,1.0,27
3,4,1,mle,1.0,1.0,0.05,5000,1.0,1.0,8
3,5,1,mle,1.0,1.0,0.05,5000,1.0,1.0,126
3,6,1,mle,1.0,1.0,0.05,5000,1.0,1.0,6
3,7,1,mle,1.0,1.0,0.05,5000,1.0,1.0,129
3,8,1,mle,1.0,1.0,0.05,5000,1.0,1.0,129
3,9,1,mle,1.0,1.0,0.05,5000,1.0,1.0,22
3,10,1,mle,1.0,1.0,0.05,5000,1.0,1.0,6
3,11,1,mle,1.0,1.0,0.05,5000,1.0,1.0,21
3,12,1,mle,1.0,1.0,0.05,5000,1.0,1.0,4
3,13,1,mle,1.0,1.0,0.05,5000,1.0,1.0,66
3,14,1,mle,1.0,1.0,0.05,5000,1.0,1.0,7
3,15,1,mle,1.0,1.0,0.05,5000,1.0,1.0,75
3,16,1,mle,1.0,1.0,0.05,5000,1.0,1.0,29
3,17,1,mle,1.0,1.0,0.05,5000,1.0,1.0,19
3,18,1,mle,1.0,1.0,0.05,5000,1.0,1.0,24
3,19,1,mle,1.0,1.0,0.05,5000,1.0,1.0,12
3,20,1,mle,1.0,1.0,0.05,5000,1.0,1.0,5
3,21,1,mle,1.0,1.0,0.05,5000,1.0,1.0,4
3,22,1,mle,1.0,1.0,0.05,5000,1.0,1.0,231
3,23,1,mle,1.0,1.0,0.05,5000,1.0,1.0,20
3,24,1,mle,1.0,1.0,0.05,5000,1.0,1.0,12
3,25,1,mle,1.0,1.0,0.05,5000,1.0,1.0,14
3,26,1,mle,1.0,1.0,0.05,5000,1.0,1.0,23
3,27,1,mle,1.0,1.0,0.05,5000,1.0,1.0,7
3,28,1,mle,1.0,1.0,0.05,5000,1.0,1.0,19
3,29,1,mle,1.0,1.0,0.05,5000,1.0,1.0,13
3,30,1,mle,1.0,1.0,0.05,5000,1.0,1.0,7
3,31,1,mle,1.0,1.0,0.05,5000,1.0,1.0,10
3,32,1,mle,1.0,1.0,0.05,5000,1.0,1.0,23
3,33,1,mle,1.0,1.0,0.05,5000,1.0,1.0,32
3,34,1,mle,1.0,1.0,0.05,5000,1.0,1.0,14
3,35,1,mle,1.0,1.0,0.05,5000,1.0,1.0,9
3,36,1,mle,1.0,1.0,0.05,5000,1.0,1.0,251
3,37,1,mle,1.0,1.0,0.05,5000,1.0,1.0,6
3,38,1,mle,1.0,1.0,0.05,5000,1.0,1.0,6
3,39,1,mle,1.0,1.0,0.05,5000,1.0,1.0,9
3,40,1,mle,1.0,1.0,0.05,5000,1.0,1.0,66
3,41,1,mle,1.0,1.0,0.05,5000,1.0,1.0,19
3,42,1,mle,1.0,1.0,0.05,5000,1.0,1.0,26
3,43,1,mle,1.0,1.0,0.05,5000,1.0,1.0,28
3,44,1,mle,1.0,1.0,0.05,5000,1.0,1.0,12
3,45,1,mle,1.0,1.0,0.05,5000,1.0,1.0,9
3,46,1,mle,1.0,1.0,0.05,5000,1.0,1.0,24
3,47,1,mle,1.0,1.0,0.05,5000,1.0,1.0,166
3,48,1,mle,1.0,1.0,0.05,5000,1.0,1.0,5
3,49,1,mle,1.0,1.0,0.05,5000,1.0,1.0,29
3,50,1,mle,1.0,1.0,0.05,5000,1.0,1.0,9
3,51,1,mle,1.0,1.0,0.05,5000,1.0,1.0,51
3,52,1,mle,1.0,1.0,0.05,5000,1.0,1.0,12
3,53,1,mle,1.0,1.0,0.05,5000,1.0,1.0,18
3,54,1,mle,1.0,1.0,0.05,5000,1.0,1.0,28
3,55,1,mle,1.0,1.0,0.05,5000,1.0,1.0,17
3,56,1,mle,1.0,1.0,0.05,5000,1.0,1.0,6
3,57,1,mle,1.0,1.0,0.05,5000,1.0,1.0,5
3,58,1,mle,1.0,1.0,0.05,5000,1.0,1.0,54
3,59,1,mle,1.0,1.0,0.05,5000,1.0,1.0,24
3,60,1,mle,1.0,1.0,0.05,5000,1.0,1.0,33
3,61,1,mle,1.0,1.0,0.05,5000,1.0,1.0,31
3,62,1,mle,1.0,1.0,0.05,5000,1.0,1.0,21
3,63,1,mle,1.0,1.0,0.05,5000,1.0,1.0,6
3,64,1,mle,1.0,1.0,0.05,5000,1.0,1.0,334
3,65,1,mle,1.0,1.0,0.05,5000,1.0,1.0,6
3,66,1,mle,1.0,1.0,0.05,5000,1.0,1.0,11
3,67,1,mle,1.0,1.0,0.05,5000,1.0,1.0,58
3,68,1,mle,1.0,1.0,0.05,5000,1.0,1.0,20
3,69,1,mle,1.0,1.0,0.05,5000,1.0,1.0,66
3,70,1,mle,1.0,1.0,0.05,5000,1.0,1.0,22
3,71,1,mle,1.0,1.0,0.05,5000,1.0,1.0,15
3,72,1,mle,1.0,1.0,0.05,5000,1.0,1.0,17
3,73,1,mle,1.0,1.0,0.05,5000,1.0,1.0,6
3,74,1,mle,1.0,1.0,0.05,5000,1.0,1.0,12
3,75,1,mle,1.0,1.0,0.05,5000,1.0,1.0,13
3,76,1,mle,1.0,1.0,0.05,5000,1.0,1.0,34
3,77,1,mle,1.0,1.0,0.05,5000,1.0,1.0,10
3,78,1,mle,1.0,1.0,0.05,5000,1.0,1.0,7
3,79,1,mle,1.0,1.0,0.05,5000,1.0,1.0,9
3,80,1,mle,1.0,1.0,0.05,5000,1.0,1.0,16
3,81,1,mle,1.0,1.0,0.05,5000,1.0,1.0,4
3,82,1,mle,1.0,1.0,0.05,5000,1.0,1.0,17
3,83,1,mle,1.0,1.0,0.05,5000,1.0,1.0,6
3,84,1,mle,1.0,1.0,0.05,5000,1.0,1.0,4
3,85,1,mle,1.0,1.0,0.05,5000,1.0,1.0,42
3,86,1,mle,1.0,1.0,0.05,5000,1.0,1.0,12
3,87,1,mle,1.0,1.0,0.05,5000,1.0,1.0,6
3,88,1,mle,1.0,1.0,0.05,5000,1.0,1.0,51
3,89,1,mle,1.0,1.0,0.05,5000,1.0,1.0,10
3,90,1,mle,1.0,1.0,0.05,5000,1.0,1.0,51
3,91,1,mle,1.0,1.0,0.05,5000,1.0,1.0,24
3,92,1,mle,1.0,1.0,0.05,5000,1.0,1.0,26
3,93,1,mle,1.0,1.0,0.05,5000,1.0,1.0,30
3,94,1,mle,1.0,1.0,0.05,5000,1.0,1.0,19
3,95,1,mle,1.0,1.0,0.05,5000,1.0,1.0,8
3,96,1,mle,1.0,1.0,0.05,5000,1.0,1.0,15
3,97,1,mle,1.0,1.0,0.05,5000,1.0,1.0,10
3,98,1,mle,1.0,1.0,0.05,5000,1.0,1.0,10
3,99,1,mle,1.0,1.0,0.05,5000,1.0,1.0,8
3,100,1,mle,1.0,1.0,0.05,5000,1.0,1.0,11
3,101,1,mle,1.0,1.0,0.05,5000,1.0,1.0,7
3,102,1,mle,1.0,1.0,0.05,5000,1.0,1.0,19
3,103,1,mle,1.0,1.0,0.05,5000,1.0,1.0,31
3,104,1,mle,1.0,1.0,0.05,5000,1.0,1.0,7
3,105,1,mle,1.0,1.0,0.05,5000,1.0,1.0,27
3,106,1,mle,1.0,1.0,0.05,5000,1.0,1.0,197
3,107,1,mle,1.0,1.0,0.05,5000,1.0,1.0,6
3,108,1,mle,1.0,1.0,0.05,5000,1.0,1.0,13
3,109,1,mle,1.0,1.0,0.05,5000,1.0,1.0,18
3,110,1,mle,1.0,1.0,0.05,5000,1.0,1.0,10
3,111,1,mle,1.0,1.0,0.05,5000,1.0,1.0,14
3,112,1,mle,1.0,1.0,0.05,5000,1.0,1.0,11
3,113,1,mle,1.0,1.0,0.05,5000,1.0,1.0,17
3,114,1,mle,1.0,1.0,0.05,5000,1.0,1.0,8
3,115,1,mle,1.0,1.0,0.05,5000,1.0,1.0,20
3,116,1,mle,1.0,1.0,0.05,5000,1.0,1.0,6
3,117,1,mle,1.0,1.0,0.05,5000,1.0,1.0,52
3,118,1,mle,1.0,1.0,0.05,5000,1.0,1.0,14
3,119,1,mle,1.0,1.0,0.05,5000,1.0,1.0,23
3,120,1,mle,1.0,1.0,0.05,5000,1.0,1.0,9
3,121,1,mle,1.0,1.0,0.05,5000,1.0,1.0,18
3,122,1,mle,1.0,1.0,0.05,5000,1.0,1.0,72
3,123,1,mle,1.0,1.0,0.05,5000,1.0,1.0,79
3,124,1,mle,1.0,1.0,0.05,5000,1.0,1.0,5
3,125,1,mle,1.0,1.0,0.05,5000,1.0,1.0,6
3,126,1,mle,1.0,1.0,0.05,5000,1.0,1.0,17
3,127,1,mle,1.0,1.0,0.05,5000,1.0,1.0,5
3,128,1,mle,1.0,1.0,0.05,5000,1.0,1.0,58
3,129,1,mle,1.0,1.0,0.05,5000,1.0,1.0,24
3,130,1,mle,1.0,1.0,0.05,5000,1.0,1.0,10
3,131,1,mle,1.0,1.0,0.05,5000,1.0,1.0,26
3,132,1,mle,1.0,1.0,0.05,5000,1.0,1.0,10
3,133,1,mle,1.0,1.0,0.05,5000,1.0,1.0,5
3,134,1,mle,1.0,1.0,0.05,5000,1.0,1.0,7
3,135,1,mle,1.0,1.0,0.05,5000,1.0,1.0,47
3,136,1,mle,1.0,1.0,0.05,5000,1.0,1.0,63
3,137,1,mle,1.0,1.0,0.05,5000,1.0,1.0,27
3,138,1,mle,1.0,1.0,0.05,5000,1.0,1.0,16
3,139,1,mle,1.0,1.0,0.05,5000,1.0,1.0,27
3,140,1,mle,1.0,1.0,0.05,5000,1.0,1.0,22
3,141,1,mle,1.0,1.0,0.05,5000,1.0,1.0,52
3,142,1,mle,1.0,1.0,0.05,5000,1.0,1.0,5
3,143,1,mle,1.0,1.0,0.05,5000,1.0,1.0,48
3,144,1,mle,1.0,1.0,0.05,5000,1.0,1.0,4
3,145,1,mle,1.0,1.0,0.05,5000,1.0,1.0,11
3,146,1,mle,1.0,1.0,0.05,5000,1.0,1.0,13
3,147,1,mle,1.0,1.0,0.05,5000,1.0,1.0,9
3,148,1,mle,1.0,1.0,0.05,5000,1.0,1.0,9
3,149,1,mle,1.0,1.0,0.05,5000,1.0,1.0,54
3,150,1,mle,1.0,1.0,0.05,5000,1.0,1.0,23
3,151,1,mle,1.0,1.0,0.05,5000,1.0,1.0,4
3,152,1,mle,1.0,1.0,0.05,5000,1.0,1.0,4
3,153,1,mle,1.0,1.0,0.05,5000,1.0,1.0,26
3,154,1,mle,1.0,1.0,0.05,5000,1.0,1.0,16
3,155,1,mle,1.0,1.0,0.05,5000,1.0,1.0,10
3,156,1,mle,1.0,1.0,0.05,5000,1.0,1.0,9
3,157,1,mle,1.0,1.0,0.05,5000,1.0,1.0,219
3,158,1,mle,1.0,1.0,0.05,5000,1.0,1.0,10
3,159,1,mle,1.0,1.0,0.05,5000,1.0,1.0,17
3,160,1,mle,1.0,1.0,0.05,5000,1.0,1.0,12
3,161,1,mle,1.0,1.0,0.05,5000,1.0,1.0,10
3,162,1,mle,1.0,1.0,0.05,5000,1.0,1.0,20
3,163,1,mle,1.0,1.0,0.05,5000,1.0,1.0,1
3,164,1,mle,1.0,1.0,0.05,5000,1.0,1.0,55
3,165,1,mle,1.0,1.0,0.05,5000,1.0,1.0,6
3,166,1,mle,1.0,1.0,0.05,5000,1.0,1.0,34
3,167,1,mle,1.0,1.0,0.05,5000,1.0,1.0,5
3,168,1,mle,1.0,1.0,0.05,5000,1.0,1.0,4
3,169,1,mle,1.0,1.0,0.05,5000,1.0,1.0,65
3,170,1,mle,1.0,1.0,0.05,5000,1.0,1.0,6
3,171,1,mle,1.0,1.0,0.05,5000,1.0,1.0,8
3,172,1,mle,1.0,1.0,0.05,5000,1.0,1.0,10
3,173,1,mle,1.0,1.0,0.05,5000,1.0,1.0,13
3,174,1,mle,1.0,1.0,0.05,5000,1.0,1.0,70
3,175,1,mle,1.0,1.0,0.05,5000,1.0,1.0,7
3,176,1,mle,1.0,1.0,0.05,5000,1.0,1.0,70
3,177,1,mle,1.0,1.0,0.05,5000,1.0,1.0,18
3,178,1,mle,1.0,1.0,0.05,5000,1.0,1.0,22
3,179,1,mle,1.0,1.0,0.05,5000,1.0,1.0,46
3,180,1,mle,1.0,1.0,0.05,5000,1.0,1.0,8
3,181,1,mle,1.0,1.0,0.05,5000,1.0,1.0,13
3,182,1,mle,1.0,1.0,0.05,5000,1.0,1.0,5
3,183,1,mle,1.0,1.0,0.05,5000,1.0,1.0,96
3,184,1,mle,1.0,1.0,0.05,5000,1.0,1.0,7
3,185,1,mle,1.0,1.0,0.05,5000,1.0,1.0,16
3,186,1,mle,1.0,1.0,0.05,5000,1.0,1.0,4
3,187,1,mle,1.0,1.0,0.05,5000,1.0,1.0,76
3,188,1,mle,1.0,1.0,0.05,5000,1.0,1.0,4
3,189,1,mle,1.0,1.0,0.05,5000,1.0,1.0,33
3,190,1,mle,1.0,1.0,0.05,5000,1.0,1.0,332
3,191,1,mle,1.0,1.0,0.05,5000,1.0,1.0,14
3,192,1,mle,1.0,1.0,0.05,5000,1.0,1.0,21
3,193,1,mle,1.0,1.0,0.05,5000,1.0,1.0,40
3,194,1,mle,1.0,1.0,0.05,5000,1.0,1.0,4
3,195,1,mle,1.0,1.0,0.05,5000,1.0,1.0,19
3,196,1,mle,1.0,1.0,0.05,5000,1.0,1.0,7
3,197,1,mle,1.0,1.0,0.05,5000,1.0,1.0,33
3,198,1,mle,1.0,1.0,0.05,5000,1.0,1.0,15
3,199,1,mle,1.0,1.0,0.05,5000,1.0,1.0,51
3,200,1,mle,1.0,1.0,0.05,5000,1.0,1.0,187
4,1,1,mle,1.0,1.0,0.05,5000,1.0,1.0,19
4,2,1,mle,1.0,1.0,0.05,5000,1.0,1.0,120
4,3,1,mle,1.0,1.0,0.05,5000,1.0,1.0,61
4,4,1,mle,1.0,1.0,0.05,5000,1.0,1.0,44
4,5,1,mle,1.0,1.0,0.05,5000,1.0,1.0,26
4,6,1,mle,1.0,1.0,0.05,5000,1.0,1.0,46
4,7,1,mle,1.0,1.0,0.05,5000,1.0,1.0,160
4,8,1,mle,1.0,1.0,0.05,5000,1.0,1.0,130
4,9,1,mle,1.0,1.0,0.05,5000,1.0,1.0,146
4,10,1,mle,1.0,1.0,0.05,5000,1.0,1.0,317
4,11,1,mle,1.0,1.0,0.05,5000,1.0,1.0,9
4,12,1,mle,1.0,1.0,0.05,5000,1.0,1.0,22
4,13,1,mle,1.0,1.0,0.05,5000,1.0,1.0,144
4,14,1,mle,1.0,1.0,0.05,5000,1.0,1.0,12
4,15,1,mle,1.0,1.0,0.05,5000,1.0,1.0,33
4,16,1,mle,1.0,1.0,0.05,5000,1.0,1.0,55
4,17,1,mle,1.0,1.0,0.05,5000,1.0,1.0,16
4,18,1,mle,1.0,1.0,0.05,5000,1.0,1.0,82
4,19,1,mle,1.0,1.0,0.05,5000,1.0,1.0,19
4,20,1,mle,1.0,1.0,0.05,5000,1.0,1.0,127
4,21,1,mle,1.0,1.0,0.05,5000,1.0,1.0,21
4,22,1,mle,1.0,1.0,0.05,5000,1.0,1.0,63
4,23,1,mle,1.0,1.0,0.05,5000,1.0,1.0,26
4,24,1,mle,1.0,1.0,0.05,5000,1.0,1.0,65
4,25,1,mle,1.0,1.0,0.05,5000,1.0,1.0,834
4,26,1,mle,1.0,1.0,0.05,5000,1.0,1.0,47
4,27,1,mle,1.0,1.0,0.05,5000,1.0,1.0,1816
4,28,1,mle,1.0,1.0,0.05,5000,1.0,1.0,54
4,29,1,mle,1.0,1.0,0.05,5000,1.0,1.0,22
4,30,1,mle,1.0,1.0,0.05,5000,1.0,1.0,91
4,31,1,mle,1.0,1.0,0.05,5000,1.0,1.0,20
4,32,1,mle,1.0,1.0,0.05,5000,1.0,1.0,40
4,33,1,mle,1.0,1.0,0.05,5000,1.0,1.0,180
4,34,1,mle,1.0,1.0,0.05,5000,1.0,1.0,62
4,35,1,mle,1.0,1.0,0.05,5000,1.0,1.0,33
4,36,1,mle,1.0,1.0,0.05,5000,1.0,1.0,320
4,37,1,mle,1.0,1.0,0.05,5000,1.0,1.0,16
4,38,1,mle,1.0,1.0,0.05,5000,1.0,1.0,5
4,39,1,mle,1.0,1.0,0.05,5000,1.0,1.0,8
4,40,1,mle,1.0,1.0,0.05,5000,1.0,1.0,149
4,41,1,mle,1.0,1.0,0.05,5000,1.0,1.0,51
4,42,1,mle,1.0,1.0,0.05,5000,1.0,1.0,12
4,43,1,mle,1.0,1.0,0.05,5000,1.0,1.0,152
4,44,1,mle,1.0,1.0,0.05,5000,1.0,1.0,89
4,45,1,mle,1.0,1.0,0.05,5000,1.0,1.0,239
4,46,1,mle,1.0,1.0,0.05,5000,1.0,1.0,12
4,47,1,mle,1.0,1.0,0.05,5000,1.0,1.0,20
4,48,1,mle,1.0,1.0,0.05,5000,1.0,1.0,48
4,49,1,mle,1.0,1.0,0.05,5000,1.0,1.0,43
4,50,1,mle,1.0,1.0,0.05,5000,1.0,1.0,10
4,51,1,mle,1.0,1.0,0.05,5000,1.0,1.0,118
4,52,1,mle,1.0,1.0,0.05,5000,1.0,1.0,65
4,53,1,mle,1.0,1.0,0.05,5000,1.0,1.0,390
4,54,1,mle,1.0,1.0,0.05,5000,1.0,1.0,64
4,55,1,mle,1.0,1.0,0.05,5000,1.0,1.0,35
4,56,1,mle,1.0,1.0,0.05,5000,1.0,1.0,24
4,57,1,mle,1.0,1.0,0.05,5000,1.0,1.0,82
4,58,1,mle,1.0,1.0,0.05,5000,1.0,1.0,43
4,59,1,mle,1.0,1.0,0.05,5000,1.0,1.0,10
4,60,1,mle,1.0,1.0,0.05,5000,1.0,1.0,18
4,61,1,mle,1.0,1.0,0.05,5000,1.0,1.0,23
4,62,1,mle,1.0,1.0,0.05,5000,1.0,1.0,34
4,63,1,mle,1.0,1.0,0.05,5000,1.0,1.0,11
4,64,1,mle,1.0,1.0,0.05,5000,1.0,1.0,7
4,65,1,mle,1.0,1.0,0.05,5000,1.0,1.0,86
4,66,1,mle,1.0,1.0,0.05,5000,1.0,1.0,43
4,67,1,mle,1.0,1.0,0.05,5000,1.0,1.0,77
4,68,1,mle,1.0,1.0,0.05,5000,1.0,1.0,11
4,69,1,mle,1.0,1.0,0.05,5000,1.0,1.0,45
4,70,1,mle,1.0,1.0,0.05,5000,1.0,1.0,14
4,71,1,mle,1.0,1.0,0.05,5000,1.0,1.0,8
4,72,1,mle,1.0,1.0,0.05,5000,1.0,1.0,14
4,73,1,mle,1.0,1.0,0.05,5000,1.0,1.0,163
4,74,1,mle,1.0,1.0,0.05,5000,1.0,1.0,28
4,75,1,mle,1.0,1.0,0.05,5000,1.0,1.0,49
4,76,1,mle,1.0,1.0,0.05,5000,1.0,1.0,169
4,77,1,mle,1.0,1.0,0.05,5000,1.0,1.0,23
4,78,1,mle,1.0,1.0,0.05,5000,1.0,1.0,21
4,79,1,mle,1.0,1.0,0.05,5000,1.0,1.0,23
4,80,1,mle,1.0,1.0,0.05,5000,1.0,1.0,17
4,81,1,mle,1.0,1.0,0.05,5000,1.0,1.0,22
4,82,1,mle,1.0,1.0,0.05,5000,1.0,1.0,9
4,83,1,mle,1.0,1.0,0.05,5000,1.0,1.0,109
4,84,1,mle,1.0,1.0,0.05,5000,1.0,1.0,73
4,85,1,mle,1.0,1.0,0.05,5000,1.0,1.0,14
4,86,1,mle,1.0,1.0,0.05,5000,1.0,1.0,71
4,87,1,mle,1.0,1.0,0.05,5000,1.0,1.0,475
4,88,1,mle,1.0,1.0,0.05,5000,1.0,1.0,1974
4,89,1,mle,1.0,1.0,0.05,5000,1.0,1.0,17
4,90,1,mle,1.0,1.0,0.05,5000,1.0,1.0,654
4,91,1,mle,1.0,1.0,0.05,5000,1.0,1.0,191
4,92,1,mle,1.0,1.0,0.05,5000,1.0,1.0,19
4,93,1,mle,1.0,1.0,0.05,5000,1.0,1.0,15
4,94,1,mle,1.0,1.0,0.05,5000,1.0,1.0,24
4,95,1,mle,1.0,1.0,0.05,5000,1.0,1.0,81
4,96,1,mle,1.0,1.0,0.05,5000,1.0,1.0,8
4,97,1,mle,1.0,1.0,0.05,5000,1.0,1.0,26
4,98,1,mle,1.0,1.0,0.05,5000,1.0,1.0,18
4,99,1,mle,1.0,1.0,0.05,5000,1.0,1.0,23
4,100,1,mle,1.0,1.0,0.05,5000,1.0,1.0,7
4,101,1,mle,1.0,1.0,0.05,5000,1.0,1.0,16
4,102,1,mle,1.0,1.0,0.05,5000,1.0,1.0,89
4,103,1,mle,1.0,1.0,0.05,5000,1.0,1.0,109
4,104,1,mle,1.0,1.0,0.05,5000,1.0,1.0,14
4,105,1,mle,1.0,1.0,0.05,5000,1.0,1.0,158
4,106,1,mle,1.0,1.0,0.05,5000,1.0,1.0,27
4,107,1,mle,1.0,1.0,0.05,5000,1.0,1.0,19
4,108,1,mle,1.0,1.0,0.05,5000,1.0,1.0,12
4,109,1,mle,1.0,1.0,0.05,5000,1.0,1.0,40
4,110,1,mle,1.0,1.0,0.05,5000,1.0,1.0,31
4,111,1,mle,1.0,1.0,0.05,5000,1.0,1.0,102
4,112,1,mle,1.0,1.0,0.05,5000,1.0,1.0,241
4,113,1,mle,1.0,1.0,0.05,5000,1.0,1.0,8
4,114,1,mle,1.0,1.0,0.05,5000,1.0,1.0,58
4,115,1,mle,1.0,1.0,0.05,5000,1.0,1.0,16
4,116,1,mle,1.0,1.0,0.05,5000,1.0,1.0,226
4,117,1,mle,1.0,1.0,0.05,5000,1.0,1.0,377
4,118,1,mle,1.0,1.0,0.05,5000,1.0,1.0,86
4,119,1,mle,1.0,1.0,0.05,5000,1.0,1.0,159
4,120,1,mle,1.0,1.0,0.05,5000,1.0,1.0,30
4,121,1,mle,1.0,1.0,0.05,5000,1.0,1.0,20
4,122,1,mle,1.0,1.0,0.05,5000,1.0,1.0,123
4,123,1,mle,1.0,1.0,0.05,5000,1.0,1.0,9
4,124,1,mle,1.0,1.0,0.05,5000,1.0,1.0,55
4,125,1,mle,1.0,1.0,0.05,5000,1.0,1.0,44
4,126,1,mle,1.0,1.0,0.05,5000,1.0,1.0,39
4,127,1,mle,1.0,1.0,0.05,5000,1.0,1.0,227
4,128,1,mle,1.0,1.0,0.05,5000,1.0,1.0,16
4,129,1,mle,1.0,1.0,0.05,5000,1.0,1.0,18
4,130,1,mle,1.0,1.0,0.05,5000,1.0,1.0,117
4,131,1,mle,1.0,1.0,0.05,5000,1.0,1.0,15
4,132,1,mle,1.0,1.0,0.05,5000,1.0,1.0,118
4,133,1,mle,1.0,1.0,0.05,5000,1.0,1.0,56
4,134,1,mle,1.0,1.0,0.05,5000,1.0,1.0,15
4,135,1,mle,1.0,1.0,0.05,5000,1.0,1.0,121
4,136,1,mle,1.0,1.0,0.05,5000,1.0,1.0,45
4,137,1,mle,1.0,1.0,0.05,5000,1.0,1.0,82
4,138,1,mle,1.0,1.0,0.05,5000,1.0,1.0,7
4,139,1,mle,1.0,1.0,0.05,5000,1.0,1.0,21
4,140,1,mle,1.0,1.0,0.05,5000,1.0,1.0,59
4,141,1,mle,1.0,1.0,0.05,5000,1.0,1.0,24
4,142,1,mle,1.0,1.0,0.05,5000,1.0,1.0,212
4,143,1,mle,1.0,1.0,0.05,5000,1.0,1.0,79
4,144,1,mle,1.0,1.0,0.05,5000,1.0,1.0,19
4,145,1,mle,1.0,1.0,0.05,5000,1.0,1.0,64
4,146,1,mle,1.0,1.0,0.05,5000,1.0,1.0,116
4,147,1,mle,1.0,1.0,0.05,5000,1.0,1.0,18
4,148,1,mle,1.0,1.0,0.05,5000,1.0,1.0,64
4,149,1,mle,1.0,1.0,0.05,5000,1.0,1.0,32
4,150,1,mle,1.0,1.0,0.05,5000,1.0,1.0,10
4,151,1,mle,1.0,1.0,0.05,5000,1.0,1.0,89
4,152,1,mle,1.0,1.0,0.05,5000,1.0,1.0,13
4,153,1,mle,1.0,1.0,0.05,5000,1.0,1.0,186
4,154,1,mle,1.0,1.0,0.05,5000,1.0,1.0,24
4,155,1,mle,1.0,1.0,0.05,5000,1.0,1.0,28
4,156,1,mle,1.0,1.0,0.05,5000,1.0,1.0,37
4,157,1,mle,1.0,1.0,0.05,5000,1.0,1.0,20
4,158,1,mle,1.0,1.0,0.05,5000,1.0,1.0,36
4,159,1,mle,1.0,1.0,0.05,5000,1.0,1.0,77
4,160,1,mle,1.0,1.0,0.05,5000,1.0,1.0,53
4,161,1,mle,1.0,1.0,0.05,5000,1.0,1.0,16
4,162,1,mle,1.0,1.0,0.05,5000,1.0,1.0,135
4,163,1,mle,1.0,1.0,0.05,5000,1.0,1.0,55
4,164,1,mle,1.0,1.0,0.05,5000,1.0,1.0,63
4,165,1,mle,1.0,1.0,0.05,5000,1.0,1.0,190
4,166,1,mle,1.0,1.0,0.05,5000,1.0,1.0,11
4,167,1,mle,1.0,1.0,0.05,5000,1.0,1.0,46
4,168,1,mle,1.0,1.0,0.05,5000,1.0,1.0,37
4,169,1,mle,1.0,1.0,0.05,5000,1.0,1.0,236
4,170,1,mle,1.0,1.0,0.05,5000,1.0,1.0,54
4,171,1,mle,1.0,1.0,0.05,5000,1.0,1.0,67
4,172,1,mle,1.0,1.0,0.05,5000,1.0,1.0,18
4,173,1,mle,1.0,1.0,0.05,5000,1.0,1.0,49
4,174,1,mle,1.0,1.0,0.05,5000,1.0,1.0,32
4,175,1,mle,1.0,1.0,0.05,5000,1.0,1.0,135
4,176,1,mle,1.0,1.0,0.05,5000,1.0,1.0,132
4,177,1,mle,1.0,1.0,0.05,5000,1.0,1.0,227
4,178,1,mle,1.0,1.0,0.05,5000,1.0,1.0,24
4,179,1,mle,1.0,1.0,0.05,5000,1.0,1.0,89
4,180,1,mle,1.0,1.0,0.05,5000,1.0,1.0,206
4,181,1,mle,1.0,1.0,0.05,5000,1.0,1.0,72
4,182,1,mle,1.0,1.0,0.05,5000,1.0,1.0,91
4,183,1,mle,1.0,1.0,0.05,5000,1.0,1.0,12
4,184,1,mle,1.0,1.0,0.05,5000,1.0,1.0,57
4,185,1,mle,1.0,1.0,0.05,5000,1.0,1.0,22
4,186,1,mle,1.0,1.0,0.05,5000,1.0,1.0,102
4,187,1,mle,1.0,1.0,0.05,5000,1.0,1.0,22
4,188,1,mle,1.0,1.0,0.05,5000,1.0,1.0,58
4,189,1,mle,1.0,1.0,0.05,5000,1.0,1.0,97
4,190,1,mle,1.0,1.0,0.05,5000,1.0,1.0,19
4,191,1,mle,1.0,1.0,0.05,5000,1.0,1.0,44
4,192,1,mle,1.0,1.0,0.05,5000,1.0,1.0,15
4,193,1,mle,1.0,1.0,0.05,5000,1.0,1.0,20
4,194,1,mle,1.0,1.0,0.05,5000,1.0,1.0,28
4,195,1,mle,1.0,1.0,0.05,5000,1.0,1.0,499
4,196,1,mle,1.0,1.0,0.05,5000,1.0,1.0,8
4,197,1,mle,1.0,1.0,0.05,5000,1.0,1.0,127
4,198,1,mle,1.0,1.0,0.05,5000,1.0,1.0,46
4,199,1,mle,1.0,1.0,0.05,5000,1.0,1.0,37
4,200,1,mle,1.0,1.0,0.05,5000,1.0,1.0,38
5,1,1,mle,1.0,1.0,0.05,5000,1.0,1.0,218
5,2,1,mle,1.0,1.0,0.05,5000,1.0,1.0,81
5,3,1,mle,1.0,1.0,0.05,5000,1.0,1.0,184
5,4,1,mle,1.0,1.0,0.05,5000,1.0,1.0,33
5,5,1,mle,1.0,1.0,0.05,5000,1.0,1.0,96
5,6,1,mle,1.0,1.0,0.05,5000,1.0,1.0,63
5,7,1,mle,1.0,1.0,0.05,5000,1.0,1.0,333
5,8,1,mle,1.0,1.0,0.05,5000,1.0,1.0,81
5,9,1,mle,1.0,1.0,0.05,5000,1.0,1.0,148
5,10,1,mle,1.0,1.0,0.05,5000,1.0,1.0,588
5,11,1,mle,1.0,1.0,0.05,5000,1.0,1.0,644
5,12,1,mle,1.0,1.0,0.05,5000,1.0,1.0,20
5,13,1,mle,1.0,1.0,0.05,5000,1.0,1.0,58
5,14,1,mle,1.0,1.0,0.05,5000,1.0,1.0,400
5,15,1,mle,1.0,1.0,0.05,5000,1.0,1.0,198
5,16,1,mle,1.0,1.0,0.05,5000,1.0,1.0,55
5,17,1,mle,1.0,1.0,0.05,5000,1.0,1.0,83
5,18,1,mle,1.0,1.0,0.05,5000,1.0,1.0,168
5,19,1,mle,1.0,1.0,0.05,5000,1.0,1.0,71
5,20,1,mle,1.0,1.0,0.05,5000,1.0,1.0,7
5,21,1,mle,1.0,1.0,0.05,5000,1.0,1.0,393
5,22,1,mle,1.0,1.0,0.05,5000,1.0,1.0,77
5,23,1,mle,1.0,1.0,0.05,5000,1.0,1.0,51
5,24,1,mle,1.0,1.0,0.05,5000,1.0,1.0,329
5,25,1,mle,1.0,1.0,0.05,5000,1.0,1.0,32
5,26,1,mle,1.0,1.0,0.05,5000,1.0,1.0,563
5,27,1,mle,1.0,1.0,0.05,5000,1.0,1.0,21
5,28,1,mle,1.0,1.0,0.05,5000,1.0,1.0,62
5,29,1,mle,1.0,1.0,0.05,5000,1.0,1.0,60
5,30,1,mle,1.0,1.0,0.05,5000,1.0,1.0,192
5,31,1,mle,1.0,1.0,0.05,5000,1.0,1.0,153
5,32,1,mle,1.0,1.0,0.05,5000,1.0,1.0,24
5,33,1,mle,1.0,1.0,0.05,5000,1.0,1.0,29
5,34,1,mle,1.0,1.0,0.05,5000,1.0,1.0,38
5,35,1,mle,1.0,1.0,0.05,5000,1.0,1.0,410
5,36,1,mle,1.0,1.0,0.05,5000,1.0,1.0,34
5,37,1,mle,1.0,1.0,0.05,5000,1.0,1.0,210
5,38,1,mle,1.0,1.0,0.05,5000,1.0,1.0,507
5,39,1,mle,1.0,1.0,0.05,5000,1.0,1.0,107
5,40,1,mle,1.0,1.0,0.05,5000,1.0,1.0,270
5,41,1,mle,1.0,1.0,0.05,5000,1.0,1.0,76
5,42,1,mle,1.0,1.0,0.05,5000,1.0,1.0,127
5,43,1,mle,1.0,1.0,0.05,5000,1.0,1.0,12
5,44,1,mle,1.0,1.0,0.05,5000,1.0,1.0,136
5,45,1,mle,1.0,1.0,0.05,5000,1.0,1.0,89
5,46,1,mle,1.0,1.0,0.05,5000,1.0,1.0,68
5,47,1,mle,1.0,1.0,0.05,5000,1.0,1.0,141
5,48,1,mle,1.0,1.0,0.05,5000,1.0,1.0,480
5,49,1,mle,1.0,1.0,0.05,5000,1.0,1.0,49
5,50,1,mle,1.0,1.0,0.05,5000,1.0,1.0,109
5,51,1,mle,1.0,1.0,0.05,5000,1.0,1.0,42
5,52,1,mle,1.0,1.0,0.05,5000,1.0,1.0,139
5,53,1,mle,1.0,1.0,0.05,5000,1.0,1.0,104
5,54,1,mle,1.0,1.0,0.05,5000,1.0,1.0,34
5,55,1,mle,1.0,1.0,0.05,5000,1.0,1.0,35
5,56,1,mle,1.0,1.0,0.05,5000,1.0,1.0,50
5,57,1,mle,1.0,1.0,0.05,5000,1.0,1.0,193
5,58,1,mle,1.0,1.0,0.05,5000,1.0,1.0,50
5,59,1,mle,1.0,1.0,0.05,5000,1.0,1.0,95
5,60,1,mle,1.0,1.0,0.05,5000,1.0,1.0,186
5,61,1,mle,1.0,1.0,0.05,5000,1.0,1.0,48
5,62,1,mle,1.0,1.0,0.05,5000,1.0,1.0,50
5,63,1,mle,1.0,1.0,0.05,5000,1.0,1.0,213
5,64,1,mle,1.0,1.0,0.05,5000,1.0,1.0,78
5,65,1,mle,1.0,1.0,0.05,5000,1.0,1.0,33
5,66,1,mle,1.0,1.0,0.05,5000,1.0,1.0,74
5,67,1,mle,1.0,1.0,0.05,5000,1.0,1.0,44
5,68,1,mle,1.0,1.0,0.05,5000,1.0,1.0,19
5,69,1,mle,1.0,1.0,0.05,5000,1.0,1.0,194
5,70,1,mle,1.0,1.0,0.05,5000,1.0,1.0,54
5,71,1,mle,1.0,1.0,0.05,5000,1.0,1.0,293
5,72,1,mle,1.0,1.0,0.05,5000,1.0,1.0,26
5,73,1,mle,1.0,1.0,0.05,5000,1.0,1.0,282
5,74,1,mle,1.0,1.0,0.05,5000,1.0,1.0,149
5,75,1,mle,1.0,1.0,0.05,5000,1.0,1.0,158
5,76,1,mle,1.0,1.0,0.05,5000,1.0,1.0,70
5,77,1,mle,1.0,1.0,0.05,5000,1.0,1.0,37
5,78,1,mle,1.0,1.0,0.05,5000,1.0,1.0,78
5,79,1,mle,1.0,1.0,0.05,5000,1.0,1.0,49
5,80,1,mle,1.0,1.0,0.05,5000,1.0,1.0,195
5,81,1,mle,1.0,1.0,0.05,5000,1.0,1.0,181
5,82,1,mle,1.0,1.0,0.05,5000,1.0,1.0,158
5,83,1,mle,1.0,1.0,0.05,5000,1.0,1.0,184
5,84,1,mle,1.0,1.0,0.05,5000,1.0,1.0,102
5,85,1,mle,1.0,1.0,0.05,5000,1.0,1.0,107
5,86,1,mle,1.0,1.0,0.05,5000,1.0,1.0,248
5,87,1,mle,1.0,1.0,0.05,5000,1.0,1.0,458
5,88,1,mle,1.0,1.0,0.05,5000,1.0,1.0,62
5,89,1,mle,1.0,1.0,0.05,5000,1.0,1.0,84
5,90,1,mle,1.0,1.0,0.05,5000,1.0,1.0,77
5,91,1,mle,1.0,1.0,0.05,5000,1.0,1.0,76
5,92,1,mle,1.0,1.0,0.05,5000,1.0,1.0,257
5,93,1,mle,1.0,1.0,0.05,5000,1.0,1.0,267
5,94,1,mle,1.0,1.0,0.05,5000,1.0,1.0,86
5,95,1,mle,1.0,1.0,0.05,5000,1.0,1.0,560
5,96,1,mle,1.0,1.0,0.05,5000,1.0,1.0,47
5,97,1,mle,1.0,1.0,0.05,5000,1.0,1.0,125
5,98,1,mle,1.0,1.0,0.05,5000,1.0,1.0,24
5,99,1,mle,1.0,1.0,0.05,5000,1.0,1.0,133
5,100,1,mle,1.0,1.0,0.05,5000,1.0,1.0,89
5,101,1,mle,1.0,1.0,0.05,5000,1.0,1.0,119
5,102,1,mle,1.0,1.0,0.05,5000,1.0,1.0,38
5,103,1,mle,1.0,1.0,0.05,5000,1.0,1.0,82
5,104,1,mle,1.0,1.0,0.05,5000,1.0,1.0,24
5,105,1,mle,1.0,1.0,0.05,5000,1.0,1.0,45
5,106,1,mle,1.0,1.0,0.05,5000,1.0,1.0,116
5,107,1,mle,1.0,1.0,0.05,5000,1.0,1.0,19
5,108,1,mle,1.0,1.0,0.05,5000,1.0,1.0,82
5,109,1,mle,1.0,1.0,0.05,5000,1.0,1.0,215
5,110,1,mle,1.0,1.0,0.05,5000,1.0,1.0,244
5,111,1,mle,1.0,1.0,0.05,5000,1.0,1.0,193
5,112,1,mle,1.0,1.0,0.05,5000,1.0,1.0,314
5,113,1,mle,1.0,1.0,0.05,5000,1.0,1.0,1073
5,114,1,mle,1.0,1.0,0.05,5000,1.0,1.0,76
5,115,1,mle,1.0,1.0,0.05,5000,1.0,1.0,23
5,116,1,mle,1.0,1.0,0.05,5000,1.0,1.0,148
5,117,1,mle,1.0,1.0,0.05,5000,1.0,1.0,180
5,118,1,mle,1.0,1.0,0.05,5000,1.0,1.0,13
5,119,1,mle,1.0,1.0,0.05,5000,1.0,1.0,75
5,120,1,mle,1.0,1.0,0.05,5000,1.0,1.0,115
5,121,1,mle,1.0,1.0,0.05,5000,1.0,1.0,123
5,122,1,mle,1.0,1.0,0.05,5000,1.0,1.0,184
5,123,1,mle,1.0,1.0,0.05,5000,1.0,1.0,26
5,124,1,mle,1.0,1.0,0.05,5000,1.0,1.0,23
5,125,1,mle,1.0,1.0,0.05,5000,1.0,1.0,52
5,126,1,mle,1.0,1.0,0.05,5000,1.0,1.0,16
5,127,1,mle,1.0,1.0,0.05,5000,1.0,1.0,423
5,128,1,mle,1.0,1.0,0.05,5000,1.0,1.0,63
5,129,1,mle,1.0,1.0,0.05,5000,1.0,1.0,31
5,130,1,mle,1.0,1.0,0.05,5000,1.0,1.0,89
5,131,1,mle,1.0,1.0,0.05,5000,1.0,1.0,54
5,132,1,mle,1.0,1.0,0.05,5000,1.0,1.0,47
5,133,1,mle,1.0,1.0,0.05,5000,1.0,1.0,153
5,134,1,mle,1.0,1.0,0.05,5000,1.0,1.0,159
5,135,1,mle,1.0,1.0,0.05,5000,1.0,1.0,49
5,136,1,mle,1.0,1.0,0.05,5000,1.0,1.0,34
5,137,1,mle,1.0,1.0,0.05,5000,1.0,1.0,34
5,138,1,mle,1.0,1.0,0.05,5000,1.0,1.0,40
5,139,1,mle,1.0,1.0,0.05,5000,1.0,1.0,274
5,140,1,mle,1.0,1.0,0.05,5000,1.0,1.0,260
5,141,1,mle,1.0,1.0,0.05,5000,1.0,1.0,9
5,142,1,mle,1.0,1.0,0.05,5000,1.0,1.0,273
5,143,1,mle,1.0,1.0,0.05,5000,1.0,1.0,212
5,144,1,mle,1.0,1.0,0.05,5000,1.0,1.0,44
5,145,1,mle,1.0,1.0,0.05,5000,1.0,1.0,104
5,146,1,mle,1.0,1.0,0.05,5000,1.0,1.0,184
5,147,1,mle,1.0,1.0,0.05,5000,1.0,1.0,237
5,148,1,mle,1.0,1.0,0.05,5000,1.0,1.0,72
5,149,1,mle,1.0,1.0,0.05,5000,1.0,1.0,73
5,150,1,mle,1.0,1.0,0.05,5000,1.0,1.0,72
5,151,1,mle,1.0,1.0,0.05,5000,1.0,1.0,34
5,152,1,mle,1.0,1.0,0.05,5000,1.0,1.0,144
5,153,1,mle,1.0,1.0,0.05,5000,1.0,1.0,116
5,154,1,mle,1.0,1.0,0.05,5000,1.0,1.0,56
5,155,1,mle,1.0,1.0,0.05,5000,1.0,1.0,80
5,156,1,mle,1.0,1.0,0.05,5000,1.0,1.0,47
5,157,1,mle,1.0,1.0,0.05,5000,1.0,1.0,31
5,158,1,mle,1.0,1.0,0.05,5000,1.0,1.0,78
5,159,1,mle,1.0,1.0,0.05,5000,1.0,1.0,117
5,160,1,mle,1.0,1.0,0.05,5000,1.0,1.0,198
5,161,1,mle,1.0,1.0,0.05,5000,1.0,1.0,188
5,162,1,mle,1.0,1.0,0.05,5000,1.0,1.0,142
5,163,1,mle,1.0,1.0,0.05,5000,1.0,1.0,68
5,164,1,mle,1.0,1.0,0.05,5000,1.0,1.0,18
5,165,1,mle,1.0,1.0,0.05,5000,1.0,1.0,200
5,166,1,mle,1.0,1.0,0.05,5000,1.0,1.0,40
5,167,1,mle,1.0,1.0,0.05,5000,1.0,1.0,43
5,168,1,mle,1.0,1.0,0.05,5000,1.0,1.0,93
5,169,1,mle,1.0,1.0,0.05,5000,1.0,1.0,42
5,170,1,mle,1.0,1.0,0.05,5000,1.0,1.0,19
5,171,1,mle,1.0,1.0,0.05,5000,1.0,1.0,78
5,172,1,mle,1.0,1.0,0.05,5000,1.0,1.0,86
5,173,1,mle,1.0,1.0,0.05,5000,1.0,1.0,26
5,174,1,mle,1.0,1.0,0.05,5000,1.0,1.0,305
5,175,1,mle,1.0,1.0,0.05,5000,1.0,1.0,590
5,176,1,mle,1.0,1.0,0.05,5000,1.0,1.0,69
5,177,1,mle,1.0,1.0,0.05,5000,1.0,1.0,29
5,178,1,mle,1.0,1.0,0.05,5000,1.0,1.0,119
5,179,1,mle,1.0,1.0,0.05,5000,1.0,1.0,264
5,180,1,mle,1.0,1.0,0.05,5000,1.0,1.0,143
5,181,1,mle,1.0,1.0,0.05,5000,1.0,1.0,30
5,182,1,mle,1.0,1.0,0.05,5000,1.0,1.0,308
5,183,1,mle,1.0,1.0,0.05,5000,1.0,1.0,769
5,184,1,mle,1.0,1.0,0.05,5000,1.0,1.0,46
5,185,1,mle,1.0,1.0,0.05,5000,1.0,1.0,38
5,186,1,mle,1.0,1.0,0.05,5000,1.0,1.0,38
5,187,1,mle,1.0,1.0,0.05,5000,1.0,1.0,31
5,188,1,mle,1.0,1.0,0.05,5000,1.0,1.0,301
5,189,1,mle,1.0,1.0,0.05,5000,1.0,1.0,274
5,190,1,mle,1.0,1.0,0.05,5000,1.0,1.0,335
5,191,1,mle,1.0,1.0,0.05,5000,1.0,1.0,34
5,192,1,mle,1.0,1.0,0.05,5000,1.0,1.0,162
5,193,1,mle,1.0,1.0,0.05,5000,1.0,1.0,438
5,194,1,mle,1.0,1.0,0.05,5000,1.0,1.0,30
5,195,1,mle,1.0,1.0,0.05,5000,1.0,1.0,45
5,196,1,mle,1.0,1.0,0.05,5000,1.0,1.0,94
5,197,1,mle,1.0,1.0,0.05,5000,1.0,1.0,154
5,198,1,mle,1.0,1.0,0.05,5000,1.0,1.0,63
5,199,1,mle,1.0,1.0,0.05,5000,1.0,1.0,42
5,200,1,mle,1.0,1.0,0.05,5000,1.0,1.0,204
2,1,1,heuristic,1.0,1.0,0.05,5000,1.0,1.0,1
2,2,1,heuristic,1.0,1.0,0.05,5000,1.0,1.0,3
2,3,1,heuristic,1.0,1.0,0.05,5000,1.0,1.0,4
2,4,1,heuristic,1.0,1.0,0.05,5000,1.0,1.0,4
2,5,1,heuristic,1.0,1.0,0.05,5000,1.0,1.0,4
2,6,1,heuristic,1.0,1.0,0.05,5000,1.0,1.0,7
2,7,1,heuristic,1.0,1.0,0.05,5000,1.0,1.0,1
2,8,1,heuristic,1.0,1.0,0.05,5000,1.0,1.0,3
2,9,1,heuristic,1.0,1.0,0.05,5000,1.0,1.0,3
2,10,1,heuristic,1.0,1.0,0.05,5000,1.0,1.0,6
2,11,1,heuristic,1.0,1.0,0.05,5000,1.0,1.0,3
2,12,1,heuristic,1.0,1.0,0.05,5000,1.0,1.0,4
2,13,1,heuristic,1.0,1.0,0.05,5000,1.0,1.0,3
2,14,1,heuristic,1.0,1.0,0.05,5000,1.0,1.0,3
2,15,1,heuristic,1.0,1.0,0.05,5000,1.0,1.0,14
2,16,1,heuristic,1.0,1.0,0.05,5000,1.0,1.0,7
2,17,1,heuristic,1.0,1.0,0.05,5000,1.0,1.0,3
2,18,1,heuristic,1.0,1.0,0.05,5000,1.0,1.0,3
2,19,1,heuristic,1.0,1.0,0.05,5000,1.0,1.0,3
2,20,1,heuristic,1.0,1.0,0.05,5000,1.0,1.0,3
2,21,1,heuristic,1.0,1.0,0.05,5000,1.0,1.0,12
2,22,1,heuristic,1.0,1.0,0.05,5000,1.0,1.0,3
2,23,1,heuristic,1.0,1.0,0.05,5000,1.0,1.0,3
2,24,1,heuristic,1.0,1.0,0.05,5000,1.0,1.0,3
2,25,1,heuristic,1.0,1.0,0.05,5000,1.0,1.0,3
2,26,1,heuristic,1.0,1.0,0.05,5000,1.0,1.0,4
2,27,1,heuristic,1.0,1.0,0.05,5000,1.0,1.0,4
2,28,1,heuristic,1.0,1.0,0.05,5000,1.0,1.0,3
2,29,1,heuristic,1.0,1.0,0.05,5000,1.0,1.0,6
2,30,1,heuristic,1.0,1.0,0.05,5000,1.0,1.0,13
2,31,1,heuristic,1.0,1.0,0.05,5000,1.0,1.0,7
2,32,1,heuristic,1.0,1.0,0.05,5000,1.0,1.0,4
2,33,1,heuristic,1.0,1.0,0.05,5000,1.0,1.0,4
2,34,1,heuristic,1.0,1.0,0.05,5000,1.0,1.0,4
2,35,1,heuristic,1.0,1.0,0.05,5000,1.0,1.0,5
2,36,1,heuristic,1.0,1.0,0.05,5000,1.0,1.0,3
2,37,1,heuristic,1.0,1.0,0.05,5000,1.0,1.0,7
2,38,1,heuristic,1.0,1.0,0.05,5000,1.0,1.0,5
2,39,1,heuristic,1.0,1.0,0.05,5000,1.0,1.0,4
2,40,1,heuristic,1.0,1.0,0.05,5000,1.0,1.0,3
2,41,1,heuristic,1.0,1.0,0.05,5000,1.0,1.0,3
2,42,1,heuristic,1.0,1.0,0.05,5000,1.0,1.0,3
2,43,1,heuristic,1.0,1.0,0.05,5000,1.0,1.0,5
2,44,1,heuristic,1.0,1.0,0.05,5000,1.0,1.0,10
2,45,1,heuristic,1.0,1.0,0.05,5000,1.0,1.0,3
2,46,1,heuristic,1.0,1.0,0.05,5000,1.0,1.0,3
2,47,1,heuristic,1.0,1.0,0.05,5000,1.0,1.0,3
2,48,1,heuristic,1.0,1.0,0.05,5000,1.0,1.0,3
2,49,1,heuristic,1.0,1.0,0.05,5000,1.0,1.0,3
2,50,1,heuristic,1.0,1.0,0.05,5000,1.0,1.0,3
2,51,1,heuristic,1.0,1.0,0.05,5000,1.0,1.0,5
2,52,1,heuristic,1.0,1.0,0.05,5000,1.0,1.0,3
2,53,1,heuristic,1.0,1.0,0.05,5000,1.0,1.0,3
2,54,1,heuristic,1.0,1.0,0.05,5000,1.0,1.0,19
2,55,1,heuristic,1.0,1.0,0.05,5000,1.0,1.0,4
2,56,1,heuristic,1.0,1.0,0.05,5000,1.0,1.0,4
2,57,1,heuristic,1.0,1.0,0.05,5000,1.0,1.0,3
2,58,1,heuristic,1.0,1.0,0.05,5000,1.0,1.0,3
2,59,1,heuristic,1.0,1.0,0.05,5000,1.0,1.0,3
2,60,1,heuristic,1.0,1.0,0.05,5000,1.0,1.0,3
2,61,1,heuristic,1.0,1.0,0.05,5000,1.0,1.0,6
2,62,1,heuristic,1.0,1.0,0.05,5000,1.0,1.0,4
2,63,1,heuristic,1.0,1.0,0.05,5000,1.0,1.0,5
2,64,1,heuristic,1.0,1.0,0.05,5000,1.0,1.0,6
2,65,1,heuristic,1.0,1.0,0.05,5000,1.0,1.0,5
2,66,1,heuristic,1.0,1.0,0.05,5000,1.0,1.0,3
2,67,1,heuristic,1.0,1.0,0.05,5000,1.0,1.0,4
2,68,1,heuristic,1.0,1.0,0.05,5000,1.0,1.0,9
2,69,1,heuristic,1.0,1.0,0.05,5000,1.0,1.0,4
2,70,1,heuristic,1.0,1.0,0.05,5000,1.0,1.0,8
2,71,1,heuristic,1.0,1.0,0.05,5000,1.0,1.0,3
2,72,1,heuristic,1.0,1.0,0.05,5000,1.0,1.0,3
2,73,1,heuristic,1.0,1.0,0.05,5000,1.0,1.0,1
2,74,1,heuristic,1.0,1.0,0.05,5000,1.0,1.0,5
2,75,1,heuristic,1.0,1.0,0.05,5000,1.0,1.0,3
2,76,1,heuristic,1.0,1.0,0.05,5000,1.0,1.0,3
2,77,1,heuristic,1.0,1.0,0.05,5000,1.0,1.0,4
2,78,1,heuristic,1.0,1.0,0.05,5000,1.0,1.0,38
2,79,1,heuristic,1.0,1.0,0.05,5000,1.0,1.0,3
2,80,1,heuristic,1.0,1.0,0.05,5000,1.0,1.0,3
2,81,1,heuristic,1.0,1.0,0.05,5000,1.0,1.0,4
2,82,1,heuristic,1.0,1.0,0.05,5000,1.0,1.0,7
2,83,1,heuristic,1.0,1.0,0.05,5000,1.0,1.0,15
2,84,1,heuristic,1.0,1.0,0.05,5000,1.0,1.0,4
2,85,1,heuristic,1.0,1.0,0.05,5000,1.0,1.0,3
2,86,1,heuristic,1.0,1.0,0.05,5000,1.0,1.0,3
2,87,1,heuristic,1.0,1.0,0.05,5000,1.0,1.0,3
2,88,1,heuristic,1.0,1.0,0.05,5000,1.0,1.0,3
2,89,1,heuristic,1.0,1.0,0.05,5000,1.0,1.0,5
2,90,1,heuristic,1.0,1.0,0.05,5000,1.0,1.0,5
2,91,1,heuristic,1.0,1.0,0.05,5000,1.0,1.0,3
2,92,1,heuristic,1.0,1.0,0.05,5000,1.0,1.0,1
2,93,1,heuristic,1.0,1.0,0.05,5000,1.0,1.0,6
2,94,1,heuristic,1.0,1.0,0.05,5000,1.0,1.0,3
2,95,1,heuristic,1.0,1.0,0.05,5000,1.0,1.0,3
2,96,1,heuristic,1.0,1.0,0.05,5000,1.0,1.0,4
2,97,1,heuristic,1.0,1.0,0.05,5000,1.0,1.0,4
2,98,1,heuristic,1.0,1.0,0.05,5000,1.0,1.0,4
2,99,1,heuristic,1.0,1.0,0.05,5000,1.0,1.0,6
2,100,1,heuristic,1.0,1.0,0.05,5000,1.0,1.0,3
2,101,1,heuristic,1.0,1.0,0.05,5000,1.0,1.0,3
2,102,1,heuristic,1.0,1.0,0.05,5000,1.0,1.0,4
2,103,1,heuristic,1.0,1.0,0.05,5000,1.0,1.0,4
2,104,1,heuristic,1.0,1.0,0.05,5000,1.0,1.0,8
2,105,1,heuristic,1.0,1.0,0.05,5000,1.0,1.0,3
2,106,1,heuristic,1.0,1.0,0.05,5000,1.0,1.0,10
2,107,1,heuristic,1.0,1.0,0.05,5000,1.0,1.0,1
2,108,1,heuristic,1.0,1.0,0.05,5000,1.0,1.0,3
2,109,1,heuristic,1.0,1.0,0.05,5000,1.0,1.0,4
2,110,1,heuristic,1.0,1.0,0.05,5000,1.0,1.0,5
2,111,1,heuristic,1.0,1.0,0.05,5000,1.0,1.0,3
2,112,1,heuristic,1.0,1.0,0.05,5000,1.0,1.0,21
2,113,1,heuristic,1.0,1.0,0.05,5000,1.0,1.0,3
2,114,1,heuristic,1.0,1.0,0.05,5000,1.0,1.0,3
2,115,1,heuristic,1.0,1.0,0.05,5000,1.0,1.0,4
2,116,1,heuristic,1.0,1.0,0.05,5000,1.0,1.0,11
2,117,1,heuristic,1.0,1.0,0.05,5000,1.0,1.0,5
2,118,1,heuristic,1.0,1.0,0.05,5000,1.0,1.0,4
2,119,1,heuristic,1.0,1.0,0.05,5000,1.0,1.0,3
2,120,1,heuristic,1.0,1.0,0.05,5000,1.0,1.0,9
2,121,1,heuristic,1.0,1.0,0.05,5000,1.0,1.0,7
2,122,1,heuristic,1.0,1.0,0.05,5000,1.0,1.0,19
2,123,1,heuristic,1.0,1.0,0.05,5000,1.0,1.0,4
2,124,1,heuristic,1.0,1.0,0.05,5000,1.0,1.0,8
2,125,1,heuristic,1.0,1.0,0.05,5000,1.0,1.0,3
2,126,1,heuristic,1.0,1.0,0.05,5000,1.0,1.0,3
2,127,1,heuristic,1.0,1.0,0.05,5000,1.0,1.0,3
2,128,1,heuristic,1.0,1.0,0.05,5000,1.0,1.0,3
2,129,1,heuristic,1.0,1.0,0.05,5000,1.0,1.0,3
2,130,1,heuristic,1.0,1.0,0.05,5000,1.0,1.0,8
2,131,1,heuristic,1.0,1.0,0.05,5000,1.0,1.0,5
2,132,1,heuristic,1.0,1.0,0.05,5000,1.0,1.0,4
2,133,1,heuristic,1.0,1.0,0.05,5000,1.0,1.0,4
2,134,1,heuristic,1.0,1.0,0.05,5000,1.0,1.0,3
2,135,1,heuristic,1.0,1.0,0.05,5000,1.0,1.0,3
2,136,1,heuristic,1.0,1.0,0.05,5000,1.0,1.0,6
2,137,1,heuristic,1.0,1.0,0.05,5000,1.0,1.0,3
2,138,1,heuristic,1.0,1.0,0.05,5000,1.0,1.0,7
2,139,1,heuristic,1.0,1.0,0.05,5000,1.0,1.0,3
2,140,1,heuristic,1.0,1.0,0.05,5000,1.0,1.0,3
2,141,1,heuristic,1.0,1.0,0.05,5000,1.0,1.0,26
2,142,1,heuristic,1.0,1.0,0.05,5000,1.0,1.0,3
2,143,1,heuristic,1.0,1.0,0.05,5000,1.0,1.0,4
2,144,1,heuristic,1.0,1.0,0.05,5000,1.0,1.0,6
2,145,1,heuristic,1.0,1.0,0.05,5000,1.0,1.0,1
2,146,1,heuristic,1.0,1.0,0.05,5000,1.0,1.0,3
2,147,1,heuristic,1.0,1.0,0.05,5000,1.0,1.0,4
2,148,1,heuristic,1.0,1.0,0.05,5000,1.0,1.0,4
2,149,1,heuristic,1.0,1.0,0.05,5000,1.0,1.0,4
2,150,1,heuristic,1.0,1.0,0.05,5000,1.0,1.0,3
2,151,1,heuristic,1.0,1.0,0.05,5000,1.0,1.0,3
2,152,1,heuristic,1.0,1.0,0.05,5000,1.0,1.0,7
2,153,1,heuristic,1.0,1.0,0.05,5000,1.0,1.0,3
2,154,1,heuristic,1.0,1.0,0.05,5000,1.0,1.0,26
2,155,1,heuristic,1.0,1.0,0.05,5000,1.0,1.0,6
2,156,1,heuristic,1.0,1.0,0.05,5000,1.0,1.0,3
2,157,1,heuristic,1.0,1.0,0.05,5000,1.0,1.0,12
2,158,1,heuristic,1.0,1.0,0.05,5000,1.0,1.0,9
2,159,1,heuristic,1.0,1.0,0.05,5000,1.0,1.0,5
2,160,1,heuristic,1.0,1.0,0.05,5000,1.0,1.0,3
2,161,1,heuristic,1.0,1.0,0.05,5000,1.0,1.0,6
2,162,1,heuristic,1.0,1.0,0.05,5000,1.0,1.0,8
2,163,1,heuristic,1.0,1.0,0.05,5000,1.0,1.0,1
2,164,1,heuristic,1.0,1.0,0.05,5000,1.0,1.0,4
2,165,1,heuristic,1.0,1.0,0.05,5000,1.0,1.0,17
2,166,1,heuristic,1.0,1.0,0.05,5000,1.0,1.0,6
2,167,1,heuristic,1.0,1.0,0.05,5000,1.0,1.0,4
2,168,1,heuristic,1.0,1.0,0.05,5000,1.0,1.0,6
2,169,1,heuristic,1.0,1.0,0.05,5000,1.0,1.0,4
2,170,1,heuristic,1.0,1.0,0.05,5000,1.0,1.0,4
2,171,1,heuristic,1.0,1.0,0.05,5000,1.0,1.0,1
2,172,1,heuristic,1.0,1.0,0.05,5000,1.0,1.0,5
2,173,1,heuristic,1.0,1.0,0.05,5000,1.0,1.0,4
2,174,1,heuristic,1.0,1.0,0.05,5000,1.0,1.0,6
2,175,1,heuristic,1.0,1.0,0.05,5000,1.0,1.0,19
2,176,1,heuristic,1.0,1.0,0.05,5000,1.0,1.0,3
2,177,1,heuristic,1.0,1.0,0.05,5000,1.0,1.0,6
2,178,1,heuristic,1.0,1.0,0.05,5000,1.0,1.0,13
2,179,1,heuristic,1.0,1.0,0.05,5000,1.0,1.0,5
2,180,1,heuristic,1.0,1.0,0.05,5000,1.0,1.0,3
2,181,1,heuristic,1.0,1.0,0.05,5000,1.0,1.0,3
2,182,1,heuristic,1.0,1.0,0.05,5000,1.0,1.0,3
2,183,1,heuristic,1.0,1.0,0.05,5000,1.0,1.0,4
2,184,1,heuristic,1.0,1.0,0.05,5000,1.0,1.0,3
2,185,1,heuristic,1.0,1.0,0.05,5000,1.0,1.0,4
2,186,1,heuristic,1.0,1.0,0.05,5000,1.0,1.0,17
2,187,1,heuristic,1.0,1.0,0.05,5000,1.0,1.0,3
2,188,1,heuristic,1.0,1.0,0.05,5000,1.0,1.0,4
2,189,1,heuristic,1.0,1.0,0.05,5000,1.0,1.0,5
2,190,1,heuristic,1.0,1.0,0.05,5000,1.0,1.0,4
2,191,1,heuristic,1.0,1.0,0.05,5000,1.0,1.0,15
2,192,1,heuristic,1.0,1.0,0.05,5000,1.0,1.0,3
2,193,1,heuristic,1.0,1.0,0.05,5000,1.0,1.0,5
2,194,1,heuristic,1.0,1.0,0.05,5000,1.0,1.0,5
2,195,1,heuristic,1.0,1.0,0.05,5000,1.0,1.0,3
2,196,1,heuristic,1.0,1.0,0.05,5000,1.0,1.0,3
2,197,1,heuristic,1.0,1.0,0.05,5000,1.0,1.0,5
2,198,1,heuristic,1.0,1.0,0.05,5000,1.0,1.0,4
2,199,1,heuristic,1.0,1.0,0.05,5000,1.0,1.0,4
2,200,1,heuristic,1.0,1.0,0.05,5000,1.0,1.0,5
3,1,1,heuristic,1.0,1.0,0.05,5000,1.0,1.0,9
3,2,1,heuristic,1.0,1.0,0.05,5000,1.0,1.0,37
3,3,1,heuristic,1.0,1.0,0.05,5000,1.0,1.0,39
3,4,1,heuristic,1.0,1.0,0.05,5000,1.0,1.0,6
3,5,1,heuristic,1.0,1.0,0.05,5000,1.0,1.0,5
3,6,1,heuristic,1.0,1.0,0.05,5000,1.0,1.0,6
3,7,1,heuristic,1.0,1.0,0.05,5000,1.0,1.0,9
3,8,1,heuristic,1.0,1.0,0.05,5000,1.0,1.0,23
3,9,1,heuristic,1.0,1.0,0.05,5000,1.0,1.0,56
3,10,1,heuristic,1.0,1.0,0.05,5000,1.0,1.0,4
3,11,1,heuristic,1.0,1.0,0.05,5000,1.0,1.0,27
3,12,1,heuristic,1.0,1.0,0.05,5000,1.0,1.0,5
3,13,1,heuristic,1.0,1.0,0.05,5000,1.0,1.0,18
3,14,1,heuristic,1.0,1.0,0.05,5000,1.0,1.0,41
3,15,1,heuristic,1.0,1.0,0.05,5000,1.0,1.0,16
3,16,1,heuristic,1.0,1.0,0.05,5000,1.0,1.0,15
3,17,1,heuristic,1.0,1.0,0.05,5000,1.0,1.0,23
3,18,1,heuristic,1.0,1.0,0.05,5000,1.0,1.0,6
3,19,1,heuristic,1.0,1.0,0.05,5000,1.0,1.0,63
3,20,1,heuristic,1.0,1.0,0.05,5000,1.0,1.0,504
3,21,1,heuristic,1.0,1.0,0.05,5000,1.0,1.0,50
3,22,1,heuristic,1.0,1.0,0.05,5000,1.0,1.0,18
3,23,1,heuristic,1.0,1.0,0.05,5000,1.0,1.0,13
3,24,1,heuristic,1.0,1.0,0.05,5000,1.0,1.0,16
3,25,1,heuristic,1.0,1.0,0.05,5000,1.0,1.0,29
3,26,1,heuristic,1.0,1.0,0.05,5000,1.0,1.0,20
3,27,1,heuristic,1.0,1.0,0.05,5000,1.0,1.0,53
3,28,1,heuristic,1.0,1.0,0.05,5000,1.0,1.0,12
3,29,1,heuristic,1.0,1.0,0.05,5000,1.0,1.0,6
3,30,1,heuristic,1.0,1.0,0.05,5000,1.0,1.0,27
3,31,1,heuristic,1.0,1.0,0.05,5000,1.0,1.0,291
3,32,1,heuristic,1.0,1.0,0.05,5000,1.0,1.0,18
3,33,1,heuristic,1.0,1.0,0.05,5000,1.0,1.0,7
3,34,1,heuristic,1.0,1.0,0.05,5000,1.0,1.0,15
3,35,1,heuristic,1.0,1.0,0.05,5000,1.0,1.0,49
3,36,1,heuristic,1.0,1.0,0.05,5000,1.0,1.0,8
3,37,1,heuristic,1.0,1.0,0.05,5000,1.0,1.0,7
3,38,1,heuristic,1.0,1.0,0.05,5000,1.0,1.0,22
3,39,1,heuristic,1.0,1.0,0.05,5000,1.0,1.0,8
3,40,1,heuristic,1.0,1.0,0.05,5000,1.0,1.0,129
3,41,1,heuristic,1.0,1.0,0.05,5000,1.0,1.0,317
3,42,1,heuristic,1.0,1.0,0.05,5000,1.0,1.0,10
3,43,1,heuristic,1.0,1.0,0.05,5000,1.0,1.0,545
3,44,1,heuristic,1.0,1.0,0.05,5000,1.0,1.0,21
3,45,1,heuristic,1.0,1.0,0.05,5000,1.0,1.0,21
3,46,1,heuristic,1.0,1.0,0.05,5000,1.0,1.0,6
3,47,1,heuristic,1.0,1.0,0.05,5000,1.0,1.0,12
3,48,1,heuristic,1.0,1.0,0.05,5000,1.0,1.0,11
3,49,1,heuristic,1.0,1.0,0.05,5000,1.0,1.0,24
3,50,1,heuristic,1.0,1.0,0.05,5000,1.0,1.0,14
3,51,1,heuristic,1.0,1.0,0.05,5000,1.0,1.0,27
3,52,1,heuristic,1.0,1.0,0.05,5000,1.0,1.0,8
3,53,1,heuristic,1.0,1.0,0.05,5000,1.0,1.0,79
3,54,1,heuristic,1.0,1.0,0.05,5000,1.0,1.0,6
3,55,1,heuristic,1.0,1.0,0.05,5000,1.0,1.0,60
3,56,1,heuristic,1.0,1.0,0.05,5000,1.0,1.0,22
3,57,1,heuristic,1.0,1.0,0.05,5000,1.0,1.0,18
3,58,1,heuristic,1.0,1.0,0.05,5000,1.0,1.0,12
3,59,1,heuristic,1.0,1.0,0.05,5000,1.0,1.0,46
3,60,1,heuristic,1.0,1.0,0.05,5000,1.0,1.0,15
3,61,1,heuristic,1.0,1.0,0.05,5000,1.0,1.0,398
3,62,1,heuristic,1.0,1.0,0.05,5000,1.0,1.0,23
3,63,1,heuristic,1.0,1.0,0.05,5000,1.0,1.0,6
3,64,1,heuristic,1.0,1.0,0.05,5000,1.0,1.0,14
3,65,1,heuristic,1.0,1.0,0.05,5000,1.0,1.0,23
3,66,1,heuristic,1.0,1.0,0.05,5000,1.0,1.0,11
3,67,1,heuristic,1.0,1.0,0.05,5000,1.0,1.0,4
3,68,1,heuristic,1.0,1.0,0.05,5000,1.0,1.0,161
3,69,1,heuristic,1.0,1.0,0.05,5000,1.0,1.0,33
3,70,1,heuristic,1.0,1.0,0.05,5000,1.0,1.0,37
3,71,1,heuristic,1.0,1.0,0.05,5000,1.0,1.0,14
3,72,1,heuristic,1.0,1.0,0.05,5000,1.0,1.0,52
3,73,1,heuristic,1.0,1.0,0.05,5000,1.0,1.0,23
3,74,1,heuristic,1.0,1.0,0.05,5000,1.0,1.0,15
3,75,1,heuristic,1.0,1.0,0.05,5000,1.0,1.0,32
3,76,1,heuristic,1.0,1.0,0.05,5000,1.0,1.0,14
3,77,1,heuristic,1.0,1.0,0.05,5000,1.0,1.0,20
3,78,1,heuristic,1.0,1.0,0.05,5000,1.0,1.0,10
3,79,1,heuristic,1.0,1.0,0.05,5000,1.0,1.0,15
3,80,1,heuristic,1.0,1.0,0.05,5000,1.0,1.0,118
3,81,1,heuristic,1.0,1.0,0.05,5000,1.0,1.0,10
3,82,1,heuristic,1.0,1.0,0.05,5000,1.0,1.0,80
3,83,1,heuristic,1.0,1.0,0.05,5000,1.0,1.0,9
3,84,1,heuristic,1.0,1.0,0.05,5000,1.0,1.0,25
3,85,1,heuristic,1.0,1.0,0.05,5000,1.0,1.0,15
3,86,1,heuristic,1.0,1.0,0.05,5000,1.0,1.0,19
3,87,1,heuristic,1.0,1.0,0.05,5000,1.0,1.0,13
3,88,1,heuristic,1.0,1.0,0.05,5000,1.0,1.0,21
3,89,1,heuristic,1.0,1.0,0.05,5000,1.0,1.0,8
3,90,1,heuristic,1.0,1.0,0.05,5000,1.0,1.0,10
3,91,1,heuristic,1.0,1.0,0.05,5000,1.0,1.0,41
3,92,1,heuristic,1.0,1.0,0.05,5000,1.0,1.0,9
3,93,1,heuristic,1.0,1.0,0.05,5000,1.0,1.0,10
3,94,1,heuristic,1.0,1.0,0.05,5000,1.0,1.0,56
3,95,1,heuristic,1.0,1.0,0.05,5000,1.0,1.0,11
3,96,1,heuristic,1.0,1.0,0.05,5000,1.0,1.0,5
3,97,1,heuristic,1.0,1.0,0.05,5000,1.0,1.0,14
3,98,1,heuristic,1.0,1.0,0.05,5000,1.0,1.0,38
3,99,1,heuristic,1.0,1.0,0.05,5000,1.0,1.0,223
3,100,1,heuristic,1.0,1.0,0.05,5000,1.0,1.0,15
3,101,1,heuristic,1.0,1.0,0.05,5000,1.0,1.0,41
3,102,1,heuristic,1.0,1.0,0.05,5000,1.0,1.0,11
3,103,1,heuristic,1.0,1.0,0.05,5000,1.0,1.0,16
3,104,1,heuristic,1.0,1.0,0.05,5000,1.0,1.0,38
3,105,1,heuristic,1.0,1.0,0.05,5000,1.0,1.0,23
3,106,1,heuristic,1.0,1.0,0.05,5000,1.0,1.0,24
3,107,1,heuristic,1.0,1.0,0.05,5000,1.0,1.0,31
3,108,1,heuristic,1.0,1.0,0.05,5000,1.0,1.0,9
3,109,1,heuristic,1.0,1.0,0.05,5000,1.0,1.0,16
3,110,1,heuristic,1.0,1.0,0.05,5000,1.0,1.0,23
3,111,1,heuristic,1.0,1.0,0.05,5000,1.0,1.0,31
3,112,1,heuristic,1.0,1.0,0.05,5000,1.0,1.0,10
3,113,1,heuristic,1.0,1.0,0.05,5000,1.0,1.0,4
3,114,1,heuristic,1.0,1.0,0.05,5000,1.0,1.0,30
3,115,1,heuristic,1.0,1.0,0.05,5000,1.0,1.0,80
3,116,1,heuristic,1.0,1.0,0.05,5000,1.0,1.0,47
3,117,1,heuristic,1.0,1.0,0.05,5000,1.0,1.0,89
3,118,1,heuristic,1.0,1.0,0.05,5000,1.0,1.0,20
3,119,1,heuristic,1.0,1.0,0.05,5000,1.0,1.0,116
3,120,1,heuristic,1.0,1.0,0.05,5000,1.0,1.0,16
3,121,1,heuristic,1.0,1.0,0.05,5000,1.0,1.0,8
3,122,1,heuristic,1.0,1.0,0.05,5000,1.0,1.0,22
3,123,1,heuristic,1.0,1.0,0.05,5000,1.0,1.0,17
3,124,1,heuristic,1.0,1.0,0.05,5000,1.0,1.0,52
3,125,1,heuristic,1.0,1.0,0.05,5000,1.0,1.0,27
3,126,1,heuristic,1.0,1.0,0.05,5000,1.0,1.0,24
3,127,1,heuristic,1.0,1.0,0.05,5000,1.0,1.0,9
3,128,1,heuristic,1.0,1.0,0.05,5000,1.0,1.0,12
3,129,1,heuristic,1.0,1.0,0.05,5000,1.0,1.0,11
3,130,1,heuristic,1.0,1.0,0.05,5000,1.0,1.0,4
3,131,1,heuristic,1.0,1.0,0.05,5000,1.0,1.0,42
3,132,1,heuristic,1.0,1.0,0.05,5000,1.0,1.0,25
3,133,1,heuristic,1.0,1.0,0.05,5000,1.0,1.0,7
3,134,1,heuristic,1.0,1.0,0.05,5000,1.0,1.0,15
3,135,1,heuristic,1.0,1.0,0.05,5000,1.0,1.0,17
3,136,1,heuristic,1.0,1.0,0.05,5000,1.0,1.0,13
3,137,1,heuristic,1.0,1.0,0.05,5000,1.0,1.0,5
3,138,1,heuristic,1.0,1.0,0.05,5000,1.0,1.0,20
3,139,1,heuristic,1.0,1.0,0.05,5000,1.0,1.0,25
3,140,1,heuristic,1.0,1.0,0.05,5000,1.0,1.0,20
3,141,1,heuristic,1.0,1.0,0.05,5000,1.0,1.0,7
3,142,1,heuristic,1.0,1.0,0.05,5000,1.0,1.0,35
3,143,1,heuristic,1.0,1.0,0.05,5000,1.0,1.0,11
3,144,1,heuristic,1.0,1.0,0.05,5000,1.0,1.0,9
3,145,1,heuristic,1.0,1.0,0.05,5000,1.0,1.0,26
3,146,1,heuristic,1.0,1.0,0.05,5000,1.0,1.0,23
3,147,1,heuristic,1.0,1.0,0.05,5000,1.0,1.0,18
3,148,1,heuristic,1.0,1.0,0.05,5000,1.0,1.0,38
3,149,1,heuristic,1.0,1.0,0.05,5000,1.0,1.0,14
3,150,1,heuristic,1.0,1.0,0.05,5000,1.0,1.0,20
3,151,1,heuristic,1.0,1.0,0.05,5000,1.0,1.0,69
3,152,1,heuristic,1.0,1.0,0.05,5000,1.0,1.0,19
3,153,1,heuristic,1.0,1.0,0.05,5000,1.0,1.0,9
3,154,1,heuristic,1.0,1.0,0.05,5000,1.0,1.0,264
3,155,1,heuristic,1.0,1.0,0.05,5000,1.0,1.0,14
3,156,1,heuristic,1.0,1.0,0.05,5000,1.0,1.0,10
3,157,1,heuristic,1.0,1.0,0.05,5000,1.0,1.0,46
3,158,1,heuristic,1.0,1.0,0.05,5000,1.0,1.0,20
3,159,1,heuristic,1.0,1.0,0.05,5000,1.0,1.0,33
3,160,1,heuristic,1.0,1.0,0.05,5000,1.0,1.0,127
3,161,1,heuristic,1.0,1.0,0.05,5000,1.0,1.0,22
3,162,1,heuristic,1.0,1.0,0.05,5000,1.0,1.0,14
3,163,1,heuristic,1.0,1.0,0.05,5000,1.0,1.0,1
3,164,1,heuristic,1.0,1.0,0.05,5000,1.0,1.0,7
3,165,1,heuristic,1.0,1.0,0.05,5000,1.0,1.0,15
3,166,1,heuristic,1.0,1.0,0.05,5000,1.0,1.0,43
3,167,1,heuristic,1.0,1.0,0.05,5000,1.0,1.0,6
3,168,1,heuristic,1.0,1.0,0.05,5000,1.0,1.0,15
3,169,1,heuristic,1.0,1.0,0.05,5000,1.0,1.0,88
3,170,1,heuristic,1.0,1.0,0.05,5000,1.0,1.0,5
3,171,1,heuristic,1.0,1.0,0.05,5000,1.0,1.0,15
3,172,1,heuristic,1.0,1.0,0.05,5000,1.0,1.0,6
3,173,1,heuristic,1.0,1.0,0.05,5000,1.0,1.0,148
3,174,1,heuristic,1.0,1.0,0.05,5000,1.0,1.0,27
3,175,1,heuristic,1.0,1.0,0.05,5000,1.0,1.0,54
3,176,1,heuristic,1.0,1.0,0.05,5000,1.0,1.0,10
3,177,1,heuristic,1.0,1.0,0.05,5000,1.0,1.0,17
3,178,1,heuristic,1.0,1.0,0.05,5000,1.0,1.0,11
3,179,1,heuristic,1.0,1.0,0.05,5000,1.0,1.0,12
3,180,1,heuristic,1.0,1.0,0.05,5000,1.0,1.0,6
3,181,1,heuristic,1.0,1.0,0.05,5000,1.0,1.0,12
3,182,1,heuristic,1.0,1.0,0.05,5000,1.0,1.0,33
3,183,1,heuristic,1.0,1.0,0.05,5000,1.0,1.0,4
3,184,1,heuristic,1.0,1.0,0.05,5000,1.0,1.0,39
3,185,1,heuristic,1.0,1.0,0.05,5000,1.0,1.0,120
3,186,1,heuristic,1.0,1.0,0.05,5000,1.0,1.0,16
3,187,1,heuristic,1.0,1.0,0.05,5000,1.0,1.0,14
3,188,1,heuristic,1.0,1.0,0.05,5000,1.0,1.0,13
3,189,1,heuristic,1.0,1.0,0.05,5000,1.0,1.0,18
3,190,1,heuristic,1.0,1.0,0.05,5000,1.0,1.0,26
3,191,1,heuristic,1.0,1.0,0.05,5000,1.0,1.0,16
3,192,1,heuristic,1.0,1.0,0.05,5000,1.0,1.0,6
3,193,1,heuristic,1.0,1.0,0.05,5000,1.0,1.0,8
3,194,1,heuristic,1.0,1.0,0.05,5000,1.0,1.0,11
3,195,1,heuristic,1.0,1.0,0.05,5000,1.0,1.0,27
3,196,1,heuristic,1.0,1.0,0.05,5000,1.0,1.0,48
3,197,1,heuristic,1.0,1.0,0.05,5000,1.0,1.0,26
3,198,1,heuristic,1.0,1.0,0.05,5000,1.0,1.0,31
3,199,1,heuristic,1.0,1.0,0.05,5000,1.0,1.0,5
3,200,1,heuristic,1.0,1.0,0.05,5000,1.0,1.0,46
4,1,1,heuristic,1.0,1.0,0.05,5000,1.0,1.0,84
4,2,1,heuristic,1.0,1.0,0.05,5000,1.0,1.0,405
4,3,1,heuristic,1.0,1.0,0.05,5000,1.0,1.0,300
4,4,1,heuristic,1.0,1.0,0.05,5000,1.0,1.0,44
4,5,1,heuristic,1.0,1.0,0.05,5000,1.0,1.0,18
4,6,1,heuristic,1.0,1.0,0.05,5000,1.0,1.0,19
4,7,1,heuristic,1.0,1.0,0.05,5000,1.0,1.0,139
4,8,1,heuristic,1.0,1.0,0.05,5000,1.0,1.0,24
4,9,1,heuristic,1.0,1.0,0.05,5000,1.0,1.0,86
4,10,1,heuristic,1.0,1.0,0.05,5000,1.0,1.0,13
4,11,1,heuristic,1.0,1.0,0.05,5000,1.0,1.0,206
4,12,1,heuristic,1.0,1.0,0.05,5000,1.0,1.0,121
4,13,1,heuristic,1.0,1.0,0.05,5000,1.0,1.0,51
4,14,1,heuristic,1.0,1.0,0.05,5000,1.0,1.0,20
4,15,1,heuristic,1.0,1.0,0.05,5000,1.0,1.0,44
4,16,1,heuristic,1.0,1.0,0.05,5000,1.0,1.0,141
4,17,1,heuristic,1.0,1.0,0.05,5000,1.0,1.0,41
4,18,1,heuristic,1.0,1.0,0.05,5000,1.0,1.0,151
4,19,1,heuristic,1.0,1.0,0.05,5000,1.0,1.0,374
4,20,1,heuristic,1.0,1.0,0.05,5000,1.0,1.0,293
4,21,1,heuristic,1.0,1.0,0.05,5000,1.0,1.0,107
4,22,1,heuristic,1.0,1.0,0.05,5000,1.0,1.0,442
4,23,1,heuristic,1.0,1.0,0.05,5000,1.0,1.0,361
4,24,1,heuristic,1.0,1.0,0.05,5000,1.0,1.0,42
4,25,1,heuristic,1.0,1.0,0.05,5000,1.0,1.0,76
4,26,1,heuristic,1.0,1.0,0.05,5000,1.0,1.0,62
4,27,1,heuristic,1.0,1.0,0.05,5000,1.0,1.0,67
4,28,1,heuristic,1.0,1.0,0.05,5000,1.0,1.0,22
4,29,1,heuristic,1.0,1.0,0.05,5000,1.0,1.0,33
4,30,1,heuristic,1.0,1.0,0.05,5000,1.0,1.0,111
4,31,1,heuristic,1.0,1.0,0.05,5000,1.0,1.0,337
4,32,1,heuristic,1.0,1.0,0.05,5000,1.0,1.0,85
4,33,1,heuristic,1.0,1.0,0.05,5000,1.0,1.0,185
4,34,1,heuristic,1.0,1.0,0.05,5000,1.0,1.0,55
4,35,1,heuristic,1.0,1.0,0.05,5000,1.0,1.0,208
4,36,1,heuristic,1.0,1.0,0.05,5000,1.0,1.0,453
4,37,1,heuristic,1.0,1.0,0.05,5000,1.0,1.0,321
4,38,1,heuristic,1.0,1.0,0.05,5000,1.0,1.0,479
4,39,1,heuristic,1.0,1.0,0.05,5000,1.0,1.0,16
4,40,1,heuristic,1.0,1.0,0.05,5000,1.0,1.0,10
4,41,1,heuristic,1.0,1.0,0.05,5000,1.0,1.0,152
4,42,1,heuristic,1.0,1.0,0.05,5000,1.0,1.0,150
4,43,1,heuristic,1.0,1.0,0.05,5000,1.0,1.0,132
4,44,1,heuristic,1.0,1.0,0.05,5000,1.0,1.0,58
4,45,1,heuristic,1.0,1.0,0.05,5000,1.0,1.0,239
4,46,1,heuristic,1.0,1.0,0.05,5000,1.0,1.0,26
4,47,1,heuristic,1.0,1.0,0.05,5000,1.0,1.0,42
4,48,1,heuristic,1.0,1.0,0.05,5000,1.0,1.0,144
4,49,1,heuristic,1.0,1.0,0.05,5000,1.0,1.0,111
4,50,1,heuristic,1.0,1.0,0.05,5000,1.0,1.0,36
4,51,1,heuristic,1.0,1.0,0.05,5000,1.0,1.0,64
4,52,1,heuristic,1.0,1.0,0.05,5000,1.0,1.0,27
4,53,1,heuristic,1.0,1.0,0.05,5000,1.0,1.0,283
4,54,1,heuristic,1.0,1.0,0.05,5000,1.0,1.0,42
4,55,1,heuristic,1.0,1.0,0.05,5000,1.0,1.0,282
4,56,1,heuristic,1.0,1.0,0.05,5000,1.0,1.0,405
4,57,1,heuristic,1.0,1.0,0.05,5000,1.0,1.0,26
4,58,1,heuristic,1.0,1.0,0.05,5000,1.0,1.0,59
4,59,1,heuristic,1.0,1.0,0.05,5000,1.0,1.0,61
4,60,1,heuristic,1.0,1.0,0.05,5000,1.0,1.0,9
4,61,1,heuristic,1.0,1.0,0.05,5000,1.0,1.0,107
4,62,1,heuristic,1.0,1.0,0.05,5000,1.0,1.0,187
4,63,1,heuristic,1.0,1.0,0.05,5000,1.0,1.0,478
4,64,1,heuristic,1.0,1.0,0.05,5000,1.0,1.0,46
4,65,1,heuristic,1.0,1.0,0.05,5000,1.0,1.0,53
4,66,1,heuristic,1.0,1.0,0.05,5000,1.0,1.0,152
4,67,1,heuristic,1.0,1.0,0.05,5000,1.0,1.0,165
4,68,1,heuristic,1.0,1.0,0.05,5000,1.0,1.0,152
4,69,1,heuristic,1.0,1.0,0.05,5000,1.0,1.0,42
4,70,1,heuristic,1.0,1.0,0.05,5000,1.0,1.0,158
4,71,1,heuristic,1.0,1.0,0.05,5000,1.0,1.0,19
4,72,1,heuristic,1.0,1.0,0.05,5000,1.0,1.0,34
4,73,1,heuristic,1.0,1.0,0.05,5000,1.0,1.0,7
4,74,1,heuristic,1.0,1.0,0.05,5000,1.0,1.0,21
4,75,1,heuristic,1.0,1.0,0.05,5000,1.0,1.0,352
4,76,1,heuristic,1.0,1.0,0.05,5000,1.0,1.0,17
4,77,1,heuristic,1.0,1.0,0.05,5000,1.0,1.0,99
4,78,1,heuristic,1.0,1.0,0.05,5000,1.0,1.0,70
4,79,1,heuristic,1.0,1.0,0.05,5000,1.0,1.0,21
4,80,1,heuristic,1.0,1.0,0.05,5000,1.0,1.0,35
4,81,1,heuristic,1.0,1.0,0.05,5000,1.0,1.0,13
4,82,1,heuristic,1.0,1.0,0.05,5000,1.0,1.0,121
4,83,1,heuristic,1.0,1.0,0.05,5000,1.0,1.0,111
4,84,1,heuristic,1.0,1.0,0.05,5000,1.0,1.0,15
4,85,1,heuristic,1.0,1.0,0.05,5000,1.0,1.0,61
4,86,1,heuristic,1.0,1.0,0.05,5000,1.0,1.0,62
4,87,1,heuristic,1.0,1.0,0.05,5000,1.0,1.0,35
4,88,1,heuristic,1.0,1.0,0.05,5000,1.0,1.0,27
4,89,1,heuristic,1.0,1.0,0.05,5000,1.0,1.0,80
4,90,1,heuristic,1.0,1.0,0.05,5000,1.0,1.0,24
4,91,1,heuristic,1.0,1.0,0.05,5000,1.0,1.0,45
4,92,1,heuristic,1.0,1.0,0.05,5000,1.0,1.0,93
4,93,1,heuristic,1.0,1.0,0.05,5000,1.0,1.0,201
4,94,1,heuristic,1.0,1.0,0.05,5000,1.0,1.0,270
4,95,1,heuristic,1.0,1.0,0.05,5000,1.0,1.0,50
4,96,1,heuristic,1.0,1.0,0.05,5000,1.0,1.0,24
4,97,1,heuristic,1.0,1.0,0.05,5000,1.0,1.0,16
4,98,1,heuristic,1.0,1.0,0.05,5000,1.0,1.0,275
4,99,1,heuristic,1.0,1.0,0.05,5000,1.0,1.0,168
4,100,1,heuristic,1.0,1.0,0.05,5000,1.0,1.0,16
4,101,1,heuristic,1.0,1.0,0.05,5000,1.0,1.0,240
4,102,1,heuristic,1.0,1.0,0.05,5000,1.0,1.0,158
4,103,1,heuristic,1.0,1.0,0.05,5000,1.0,1.0,33
4,104,1,heuristic,1.0,1.0,0.05,5000,1.0,1.0,36
4,105,1,heuristic,1.0,1.0,0.05,5000,1.0,1.0,8
4,106,1,heuristic,1.0,1.0,0.05,5000,1.0,1.0,41
4,107,1,heuristic,1.0,1.0,0.05,5000,1.0,1.0,7
4,108,1,heuristic,1.0,1.0,0.05,5000,1.0,1.0,32
4,109,1,heuristic,1.0,1.0,0.05,5000,1.0,1.0,47
4,110,1,heuristic,1.0,1.0,0.05,5000,1.0,1.0,163
4,111,1,heuristic,1.0,1.0,0.05,5000,1.0,1.0,317
4,112,1,heuristic,1.0,1.0,0.05,5000,1.0,1.0,192
4,113,1,heuristic,1.0,1.0,0.05,5000,1.0,1.0,21
4,114,1,heuristic,1.0,1.0,0.05,5000,1.0,1.0,150
4,115,1,heuristic,1.0,1.0,0.05,5000,1.0,1.0,42
4,116,1,heuristic,1.0,1.0,0.05,5000,1.0,1.0,122
4,117,1,heuristic,1.0,1.0,0.05,5000,1.0,1.0,34
4,118,1,heuristic,1.0,1.0,0.05,5000,1.0,1.0,48
4,119,1,heuristic,1.0,1.0,0.05,5000,1.0,1.0,217
4,120,1,heuristic,1.0,1.0,0.05,5000,1.0,1.0,74
4,121,1,heuristic,1.0,1.0,0.05,5000,1.0,1.0,33
4,122,1,heuristic,1.0,1.0,0.05,5000,1.0,1.0,84
4,123,1,heuristic,1.0,1.0,0.05,5000,1.0,1.0,43
4,124,1,heuristic,1.0,1.0,0.05,5000,1.0,1.0,48
4,125,1,heuristic,1.0,1.0,0.05,5000,1.0,1.0,65
4,126,1,heuristic,1.0,1.0,0.05,5000,1.0,1.0,31
4,127,1,heuristic,1.0,1.0,0.05,5000,1.0,1.0,407
4,128,1,heuristic,1.0,1.0,0.05,5000,1.0,1.0,24
4,129,1,heuristic,1.0,1.0,0.05,5000,1.0,1.0,40
4,130,1,heuristic,1.0,1.0,0.05,5000,1.0,1.0,13
4,131,1,heuristic,1.0,1.0,0.05,5000,1.0,1.0,74
4,132,1,heuristic,1.0,1.0,0.05,5000,1.0,1.0,214
4,133,1,heuristic,1.0,1.0,0.05,5000,1.0,1.0,251
4,134,1,heuristic,1.0,1.0,0.05,5000,1.0,1.0,38
4,135,1,heuristic,1.0,1.0,0.05,5000,1.0,1.0,61
4,136,1,heuristic,1.0,1.0,0.05,5000,1.0,1.0,42
4,137,1,heuristic,1.0,1.0,0.05,5000,1.0,1.0,12
4,138,1,heuristic,1.0,1.0,0.05,5000,1.0,1.0,28
4,139,1,heuristic,1.0,1.0,0.05,5000,1.0,1.0,10
4,140,1,heuristic,1.0,1.0,0.05,5000,1.0,1.0,58
4,141,1,heuristic,1.0,1.0,0.05,5000,1.0,1.0,273
4,142,1,heuristic,1.0,1.0,0.05,5000,1.0,1.0,10
4,143,1,heuristic,1.0,1.0,0.05,5000,1.0,1.0,24
4,144,1,heuristic,1.0,1.0,0.05,5000,1.0,1.0,81
4,145,1,heuristic,1.0,1.0,0.05,5000,1.0,1.0,50
4,146,1,heuristic,1.0,1.0,0.05,5000,1.0,1.0,155
4,147,1,heuristic,1.0,1.0,0.05,5000,1.0,1.0,37
4,148,1,heuristic,1.0,1.0,0.05,5000,1.0,1.0,13
4,149,1,heuristic,1.0,1.0,0.05,5000,1.0,1.0,22
4,150,1,heuristic,1.0,1.0,0.05,5000,1.0,1.0,50
4,151,1,heuristic,1.0,1.0,0.05,5000,1.0,1.0,361
4,152,1,heuristic,1.0,1.0,0.05,5000,1.0,1.0,46
4,153,1,heuristic,1.0,1.0,0.05,5000,1.0,1.0,315
4,154,1,heuristic,1.0,1.0,0.05,5000,1.0,1.0,20
4,155,1,heuristic,1.0,1.0,0.05,5000,1.0,1.0,41
4,156,1,heuristic,1.0,1.0,0.05,5000,1.0,1.0,131
4,157,1,heuristic,1.0,1.0,0.05,5000,1.0,1.0,358
4,158,1,heuristic,1.0,1.0,0.05,5000,1.0,1.0,9
4,159,1,heuristic,1.0,1.0,0.05,5000,1.0,1.0,31
4,160,1,heuristic,1.0,1.0,0.05,5000,1.0,1.0,84
4,161,1,heuristic,1.0,1.0,0.05,5000,1.0,1.0,45
4,162,1,heuristic,1.0,1.0,0.05,5000,1.0,1.0,46
4,163,1,heuristic,1.0,1.0,0.05,5000,1.0,1.0,39
4,164,1,heuristic,1.0,1.0,0.05,5000,1.0,1.0,162
4,165,1,heuristic,1.0,1.0,0.05,5000,1.0,1.0,223
4,166,1,heuristic,1.0,1.0,0.05,5000,1.0,1.0,52
4,167,1,heuristic,1.0,1.0,0.05,5000,1.0,1.0,27
4,168,1,heuristic,1.0,1.0,0.05,5000,1.0,1.0,14
4,169,1,heuristic,1.0,1.0,0.05,5000,1.0,1.0,13
4,170,1,heuristic,1.0,1.0,0.05,5000,1.0,1.0,529
4,171,1,heuristic,1.0,1.0,0.05,5000,1.0,1.0,87
4,172,1,heuristic,1.0,1.0,0.05,5000,1.0,1.0,34
4,173,1,heuristic,1.0,1.0,0.05,5000,1.0,1.0,34
4,174,1,heuristic,1.0,1.0,0.05,5000,1.0,1.0,60
4,175,1,heuristic,1.0,1.0,0.05,5000,1.0,1.0,105
4,176,1,heuristic,1.0,1.0,0.05,5000,1.0,1.0,6
4,177,1,heuristic,1.0,1.0,0.05,5000,1.0,1.0,88
4,178,1,heuristic,1.0,1.0,0.05,5000,1.0,1.0,13
4,179,1,heuristic,1.0,1.0,0.05,5000,1.0,1.0,52
4,180,1,heuristic,1.0,1.0,0.05,5000,1.0,1.0,32
4,181,1,heuristic,1.0,1.0,0.05,5000,1.0,1.0,394
4,182,1,heuristic,1.0,1.0,0.05,5000,1.0,1.0,66
4,183,1,heuristic,1.0,1.0,0.05,5000,1.0,1.0,27
4,184,1,heuristic,1.0,1.0,0.05,5000,1.0,1.0,40
4,185,1,heuristic,1.0,1.0,0.05,5000,1.0,1.0,121
4,186,1,heuristic,1.0,1.0,0.05,5000,1.0,1.0,21
4,187,1,heuristic,1.0,1.0,0.05,5000,1.0,1.0,364
4,188,1,heuristic,1.0,1.0,0.05,5000,1.0,1.0,97
4,189,1,heuristic,1.0,1.0,0.05,5000,1.0,1.0,257
4,190,1,heuristic,1.0,1.0,0.05,5000,1.0,1.0,25
4,191,1,heuristic,1.0,1.0,0.05,5000,1.0,1.0,14
4,192,1,heuristic,1.0,1.0,0.05,5000,1.0,1.0,328
4,193,1,heuristic,1.0,1.0,0.05,5000,1.0,1.0,176
4,194,1,heuristic,1.0,1.0,0.05,5000,1.0,1.0,125
4,195,1,heuristic,1.0,1.0,0.05,5000,1.0,1.0,49
4,196,1,heuristic,1.0,1.0,0.05,5000,1.0,1.0,91
4,197,1,heuristic,1.0,1.0,0.05,5000,1.0,1.0,14
4,198,1,heuristic,1.0,1.0,0.05,5000,1.0,1.0,13
4,199,1,heuristic,1.0,1.0,0.05,5000,1.0,1.0,27
4,200,1,heuristic,1.0,1.0,0.05,5000,1.0,1.0,100
5,1,1,heuristic,1.0,1.0,0.05,5000,1.0,1.0,78
5,2,1,heuristic,1.0,1.0,0.05,5000,1.0,1.0,56
5,3,1,heuristic,1.0,1.0,0.05,5000,1.0,1.0,103
5,4,1,heuristic,1.0,1.0,0.05,5000,1.0,1.0,38
5,5,1,heuristic,1.0,1.0,0.05,5000,1.0,1.0,14
5,6,1,heuristic,1.0,1.0,0.05,5000,1.0,1.0,96
5,7,1,heuristic,1.0,1.0,0.05,5000,1.0,1.0,75
5,8,1,heuristic,1.0,1.0,0.05,5000,1.0,1.0,83
5,9,1,heuristic,1.0,1.0,0.05,5000,1.0,1.0,143
5,10,1,heuristic,1.0,1.0,0.05,5000,1.0,1.0,31
5,11,1,heuristic,1.0,1.0,0.05,5000,1.0,1.0,29
5,12,1,heuristic,1.0,1.0,0.05,5000,1.0,1.0,41
5,13,1,heuristic,1.0,1.0,0.05,5000,1.0,1.0,130
5,14,1,heuristic,1.0,1.0,0.05,5000,1.0,1.0,24
5,15,1,heuristic,1.0,1.0,0.05,5000,1.0,1.0,47
5,16,1,heuristic,1.0,1.0,0.05,5000,1.0,1.0,44
5,17,1,heuristic,1.0,1.0,0.05,5000,1.0,1.0,99
5,18,1,heuristic,1.0,1.0,0.05,5000,1.0,1.0,165
5,19,1,heuristic,1.0,1.0,0.05,5000,1.0,1.0,50
5,20,1,heuristic,1.0,1.0,0.05,5000,1.0,1.0,68
5,21,1,heuristic,1.0,1.0,0.05,5000,1.0,1.0,199
5,22,1,heuristic,1.0,1.0,0.05,5000,1.0,1.0,20
5,23,1,heuristic,1.0,1.0,0.05,5000,1.0,1.0,56
5,24,1,heuristic,1.0,1.0,0.05,5000,1.0,1.0,104
5,25,1,heuristic,1.0,1.0,0.05,5000,1.0,1.0,17
5,26,1,heuristic,1.0,1.0,0.05,5000,1.0,1.0,233
5,27,1,heuristic,1.0,1.0,0.05,5000,1.0,1.0,53
5,28,1,heuristic,1.0,1.0,0.05,5000,1.0,1.0,104
5,29,1,heuristic,1.0,1.0,0.05,5000,1.0,1.0,106
5,30,1,heuristic,1.0,1.0,0.05,5000,1.0,1.0,450
5,31,1,heuristic,1.0,1.0,0.05,5000,1.0,1.0,173
5,32,1,heuristic,1.0,1.0,0.05,5000,1.0,1.0,27
5,33,1,heuristic,1.0,1.0,0.05,5000,1.0,1.0,13
5,34,1,heuristic,1.0,1.0,0.05,5000,1.0,1.0,24
5,35,1,heuristic,1.0,1.0,0.05,5000,1.0,1.0,34
5,36,1,heuristic,1.0,1.0,0.05,5000,1.0,1.0,98
5,37,1,heuristic,1.0,1.0,0.05,5000,1.0,1.0,23
5,38,1,heuristic,1.0,1.0,0.05,5000,1.0,1.0,80
5,39,1,heuristic,1.0,1.0,0.05,5000,1.0,1.0,41
5,40,1,heuristic,1.0,1.0,0.05,5000,1.0,1.0,807
5,41,1,heuristic,1.0,1.0,0.05,5000,1.0,1.0,36
5,42,1,heuristic,1.0,1.0,0.05,5000,1.0,1.0,46
5,43,1,heuristic,1.0,1.0,0.05,5000,1.0,1.0,88
5,44,1,heuristic,1.0,1.0,0.05,5000,1.0,1.0,28
5,45,1,heuristic,1.0,1.0,0.05,5000,1.0,1.0,577
5,46,1,heuristic,1.0,1.0,0.05,5000,1.0,1.0,225
5,47,1,heuristic,1.0,1.0,0.05,5000,1.0,1.0,83
5,48,1,heuristic,1.0,1.0,0.05,5000,1.0,1.0,40
5,49,1,heuristic,1.0,1.0,0.05,5000,1.0,1.0,35
5,50,1,heuristic,1.0,1.0,0.05,5000,1.0,1.0,156
5,51,1,heuristic,1.0,1.0,0.05,5000,1.0,1.0,223
5,52,1,heuristic,1.0,1.0,0.05,5000,1.0,1.0,113
5,53,1,heuristic,1.0,1.0,0.05,5000,1.0,1.0,82
5,54,1,heuristic,1.0,1.0,0.05,5000,1.0,1.0,240
5,55,1,heuristic,1.0,1.0,0.05,5000,1.0,1.0,30
5,56,1,heuristic,1.0,1.0,0.05,5000,1.0,1.0,88
5,57,1,heuristic,1.0,1.0,0.05,5000,1.0,1.0,24
5,58,1,heuristic,1.0,1.0,0.05,5000,1.0,1.0,129
5,59,1,heuristic,1.0,1.0,0.05,5000,1.0,1.0,41
5,60,1,heuristic,1.0,1.0,0.05,5000,1.0,1.0,117
5,61,1,heuristic,1.0,1.0,0.05,5000,1.0,1.0,149
5,62,1,heuristic,1.0,1.0,0.05,5000,1.0,1.0,27
5,63,1,heuristic,1.0,1.0,0.05,5000,1.0,1.0,16
5,64,1,heuristic,1.0,1.0,0.05,5000,1.0,1.0,47
5,65,1,heuristic,1.0,1.0,0.05,5000,1.0,1.0,68
5,66,1,heuristic,1.0,1.0,0.05,5000,1.0,1.0,494
5,67,1,heuristic,1.0,1.0,0.05,5000,1.0,1.0,117
5,68,1,heuristic,1.0,1.0,0.05,5000,1.0,1.0,780
5,69,1,heuristic,1.0,1.0,0.05,5000,1.0,1.0,158
5,70,1,heuristic,1.0,1.0,0.05,5000,1.0,1.0,53
5,71,1,heuristic,1.0,1.0,0.05,5000,1.0,1.0,67
5,72,1,heuristic,1.0,1.0,0.05,5000,1.0,1.0,53
5,73,1,heuristic,1.0,1.0,0.05,5000,1.0,1.0,1013
5,74,1,heuristic,1.0,1.0,0.05,5000,1.0,1.0,459
5,75,1,heuristic,1.0,1.0,0.05,5000,1.0,1.0,40
5,76,1,heuristic,1.0,1.0,0.05,5000,1.0,1.0,267
5,77,1,heuristic,1.0,1.0,0.05,5000,1.0,1.0,611
5,78,1,heuristic,1.0,1.0,0.05,5000,1.0,1.0,125
5,79,1,heuristic,1.0,1.0,0.05,5000,1.0,1.0,50
5,80,1,heuristic,1.0,1.0,0.05,5000,1.0,1.0,16
5,81,1,heuristic,1.0,1.0,0.05,5000,1.0,1.0,153
5,82,1,heuristic,1.0,1.0,0.05,5000,1.0,1.0,33
5,83,1,heuristic,1.0,1.0,0.05,5000,1.0,1.0,110
5,84,1,heuristic,1.0,1.0,0.05,5000,1.0,1.0,135
5,85,1,heuristic,1.0,1.0,0.05,5000,1.0,1.0,329
5,86,1,heuristic,1.0,1.0,0.05,5000,1.0,1.0,18
5,87,1,heuristic,1.0,1.0,0.05,5000,1.0,1.0,69
5,88,1,heuristic,1.0,1.0,0.05,5000,1.0,1.0,23
5,89,1,heuristic,1.0,1.0,0.05,5000,1.0,1.0,45
5,90,1,heuristic,1.0,1.0,0.05,5000,1.0,1.0,47
5,91,1,heuristic,1.0,1.0,0.05,5000,1.0,1.0,114
5,92,1,heuristic,1.0,1.0,0.05,5000,1.0,1.0,229
5,93,1,heuristic,1.0,1.0,0.05,5000,1.0,1.0,34
5,94,1,heuristic,1.0,1.0,0.05,5000,1.0,1.0,93
5,95,1,heuristic,1.0,1.0,0.05,5000,1.0,1.0,20
5,96,1,heuristic,1.0,1.0,0.05,5000,1.0,1.0,468
5,97,1,heuristic,1.0,1.0,0.05,5000,1.0,1.0,58
5,98,1,heuristic,1.0,1.0,0.05,5000,1.0,1.0,26
5,99,1,heuristic,1.0,1.0,0.05,5000,1.0,1.0,43
5,100,1,heuristic,1.0,1.0,0.05,5000,1.0,1.0,374
5,101,1,heuristic,1.0,1.0,0.05,5000,1.0,1.0,161
5,102,1,heuristic,1.0,1.0,0.05,5000,1.0,1.0,582
5,103,1,heuristic,1.0,1.0,0.05,5000,1.0,1.0,70
5,104,1,heuristic,1.0,1.0,0.05,5000,1.0,1.0,239
5,105,1,heuristic,1.0,1.0,0.05,5000,1.0,1.0,141
5,106,1,heuristic,1.0,1.0,0.05,5000,1.0,1.0,46
5,107,1,heuristic,1.0,1.0,0.05,5000,1.0,1.0,313
5,108,1,heuristic,1.0,1.0,0.05,5000,1.0,1.0,152
5,109,1,heuristic,1.0,1.0,0.05,5000,1.0,1.0,32
5,110,1,heuristic,1.0,1.0,0.05,5000,1.0,1.0,209
5,111,1,heuristic,1.0,1.0,0.05,5000,1.0,1.0,44
5,112,1,heuristic,1.0,1.0,0.05,5000,1.0,1.0,55
5,113,1,heuristic,1.0,1.0,0.05,5000,1.0,1.0,122
5,114,1,heuristic,1.0,1.0,0.05,5000,1.0,1.0,194
5,115,1,heuristic,1.0,1.0,0.05,5000,1.0,1.0,61
5,116,1,heuristic,1.0,1.0,0.05,5000,1.0,1.0,46
5,117,1,heuristic,1.0,1.0,0.05,5000,1.0,1.0,48
5,118,1,heuristic,1.0,1.0,0.05,5000,1.0,1.0,100
5,119,1,heuristic,1.0,1.0,0.05,5000,1.0,1.0,253
5,120,1,heuristic,1.0,1.0,0.05,5000,1.0,1.0,114
5,121,1,heuristic,1.0,1.0,0.05,5000,1.0,1.0,559
5,122,1,heuristic,1.0,1.0,0.05,5000,1.0,1.0,81
5,123,1,heuristic,1.0,1.0,0.05,5000,1.0,1.0,61
5,124,1,heuristic,1.0,1.0,0.05,5000,1.0,1.0,73
5,125,1,heuristic,1.0,1.0,0.05,5000,1.0,1.0,67
5,126,1,heuristic,1.0,1.0,0.05,5000,1.0,1.0,76
5,127,1,heuristic,1.0,1.0,0.05,5000,1.0,1.0,400
5,128,1,heuristic,1.0,1.0,0.05,5000,1.0,1.0,181
5,129,1,heuristic,1.0,1.0,0.05,5000,1.0,1.0,479
5,130,1,heuristic,1.0,1.0,0.05,5000,1.0,1.0,25
5,131,1,heuristic,1.0,1.0,0.05,5000,1.0,1.0,170
5,132,1,heuristic,1.0,1.0,0.05,5000,1.0,1.0,54
5,133,1,heuristic,1.0,1.0,0.05,5000,1.0,1.0,66
5,134,1,heuristic,1.0,1.0,0.05,5000,1.0,1.0,135
5,135,1,heuristic,1.0,1.0,0.05,5000,1.0,1.0,145
5,136,1,heuristic,1.0,1.0,0.05,5000,1.0,1.0,21
5,137,1,heuristic,1.0,1.0,0.05,5000,1.0,1.0,326
5,138,1,heuristic,1.0,1.0,0.05,5000,1.0,1.0,72
5,139,1,heuristic,1.0,1.0,0.05,5000,1.0,1.0,26
5,140,1,heuristic,1.0,1.0,0.05,5000,1.0,1.0,107
5,141,1,heuristic,1.0,1.0,0.05,5000,1.0,1.0,25
5,142,1,heuristic,1.0,1.0,0.05,5000,1.0,1.0,44
5,143,1,heuristic,1.0,1.0,0.05,5000,1.0,1.0,99
5,144,1,heuristic,1.0,1.0,0.05,5000,1.0,1.0,154
5,145,1,heuristic,1.0,1.0,0.05,5000,1.0,1.0,334
5,146,1,heuristic,1.0,1.0,0.05,5000,1.0,1.0,135
5,147,1,heuristic,1.0,1.0,0.05,5000,1.0,1.0,18
5,148,1,heuristic,1.0,1.0,0.05,5000,1.0,1.0,77
5,149,1,heuristic,1.0,1.0,0.05,5000,1.0,1.0,71
5,150,1,heuristic,1.0,1.0,0.05,5000,1.0,1.0,160
5,151,1,heuristic,1.0,1.0,0.05,5000,1.0,1.0,55
5,152,1,heuristic,1.0,1.0,0.05,5000,1.0,1.0,45
5,153,1,heuristic,1.0,1.0,0.05,5000,1.0,1.0,147
5,154,1,heuristic,1.0,1.0,0.05,5000,1.0,1.0,49
5,155,1,heuristic,1.0,1.0,0.05,5000,1.0,1.0,101
5,156,1,heuristic,1.0,1.0,0.05,5000,1.0,1.0,416
5,157,1,heuristic,1.0,1.0,0.05,5000,1.0,1.0,146
5,158,1,heuristic,1.0,1.0,0.05,5000,1.0,1.0,91
5,159,1,heuristic,1.0,1.0,0.05,5000,1.0,1.0,88
5,160,1,heuristic,1.0,1.0,0.05,5000,1.0,1.0,28
5,161,1,heuristic,1.0,1.0,0.05,5000,1.0,1.0,32
5,162,1,heuristic,1.0,1.0,0.05,5000,1.0,1.0,113
5,163,1,heuristic,1.0,1.0,0.05,5000,1.0,1.0,57
5,164,1,heuristic,1.0,1.0,0.05,5000,1.0,1.0,50
5,165,1,heuristic,1.0,1.0,0.05,5000,1.0,1.0,186
5,166,1,heuristic,1.0,1.0,0.05,5000,1.0,1.0,52
5,167,1,heuristic,1.0,1.0,0.05,5000,1.0,1.0,239
5,168,1,heuristic,1.0,1.0,0.05,5000,1.0,1.0,104
5,169,1,heuristic,1.0,1.0,0.05,5000,1.0,1.0,66
5,170,1,heuristic,1.0,1.0,0.05,5000,1.0,1.0,88
5,171,1,heuristic,1.0,1.0,0.05,5000,1.0,1.0,127
5,172,1,heuristic,1.0,1.0,0.05,5000,1.0,1.0,53
5,173,1,heuristic,1.0,1.0,0.05,5000,1.0,1.0,44
5,174,1,heuristic,1.0,1.0,0.05,5000,1.0,1.0,66
5,175,1,heuristic,1.0,1.0,0.05,5000,1.0,1.0,399
5,176,1,heuristic,1.0,1.0,0.05,5000,1.0,1.0,33
5,177,1,heuristic,1.0,1.0,0.05,5000,1.0,1.0,27
5,178,1,heuristic,1.0,1.0,0.05,5000,1.0,1.0,101
5,179,1,heuristic,1.0,1.0,0.05,5000,1.0,1.0,94
5,180,1,heuristic,1.0,1.0,0.05,5000,1.0,1.0,407
5,181,1,heuristic,1.0,1.0,0.05,5000,1.0,1.0,22
5,182,1,heuristic,1.0,1.0,0.05,5000,1.0,1.0,78
5,183,1,heuristic,1.0,1.0,0.05,5000,1.0,1.0,173
5,184,1,heuristic,1.0,1.0,0.05,5000,1.0,1.0,50
5,185,1,heuristic,1.0,1.0,0.05,5000,1.0,1.0,116
5,186,1,heuristic,1.0,1.0,0.05,5000,1.0,1.0,70
5,187,1,heuristic,1.0,1.0,0.05,5000,1.0,1.0,135
5,188,1,heuristic,1.0,1.0,0.05,5000,1.0,1.0,40
5,189,1,heuristic,1.0,1.0,0.05,5000,1.0,1.0,198
5,190,1,heuristic,1.0,1.0,0.05,5000,1.0,1.0,82
5,191,1,heuristic,1.0,1.0,0.05,5000,1.0,1.0,28
5,192,1,heuristic,1.0,1.0,0.05,5000,1.0,1.0,48
5,193,1,heuristic,1.0,1.0,0.05,5000,1.0,1.0,104
5,194,1,heuristic,1.0,1.0,0.05,5000,1.0,1.0,72
5,195,1,heuristic,1.0,1.0,0.05,5000,1.0,1.0,22
5,196,1,heuristic,1.0,1.0,0.05,5000,1.0,1.0,124
5,197,1,heuristic,1.0,1.0,0.05,5000,1.0,1.0,110
5,198,1,heuristic,1.0,1.0,0.05,5000,1.0,1.0,416
5,199,1,heuristic,1.0,1.0,0.05,5000,1.0,1.0,317
5,200,1,heuristic,1.0,1.0,0.05,5000,1.0,1.0,46
2,1,1,bayesian,1.0,1.0,0.05,5000,1.0,1.0,1
2,2,1,bayesian,1.0,1.0,0.05,5000,1.0,1.0,3
2,3,1,bayesian,1.0,1.0,0.05,5000,1.0,1.0,55
2,4,1,bayesian,1.0,1.0,0.05,5000,1.0,1.0,14
2,5,1,bayesian,1.0,1.0,0.05,5000,1.0,1.0,4
2,6,1,bayesian,1.0,1.0,0.05,5000,1.0,1.0,14
2,7,1,bayesian,1.0,1.0,0.05,5000,1.0,1.0,1
2,8,1,bayesian,1.0,1.0,0.05,5000,1.0,1.0,12
2,9,1,bayesian,1.0,1.0,0.05,5000,1.0,1.0,7
2,10,1,bayesian,1.0,1.0,0.05,5000,1.0,1.0,5
2,11,1,bayesian,1.0,1.0,0.05,5000,1.0,1.0,13
2,12,1,bayesian,1.0,1.0,0.05,5000,1.0,1.0,27
2,13,1,bayesian,1.0,1.0,0.05,5000,1.0,1.0,4
2,14,1,bayesian,1.0,1.0,0.05,5000,1.0,1.0,5
2,15,1,bayesian,1.0,1.0,0.05,5000,1.0,1.0,12
2,16,1,bayesian,1.0,1.0,0.05,5000,1.0,1.0,13
2,17,1,bayesian,1.0,1.0,0.05,5000,1.0,1.0,10
2,18,1,bayesian,1.0,1.0,0.05,5000,1.0,1.0,9
2,19,1,bayesian,1.0,1.0,0.05,5000,1.0,1.0,6
2,20,1,bayesian,1.0,1.0,0.05,5000,1.0,1.0,4
2,21,1,bayesian,1.0,1.0,0.05,5000,1.0,1.0,4
2,22,1,bayesian,1.0,1.0,0.05,5000,1.0,1.0,6
2,23,1,bayesian,1.0,1.0,0.05,5000,1.0,1.0,18
2,24,1,bayesian,1.0,1.0,0.05,5000,1.0,1.0,9
2,25,1,bayesian,1.0,1.0,0.05,5000,1.0,1.0,13
2,26,1,bayesian,1.0,1.0,0.05,5000,1.0,1.0,5
2,27,1,bayesian,1.0,1.0,0.05,5000,1.0,1.0,4
2,28,1,bayesian,1.0,1.0,0.05,5000,1.0,1.0,7
2,29,1,bayesian,1.0,1.0,0.05,5000,1.0,1.0,3
2,30,1,bayesian,1.0,1.0,0.05,5000,1.0,1.0,11
2,31,1,bayesian,1.0,1.0,0.05,5000,1.0,1.0,18
2,32,1,bayesian,1.0,1.0,0.05,5000,1.0,1.0,7
2,33,1,bayesian,1.0,1.0,0.05,5000,1.0,1.0,4
2,34,1,bayesian,1.0,1.0,0.05,5000,1.0,1.0,6
2,35,1,bayesian,1.0,1.0,0.05,5000,1.0,1.0,3
2,36,1,bayesian,1.0,1.0,0.05,5000,1.0,1.0,6
2,37,1,bayesian,1.0,1.0,0.05,5000,1.0,1.0,6
2,38,1,bayesian,1.0,1.0,0.05,5000,1.0,1.0,3
2,39,1,bayesian,1.0,1.0,0.05,5000,1.0,1.0,6
2,40,1,bayesian,1.0,1.0,0.05,5000,1.0,1.0,8
2,41,1,bayesian,1.0,1.0,0.05,5000,1.0,1.0,5
2,42,1,bayesian,1.0,1.0,0.05,5000,1.0,1.0,9
2,43,1,bayesian,1.0,1.0,0.05,5000,1.0,1.0,2
2,44,1,bayesian,1.0,1.0,0.05,5000,1.0,1.0,7
2,45,1,bayesian,1.0,1.0,0.05,5000,1.0,1.0,5
2,46,1,bayesian,1.0,1.0,0.05,5000,1.0,1.0,6
2,47,1,bayesian,1.0,1.0,0.05,5000,1.0,1.0,12
2,48,1,bayesian,1.0,1.0,0.05,5000,1.0,1.0,7
2,49,1,bayesian,1.0,1.0,0.05,5000,1.0,1.0,6
2,50,1,bayesian,1.0,1.0,0.05,5000,1.0,1.0,4
2,51,1,bayesian,1.0,1.0,0.05,5000,1.0,1.0,7
2,52,1,bayesian,1.0,1.0,0.05,5000,1.0,1.0,7
2,53,1,bayesian,1.0,1.0,0.05,5000,1.0,1.0,9
2,54,1,bayesian,1.0,1.0,0.05,5000,1.0,1.0,5
2,55,1,bayesian,1.0,1.0,0.05,5000,1.0,1.0,6
2,56,1,bayesian,1.0,1.0,0.05,5000,1.0,1.0,4
2,57,1,bayesian,1.0,1.0,0.05,5000,1.0,1.0,5
2,58,1,bayesian,1.0,1.0,0.05,5000,1.0,1.0,6
2,59,1,bayesian,1.0,1.0,0.05,5000,1.0,1.0,4
2,60,1,bayesian,1.0,1.0,0.05,5000,1.0,1.0,7
2,61,1,bayesian,1.0,1.0,0.05,5000,1.0,1.0,5
2,62,1,bayesian,1.0,1.0,0.05,5000,1.0,1.0,16
2,63,1,bayesian,1.0,1.0,0.05,5000,1.0,1.0,5
2,64,1,bayesian,1.0,1.0,0.05,5000,1.0,1.0,5
2,65,1,bayesian,1.0,1.0,0.05,5000,1.0,1.0,7
2,66,1,bayesian,1.0,1.0,0.05,5000,1.0,1.0,9
2,67,1,bayesian,1.0,1.0,0.05,5000,1.0,1.0,11
2,68,1,bayesian,1.0,1.0,0.05,5000,1.0,1.0,10
2,69,1,bayesian,1.0,1.0,0.05,5000,1.0,1.0,4
2,70,1,bayesian,1.0,1.0,0.05,5000,1.0,1.0,8
2,71,1,bayesian,1.0,1.0,0.05,5000,1.0,1.0,6
2,72,1,bayesian,1.0,1.0,0.05,5000,1.0,1.0,5
2,73,1,bayesian,1.0,1.0,0.05,5000,1.0,1.0,1
2,74,1,bayesian,1.0,1.0,0.05,5000,1.0,1.0,19
2,75,1,bayesian,1.0,1.0,0.05,5000,1.0,1.0,5
2,76,1,bayesian,1.0,1.0,0.05,5000,1.0,1.0,34
2,77,1,bayesian,1.0,1.0,0.05,5000,1.0,1.0,6
2,78,1,bayesian,1.0,1.0,0.05,5000,1.0,1.0,3
2,79,1,bayesian,1.0,1.0,0.05,5000,1.0,1.0,5
2,80,1,bayesian,1.0,1.0,0.05,5000,1.0,1.0,31
2,81,1,bayesian,1.0,1.0,0.05,5000,1.0,1.0,3
2,82,1,bayesian,1.0,1.0,0.05,5000,1.0,1.0,5
2,83,1,bayesian,1.0,1.0,0.05,5000,1.0,1.0,4
2,84,1,bayesian,1.0,1.0,0.05,5000,1.0,1.0,5
2,85,1,bayesian,1.0,1.0,0.05,5000,1.0,1.0,5
2,86,1,bayesian,1.0,1.0,0.05,5000,1.0,1.0,26
2,87,1,bayesian,1.0,1.0,0.05,5000,1.0,1.0,5
2,88,1,bayesian,1.0,1.0,0.05,5000,1.0,1.0,10
2,89,1,bayesian,1.0,1.0,0.05,5000,1.0,1.0,5
2,90,1,bayesian,1.0,1.0,0.05,5000,1.0,1.0,5
2,91,1,bayesian,1.0,1.0,0.05,5000,1.0,1.0,5
2,92,1,bayesian,1.0,1.0,0.05,5000,1.0,1.0,1
2,93,1,bayesian,1.0,1.0,0.05,5000,1.0,1.0,5
2,94,1,bayesian,1.0,1.0,0.05,5000,1.0,1.0,5
2,95,1,bayesian,1.0,1.0,0.05,5000,1.0,1.0,4
2,96,1,bayesian,1.0,1.0,0.05,5000,1.0,1.0,4
2,97,1,bayesian,1.0,1.0,0.05,5000,1.0,1.0,4
2,98,1,bayesian,1.0,1.0,0.05,5000,1.0,1.0,7
2,99,1,bayesian,1.0,1.0,0.05,5000,1.0,1.0,4
2,100,1,bayesian,1.0,1.0,0.05,5000,1.0,1.0,6
2,101,1,bayesian,1.0,1.0,0.05,5000,1.0,1.0,11
2,102,1,bayesian,1.0,1.0,0.05,5000,1.0,1.0,3
2,103,1,bayesian,1.0,1.0,0.05,5000,1.0,1.0,6
2,104,1,bayesian,1.0,1.0,0.05,5000,1.0,1.0,4
2,105,1,bayesian,1.0,1.0,0.05,5000,1.0,1.0,6
2,106,1,bayesian,1.0,1.0,0.05,5000,1.0,1.0,6
2,107,1,bayesian,1.0,1.0,0.05,5000,1.0,1.0,1
2,108,1,bayesian,1.0,1.0,0.05,5000,1.0,1.0,15
2,109,1,bayesian,1.0,1.0,0.05,5000,1.0,1.0,4
2,110,1,bayesian,1.0,1.0,0.05,5000,1.0,1.0,7
2,111,1,bayesian,1.0,1.0,0.05,5000,1.0,1.0,6
2,112,1,bayesian,1.0,1.0,0.05,5000,1.0,1.0,7
2,113,1,bayesian,1.0,1.0,0.05,5000,1.0,1.0,4
2,114,1,bayesian,1.0,1.0,0.05,5000,1.0,1.0,9
2,115,1,bayesian,1.0,1.0,0.05,5000,1.0,1.0,6
2,116,1,bayesian,1.0,1.0,0.05,5000,1.0,1.0,6
2,117,1,bayesian,1.0,1.0,0.05,5000,1.0,1.0,14
2,118,1,bayesian,1.0,1.0,0.05,5000,1.0,1.0,3
2,119,1,bayesian,1.0,1.0,0.05,5000,1.0,1.0,5
2,120,1,bayesian,1.0,1.0,0.05,5000,1.0,1.0,5
2,121,1,bayesian,1.0,1.0,0.05,5000,1.0,1.0,5
2,122,1,bayesian,1.0,1.0,0.05,5000,1.0,1.0,11
2,123,1,bayesian,1.0,1.0,0.05,5000,1.0,1.0,4
2,124,1,bayesian,1.0,1.0,0.05,5000,1.0,1.0,4
2,125,1,bayesian,1.0,1.0,0.05,5000,1.0,1.0,6
2,126,1,bayesian,1.0,1.0,0.05,5000,1.0,1.0,4
2,127,1,bayesian,1.0,1.0,0.05,5000,1.0,1.0,6
2,128,1,bayesian,1.0,1.0,0.05,5000,1.0,1.0,7
2,129,1,bayesian,1.0,1.0,0.05,5000,1.0,1.0,6
2,130,1,bayesian,1.0,1.0,0.05,5000,1.0,1.0,5
2,131,1,bayesian,1.0,1.0,0.05,5000,1.0,1.0,5
2,132,1,bayesian,1.0,1.0,0.05,5000,1.0,1.0,5
2,133,1,bayesian,1.0,1.0,0.05,5000,1.0,1.0,5
2,134,1,bayesian,1.0,1.0,0.05,5000,1.0,1.0,4
2,135,1,bayesian,1.0,1.0,0.05,5000,1.0,1.0,8
2,136,1,bayesian,1.0,1.0,0.05,5000,1.0,1.0,4
2,137,1,bayesian,1.0,1.0,0.05,5000,1.0,1.0,6
2,138,1,bayesian,1.0,1.0,0.05,5000,1.0,1.0,14
2,139,1,bayesian,1.0,1.0,0.05,5000,1.0,1.0,7
2,140,1,bayesian,1.0,1.0,0.05,5000,1.0,1.0,6
2,141,1,bayesian,1.0,1.0,0.05,5000,1.0,1.0,8
2,142,1,bayesian,1.0,1.0,0.05,5000,1.0,1.0,5
2,143,1,bayesian,1.0,1.0,0.05,5000,1.0,1.0,7
2,144,1,bayesian,1.0,1.0,0.05,5000,1.0,1.0,7
2,145,1,bayesian,1.0,1.0,0.05,5000,1.0,1.0,1
2,146,1,bayesian,1.0,1.0,0.05,5000,1.0,1.0,4
2,147,1,bayesian,1.0,1.0,0.05,5000,1.0,1.0,8
2,148,1,bayesian,1.0,1.0,0.05,5000,1.0,1.0,5
2,149,1,bayesian,1.0,1.0,0.05,5000,1.0,1.0,5
2,150,1,bayesian,1.0,1.0,0.05,5000,1.0,1.0,11
2,151,1,bayesian,1.0,1.0,0.05,5000,1.0,1.0,8
2,152,1,bayesian,1.0,1.0,0.05,5000,1.0,1.0,9
2,153,1,bayesian,1.0,1.0,0.05,5000,1.0,1.0,4
2,154,1,bayesian,1.0,1.0,0.05,5000,1.0,1.0,3
2,155,1,bayesian,1.0,1.0,0.05,5000,1.0,1.0,6
2,156,1,bayesian,1.0,1.0,0.05,5000,1.0,1.0,10
2,157,1,bayesian,1.0,1.0,0.05,5000,1.0,1.0,9
2,158,1,bayesian,1.0,1.0,0.05,5000,1.0,1.0,4
2,159,1,bayesian,1.0,1.0,0.05,5000,1.0,1.0,5
2,160,1,bayesian,1.0,1.0,0.05,5000,1.0,1.0,11
2,161,1,bayesian,1.0,1.0,0.05,5000,1.0,1.0,5
2,162,1,bayesian,1.0,1.0,0.05,5000,1.0,1.0,3
2,163,1,bayesian,1.0,1.0,0.05,5000,1.0,1.0,1
2,164,1,bayesian,1.0,1.0,0.05,5000,1.0,1.0,6
2,165,1,bayesian,1.0,1.0,0.05,5000,1.0,1.0,5
2,166,1,bayesian,1.0,1.0,0.05,5000,1.0,1.0,5
2,167,1,bayesian,1.0,1.0,0.05,5000,1.0,1.0,18
2,168,1,bayesian,1.0,1.0,0.05,5000,1.0,1.0,8
2,169,1,bayesian,1.0,1.0,0.05,5000,1.0,1.0,7
2,170,1,bayesian,1.0,1.0,0.05,5000,1.0,1.0,3
2,171,1,bayesian,1.0,1.0,0.05,5000,1.0,1.0,1
2,172,1,bayesian,1.0,1.0,0.05,5000,1.0,1.0,4
2,173,1,bayesian,1.0,1.0,0.05,5000,1.0,1.0,4
2,174,1,bayesian,1.0,1.0,0.05,5000,1.0,1.0,16
2,175,1,bayesian,1.0,1.0,0.05,5000,1.0,1.0,16
2,176,1,bayesian,1.0,1.0,0.05,5000,1.0,1.0,8
2,177,1,bayesian,1.0,1.0,0.05,5000,1.0,1.0,5
2,178,1,bayesian,1.0,1.0,0.05,5000,1.0,1.0,5
2,179,1,bayesian,1.0,1.0,0.05,5000,1.0,1.0,3
2,180,1,bayesian,1.0,1.0,0.05,5000,1.0,1.0,6
2,181,1,bayesian,1.0,1.0,0.05,5000,1.0,1.0,6
2,182,1,bayesian,1.0,1.0,0.05,5000,1.0,1.0,7
2,183,1,bayesian,1.0,1.0,0.05,5000,1.0,1.0,8
2,184,1,bayesian,1.0,1.0,0.05,5000,1.0,1.0,8
2,185,1,bayesian,1.0,1.0,0.05,5000,1.0,1.0,7
2,186,1,bayesian,1.0,1.0,0.05,5000,1.0,1.0,6
2,187,1,bayesian,1.0,1.0,0.05,5000,1.0,1.0,14
2,188,1,bayesian,1.0,1.0,0.05,5000,1.0,1.0,4
2,189,1,bayesian,1.0,1.0,0.05,5000,1.0,1.0,3
2,190,1,bayesian,1.0,1.0,0.05,5000,1.0,1.0,5
2,191,1,bayesian,1.0,1.0,0.05,5000,1.0,1.0,4
2,192,1,bayesian,1.0,1.0,0.05,5000,1.0,1.0,6
2,193,1,bayesian,1.0,1.0,0.05,5000,1.0,1.0,16
2,194,1,bayesian,1.0,1.0,0.05,5000,1.0,1.0,5
2,195,1,bayesian,1.0,1.0,0.05,5000,1.0,1.0,5
2,196,1,bayesian,1.0,1.0,0.05,5000,1.0,1.0,7
2,197,1,bayesian,1.0,1.0,0.05,5000,1.0,1.0,3
2,198,1,bayesian,1.0,1.0,0.05,5000,1.0,1.0,4
2,199,1,bayesian,1.0,1.0,0.05,5000,1.0,1.0,3
2,200,1,bayesian,1.0,1.0,0.05,5000,1.0,1.0,5
3,1,1,bayesian,1.0,1.0,0.05,5000,1.0,1.0,28
3,2,1,bayesian,1.0,1.0,0.05,5000,1.0,1.0,13
3,3,1,bayesian,1.0,1.0,0.05,5000,1.0,1.0,416
3,4,1,bayesian,1.0,1.0,0.05,5000,1.0,1.0,15
3,5,1,bayesian,1.0,1.0,0.05,5000,1.0,1.0,60
3,6,1,bayesian,1.0,1.0,0.05,5000,1.0,1.0,123
3,7,1,bayesian,1.0,1.0,0.05,5000,1.0,1.0,52
3,8,1,bayesian,1.0,1.0,0.05,5000,1.0,1.0,45
3,9,1,bayesian,1.0,1.0,0.05,5000,1.0,1.0,142
3,10,1,bayesian,1.0,1.0,0.05,5000,1.0,1.0,69
3,11,1,bayesian,1.0,1.0,0.05,5000,1.0,1.0,18
3,12,1,bayesian,1.0,1.0,0.05,5000,1.0,1.0,55
3,13,1,bayesian,1.0,1.0,0.05,5000,1.0,1.0,211
3,14,1,bayesian,1.0,1.0,0.05,5000,1.0,1.0,40
3,15,1,bayesian,1.0,1.0,0.05,5000,1.0,1.0,19
3,16,1,bayesian,1.0,1.0,0.05,5000,1.0,1.0,69
3,17,1,bayesian,1.0,1.0,0.05,5000,1.0,1.0,100
3,18,1,bayesian,1.0,1.0,0.05,5000,1.0,1.0,24
3,19,1,bayesian,1.0,1.0,0.05,5000,1.0,1.0,215
3,20,1,bayesian,1.0,1.0,0.05,5000,1.0,1.0,40
3,21,1,bayesian,1.0,1.0,0.05,5000,1.0,1.0,65
3,22,1,bayesian,1.0,1.0,0.05,5000,1.0,1.0,28
3,23,1,bayesian,1.0,1.0,0.05,5000,1.0,1.0,35
3,24,1,bayesian,1.0,1.0,0.05,5000,1.0,1.0,76
3,25,1,bayesian,1.0,1.0,0.05,5000,1.0,1.0,18
3,26,1,bayesian,1.0,1.0,0.05,5000,1.0,1.0,24
3,27,1,bayesian,1.0,1.0,0.05,5000,1.0,1.0,48
3,28,1,bayesian,1.0,1.0,0.05,5000,1.0,1.0,33
3,29,1,bayesian,1.0,1.0,0.05,5000,1.0,1.0,13
3,30,1,bayesian,1.0,1.0,0.05,5000,1.0,1.0,21
3,31,1,bayesian,1.0,1.0,0.05,5000,1.0,1.0,16
3,32,1,bayesian,1.0,1.0,0.05,5000,1.0,1.0,25
3,33,1,bayesian,1.0,1.0,0.05,5000,1.0,1.0,55
3,34,1,bayesian,1.0,1.0,0.05,5000,1.0,1.0,108
3,35,1,bayesian,1.0,1.0,0.05,5000,1.0,1.0,81
3,36,1,bayesian,1.0,1.0,0.05,5000,1.0,1.0,28
3,37,1,bayesian,1.0,1.0,0.05,5000,1.0,1.0,15
3,38,1,bayesian,1.0,1.0,0.05,5000,1.0,1.0,20
3,39,1,bayesian,1.0,1.0,0.05,5000,1.0,1.0,26
3,40,1,bayesian,1.0,1.0,0.05,5000,1.0,1.0,40
3,41,1,bayesian,1.0,1.0,0.05,5000,1.0,1.0,71
3,42,1,bayesian,1.0,1.0,0.05,5000,1.0,1.0,232
3,43,1,bayesian,1.0,1.0,0.05,5000,1.0,1.0,72
3,44,1,bayesian,1.0,1.0,0.05,5000,1.0,1.0,24
3,45,1,bayesian,1.0,1.0,0.05,5000,1.0,1.0,79
3,46,1,bayesian,1.0,1.0,0.05,5000,1.0,1.0,287
3,47,1,bayesian,1.0,1.0,0.05,5000,1.0,1.0,16
3,48,1,bayesian,1.0,1.0,0.05,5000,1.0,1.0,53
3,49,1,bayesian,1.0,1.0,0.05,5000,1.0,1.0,35
3,50,1,bayesian,1.0,1.0,0.05,5000,1.0,1.0,24
3,51,1,bayesian,1.0,1.0,0.05,5000,1.0,1.0,50
3,52,1,bayesian,1.0,1.0,0.05,5000,1.0,1.0,436
3,53,1,bayesian,1.0,1.0,0.05,5000,1.0,1.0,280
3,54,1,bayesian,1.0,1.0,0.05,5000,1.0,1.0,22
3,55,1,bayesian,1.0,1.0,0.05,5000,1.0,1.0,15
3,56,1,bayesian,1.0,1.0,0.05,5000,1.0,1.0,56
3,57,1,bayesian,1.0,1.0,0.05,5000,1.0,1.0,64
3,58,1,bayesian,1.0,1.0,0.05,5000,1.0,1.0,44
3,59,1,bayesian,1.0,1.0,0.05,5000,1.0,1.0,121
3,60,1,bayesian,1.0,1.0,0.05,5000,1.0,1.0,89
3,61,1,bayesian,1.0,1.0,0.05,5000,1.0,1.0,72
3,62,1,bayesian,1.0,1.0,0.05,5000,1.0,1.0,13
3,63,1,bayesian,1.0,1.0,0.05,5000,1.0,1.0,23
3,64,1,bayesian,1.0,1.0,0.05,5000,1.0,1.0,27
3,65,1,bayesian,1.0,1.0,0.05,5000,1.0,1.0,13
3,66,1,bayesian,1.0,1.0,0.05,5000,1.0,1.0,53
3,67,1,bayesian,1.0,1.0,0.05,5000,1.0,1.0,22
3,68,1,bayesian,1.0,1.0,0.05,5000,1.0,1.0,24
3,69,1,bayesian,1.0,1.0,0.05,5000,1.0,1.0,59
3,70,1,bayesian,1.0,1.0,0.05,5000,1.0,1.0,443
3,71,1,bayesian,1.0,1.0,0.05,5000,1.0,1.0,33
3,72,1,bayesian,1.0,1.0,0.05,5000,1.0,1.0,29
3,73,1,bayesian,1.0,1.0,0.05,5000,1.0,1.0,25
3,74,1,bayesian,1.0,1.0,0.05,5000,1.0,1.0,97
3,75,1,bayesian,1.0,1.0,0.05,5000,1.0,1.0,24
3,76,1,bayesian,1.0,1.0,0.05,5000,1.0,1.0,44
3,77,1,bayesian,1.0,1.0,0.05,5000,1.0,1.0,109
3,78,1,bayesian,1.0,1.0,0.05,5000,1.0,1.0,61
3,79,1,bayesian,1.0,1.0,0.05,5000,1.0,1.0,62
3,80,1,bayesian,1.0,1.0,0.05,5000,1.0,1.0,108
3,81,1,bayesian,1.0,1.0,0.05,5000,1.0,1.0,611
3,82,1,bayesian,1.0,1.0,0.05,5000,1.0,1.0,59
3,83,1,bayesian,1.0,1.0,0.05,5000,1.0,1.0,24
3,84,1,bayesian,1.0,1.0,0.05,5000,1.0,1.0,54
3,85,1,bayesian,1.0,1.0,0.05,5000,1.0,1.0,61
3,86,1,bayesian,1.0,1.0,0.05,5000,1.0,1.0,35
3,87,1,bayesian,1.0,1.0,0.05,5000,1.0,1.0,328
3,88,1,bayesian,1.0,1.0,0.05,5000,1.0,1.0,74
3,89,1,bayesian,1.0,1.0,0.05,5000,1.0,1.0,23
3,90,1,bayesian,1.0,1.0,0.05,5000,1.0,1.0,66
3,91,1,bayesian,1.0,1.0,0.05,5000,1.0,1.0,42
3,92,1,bayesian,1.0,1.0,0.05,5000,1.0,1.0,17
3,93,1,bayesian,1.0,1.0,0.05,5000,1.0,1.0,53
3,94,1,bayesian,1.0,1.0,0.05,5000,1.0,1.0,34
3,95,1,bayesian,1.0,1.0,0.05,5000,1.0,1.0,51
3,96,1,bayesian,1.0,1.0,0.05,5000,1.0,1.0,35
3,97,1,bayesian,1.0,1.0,0.05,5000,1.0,1.0,20
3,98,1,bayesian,1.0,1.0,0.05,5000,1.0,1.0,21
3,99,1,bayesian,1.0,1.0,0.05,5000,1.0,1.0,91
3,100,1,bayesian,1.0,1.0,0.05,5000,1.0,1.0,23
3,101,1,bayesian,1.0,1.0,0.05,5000,1.0,1.0,217
3,102,1,bayesian,1.0,1.0,0.05,5000,1.0,1.0,395
3,103,1,bayesian,1.0,1.0,0.05,5000,1.0,1.0,63
3,104,1,bayesian,1.0,1.0,0.05,5000,1.0,1.0,91
3,105,1,bayesian,1.0,1.0,0.05,5000,1.0,1.0,23
3,106,1,bayesian,1.0,1.0,0.05,5000,1.0,1.0,148
3,107,1,bayesian,1.0,1.0,0.05,5000,1.0,1.0,88
3,108,1,bayesian,1.0,1.0,0.05,5000,1.0,1.0,28
3,109,1,bayesian,1.0,1.0,0.05,5000,1.0,1.0,42
3,110,1,bayesian,1.0,1.0,0.05,5000,1.0,1.0,24
3,111,1,bayesian,1.0,1.0,0.05,5000,1.0,1.0,51
3,112,1,bayesian,1.0,1.0,0.05,5000,1.0,1.0,17
3,113,1,bayesian,1.0,1.0,0.05,5000,1.0,1.0,89
3,114,1,bayesian,1.0,1.0,0.05,5000,1.0,1.0,33
3,115,1,bayesian,1.0,1.0,0.05,5000,1.0,1.0,45
3,116,1,bayesian,1.0,1.0,0.05,5000,1.0,1.0,25
3,117,1,bayesian,1.0,1.0,0.05,5000,1.0,1.0,14
3,118,1,bayesian,1.0,1.0,0.05,5000,1.0,1.0,99
3,119,1,bayesian,1.0,1.0,0.05,5000,1.0,1.0,134
3,120,1,bayesian,1.0,1.0,0.05,5000,1.0,1.0,16
3,121,1,bayesian,1.0,1.0,0.05,5000,1.0,1.0,25
3,122,1,bayesian,1.0,1.0,0.05,5000,1.0,1.0,46
3,123,1,bayesian,1.0,1.0,0.05,5000,1.0,1.0,84
3,124,1,bayesian,1.0,1.0,0.05,5000,1.0,1.0,49
3,125,1,bayesian,1.0,1.0,0.05,5000,1.0,1.0,65
3,126,1,bayesian,1.0,1.0,0.05,5000,1.0,1.0,17
3,127,1,bayesian,1.0,1.0,0.05,5000,1.0,1.0,97
3,128,1,bayesian,1.0,1.0,0.05,5000,1.0,1.0,124
3,129,1,bayesian,1.0,1.0,0.05,5000,1.0,1.0,154
3,130,1,bayesian,1.0,1.0,0.05,5000,1.0,1.0,32
3,131,1,bayesian,1.0,1.0,0.05,5000,1.0,1.0,67
3,132,1,bayesian,1.0,1.0,0.05,5000,1.0,1.0,55
3,133,1,bayesian,1.0,1.0,0.05,5000,1.0,1.0,154
3,134,1,bayesian,1.0,1.0,0.05,5000,1.0,1.0,142
3,135,1,bayesian,1.0,1.0,0.05,5000,1.0,1.0,33
3,136,1,bayesian,1.0,1.0,0.05,5000,1.0,1.0,69
3,137,1,bayesian,1.0,1.0,0.05,5000,1.0,1.0,42
3,138,1,bayesian,1.0,1.0,0.05,5000,1.0,1.0,119
3,139,1,bayesian,1.0,1.0,0.05,5000,1.0,1.0,29
3,140,1,bayesian,1.0,1.0,0.05,5000,1.0,1.0,23
3,141,1,bayesian,1.0,1.0,0.05,5000,1.0,1.0,24
3,142,1,bayesian,1.0,1.0,0.05,5000,1.0,1.0,19
3,143,1,bayesian,1.0,1.0,0.05,5000,1.0,1.0,22
3,144,1,bayesian,1.0,1.0,0.05,5000,1.0,1.0,12
3,145,1,bayesian,1.0,1.0,0.05,5000,1.0,1.0,27
3,146,1,bayesian,1.0,1.0,0.05,5000,1.0,1.0,27
3,147,1,bayesian,1.0,1.0,0.05,5000,1.0,1.0,36
3,148,1,bayesian,1.0,1.0,0.05,5000,1.0,1.0,61
3,149,1,bayesian,1.0,1.0,0.05,5000,1.0,1.0,217
3,150,1,bayesian,1.0,1.0,0.05,5000,1.0,1.0,25
3,151,1,bayesian,1.0,1.0,0.05,5000,1.0,1.0,17
3,152,1,bayesian,1.0,1.0,0.05,5000,1.0,1.0,220
3,153,1,bayesian,1.0,1.0,0.05,5000,1.0,1.0,24
3,154,1,bayesian,1.0,1.0,0.05,5000,1.0,1.0,14
3,155,1,bayesian,1.0,1.0,0.05,5000,1.0,1.0,112
3,156,1,bayesian,1.0,1.0,0.05,5000,1.0,1.0,107
3,157,1,bayesian,1.0,1.0,0.05,5000,1.0,1.0,167
3,158,1,bayesian,1.0,1.0,0.05,5000,1.0,1.0,31
3,159,1,bayesian,1.0,1.0,0.05,5000,1.0,1.0,18
3,160,1,bayesian,1.0,1.0,0.05,5000,1.0,1.0,69
3,161,1,bayesian,1.0,1.0,0.05,5000,1.0,1.0,56
3,162,1,bayesian,1.0,1.0,0.05,5000,1.0,1.0,16
3,163,1,bayesian,1.0,1.0,0.05,5000,1.0,1.0,1
3,164,1,bayesian,1.0,1.0,0.05,5000,1.0,1.0,35
3,165,1,bayesian,1.0,1.0,0.05,5000,1.0,1.0,79
3,166,1,bayesian,1.0,1.0,0.05,5000,1.0,1.0,61
3,167,1,bayesian,1.0,1.0,0.05,5000,1.0,1.0,23
3,168,1,bayesian,1.0,1.0,0.05,5000,1.0,1.0,114
3,169,1,bayesian,1.0,1.0,0.05,5000,1.0,1.0,20
3,170,1,bayesian,1.0,1.0,0.05,5000,1.0,1.0,57
3,171,1,bayesian,1.0,1.0,0.05,5000,1.0,1.0,68
3,172,1,bayesian,1.0,1.0,0.05,5000,1.0,1.0,18
3,173,1,bayesian,1.0,1.0,0.05,5000,1.0,1.0,54
3,174,1,bayesian,1.0,1.0,0.05,5000,1.0,1.0,18
3,175,1,bayesian,1.0,1.0,0.05,5000,1.0,1.0,36
3,176,1,bayesian,1.0,1.0,0.05,5000,1.0,1.0,18
3,177,1,bayesian,1.0,1.0,0.05,5000,1.0,1.0,21
3,178,1,bayesian,1.0,1.0,0.05,5000,1.0,1.0,55
3,179,1,bayesian,1.0,1.0,0.05,5000,1.0,1.0,297
3,180,1,bayesian,1.0,1.0,0.05,5000,1.0,1.0,61
3,181,1,bayesian,1.0,1.0,0.05,5000,1.0,1.0,44
3,182,1,bayesian,1.0,1.0,0.05,5000,1.0,1.0,28
3,183,1,bayesian,1.0,1.0,0.05,5000,1.0,1.0,137
3,184,1,bayesian,1.0,1.0,0.05,5000,1.0,1.0,41
3,185,1,bayesian,1.0,1.0,0.05,5000,1.0,1.0,654
3,186,1,bayesian,1.0,1.0,0.05,5000,1.0,1.0,26
3,187,1,bayesian,1.0,1.0,0.05,5000,1.0,1.0,194
3,188,1,bayesian,1.0,1.0,0.05,5000,1.0,1.0,15
3,189,1,bayesian,1.0,1.0,0.05,5000,1.0,1.0,22
3,190,1,bayesian,1.0,1.0,0.05,5000,1.0,1.0,93
3,191,1,bayesian,1.0,1.0,0.05,5000,1.0,1.0,88
3,192,1,bayesian,1.0,1.0,0.05,5000,1.0,1.0,24
3,193,1,bayesian,1.0,1.0,0.05,5000,1.0,1.0,31
3,194,1,bayesian,1.0,1.0,0.05,5000,1.0,1.0,87
3,195,1,bayesian,1.0,1.0,0.05,5000,1.0,1.0,90
3,196,1,bayesian,1.0,1.0,0.05,5000,1.0,1.0,65
3,197,1,bayesian,1.0,1.0,0.05,5000,1.0,1.0,61
3,198,1,bayesian,1.0,1.0,0.05,5000,1.0,1.0,74
3,199,1,bayesian,1.0,1.0,0.05,5000,1.0,1.0,65
3,200,1,bayesian,1.0,1.0,0.05,5000,1.0,1.0,68
4,1,1,bayesian,1.0,1.0,0.05,5000,1.0,1.0,138
4,2,1,bayesian,1.0,1.0,0.05,5000,1.0,1.0,335
4,3,1,bayesian,1.0,1.0,0.05,5000,1.0,1.0,221
4,4,1,bayesian,1.0,1.0,0.05,5000,1.0,1.0,38
4,5,1,bayesian,1.0,1.0,0.05,5000,1.0,1.0,55
4,6,1,bayesian,1.0,1.0,0.05,5000,1.0,1.0,92
4,7,1,bayesian,1.0,1.0,0.05,5000,1.0,1.0,115
4,8,1,bayesian,1.0,1.0,0.05,5000,1.0,1.0,56
4,9,1,bayesian,1.0,1.0,0.05,5000,1.0,1.0,161
4,10,1,bayesian,1.0,1.0,0.05,5000,1.0,1.0,295
4,11,1,bayesian,1.0,1.0,0.05,5000,1.0,1.0,201
4,12,1,bayesian,1.0,1.0,0.05,5000,1.0,1.0,123
4,13,1,bayesian,1.0,1.0,0.05,5000,1.0,1.0,37
4,14,1,bayesian,1.0,1.0,0.05,5000,1.0,1.0,152
4,15,1,bayesian,1.0,1.0,0.05,5000,1.0,1.0,107
4,16,1,bayesian,1.0,1.0,0.05,5000,1.0,1.0,224
4,17,1,bayesian,1.0,1.0,0.05,5000,1.0,1.0,366
4,18,1,bayesian,1.0,1.0,0.05,5000,1.0,1.0,40
4,19,1,bayesian,1.0,1.0,0.05,5000,1.0,1.0,148
4,20,1,bayesian,1.0,1.0,0.05,5000,1.0,1.0,172
4,21,1,bayesian,1.0,1.0,0.05,5000,1.0,1.0,36
4,22,1,bayesian,1.0,1.0,0.05,5000,1.0,1.0,200
4,23,1,bayesian,1.0,1.0,0.05,5000,1.0,1.0,64
4,24,1,bayesian,1.0,1.0,0.05,5000,1.0,1.0,33
4,25,1,bayesian,1.0,1.0,0.05,5000,1.0,1.0,153
4,26,1,bayesian,1.0,1.0,0.05,5000,1.0,1.0,146
4,27,1,bayesian,1.0,1.0,0.05,5000,1.0,1.0,524
4,28,1,bayesian,1.0,1.0,0.05,5000,1.0,1.0,103
4,29,1,bayesian,1.0,1.0,0.05,5000,1.0,1.0,252
4,30,1,bayesian,1.0,1.0,0.05,5000,1.0,1.0,104
4,31,1,bayesian,1.0,1.0,0.05,5000,1.0,1.0,130
4,32,1,bayesian,1.0,1.0,0.05,5000,1.0,1.0,74
4,33,1,bayesian,1.0,1.0,0.05,5000,1.0,1.0,528
4,34,1,bayesian,1.0,1.0,0.05,5000,1.0,1.0,224
4,35,1,bayesian,1.0,1.0,0.05,5000,1.0,1.0,60
4,36,1,bayesian,1.0,1.0,0.05,5000,1.0,1.0,26
4,37,1,bayesian,1.0,1.0,0.05,5000,1.0,1.0,131
4,38,1,bayesian,1.0,1.0,0.05,5000,1.0,1.0,175
4,39,1,bayesian,1.0,1.0,0.05,5000,1.0,1.0,427
4,40,1,bayesian,1.0,1.0,0.05,5000,1.0,1.0,40
4,41,1,bayesian,1.0,1.0,0.05,5000,1.0,1.0,125
4,42,1,bayesian,1.0,1.0,0.05,5000,1.0,1.0,43
4,43,1,bayesian,1.0,1.0,0.05,5000,1.0,1.0,152
4,44,1,bayesian,1.0,1.0,0.05,5000,1.0,1.0,83
4,45,1,bayesian,1.0,1.0,0.05,5000,1.0,1.0,276
4,46,1,bayesian,1.0,1.0,0.05,5000,1.0,1.0,430
4,47,1,bayesian,1.0,1.0,0.05,5000,1.0,1.0,380
4,48,1,bayesian,1.0,1.0,0.05,5000,1.0,1.0,136
4,49,1,bayesian,1.0,1.0,0.05,5000,1.0,1.0,115
4,50,1,bayesian,1.0,1.0,0.05,5000,1.0,1.0,115
4,51,1,bayesian,1.0,1.0,0.05,5000,1.0,1.0,28
4,52,1,bayesian,1.0,1.0,0.05,5000,1.0,1.0,45
4,53,1,bayesian,1.0,1.0,0.05,5000,1.0,1.0,58
4,54,1,bayesian,1.0,1.0,0.05,5000,1.0,1.0,181
4,55,1,bayesian,1.0,1.0,0.05,5000,1.0,1.0,275
4,56,1,bayesian,1.0,1.0,0.05,5000,1.0,1.0,169
4,57,1,bayesian,1.0,1.0,0.05,5000,1.0,1.0,20
4,58,1,bayesian,1.0,1.0,0.05,5000,1.0,1.0,331
4,59,1,bayesian,1.0,1.0,0.05,5000,1.0,1.0,286
4,60,1,bayesian,1.0,1.0,0.05,5000,1.0,1.0,281
4,61,1,bayesian,1.0,1.0,0.05,5000,1.0,1.0,244
4,62,1,bayesian,1.0,1.0,0.05,5000,1.0,1.0,97
4,63,1,bayesian,1.0,1.0,0.05,5000,1.0,1.0,132
4,64,1,bayesian,1.0,1.0,0.05,5000,1.0,1.0,55
4,65,1,bayesian,1.0,1.0,0.05,5000,1.0,1.0,256
4,66,1,bayesian,1.0,1.0,0.05,5000,1.0,1.0,73
4,67,1,bayesian,1.0,1.0,0.05,5000,1.0,1.0,285
4,68,1,bayesian,1.0,1.0,0.05,5000,1.0,1.0,326
4,69,1,bayesian,1.0,1.0,0.05,5000,1.0,1.0,432
4,70,1,bayesian,1.0,1.0,0.05,5000,1.0,1.0,61
4,71,1,bayesian,1.0,1.0,0.05,5000,1.0,1.0,87
4,72,1,bayesian,1.0,1.0,0.05,5000,1.0,1.0,116
4,73,1,bayesian,1.0,1.0,0.05,5000,1.0,1.0,44
4,74,1,bayesian,1.0,1.0,0.05,5000,1.0,1.0,76
4,75,1,bayesian,1.0,1.0,0.05,5000,1.0,1.0,121
4,76,1,bayesian,1.0,1.0,0.05,5000,1.0,1.0,287
4,77,1,bayesian,1.0,1.0,0.05,5000,1.0,1.0,757
4,78,1,bayesian,1.0,1.0,0.05,5000,1.0,1.0,59
4,79,1,bayesian,1.0,1.0,0.05,5000,1.0,1.0,127
4,80,1,bayesian,1.0,1.0,0.05,5000,1.0,1.0,63
4,81,1,bayesian,1.0,1.0,0.05,5000,1.0,1.0,22
4,82,1,bayesian,1.0,1.0,0.05,5000,1.0,1.0,88
4,83,1,bayesian,1.0,1.0,0.05,5000,1.0,1.0,38
4,84,1,bayesian,1.0,1.0,0.05,5000,1.0,1.0,46
4,85,1,bayesian,1.0,1.0,0.05,5000,1.0,1.0,47
4,86,1,bayesian,1.0,1.0,0.05,5000,1.0,1.0,83
4,87,1,bayesian,1.0,1.0,0.05,5000,1.0,1.0,24
4,88,1,bayesian,1.0,1.0,0.05,5000,1.0,1.0,65
4,89,1,bayesian,1.0,1.0,0.05,5000,1.0,1.0,169
4,90,1,bayesian,1.0,1.0,0.05,5000,1.0,1.0,79
4,91,1,bayesian,1.0,1.0,0.05,5000,1.0,1.0,138
4,92,1,bayesian,1.0,1.0,0.05,5000,1.0,1.0,176
4,93,1,bayesian,1.0,1.0,0.05,5000,1.0,1.0,100
4,94,1,bayesian,1.0,1.0,0.05,5000,1.0,1.0,42
4,95,1,bayesian,1.0,1.0,0.05,5000,1.0,1.0,83
4,96,1,bayesian,1.0,1.0,0.05,5000,1.0,1.0,94
4,97,1,bayesian,1.0,1.0,0.05,5000,1.0,1.0,105
4,98,1,bayesian,1.0,1.0,0.05,5000,1.0,1.0,89
4,99,1,bayesian,1.0,1.0,0.05,5000,1.0,1.0,41
4,100,1,bayesian,1.0,1.0,0.05,5000,1.0,1.0,149
4,101,1,bayesian,1.0,1.0,0.05,5000,1.0,1.0,141
4,102,1,bayesian,1.0,1.0,0.05,5000,1.0,1.0,32
4,103,1,bayesian,1.0,1.0,0.05,5000,1.0,1.0,147
4,104,1,bayesian,1.0,1.0,0.05,5000,1.0,1.0,108
4,105,1,bayesian,1.0,1.0,0.05,5000,1.0,1.0,59
4,106,1,bayesian,1.0,1.0,0.05,5000,1.0,1.0,646
4,107,1,bayesian,1.0,1.0,0.05,5000,1.0,1.0,711
4,108,1,bayesian,1.0,1.0,0.05,5000,1.0,1.0,92
4,109,1,bayesian,1.0,1.0,0.05,5000,1.0,1.0,50
4,110,1,bayesian,1.0,1.0,0.05,5000,1.0,1.0,50
4,111,1,bayesian,1.0,1.0,0.05,5000,1.0,1.0,153
4,112,1,bayesian,1.0,1.0,0.05,5000,1.0,1.0,110
4,113,1,bayesian,1.0,1.0,0.05,5000,1.0,1.0,337
4,114,1,bayesian,1.0,1.0,0.05,5000,1.0,1.0,171
4,115,1,bayesian,1.0,1.0,0.05,5000,1.0,1.0,1097
4,116,1,bayesian,1.0,1.0,0.05,5000,1.0,1.0,369
4,117,1,bayesian,1.0,1.0,0.05,5000,1.0,1.0,52
4,118,1,bayesian,1.0,1.0,0.05,5000,1.0,1.0,197
4,119,1,bayesian,1.0,1.0,0.05,5000,1.0,1.0,82
4,120,1,bayesian,1.0,1.0,0.05,5000,1.0,1.0,83
4,121,1,bayesian,1.0,1.0,0.05,5000,1.0,1.0,206
4,122,1,bayesian,1.0,1.0,0.05,5000,1.0,1.0,56
4,123,1,bayesian,1.0,1.0,0.05,5000,1.0,1.0,61
4,124,1,bayesian,1.0,1.0,0.05,5000,1.0,1.0,44
4,125,1,bayesian,1.0,1.0,0.05,5000,1.0,1.0,99
4,126,1,bayesian,1.0,1.0,0.05,5000,1.0,1.0,151
4,127,1,bayesian,1.0,1.0,0.05,5000,1.0,1.0,76
4,128,1,bayesian,1.0,1.0,0.05,5000,1.0,1.0,29
4,129,1,bayesian,1.0,1.0,0.05,5000,1.0,1.0,44
4,130,1,bayesian,1.0,1.0,0.05,5000,1.0,1.0,321
4,131,1,bayesian,1.0,1.0,0.05,5000,1.0,1.0,317
4,132,1,bayesian,1.0,1.0,0.05,5000,1.0,1.0,47
4,133,1,bayesian,1.0,1.0,0.05,5000,1.0,1.0,166
4,134,1,bayesian,1.0,1.0,0.05,5000,1.0,1.0,245
4,135,1,bayesian,1.0,1.0,0.05,5000,1.0,1.0,23
4,136,1,bayesian,1.0,1.0,0.05,5000,1.0,1.0,151
4,137,1,bayesian,1.0,1.0,0.05,5000,1.0,1.0,162
4,138,1,bayesian,1.0,1.0,0.05,5000,1.0,1.0,63
4,139,1,bayesian,1.0,1.0,0.05,5000,1.0,1.0,80
4,140,1,bayesian,1.0,1.0,0.05,5000,1.0,1.0,290
4,141,1,bayesian,1.0,1.0,0.05,5000,1.0,1.0,36
4,142,1,bayesian,1.0,1.0,0.05,5000,1.0,1.0,113
4,143,1,bayesian,1.0,1.0,0.05,5000,1.0,1.0,193
4,144,1,bayesian,1.0,1.0,0.05,5000,1.0,1.0,47
4,145,1,bayesian,1.0,1.0,0.05,5000,1.0,1.0,840
4,146,1,bayesian,1.0,1.0,0.05,5000,1.0,1.0,338
4,147,1,bayesian,1.0,1.0,0.05,5000,1.0,1.0,70
4,148,1,bayesian,1.0,1.0,0.05,5000,1.0,1.0,99
4,149,1,bayesian,1.0,1.0,0.05,5000,1.0,1.0,60
4,150,1,bayesian,1.0,1.0,0.05,5000,1.0,1.0,64
4,151,1,bayesian,1.0,1.0,0.05,5000,1.0,1.0,50
4,152,1,bayesian,1.0,1.0,0.05,5000,1.0,1.0,384
4,153,1,bayesian,1.0,1.0,0.05,5000,1.0,1.0,69
4,154,1,bayesian,1.0,1.0,0.05,5000,1.0,1.0,615
4,155,1,bayesian,1.0,1.0,0.05,5000,1.0,1.0,50
4,156,1,bayesian,1.0,1.0,0.05,5000,1.0,1.0,23
4,157,1,bayesian,1.0,1.0,0.05,5000,1.0,1.0,49
4,158,1,bayesian,1.0,1.0,0.05,5000,1.0,1.0,73
4,159,1,bayesian,1.0,1.0,0.05,5000,1.0,1.0,38
4,160,1,bayesian,1.0,1.0,0.05,5000,1.0,1.0,182
4,161,1,bayesian,1.0,1.0,0.05,5000,1.0,1.0,236
4,162,1,bayesian,1.0,1.0,0.05,5000,1.0,1.0,33
4,163,1,bayesian,1.0,1.0,0.05,5000,1.0,1.0,58
4,164,1,bayesian,1.0,1.0,0.05,5000,1.0,1.0,67
4,165,1,bayesian,1.0,1.0,0.05,5000,1.0,1.0,64
4,166,1,bayesian,1.0,1.0,0.05,5000,1.0,1.0,33
4,167,1,bayesian,1.0,1.0,0.05,5000,1.0,1.0,101
4,168,1,bayesian,1.0,1.0,0.05,5000,1.0,1.0,165
4,169,1,bayesian,1.0,1.0,0.05,5000,1.0,1.0,83
4,170,1,bayesian,1.0,1.0,0.05,5000,1.0,1.0,98
4,171,1,bayesian,1.0,1.0,0.05,5000,1.0,1.0,41
4,172,1,bayesian,1.0,1.0,0.05,5000,1.0,1.0,38
4,173,1,bayesian,1.0,1.0,0.05,5000,1.0,1.0,112
4,174,1,bayesian,1.0,1.0,0.05,5000,1.0,1.0,45
4,175,1,bayesian,1.0,1.0,0.05,5000,1.0,1.0,263
4,176,1,bayesian,1.0,1.0,0.05,5000,1.0,1.0,160
4,177,1,bayesian,1.0,1.0,0.05,5000,1.0,1.0,295
4,178,1,bayesian,1.0,1.0,0.05,5000,1.0,1.0,46
4,179,1,bayesian,1.0,1.0,0.05,5000,1.0,1.0,52
4,180,1,bayesian,1.0,1.0,0.05,5000,1.0,1.0,206
4,181,1,bayesian,1.0,1.0,0.05,5000,1.0,1.0,32
4,182,1,bayesian,1.0,1.0,0.05,5000,1.0,1.0,42
4,183,1,bayesian,1.0,1.0,0.05,5000,1.0,1.0,80
4,184,1,bayesian,1.0,1.0,0.05,5000,1.0,1.0,209
4,185,1,bayesian,1.0,1.0,0.05,5000,1.0,1.0,320
4,186,1,bayesian,1.0,1.0,0.05,5000,1.0,1.0,31
4,187,1,bayesian,1.0,1.0,0.05,5000,1.0,1.0,44
4,188,1,bayesian,1.0,1.0,0.05,5000,1.0,1.0,120
4,189,1,bayesian,1.0,1.0,0.05,5000,1.0,1.0,200
4,190,1,bayesian,1.0,1.0,0.05,5000,1.0,1.0,49
4,191,1,bayesian,1.0,1.0,0.05,5000,1.0,1.0,421
4,192,1,bayesian,1.0,1.0,0.05,5000,1.0,1.0,24
4,193,1,bayesian,1.0,1.0,0.05,5000,1.0,1.0,24
4,194,1,bayesian,1.0,1.0,0.05,5000,1.0,1.0,144
4,195,1,bayesian,1.0,1.0,0.05,5000,1.0,1.0,217
4,196,1,bayesian,1.0,1.0,0.05,5000,1.0,1.0,142
4,197,1,bayesian,1.0,1.0,0.05,5000,1.0,1.0,466
4,198,1,bayesian,1.0,1.0,0.05,5000,1.0,1.0,40
4,199,1,bayesian,1.0,1.0,0.05,5000,1.0,1.0,57
4,200,1,bayesian,1.0,1.0,0.05,5000,1.0,1.0,312
5,1,1,bayesian,1.0,1.0,0.05,5000,1.0,1.0,75
5,2,1,bayesian,1.0,1.0,0.05,5000,1.0,1.0,302
5,3,1,bayesian,1.0,1.0,0.05,5000,1.0,1.0,435
5,4,1,bayesian,1.0,1.0,0.05,5000,1.0,1.0,103
5,5,1,bayesian,1.0,1.0,0.05,5000,1.0,1.0,43
5,6,1,bayesian,1.0,1.0,0.05,5000,1.0,1.0,207
5,7,1,bayesian,1.0,1.0,0.05,5000,1.0,1.0,91
5,8,1,bayesian,1.0,1.0,0.05,5000,1.0,1.0,40
5,9,1,bayesian,1.0,1.0,0.05,5000,1.0,1.0,61
5,10,1,bayesian,1.0,1.0,0.05,5000,1.0,1.0,94
5,11,1,bayesian,1.0,1.0,0.05,5000,1.0,1.0,228
5,12,1,bayesian,1.0,1.0,0.05,5000,1.0,1.0,192
5,13,1,bayesian,1.0,1.0,0.05,5000,1.0,1.0,188
5,14,1,bayesian,1.0,1.0,0.05,5000,1.0,1.0,207
5,15,1,bayesian,1.0,1.0,0.05,5000,1.0,1.0,377
5,16,1,bayesian,1.0,1.0,0.05,5000,1.0,1.0,105
5,17,1,bayesian,1.0,1.0,0.05,5000,1.0,1.0,115
5,18,1,bayesian,1.0,1.0,0.05,5000,1.0,1.0,119
5,19,1,bayesian,1.0,1.0,0.05,5000,1.0,1.0,105
5,20,1,bayesian,1.0,1.0,0.05,5000,1.0,1.0,27
5,21,1,bayesian,1.0,1.0,0.05,5000,1.0,1.0,216
5,22,1,bayesian,1.0,1.0,0.05,5000,1.0,1.0,569
5,23,1,bayesian,1.0,1.0,0.05,5000,1.0,1.0,134
5,24,1,bayesian,1.0,1.0,0.05,5000,1.0,1.0,262
5,25,1,bayesian,1.0,1.0,0.05,5000,1.0,1.0,72
5,26,1,bayesian,1.0,1.0,0.05,5000,1.0,1.0,213
5,27,1,bayesian,1.0,1.0,0.05,5000,1.0,1.0,104
5,28,1,bayesian,1.0,1.0,0.05,5000,1.0,1.0,84
5,29,1,bayesian,1.0,1.0,0.05,5000,1.0,1.0,50
5,30,1,bayesian,1.0,1.0,0.05,5000,1.0,1.0,75
5,31,1,bayesian,1.0,1.0,0.05,5000,1.0,1.0,181
5,32,1,bayesian,1.0,1.0,0.05,5000,1.0,1.0,109
5,33,1,bayesian,1.0,1.0,0.05,5000,1.0,1.0,87
5,34,1,bayesian,1.0,1.0,0.05,5000,1.0,1.0,131
5,35,1,bayesian,1.0,1.0,0.05,5000,1.0,1.0,154
5,36,1,bayesian,1.0,1.0,0.05,5000,1.0,1.0,46
5,37,1,bayesian,1.0,1.0,0.05,5000,1.0,1.0,167
5,38,1,bayesian,1.0,1.0,0.05,5000,1.0,1.0,26
5,39,1,bayesian,1.0,1.0,0.05,5000,1.0,1.0,49
5,40,1,bayesian,1.0,1.0,0.05,5000,1.0,1.0,130
5,41,1,bayesian,1.0,1.0,0.05,5000,1.0,1.0,202
5,42,1,bayesian,1.0,1.0,0.05,5000,1.0,1.0,174
5,43,1,bayesian,1.0,1.0,0.05,5000,1.0,1.0,123
5,44,1,bayesian,1.0,1.0,0.05,5000,1.0,1.0,151
5,45,1,bayesian,1.0,1.0,0.05,5000,1.0,1.0,51
5,46,1,bayesian,1.0,1.0,0.05,5000,1.0,1.0,87
5,47,1,bayesian,1.0,1.0,0.05,5000,1.0,1.0,46
5,48,1,bayesian,1.0,1.0,0.05,5000,1.0,1.0,27
5,49,1,bayesian,1.0,1.0,0.05,5000,1.0,1.0,71
5,50,1,bayesian,1.0,1.0,0.05,5000,1.0,1.0,96
5,51,1,bayesian,1.0,1.0,0.05,5000,1.0,1.0,235
5,52,1,bayesian,1.0,1.0,0.05,5000,1.0,1.0,281
5,53,1,bayesian,1.0,1.0,0.05,5000,1.0,1.0,100
5,54,1,bayesian,1.0,1.0,0.05,5000,1.0,1.0,91
5,55,1,bayesian,1.0,1.0,0.05,5000,1.0,1.0,286
5,56,1,bayesian,1.0,1.0,0.05,5000,1.0,1.0,234
5,57,1,bayesian,1.0,1.0,0.05,5000,1.0,1.0,70
5,58,1,bayesian,1.0,1.0,0.05,5000,1.0,1.0,24
5,59,1,bayesian,1.0,1.0,0.05,5000,1.0,1.0,95
5,60,1,bayesian,1.0,1.0,0.05,5000,1.0,1.0,525
5,61,1,bayesian,1.0,1.0,0.05,5000,1.0,1.0,128
5,62,1,bayesian,1.0,1.0,0.05,5000,1.0,1.0,53
5,63,1,bayesian,1.0,1.0,0.05,5000,1.0,1.0,84
5,64,1,bayesian,1.0,1.0,0.05,5000,1.0,1.0,39
5,65,1,bayesian,1.0,1.0,0.05,5000,1.0,1.0,116
5,66,1,bayesian,1.0,1.0,0.05,5000,1.0,1.0,140
5,67,1,bayesian,1.0,1.0,0.05,5000,1.0,1.0,84
5,68,1,bayesian,1.0,1.0,0.05,5000,1.0,1.0,395
5,69,1,bayesian,1.0,1.0,0.05,5000,1.0,1.0,173
5,70,1,bayesian,1.0,1.0,0.05,5000,1.0,1.0,81
5,71,1,bayesian,1.0,1.0,0.05,5000,1.0,1.0,122
5,72,1,bayesian,1.0,1.0,0.05,5000,1.0,1.0,109
5,73,1,bayesian,1.0,1.0,0.05,5000,1.0,1.0,124
5,74,1,bayesian,1.0,1.0,0.05,5000,1.0,1.0,377
5,75,1,bayesian,1.0,1.0,0.05,5000,1.0,1.0,304
5,76,1,bayesian,1.0,1.0,0.05,5000,1.0,1.0,219
5,77,1,bayesian,1.0,1.0,0.05,5000,1.0,1.0,193
5,78,1,bayesian,1.0,1.0,0.05,5000,1.0,1.0,154
5,79,1,bayesian,1.0,1.0,0.05,5000,1.0,1.0,110
5,80,1,bayesian,1.0,1.0,0.05,5000,1.0,1.0,56
5,81,1,bayesian,1.0,1.0,0.05,5000,1.0,1.0,127
5,82,1,bayesian,1.0,1.0,0.05,5000,1.0,1.0,62
5,83,1,bayesian,1.0,1.0,0.05,5000,1.0,1.0,72
5,84,1,bayesian,1.0,1.0,0.05,5000,1.0,1.0,56
5,85,1,bayesian,1.0,1.0,0.05,5000,1.0,1.0,156
5,86,1,bayesian,1.0,1.0,0.05,5000,1.0,1.0,279
5,87,1,bayesian,1.0,1.0,0.05,5000,1.0,1.0,437
5,88,1,bayesian,1.0,1.0,0.05,5000,1.0,1.0,382
5,89,1,bayesian,1.0,1.0,0.05,5000,1.0,1.0,38
5,90,1,bayesian,1.0,1.0,0.05,5000,1.0,1.0,60
5,91,1,bayesian,1.0,1.0,0.05,5000,1.0,1.0,130
5,92,1,bayesian,1.0,1.0,0.05,5000,1.0,1.0,1185
5,93,1,bayesian,1.0,1.0,0.05,5000,1.0,1.0,123
5,94,1,bayesian,1.0,1.0,0.05,5000,1.0,1.0,70
5,95,1,bayesian,1.0,1.0,0.05,5000,1.0,1.0,629
5,96,1,bayesian,1.0,1.0,0.05,5000,1.0,1.0,35
5,97,1,bayesian,1.0,1.0,0.05,5000,1.0,1.0,712
5,98,1,bayesian,1.0,1.0,0.05,5000,1.0,1.0,126
5,99,1,bayesian,1.0,1.0,0.05,5000,1.0,1.0,34
5,100,1,bayesian,1.0,1.0,0.05,5000,1.0,1.0,129
5,101,1,bayesian,1.0,1.0,0.05,5000,1.0,1.0,216
5,102,1,bayesian,1.0,1.0,0.05,5000,1.0,1.0,137
5,103,1,bayesian,1.0,1.0,0.05,5000,1.0,1.0,131
5,104,1,bayesian,1.0,1.0,0.05,5000,1.0,1.0,667
5,105,1,bayesian,1.0,1.0,0.05,5000,1.0,1.0,39
5,106,1,bayesian,1.0,1.0,0.05,5000,1.0,1.0,87
5,107,1,bayesian,1.0,1.0,0.05,5000,1.0,1.0,355
5,108,1,bayesian,1.0,1.0,0.05,5000,1.0,1.0,257
5,109,1,bayesian,1.0,1.0,0.05,5000,1.0,1.0,291
5,110,1,bayesian,1.0,1.0,0.05,5000,1.0,1.0,43
5,111,1,bayesian,1.0,1.0,0.05,5000,1.0,1.0,119
5,112,1,bayesian,1.0,1.0,0.05,5000,1.0,1.0,300
5,113,1,bayesian,1.0,1.0,0.05,5000,1.0,1.0,30
5,114,1,bayesian,1.0,1.0,0.05,5000,1.0,1.0,382
5,115,1,bayesian,1.0,1.0,0.05,5000,1.0,1.0,170
5,116,1,bayesian,1.0,1.0,0.05,5000,1.0,1.0,64
5,117,1,bayesian,1.0,1.0,0.05,5000,1.0,1.0,130
5,118,1,bayesian,1.0,1.0,0.05,5000,1.0,1.0,42
5,119,1,bayesian,1.0,1.0,0.05,5000,1.0,1.0,280
5,120,1,bayesian,1.0,1.0,0.05,5000,1.0,1.0,68
5,121,1,bayesian,1.0,1.0,0.05,5000,1.0,1.0,106
5,122,1,bayesian,1.0,1.0,0.05,5000,1.0,1.0,259
5,123,1,bayesian,1.0,1.0,0.05,5000,1.0,1.0,31
5,124,1,bayesian,1.0,1.0,0.05,5000,1.0,1.0,116
5,125,1,bayesian,1.0,1.0,0.05,5000,1.0,1.0,198
5,126,1,bayesian,1.0,1.0,0.05,5000,1.0,1.0,60
5,127,1,bayesian,1.0,1.0,0.05,5000,1.0,1.0,276
5,128,1,bayesian,1.0,1.0,0.05,5000,1.0,1.0,35
5,129,1,bayesian,1.0,1.0,0.05,5000,1.0,1.0,94
5,130,1,bayesian,1.0,1.0,0.05,5000,1.0,1.0,52
5,131,1,bayesian,1.0,1.0,0.05,5000,1.0,1.0,51
5,132,1,bayesian,1.0,1.0,0.05,5000,1.0,1.0,78
5,133,1,bayesian,1.0,1.0,0.05,5000,1.0,1.0,914
5,134,1,bayesian,1.0,1.0,0.05,5000,1.0,1.0,676
5,135,1,bayesian,1.0,1.0,0.05,5000,1.0,1.0,342
5,136,1,bayesian,1.0,1.0,0.05,5000,1.0,1.0,39
5,137,1,bayesian,1.0,1.0,0.05,5000,1.0,1.0,56
5,138,1,bayesian,1.0,1.0,0.05,5000,1.0,1.0,296
5,139,1,bayesian,1.0,1.0,0.05,5000,1.0,1.0,155
5,140,1,bayesian,1.0,1.0,0.05,5000,1.0,1.0,244
5,141,1,bayesian,1.0,1.0,0.05,5000,1.0,1.0,46
5,142,1,bayesian,1.0,1.0,0.05,5000,1.0,1.0,160
5,143,1,bayesian,1.0,1.0,0.05,5000,1.0,1.0,131
5,144,1,bayesian,1.0,1.0,0.05,5000,1.0,1.0,275
5,145,1,bayesian,1.0,1.0,0.05,5000,1.0,1.0,60
5,146,1,bayesian,1.0,1.0,0.05,5000,1.0,1.0,246
5,147,1,bayesian,1.0,1.0,0.05,5000,1.0,1.0,298
5,148,1,bayesian,1.0,1.0,0.05,5000,1.0,1.0,40
5,149,1,bayesian,1.0,1.0,0.05,5000,1.0,1.0,31
5,150,1,bayesian,1.0,1.0,0.05,5000,1.0,1.0,77
5,151,1,bayesian,1.0,1.0,0.05,5000,1.0,1.0,370
5,152,1,bayesian,1.0,1.0,0.05,5000,1.0,1.0,200
5,153,1,bayesian,1.0,1.0,0.05,5000,1.0,1.0,150
5,154,1,bayesian,1.0,1.0,0.05,5000,1.0,1.0,220
5,155,1,bayesian,1.0,1.0,0.05,5000,1.0,1.0,27
5,156,1,bayesian,1.0,1.0,0.05,5000,1.0,1.0,57
5,157,1,bayesian,1.0,1.0,0.05,5000,1.0,1.0,257
5,158,1,bayesian,1.0,1.0,0.05,5000,1.0,1.0,375
5,159,1,bayesian,1.0,1.0,0.05,5000,1.0,1.0,427
5,160,1,bayesian,1.0,1.0,0.05,5000,1.0,1.0,59
5,161,1,bayesian,1.0,1.0,0.05,5000,1.0,1.0,36
5,162,1,bayesian,1.0,1.0,0.05,5000,1.0,1.0,436
5,163,1,bayesian,1.0,1.0,0.05,5000,1.0,1.0,244
5,164,1,bayesian,1.0,1.0,0.05,5000,1.0,1.0,82
5,165,1,bayesian,1.0,1.0,0.05,5000,1.0,1.0,173
5,166,1,bayesian,1.0,1.0,0.05,5000,1.0,1.0,149
5,167,1,bayesian,1.0,1.0,0.05,5000,1.0,1.0,88
5,168,1,bayesian,1.0,1.0,0.05,5000,1.0,1.0,225
5,169,1,bayesian,1.0,1.0,0.05,5000,1.0,1.0,85
5,170,1,bayesian,1.0,1.0,0.05,5000,1.0,1.0,66
5,171,1,bayesian,1.0,1.0,0.05,5000,1.0,1.0,27
5,172,1,bayesian,1.0,1.0,0.05,5000,1.0,1.0,84
5,173,1,bayesian,1.0,1.0,0.05,5000,1.0,1.0,28
5,174,1,bayesian,1.0,1.0,0.05,5000,1.0,1.0,46
5,175,1,bayesian,1.0,1.0,0.05,5000,1.0,1.0,290
5,176,1,bayesian,1.0,1.0,0.05,5000,1.0,1.0,103
5,177,1,bayesian,1.0,1.0,0.05,5000,1.0,1.0,35
5,178,1,bayesian,1.0,1.0,0.05,5000,1.0,1.0,73
5,179,1,bayesian,1.0,1.0,0.05,5000,1.0,1.0,418
5,180,1,bayesian,1.0,1.0,0.05,5000,1.0,1.0,478
5,181,1,bayesian,1.0,1.0,0.05,5000,1.0,1.0,63
5,182,1,bayesian,1.0,1.0,0.05,5000,1.0,1.0,90
5,183,1,bayesian,1.0,1.0,0.05,5000,1.0,1.0,269
5,184,1,bayesian,1.0,1.0,0.05,5000,1.0,1.0,109
5,185,1,bayesian,1.0,1.0,0.05,5000,1.0,1.0,108
5,186,1,bayesian,1.0,1.0,0.05,5000,1.0,1.0,32
5,187,1,bayesian,1.0,1.0,0.05,5000,1.0,1.0,37
5,188,1,bayesian,1.0,1.0,0.05,5000,1.0,1.0,36
5,189,1,bayesian,1.0,1.0,0.05,5000,1.0,1.0,63
5,190,1,bayesian,1.0,1.0,0.05,5000,1.0,1.0,130
5,191,1,bayesian,1.0,1.0,0.05,5000,1.0,1.0,141
5,192,1,bayesian,1.0,1.0,0.05,5000,1.0,1.0,273
5,193,1,bayesian,1.0,1.0,0.05,5000,1.0,1.0,124
5,194,1,bayesian,1.0,1.0,0.05,5000,1.0,1.0,40
5,195,1,bayesian,1.0,1.0,0.05,5000,1.0,1.0,138
5,196,1,bayesian,1.0,1.0,0.05,5000,1.0,1.0,223
5,197,1,bayesian,1.0,1.0,0.05,5000,1.0,1.0,29
5,198,1,bayesian,1.0,1.0,0.05,5000,1.0,1.0,313
5,199,1,bayesian,1.0,1.0,0.05,5000,1.0,1.0,89
5,200,1,bayesian,1.0,1.0,0.05,5000,1.0,1.0,40
