n,effort_row,rep,estimator,p,α,χ,h,a,r,t
2,1,1,standard,1.0,1.0,0.05,5000,1.0,1.0,1
2,2,1,standard,1.0,1.0,0.05,5000,1.0,1.0,2
2,3,1,standard,1.0,1.0,0.05,5000,1.0,1.0,3
2,4,1,standard,1.0,1.0,0.05,5000,1.0,1.0,2
2,5,1,standard,1.0,1.0,0.05,5000,1.0,1.0,4
2,6,1,standard,1.0,1.0,0.05,5000,1.0,1.0,2
2,7,1,standard,1.0,1.0,0.05,5000,1.0,1.0,1
2,8,1,standard,1.0,1.0,0.05,5000,1.0,1.0,4
2,9,1,standard,1.0,1.0,0.05,5000,1.0,1.0,4
2,10,1,standard,1.0,1.0,0.05,5000,1.0,1.0,3
2,11,1,standard,1.0,1.0,0.05,5000,1.0,1.0,4
2,12,1,standard,1.0,1.0,0.05,5000,1.0,1.0,3
2,13,1,standard,1.0,1.0,0.05,5000,1.0,1.0,3
2,14,1,standard,1.0,1.0,0.05,5000,1.0,1.0,4
2,15,1,standard,1.0,1.0,0.05,5000,1.0,1.0,3
2,16,1,standard,1.0,1.0,0.05,5000,1.0,1.0,4
2,17,1,standard,1.0,1.0,0.05,5000,1.0,1.0,3
2,18,1,standard,1.0,1.0,0.05,5000,1.0,1.0,4
2,19,1,standard,1.0,1.0,0.05,5000,1.0,1.0,4
2,20,1,standard,1.0,1.0,0.05,5000,1.0,1.0,3
2,21,1,standard,1.0,1.0,0.05,5000,1.0,1.0,4
2,22,1,standard,1.0,1.0,0.05,5000,1.0,1.0,4
2,23,1,standard,1.0,1.0,0.05,5000,1.0,1.0,3
2,24,1,standard,1.0,1.0,0.05,5000,1.0,1.0,3
2,25,1,standard,1.0,1.0,0.05,5000,1.0,1.0,3
2,26,1,standard,1.0,1.0,0.05,5000,1.0,1.0,3
2,27,1,standard,1.0,1.0,0.05,5000,1.0,1.0,3
2,28,1,standard,1.0,1.0,0.05,5000,1.0,1.0,3
2,29,1,standard,1.0,1.0,0.05,5000,1.0,1.0,2
2,30,1,standard,1.0,1.0,0.05,5000,1.0,1.0,3
2,31,1,standard,1.0,1.0,0.05,5000,1.0,1.0,3
2,32,1,standard,1.0,1.0,0.05,5000,1.0,1.0,3
2,33,1,standard,1.0,1.0,0.05,5000,1.0,1.0,3
2,34,1,standard,1.0,1.0,0.05,5000,1.0,1.0,4
2,35,1,standard,1.0,1.0,0.05,5000,1.0,1.0,3
2,36,1,standard,1.0,1.0,0.05,5000,1.0,1.0,4
2,37,1,standard,1.0,1.0,0.05,5000,1.0,1.0,3
2,38,1,standard,1.0,1.0,0.05,5000,1.0,1.0,3
2,39,1,standard,1.0,1.0,0.05,5000,1.0,1.0,3
2,40,1,standard,1.0,1.0,0.05,5000,1.0,1.0,2
2,41,1,standard,1.0,1.0,0.05,5000,1.0,1.0,2
2,42,1,standard,1.0,1.0,0.05,5000,1.0,1.0,3
2,43,1,standard,1.0,1.0,0.05,5000,1.0,1.0,4
2,44,1,standard,1.0,1.0,0.05,5000,1.0,1.0,3
2,45,1,standard,1.0,1.0,0.05,5000,1.0,1.0,4
2,46,1,standard,1.0,1.0,0.05,5000,1.0,1.0,2
2,47,1,standard,1.0,1.0,0.05,5000,1.0,1.0,4
2,48,1,standard,1.0,1.0,0.05,5000,1.0,1.0,2
2,49,1,standard,1.0,1.0,0.05,5000,1.0,1.0,4
2,50,1,standard,1.0,1.0,0.05,5000,1.0,1.0,3
2,51,1,standard,1.0,1.0,0.05,5000,1.0,1.0,2
2,52,1,standard,1.0,1.0,0.05,5000,1.0,1.0,2
2,53,1,standard,1.0,1.0,0.05,5000,1.0,1.0,4
2,54,1,standard,1.0,1.0,0.05,5000,1.0,1.0,4
2,55,1,standard,1.0,1.0,0.05,5000,1.0,1.0,4
2,56,1,standard,1.0,1.0,0.05,5000,1.0,1.0,3
2,57,1,standard,1.0,1.0,0.05,5000,1.0,1.0,4
2,58,1,standard,1.0,1.0,0.05,5000,1.0,1.0,3
2,59,1,standard,1.0,1.0,0.05,5000,1.0,1.0,2
2,60,1,standard,1.0,1.0,0.05,5000,1.0,1.0,2
2,61,1,standard,1.0,1.0,0.05,5000,1.0,1.0,3
2,62,1,standard,1.0,1.0,0.05,5000,1.0,1.0,3
2,63,1,standard,1.0,1.0,0.05,5000,1.0,1.0,4
2,64,1,standard,1.0,1.0,0.05,5000,1.0,1.0,2
2,65,1,standard,1.0,1.0,0.05,5000,1.0,1.0,3
2,66,1,standard,1.0,1.0,0.05,5000,1.0,1.0,3
2,67,1,standard,1.0,1.0,0.05,5000,1.0,1.0,3
2,68,1,standard,1.0,1.0,0.05,5000,1.0,1.0,4
2,69,1,standard,1.0,1.0,0.05,5000,1.0,1.0,3
2,70,1,standard,1.0,1.0,0.05,5000,1.0,1.0,2
2,71,1,standard,1.0,1.0,0.05,5000,1.0,1.0,2
2,72,1,standard,1.0,1.0,0.05,5000,1.0,1.0,4
2,73,1,standard,1.0,1.0,0.05,5000,1.0,1.0,1
2,74,1,standard,1.0,1.0,0.05,5000,1.0,1.0,2
2,75,1,standard,1.0,1.0,0.05,5000,1.0,1.0,3
2,76,1,standard,1.0,1.0,0.05,5000,1.0,1.0,3
2,77,1,standard,1.0,1.0,0.05,5000,1.0,1.0,2
2,78,1,standard,1.0,1.0,0.05,5000,1.0,1.0,2
2,79,1,standard,1.0,1.0,0.05,5000,1.0,1.0,4
2,80,1,standard,1.0,1.0,0.05,5000,1.0,1.0,3
2,81,1,standard,1.0,1.0,0.05,5000,1.0,1.0,2
2,82,1,standard,1.0,1.0,0.05,5000,1.0,1.0,4
2,83,1,standard,1.0,1.0,0.05,5000,1.0,1.0,2
2,84,1,standard,1.0,1.0,0.05,5000,1.0,1.0,3
2,85,1,standard,1.0,1.0,0.05,5000,1.0,1.0,3
2,86,1,standard,1.0,1.0,0.05,5000,1.0,1.0,3
2,87,1,standard,1.0,1.0,0.05,5000,1.0,1.0,3
2,88,1,standard,1.0,1.0,0.05,5000,1.0,1.0,2
2,89,1,standard,1.0,1.0,0.05,5000,1.0,1.0,3
2,90,1,standard,1.0,1.0,0.05,5000,1.0,1.0,3
2,91,1,standard,1.0,1.0,0.05,5000,1.0,1.0,3
2,92,1,standard,1.0,1.0,0.05,5000,1.0,1.0,1
2,93,1,standard,1.0,1.0,0.05,5000,1.0,1.0,4
2,94,1,standard,1.0,1.0,0.05,5000,1.0,1.0,4
2,95,1,standard,1.0,1.0,0.05,5000,1.0,1.0,3
2,96,1,standard,1.0,1.0,0.05,5000,1.0,1.0,3
2,97,1,standard,1.0,1.0,0.05,5000,1.0,1.0,3
2,98,1,standard,1.0,1.0,0.05,5000,1.0,1.0,4
2,99,1,standard,1.0,1.0,0.05,5000,1.0,1.0,3
2,100,1,standard,1.0,1.0,0.05,5000,1.0,1.0,3
2,101,1,standard,1.0,1.0,0.05,5000,1.0,1.0,3
2,102,1,standard,1.0,1.0,0.05,5000,1.0,1.0,3
2,103,1,standard,1.0,1.0,0.05,5000,1.0,1.0,4
2,104,1,standard,1.0,1.0,0.05,5000,1.0,1.0,4
2,105,1,standard,1.0,1.0,0.05,5000,1.0,1.0,3
2,106,1,standard,1.0,1.0,0.05,5000,1.0,1.0,3
2,107,1,standard,1.0,1.0,0.05,5000,1.0,1.0,1
2,108,1,standard,1.0,1.0,0.05,5000,1.0,1.0,2
2,109,1,standard,1.0,1.0,0.05,5000,1.0,1.0,3
2,110,1,standard,1.0,1.0,0.05,5000,1.0,1.0,4
2,111,1,standard,1.0,1.0,0.05,5000,1.0,1.0,3
2,112,1,standard,1.0,1.0,0.05,5000,1.0,1.0,4
2,113,1,standard,1.0,1.0,0.05,5000,1.0,1.0,3
2,114,1,standard,1.0,1.0,0.05,5000,1.0,1.0,2
2,115,1,standard,1.0,1.0,0.05,5000,1.0,1.0,4
2,116,1,standard,1.0,1.0,0.05,5000,1.0,1.0,4
2,117,1,standard,1.0,1.0,0.05,5000,1.0,1.0,4
2,118,1,standard,1.0,1.0,0.05,5000,1.0,1.0,3
2,119,1,standard,1.0,1.0,0.05,5000,1.0,1.0,3
2,120,1,standard,1.0,1.0,0.05,5000,1.0,1.0,3
2,121,1,standard,1.0,1.0,0.05,5000,1.0,1.0,4
2,122,1,standard,1.0,1.0,0.05,5000,1.0,1.0,4
2,123,1,standard,1.0,1.0,0.05,5000,1.0,1.0,2
2,124,1,standard,1.0,1.0,0.05,5000,1.0,1.0,4
2,125,1,standard,1.0,1.0,0.05,5000,1.0,1.0,3
2,126,1,standard,1.0,1.0,0.05,5000,1.0,1.0,4
2,127,1,standard,1.0,1.0,0.05,5000,1.0,1.0,3
2,128,1,standard,1.0,1.0,0.05,5000,1.0,1.0,4
2,129,1,standard,1.0,1.0,0.05,5000,1.0,1.0,4
2,130,1,standard,1.0,1.0,0.05,5000,1.0,1.0,2
2,131,1,standard,1.0,1.0,0.05,5000,1.0,1.0,2
2,132,1,standard,1.0,1.0,0.05,5000,1.0,1.0,4
2,133,1,standard,1.0,1.0,0.05,5000,1.0,1.0,2
2,134,1,standard,1.0,1.0,0.05,5000,1.0,1.0,4
2,135,1,standard,1.0,1.0,0.05,5000,1.0,1.0,3
2,136,1,standard,1.0,1.0,0.05,5000,1.0,1.0,2
2,137,1,standard,1.0,1.0,0.05,5000,1.0,1.0,2
2,138,1,standard,1.0,1.0,0.05,5000,1.0,1.0,4
2,139,1,standard,1.0,1.0,0.05,5000,1.0,1.0,2
2,140,1,standard,1.0,1.0,0.05,5000,1.0,1.0,3
2,141,1,standard,1.0,1.0,0.05,5000,1.0,1.0,3
2,142,1,standard,1.0,1.0,0.05,5000,1.0,1.0,2
2,143,1,standard,1.0,1.0,0.05,5000,1.0,1.0,3
2,144,1,standard,1.0,1.0,0.05,5000,1.0,1.0,2
2,145,1,standard,1.0,1.0,0.05,5000,1.0,1.0,1
2,146,1,standard,1.0,1.0,0.05,5000,1.0,1.0,3
2,147,1,standard,1.0,1.0,0.05,5000,1.0,1.0,2
2,148,1,standard,1.0,1.0,0.05,5000,1.0,1.0,3
2,149,1,standard,1.0,1.0,0.05,5000,1.0,1.0,2
2,150,1,standard,1.0,1.0,0.05,5000,1.0,1.0,3
2,151,1,standard,1.0,1.0,0.05,5000,1.0,1.0,2
2,152,1,standard,1.0,1.0,0.05,5000,1.0,1.0,4
2,153,1,standard,1.0,1.0,0.05,5000,1.0,1.0,2
2,154,1,standard,1.0,1.0,0.05,5000,1.0,1.0,2
2,155,1,standard,1.0,1.0,0.05,5000,1.0,1.0,4
2,156,1,standard,1.0,1.0,0.05,5000,1.0,1.0,3
2,157,1,standard,1.0,1.0,0.05,5000,1.0,1.0,4
2,158,1,standard,1.0,1.0,0.05,5000,1.0,1.0,2
2,159,1,standard,1.0,1.0,0.05,5000,1.0,1.0,3
2,160,1,standard,1.0,1.0,0.05,5000,1.0,1.0,4
2,161,1,standard,1.0,1.0,0.05,5000,1.0,1.0,3
2,162,1,standard,1.0,1.0,0.05,5000,1.0,1.0,3
2,163,1,standard,1.0,1.0,0.05,5000,1.0,1.0,1
2,164,1,standard,1.0,1.0,0.05,5000,1.0,1.0,3
2,165,1,standard,1.0,1.0,0.05,5000,1.0,1.0,2
2,166,1,standard,1.0,1.0,0.05,5000,1.0,1.0,3
2,167,1,standard,1.0,1.0,0.05,5000,1.0,1.0,3
2,168,1,standard,1.0,1.0,0.05,5000,1.0,1.0,3
2,169,1,standard,1.0,1.0,0.05,5000,1.0,1.0,4
2,170,1,standard,1.0,1.0,0.05,5000,1.0,1.0,3
2,171,1,standard,1.0,1.0,0.05,5000,1.0,1.0,1
2,172,1,standard,1.0,1.0,0.05,5000,1.0,1.0,4
2,173,1,standard,1.0,1.0,0.05,5000,1.0,1.0,2
2,174,1,standard,1.0,1.0,0.05,5000,1.0,1.0,3
2,175,1,standard,1.0,1.0,0.05,5000,1.0,1.0,4
2,176,1,standard,1.0,1.0,0.05,5000,1.0,1.0,2
2,177,1,standard,1.0,1.0,0.05,5000,1.0,1.0,2
2,178,1,standard,1.0,1.0,0.05,5000,1.0,1.0,3
2,179,1,standard,1.0,1.0,0.05,5000,1.0,1.0,2
2,180,1,standard,1.0,1.0,0.05,5000,1.0,1.0,3
2,181,1,standard,1.0,1.0,0.05,5000,1.0,1.0,2
2,182,1,standard,1.0,1.0,0.05,5000,1.0,1.0,3
2,183,1,standard,1.0,1.0,0.05,5000,1.0,1.0,3
2,184,1,standard,1.0,1.0,0.05,5000,1.0,1.0,2
2,185,1,standard,1.0,1.0,0.05,5000,1.0,1.0,3
2,186,1,standard,1.0,1.0,0.05,5000,1.0,1.0,4
2,187,1,standard,1.0,1.0,0.05,5000,1.0,1.0,4
2,188,1,standard,1.0,1.0,0.05,5000,1.0,1.0,3
2,189,1,standard,1.0,1.0,0.05,5000,1.0,1.0,3
2,190,1,standard,1.0,1.0,0.05,5000,1.0,1.0,3
2,191,1,standard,1.0,1.0,0.05,5000,1.0,1.0,4
2,192,1,standard,1.0,1.0,0.05,5000,1.0,1.0,3
2,193,1,standard,1.0,1.0,0.05,5000,1.0,1.0,4
2,194,1,standard,1.0,1.0,0.05,5000,1.0,1.0,4
2,195,1,standard,1.0,1.0,0.05,5000,1.0,1.0,4
2,196,1,standard,1.0,1.0,0.05,5000,1.0,1.0,4
2,197,1,standard,1.0,1.0,0.05,5000,1.0,1.0,3
2,198,1,standard,1.0,1.0,0.05,5000,1.0,1.0,2
2,199,1,standard,1.0,1.0,0.05,5000,1.0,1.0,4
2,200,1,standard,1.0,1.0,0.05,5000,1.0,1.0,3
2,1,1,standard,1.0,1.0,0.05,5000,1.0,1.025,1
2,2,1,standard,1.0,1.0,0.05,5000,1.0,1.025,2
2,3,1,standard,1.0,1.0,0.05,5000,1.0,1.025,3
2,4,1,standard,1.0,1.0,0.05,5000,1.0,1.025,2
2,5,1,standard,1.0,1.0,0.05,5000,1.0,1.025,3
2,6,1,standard,1.0,1.0,0.05,5000,1.0,1.025,2
2,7,1,standard,1.0,1.0,0.05,5000,1.0,1.025,1
2,8,1,standard,1.0,1.0,0.05,5000,1.0,1.025,3
2,9,1,standard,1.0,1.0,0.05,5000,1.0,1.025,4
2,10,1,standard,1.0,1.0,0.05,5000,1.0,1.025,3
2,11,1,standard,1.0,1.0,0.05,5000,1.0,1.025,3
2,12,1,standard,1.0,1.0,0.05,5000,1.0,1.025,3
2,13,1,standard,1.0,1.0,0.05,5000,1.0,1.025,3
2,14,1,standard,1.0,1.0,0.05,5000,1.0,1.025,4
2,15,1,standard,1.0,1.0,0.05,5000,1.0,1.025,3
2,16,1,standard,1.0,1.0,0.05,5000,1.0,1.025,4
2,17,1,standard,1.0,1.0,0.05,5000,1.0,1.025,3
2,18,1,standard,1.0,1.0,0.05,5000,1.0,1.025,4
2,19,1,standard,1.0,1.0,0.05,5000,1.0,1.025,3
2,20,1,standard,1.0,1.0,0.05,5000,1.0,1.025,3
2,21,1,standard,1.0,1.0,0.05,5000,1.0,1.025,4
2,22,1,standard,1.0,1.0,0.05,5000,1.0,1.025,4
2,23,1,standard,1.0,1.0,0.05,5000,1.0,1.025,2
2,24,1,standard,1.0,1.0,0.05,5000,1.0,1.025,3
2,25,1,standard,1.0,1.0,0.05,5000,1.0,1.025,3
2,26,1,standard,1.0,1.0,0.05,5000,1.0,1.025,3
2,27,1,standard,1.0,1.0,0.05,5000,1.0,1.025,3
2,28,1,standard,1.0,1.0,0.05,5000,1.0,1.025,3
2,29,1,standard,1.0,1.0,0.05,5000,1.0,1.025,2
2,30,1,standard,1.0,1.0,0.05,5000,1.0,1.025,3
2,31,1,standard,1.0,1.0,0.05,5000,1.0,1.025,3
2,32,1,standard,1.0,1.0,0.05,5000,1.0,1.025,3
2,33,1,standard,1.0,1.0,0.05,5000,1.0,1.025,3
2,34,1,standard,1.0,1.0,0.05,5000,1.0,1.025,3
2,35,1,standard,1.0,1.0,0.05,5000,1.0,1.025,3
2,36,1,standard,1.0,1.0,0.05,5000,1.0,1.025,4
2,37,1,standard,1.0,1.0,0.05,5000,1.0,1.025,3
2,38,1,standard,1.0,1.0,0.05,5000,1.0,1.025,3
2,39,1,standard,1.0,1.0,0.05,5000,1.0,1.025,3
2,40,1,standard,1.0,1.0,0.05,5000,1.0,1.025,2
2,41,1,standard,1.0,1.0,0.05,5000,1.0,1.025,2
2,42,1,standard,1.0,1.0,0.05,5000,1.0,1.025,3
2,43,1,standard,1.0,1.0,0.05,5000,1.0,1.025,3
2,44,1,standard,1.0,1.0,0.05,5000,1.0,1.025,3
2,45,1,standard,1.0,1.0,0.05,5000,1.0,1.025,4
2,46,1,standard,1.0,1.0,0.05,5000,1.0,1.025,2
2,47,1,standard,1.0,1.0,0.05,5000,1.0,1.025,3
2,48,1,standard,1.0,1.0,0.05,5000,1.0,1.025,2
2,49,1,standard,1.0,1.0,0.05,5000,1.0,1.025,4
2,50,1,standard,1.0,1.0,0.05,5000,1.0,1.025,3
2,51,1,standard,1.0,1.0,0.05,5000,1.0,1.025,2
2,52,1,standard,1.0,1.0,0.05,5000,1.0,1.025,2
2,53,1,standard,1.0,1.0,0.05,5000,1.0,1.025,4
2,54,1,standard,1.0,1.0,0.05,5000,1.0,1.025,4
2,55,1,standard,1.0,1.0,0.05,5000,1.0,1.025,3
2,56,1,standard,1.0,1.0,0.05,5000,1.0,1.025,3
2,57,1,standard,1.0,1.0,0.05,5000,1.0,1.025,3
2,58,1,standard,1.0,1.0,0.05,5000,1.0,1.025,3
2,59,1,standard,1.0,1.0,0.05,5000,1.0,1.025,2
2,60,1,standard,1.0,1.0,0.05,5000,1.0,1.025,2
2,61,1,standard,1.0,1.0,0.05,5000,1.0,1.025,3
2,62,1,standard,1.0,1.0,0.05,5000,1.0,1.025,3
2,63,1,standard,1.0,1.0,0.05,5000,1.0,1.025,3
2,64,1,standard,1.0,1.0,0.05,5000,1.0,1.025,2
2,65,1,standard,1.0,1.0,0.05,5000,1.0,1.025,3
2,66,1,standard,1.0,1.0,0.05,5000,1.0,1.025,3
2,67,1,standard,1.0,1.0,0.05,5000,1.0,1.025,3
2,68,1,standard,1.0,1.0,0.05,5000,1.0,1.025,3
2,69,1,standard,1.0,1.0,0.05,5000,1.0,1.025,3
2,70,1,standard,1.0,1.0,0.05,5000,1.0,1.025,2
2,71,1,standard,1.0,1.0,0.05,5000,1.0,1.025,2
2,72,1,standard,1.0,1.0,0.05,5000,1.0,1.025,4
2,73,1,standard,1.0,1.0,0.05,5000,1.0,1.025,1
2,74,1,standard,1.0,1.0,0.05,5000,1.0,1.025,2
2,75,1,standard,1.0,1.0,0.05,5000,1.0,1.025,3
2,76,1,standard,1.0,1.0,0.05,5000,1.0,1.025,3
2,77,1,standard,1.0,1.0,0.05,5000,1.0,1.025,2
2,78,1,standard,1.0,1.0,0.05,5000,1.0,1.025,2
2,79,1,standard,1.0,1.0,0.05,5000,1.0,1.025,4
2,80,1,standard,1.0,1.0,0.05,5000,1.0,1.025,3
2,81,1,standard,1.0,1.0,0.05,5000,1.0,1.025,2
2,82,1,standard,1.0,1.0,0.05,5000,1.0,1.025,4
2,83,1,standard,1.0,1.0,0.05,5000,1.0,1.025,2
2,84,1,standard,1.0,1.0,0.05,5000,1.0,1.025,3
2,85,1,standard,1.0,1.0,0.05,5000,1.0,1.025,3
2,86,1,standard,1.0,1.0,0.05,5000,1.0,1.025,3
2,87,1,standard,1.0,1.0,0.05,5000,1.0,1.025,3
2,88,1,standard,1.0,1.0,0.05,5000,1.0,1.025,2
2,89,1,standard,1.0,1.0,0.05,5000,1.0,1.025,3
2,90,1,standard,1.0,1.0,0.05,5000,1.0,1.025,3
2,91,1,standard,1.0,1.0,0.05,5000,1.0,1.025,3
2,92,1,standard,1.0,1.0,0.05,5000,1.0,1.025,1
2,93,1,standard,1.0,1.0,0.05,5000,1.0,1.025,4
2,94,1,standard,1.0,1.0,0.05,5000,1.0,1.025,3
2,95,1,standard,1.0,1.0,0.05,5000,1.0,1.025,3
2,96,1,standard,1.0,1.0,0.05,5000,1.0,1.025,3
2,97,1,standard,1.0,1.0,0.05,5000,1.0,1.025,3
2,98,1,standard,1.0,1.0,0.05,5000,1.0,1.025,3
2,99,1,standard,1.0,1.0,0.05,5000,1.0,1.025,3
2,100,1,standard,1.0,1.0,0.05,5000,1.0,1.025,2
2,101,1,standard,1.0,1.0,0.05,5000,1.0,1.025,3
2,102,1,standard,1.0,1.0,0.05,5000,1.0,1.025,3
2,103,1,standard,1.0,1.0,0.05,5000,1.0,1.025,3
2,104,1,standard,1.0,1.0,0.05,5000,1.0,1.025,4
2,105,1,standard,1.0,1.0,0.05,5000,1.0,1.025,3
2,106,1,standard,1.0,1.0,0.05,5000,1.0,1.025,3
2,107,1,standard,1.0,1.0,0.05,5000,1.0,1.025,1
2,108,1,standard,1.0,1.0,0.05,5000,1.0,1.025,2
2,109,1,standard,1.0,1.0,0.05,5000,1.0,1.025,3
2,110,1,standard,1.0,1.0,0.05,5000,1.0,1.025,4
2,111,1,standard,1.0,1.0,0.05,5000,1.0,1.025,3
2,112,1,standard,1.0,1.0,0.05,5000,1.0,1.025,4
2,113,1,standard,1.0,1.0,0.05,5000,1.0,1.025,3
2,114,1,standard,1.0,1.0,0.05,5000,1.0,1.025,2
2,115,1,standard,1.0,1.0,0.05,5000,1.0,1.025,3
2,116,1,standard,1.0,1.0,0.05,5000,1.0,1.025,4
2,117,1,standard,1.0,1.0,0.05,5000,1.0,1.025,3
2,118,1,standard,1.0,1.0,0.05,5000,1.0,1.025,3
2,119,1,standard,1.0,1.0,0.05,5000,1.0,1.025,3
2,120,1,standard,1.0,1.0,0.05,5000,1.0,1.025,3
2,121,1,standard,1.0,1.0,0.05,5000,1.0,1.025,4
2,122,1,standard,1.0,1.0,0.05,5000,1.0,1.025,4
2,123,1,standard,1.0,1.0,0.05,5000,1.0,1.025,2
2,124,1,standard,1.0,1.0,0.05,5000,1.0,1.025,4
2,125,1,standard,1.0,1.0,0.05,5000,1.0,1.025,3
2,126,1,standard,1.0,1.0,0.05,5000,1.0,1.025,4
2,127,1,standard,1.0,1.0,0.05,5000,1.0,1.025,3
2,128,1,standard,1.0,1.0,0.05,5000,1.0,1.025,4
2,129,1,standard,1.0,1.0,0.05,5000,1.0,1.025,4
2,130,1,standard,1.0,1.0,0.05,5000,1.0,1.025,2
2,131,1,standard,1.0,1.0,0.05,5000,1.0,1.025,2
2,132,1,standard,1.0,1.0,0.05,5000,1.0,1.025,4
2,133,1,standard,1.0,1.0,0.05,5000,1.0,1.025,2
2,134,1,standard,1.0,1.0,0.05,5000,1.0,1.025,4
2,135,1,standard,1.0,1.0,0.05,5000,1.0,1.025,3
2,136,1,standard,1.0,1.0,0.05,5000,1.0,1.025,2
2,137,1,standard,1.0,1.0,0.05,5000,1.0,1.025,2
2,138,1,standard,1.0,1.0,0.05,5000,1.0,1.025,3
2,139,1,standard,1.0,1.0,0.05,5000,1.0,1.025,2
2,140,1,standard,1.0,1.0,0.05,5000,1.0,1.025,3
2,141,1,standard,1.0,1.0,0.05,5000,1.0,1.025,3
2,142,1,standard,1.0,1.0,0.05,5000,1.0,1.025,2
2,143,1,standard,1.0,1.0,0.05,5000,1.0,1.025,3
2,144,1,standard,1.0,1.0,0.05,5000,1.0,1.025,2
2,145,1,standard,1.0,1.0,0.05,5000,1.0,1.025,1
2,146,1,standard,1.0,1.0,0.05,5000,1.0,1.025,3
2,147,1,standard,1.0,1.0,0.05,5000,1.0,1.025,2
2,148,1,standard,1.0,1.0,0.05,5000,1.0,1.025,3
2,149,1,standard,1.0,1.0,0.05,5000,1.0,1.025,2
2,150,1,standard,1.0,1.0,0.05,5000,1.0,1.025,2
2,151,1,standard,1.0,1.0,0.05,5000,1.0,1.025,2
2,152,1,standard,1.0,1.0,0.05,5000,1.0,1.025,4
2,153,1,standard,1.0,1.0,0.05,5000,1.0,1.025,2
2,154,1,standard,1.0,1.0,0.05,5000,1.0,1.025,2
2,155,1,standard,1.0,1.0,0.05,5000,1.0,1.025,3
2,156,1,standard,1.0,1.0,0.05,5000,1.0,1.025,3
2,157,1,standard,1.0,1.0,0.05,5000,1.0,1.025,4
2,158,1,standard,1.0,1.0,0.05,5000,1.0,1.025,2
2,159,1,standard,1.0,1.0,0.05,5000,1.0,1.025,3
2,160,1,standard,1.0,1.0,0.05,5000,1.0,1.025,4
2,161,1,standard,1.0,1.0,0.05,5000,1.0,1.025,3
2,162,1,standard,1.0,1.0,0.05,5000,1.0,1.025,3
2,163,1,standard,1.0,1.0,0.05,5000,1.0,1.025,1
2,164,1,standard,1.0,1.0,0.05,5000,1.0,1.025,2
2,165,1,standard,1.0,1.0,0.05,5000,1.0,1.025,2
2,166,1,standard,1.0,1.0,0.05,5000,1.0,1.025,3
2,167,1,standard,1.0,1.0,0.05,5000,1.0,1.025,3
2,168,1,standard,1.0,1.0,0.05,5000,1.0,1.025,3
2,169,1,standard,1.0,1.0,0.05,5000,1.0,1.025,4
2,170,1,standard,1.0,1.0,0.05,5000,1.0,1.025,3
2,171,1,standard,1.0,1.0,0.05,5000,1.0,1.025,1
2,172,1,standard,1.0,1.0,0.05,5000,1.0,1.025,3
2,173,1,standard,1.0,1.0,0.05,5000,1.0,1.025,2
2,174,1,standard,1.0,1.0,0.05,5000,1.0,1.025,3
2,175,1,standard,1.0,1.0,0.05,5000,1.0,1.025,4
2,176,1,standard,1.0,1.0,0.05,5000,1.0,1.025,2
2,177,1,standard,1.0,1.0,0.05,5000,1.0,1.025,2
2,178,1,standard,1.0,1.0,0.05,5000,1.0,1.025,3
2,179,1,standard,1.0,1.0,0.05,5000,1.0,1.025,2
2,180,1,standard,1.0,1.0,0.05,5000,1.0,1.025,3
2,181,1,standard,1.0,1.0,0.05,5000,1.0,1.025,2
2,182,1,standard,1.0,1.0,0.05,5000,1.0,1.025,3
2,183,1,standard,1.0,1.0,0.05,5000,1.0,1.025,3
2,184,1,standard,1.0,1.0,0.05,5000,1.0,1.025,2
2,185,1,standard,1.0,1.0,0.05,5000,1.0,1.025,2
2,186,1,standard,1.0,1.0,0.05,5000,1.0,1.025,4
2,187,1,standard,1.0,1.0,0.05,5000,1.0,1.025,4
2,188,1,standard,1.0,1.0,0.05,5000,1.0,1.025,3
2,189,1,standard,1.0,1.0,0.05,5000,1.0,1.025,3
2,190,1,standard,1.0,1.0,0.05,5000,1.0,1.025,3
2,191,1,standard,1.0,1.0,0.05,5000,1.0,1.025,3
2,192,1,standard,1.0,1.0,0.05,5000,1.0,1.025,3
2,193,1,standard,1.0,1.0,0.05,5000,1.0,1.025,4
2,194,1,standard,1.0,1.0,0.05,5000,1.0,1.025,4
2,195,1,standard,1.0,1.0,0.05,5000,1.0,1.025,3
2,196,1,standard,1.0,1.0,0.05,5000,1.0,1.025,4
2,197,1,standard,1.0,1.0,0.05,5000,1.0,1.025,3
2,198,1,standard,1.0,1.0,0.05,5000,1.0,1.025,2
2,199,1,standard,1.0,1.0,0.05,5000,1.0,1.025,4
2,200,1,standard,1.0,1.0,0.05,5000,1.0,1.025,3
2,1,1,standard,1.0,1.0,0.05,5000,1.0,1.05,1
2,2,1,standard,1.0,1.0,0.05,5000,1.0,1.05,2
2,3,1,standard,1.0,1.0,0.05,5000,1.0,1.05,3
2,4,1,standard,1.0,1.0,0.05,5000,1.0,1.05,2
2,5,1,standard,1.0,1.0,0.05,5000,1.0,1.05,3
2,6,1,standard,1.0,1.0,0.05,5000,1.0,1.05,2
2,7,1,standard,1.0,1.0,0.05,5000,1.0,1.05,1
2,8,1,standard,1.0,1.0,0.05,5000,1.0,1.05,3
2,9,1,standard,1.0,1.0,0.05,5000,1.0,1.05,3
2,10,1,standard,1.0,1.0,0.05,5000,1.0,1.05,3
2,11,1,standard,1.0,1.0,0.05,5000,1.0,1.05,3
2,12,1,standard,1.0,1.0,0.05,5000,1.0,1.05,3
2,13,1,standard,1.0,1.0,0.05,5000,1.0,1.05,3
2,14,1,standard,1.0,1.0,0.05,5000,1.0,1.05,3
2,15,1,standard,1.0,1.0,0.05,5000,1.0,1.05,3
2,16,1,standard,1.0,1.0,0.05,5000,1.0,1.05,3
2,17,1,standard,1.0,1.0,0.05,5000,1.0,1.05,3
2,18,1,standard,1.0,1.0,0.05,5000,1.0,1.05,3
2,19,1,standard,1.0,1.0,0.05,5000,1.0,1.05,3
2,20,1,standard,1.0,1.0,0.05,5000,1.0,1.05,3
2,21,1,standard,1.0,1.0,0.05,5000,1.0,1.05,4
2,22,1,standard,1.0,1.0,0.05,5000,1.0,1.05,4
2,23,1,standard,1.0,1.0,0.05,5000,1.0,1.05,2
2,24,1,standard,1.0,1.0,0.05,5000,1.0,1.05,3
2,25,1,standard,1.0,1.0,0.05,5000,1.0,1.05,3
2,26,1,standard,1.0,1.0,0.05,5000,1.0,1.05,3
2,27,1,standard,1.0,1.0,0.05,5000,1.0,1.05,3
2,28,1,standard,1.0,1.0,0.05,5000,1.0,1.05,3
2,29,1,standard,1.0,1.0,0.05,5000,1.0,1.05,2
2,30,1,standard,1.0,1.0,0.05,5000,1.0,1.05,3
2,31,1,standard,1.0,1.0,0.05,5000,1.0,1.05,3
2,32,1,standard,1.0,1.0,0.05,5000,1.0,1.05,3
2,33,1,standard,1.0,1.0,0.05,5000,1.0,1.05,3
2,34,1,standard,1.0,1.0,0.05,5000,1.0,1.05,3
2,35,1,standard,1.0,1.0,0.05,5000,1.0,1.05,3
2,36,1,standard,1.0,1.0,0.05,5000,1.0,1.05,3
2,37,1,standard,1.0,1.0,0.05,5000,1.0,1.05,3
2,38,1,standard,1.0,1.0,0.05,5000,1.0,1.05,3
2,39,1,standard,1.0,1.0,0.05,5000,1.0,1.05,3
2,40,1,standard,1.0,1.0,0.05,5000,1.0,1.05,2
2,41,1,standard,1.0,1.0,0.05,5000,1.0,1.05,2
2,42,1,standard,1.0,1.0,0.05,5000,1.0,1.05,3
2,43,1,standard,1.0,1.0,0.05,5000,1.0,1.05,3
2,44,1,standard,1.0,1.0,0.05,5000,1.0,1.05,3
2,45,1,standard,1.0,1.0,0.05,5000,1.0,1.05,3
2,46,1,standard,1.0,1.0,0.05,5000,1.0,1.05,2
2,47,1,standard,1.0,1.0,0.05,5000,1.0,1.05,3
2,48,1,standard,1.0,1.0,0.05,5000,1.0,1.05,2
2,49,1,standard,1.0,1.0,0.05,5000,1.0,1.05,3
2,50,1,standard,1.0,1.0,0.05,5000,1.0,1.05,3
2,51,1,standard,1.0,1.0,0.05,5000,1.0,1.05,2
2,52,1,standard,1.0,1.0,0.05,5000,1.0,1.05,2
2,53,1,standard,1.0,1.0,0.05,5000,1.0,1.05,3
2,54,1,standard,1.0,1.0,0.05,5000,1.0,1.05,4
2,55,1,standard,1.0,1.0,0.05,5000,1.0,1.05,3
2,56,1,standard,1.0,1.0,0.05,5000,1.0,1.05,3
2,57,1,standard,1.0,1.0,0.05,5000,1.0,1.05,3
2,58,1,standard,1.0,1.0,0.05,5000,1.0,1.05,3
2,59,1,standard,1.0,1.0,0.05,5000,1.0,1.05,2
2,60,1,standard,1.0,1.0,0.05,5000,1.0,1.05,2
2,61,1,standard,1.0,1.0,0.05,5000,1.0,1.05,3
2,62,1,standard,1.0,1.0,0.05,5000,1.0,1.05,3
2,63,1,standard,1.0,1.0,0.05,5000,1.0,1.05,3
2,64,1,standard,1.0,1.0,0.05,5000,1.0,1.05,2
2,65,1,standard,1.0,1.0,0.05,5000,1.0,1.05,3
2,66,1,standard,1.0,1.0,0.05,5000,1.0,1.05,3
2,67,1,standard,1.0,1.0,0.05,5000,1.0,1.05,3
2,68,1,standard,1.0,1.0,0.05,5000,1.0,1.05,3
2,69,1,standard,1.0,1.0,0.05,5000,1.0,1.05,3
2,70,1,standard,1.0,1.0,0.05,5000,1.0,1.05,2
2,71,1,standard,1.0,1.0,0.05,5000,1.0,1.05,2
2,72,1,standard,1.0,1.0,0.05,5000,1.0,1.05,3
2,73,1,standard,1.0,1.0,0.05,5000,1.0,1.05,1
2,74,1,standard,1.0,1.0,0.05,5000,1.0,1.05,2
2,75,1,standard,1.0,1.0,0.05,5000,1.0,1.05,3
2,76,1,standard,1.0,1.0,0.05,5000,1.0,1.05,3
2,77,1,standard,1.0,1.0,0.05,5000,1.0,1.05,2
2,78,1,standard,1.0,1.0,0.05,5000,1.0,1.05,2
2,79,1,standard,1.0,1.0,0.05,5000,1.0,1.05,3
2,80,1,standard,1.0,1.0,0.05,5000,1.0,1.05,3
2,81,1,standard,1.0,1.0,0.05,5000,1.0,1.05,1
2,82,1,standard,1.0,1.0,0.05,5000,1.0,1.05,3
2,83,1,standard,1.0,1.0,0.05,5000,1.0,1.05,2
2,84,1,standard,1.0,1.0,0.05,5000,1.0,1.05,3
2,85,1,standard,1.0,1.0,0.05,5000,1.0,1.05,3
2,86,1,standard,1.0,1.0,0.05,5000,1.0,1.05,3
2,87,1,standard,1.0,1.0,0.05,5000,1.0,1.05,3
2,88,1,standard,1.0,1.0,0.05,5000,1.0,1.05,2
2,89,1,standard,1.0,1.0,0.05,5000,1.0,1.05,3
2,90,1,standard,1.0,1.0,0.05,5000,1.0,1.05,3
2,91,1,standard,1.0,1.0,0.05,5000,1.0,1.05,3
2,92,1,standard,1.0,1.0,0.05,5000,1.0,1.05,1
2,93,1,standard,1.0,1.0,0.05,5000,1.0,1.05,3
2,94,1,standard,1.0,1.0,0.05,5000,1.0,1.05,3
2,95,1,standard,1.0,1.0,0.05,5000,1.0,1.05,3
2,96,1,standard,1.0,1.0,0.05,5000,1.0,1.05,3
2,97,1,standard,1.0,1.0,0.05,5000,1.0,1.05,3
2,98,1,standard,1.0,1.0,0.05,5000,1.0,1.05,3
2,99,1,standard,1.0,1.0,0.05,5000,1.0,1.05,3
2,100,1,standard,1.0,1.0,0.05,5000,1.0,1.05,2
2,101,1,standard,1.0,1.0,0.05,5000,1.0,1.05,3
2,102,1,standard,1.0,1.0,0.05,5000,1.0,1.05,3
2,103,1,standard,1.0,1.0,0.05,5000,1.0,1.05,3
2,104,1,standard,1.0,1.0,0.05,5000,1.0,1.05,4
2,105,1,standard,1.0,1.0,0.05,5000,1.0,1.05,3
2,106,1,standard,1.0,1.0,0.05,5000,1.0,1.05,3
2,107,1,standard,1.0,1.0,0.05,5000,1.0,1.05,1
2,108,1,standard,1.0,1.0,0.05,5000,1.0,1.05,2
2,109,1,standard,1.0,1.0,0.05,5000,1.0,1.05,3
2,110,1,standard,1.0,1.0,0.05,5000,1.0,1.05,3
2,111,1,standard,1.0,1.0,0.05,5000,1.0,1.05,3
2,112,1,standard,1.0,1.0,0.05,5000,1.0,1.05,3
2,113,1,standard,1.0,1.0,0.05,5000,1.0,1.05,3
2,114,1,standard,1.0,1.0,0.05,5000,1.0,1.05,2
2,115,1,standard,1.0,1.0,0.05,5000,1.0,1.05,3
2,116,1,standard,1.0,1.0,0.05,5000,1.0,1.05,4
2,117,1,standard,1.0,1.0,0.05,5000,1.0,1.05,3
2,118,1,standard,1.0,1.0,0.05,5000,1.0,1.05,3
2,119,1,standard,1.0,1.0,0.05,5000,1.0,1.05,3
2,120,1,standard,1.0,1.0,0.05,5000,1.0,1.05,3
2,121,1,standard,1.0,1.0,0.05,5000,1.0,1.05,4
2,122,1,standard,1.0,1.0,0.05,5000,1.0,1.05,4
2,123,1,standard,1.0,1.0,0.05,5000,1.0,1.05,2
2,124,1,standard,1.0,1.0,0.05,5000,1.0,1.05,4
2,125,1,standard,1.0,1.0,0.05,5000,1.0,1.05,3
2,126,1,standard,1.0,1.0,0.05,5000,1.0,1.05,4
2,127,1,standard,1.0,1.0,0.05,5000,1.0,1.05,3
2,128,1,standard,1.0,1.0,0.05,5000,1.0,1.05,3
2,129,1,standard,1.0,1.0,0.05,5000,1.0,1.05,4
2,130,1,standard,1.0,1.0,0.05,5000,1.0,1.05,2
2,131,1,standard,1.0,1.0,0.05,5000,1.0,1.05,2
2,132,1,standard,1.0,1.0,0.05,5000,1.0,1.05,4
2,133,1,standard,1.0,1.0,0.05,5000,1.0,1.05,2
2,134,1,standard,1.0,1.0,0.05,5000,1.0,1.05,3
2,135,1,standard,1.0,1.0,0.05,5000,1.0,1.05,3
2,136,1,standard,1.0,1.0,0.05,5000,1.0,1.05,2
2,137,1,standard,1.0,1.0,0.05,5000,1.0,1.05,2
2,138,1,standard,1.0,1.0,0.05,5000,1.0,1.05,3
2,139,1,standard,1.0,1.0,0.05,5000,1.0,1.05,2
2,140,1,standard,1.0,1.0,0.05,5000,1.0,1.05,3
2,141,1,standard,1.0,1.0,0.05,5000,1.0,1.05,3
2,142,1,standard,1.0,1.0,0.05,5000,1.0,1.05,2
2,143,1,standard,1.0,1.0,0.05,5000,1.0,1.05,3
2,144,1,standard,1.0,1.0,0.05,5000,1.0,1.05,2
2,145,1,standard,1.0,1.0,0.05,5000,1.0,1.05,1
2,146,1,standard,1.0,1.0,0.05,5000,1.0,1.05,3
2,147,1,standard,1.0,1.0,0.05,5000,1.0,1.05,2
2,148,1,standard,1.0,1.0,0.05,5000,1.0,1.05,3
2,149,1,standard,1.0,1.0,0.05,5000,1.0,1.05,2
2,150,1,standard,1.0,1.0,0.05,5000,1.0,1.05,2
2,151,1,standard,1.0,1.0,0.05,5000,1.0,1.05,2
2,152,1,standard,1.0,1.0,0.05,5000,1.0,1.05,3
2,153,1,standard,1.0,1.0,0.05,5000,1.0,1.05,2
2,154,1,standard,1.0,1.0,0.05,5000,1.0,1.05,2
2,155,1,standard,1.0,1.0,0.05,5000,1.0,1.05,3
2,156,1,standard,1.0,1.0,0.05,5000,1.0,1.05,3
2,157,1,standard,1.0,1.0,0.05,5000,1.0,1.05,3
2,158,1,standard,1.0,1.0,0.05,5000,1.0,1.05,2
2,159,1,standard,1.0,1.0,0.05,5000,1.0,1.05,3
2,160,1,standard,1.0,1.0,0.05,5000,1.0,1.05,4
2,161,1,standard,1.0,1.0,0.05,5000,1.0,1.05,3
2,162,1,standard,1.0,1.0,0.05,5000,1.0,1.05,3
2,163,1,standard,1.0,1.0,0.05,5000,1.0,1.05,1
2,164,1,standard,1.0,1.0,0.05,5000,1.0,1.05,2
2,165,1,standard,1.0,1.0,0.05,5000,1.0,1.05,2
2,166,1,standard,1.0,1.0,0.05,5000,1.0,1.05,3
2,167,1,standard,1.0,1.0,0.05,5000,1.0,1.05,3
2,168,1,standard,1.0,1.0,0.05,5000,1.0,1.05,3
2,169,1,standard,1.0,1.0,0.05,5000,1.0,1.05,3
2,170,1,standard,1.0,1.0,0.05,5000,1.0,1.05,3
2,171,1,standard,1.0,1.0,0.05,5000,1.0,1.05,1
2,172,1,standard,1.0,1.0,0.05,5000,1.0,1.05,3
2,173,1,standard,1.0,1.0,0.05,5000,1.0,1.05,2
2,174,1,standard,1.0,1.0,0.05,5000,1.0,1.05,3
2,175,1,standard,1.0,1.0,0.05,5000,1.0,1.05,4
2,176,1,standard,1.0,1.0,0.05,5000,1.0,1.05,2
2,177,1,standard,1.0,1.0,0.05,5000,1.0,1.05,2
2,178,1,standard,1.0,1.0,0.05,5000,1.0,1.05,3
2,179,1,standard,1.0,1.0,0.05,5000,1.0,1.05,2
2,180,1,standard,1.0,1.0,0.05,5000,1.0,1.05,3
2,181,1,standard,1.0,1.0,0.05,5000,1.0,1.05,2
2,182,1,standard,1.0,1.0,0.05,5000,1.0,1.05,3
2,183,1,standard,1.0,1.0,0.05,5000,1.0,1.05,3
2,184,1,standard,1.0,1.0,0.05,5000,1.0,1.05,2
2,185,1,standard,1.0,1.0,0.05,5000,1.0,1.05,2
2,186,1,standard,1.0,1.0,0.05,5000,1.0,1.05,4
2,187,1,standard,1.0,1.0,0.05,5000,1.0,1.05,3
2,188,1,standard,1.0,1.0,0.05,5000,1.0,1.05,3
2,189,1,standard,1.0,1.0,0.05,5000,1.0,1.05,3
2,190,1,standard,1.0,1.0,0.05,5000,1.0,1.05,3
2,191,1,standard,1.0,1.0,0.05,5000,1.0,1.05,3
2,192,1,standard,1.0,1.0,0.05,5000,1.0,1.05,3
2,193,1,standard,1.0,1.0,0.05,5000,1.0,1.05,4
2,194,1,standard,1.0,1.0,0.05,5000,1.0,1.05,3
2,195,1,standard,1.0,1.0,0.05,5000,1.0,1.05,3
2,196,1,standard,1.0,1.0,0.05,5000,1.0,1.05,3
2,197,1,standard,1.0,1.0,0.05,5000,1.0,1.05,3
2,198,1,standard,1.0,1.0,0.05,5000,1.0,1.05,2
2,199,1,standard,1.0,1.0,0.05,5000,1.0,1.05,4
2,200,1,standard,1.0,1.0,0.05,5000,1.0,1.05,3
2,1,1,standard,1.0,1.0,0.05,5000,1.0,1.075,1
2,2,1,standard,1.0,1.0,0.05,5000,1.0,1.075,2
2,3,1,standard,1.0,1.0,0.05,5000,1.0,1.075,3
2,4,1,standard,1.0,1.0,0.05,5000,1.0,1.075,2
2,5,1,standard,1.0,1.0,0.05,5000,1.0,1.075,3
2,6,1,standard,1.0,1.0,0.05,5000,1.0,1.075,2
2,7,1,standard,1.0,1.0,0.05,5000,1.0,1.075,1
2,8,1,standard,1.0,1.0,0.05,5000,1.0,1.075,3
2,9,1,standard,1.0,1.0,0.05,5000,1.0,1.075,3
2,10,1,standard,1.0,1.0,0.05,5000,1.0,1.075,3
2,11,1,standard,1.0,1.0,0.05,5000,1.0,1.075,3
2,12,1,standard,1.0,1.0,0.05,5000,1.0,1.075,3
2,13,1,standard,1.0,1.0,0.05,5000,1.0,1.075,3
2,14,1,standard,1.0,1.0,0.05,5000,1.0,1.075,3
2,15,1,standard,1.0,1.0,0.05,5000,1.0,1.075,3
2,16,1,standard,1.0,1.0,0.05,5000,1.0,1.075,3
2,17,1,standard,1.0,1.0,0.05,5000,1.0,1.075,3
2,18,1,standard,1.0,1.0,0.05,5000,1.0,1.075,3
2,19,1,standard,1.0,1.0,0.05,5000,1.0,1.075,3
2,20,1,standard,1.0,1.0,0.05,5000,1.0,1.075,3
2,21,1,standard,1.0,1.0,0.05,5000,1.0,1.075,4
2,22,1,standard,1.0,1.0,0.05,5000,1.0,1.075,3
2,23,1,standard,1.0,1.0,0.05,5000,1.0,1.075,2
2,24,1,standard,1.0,1.0,0.05,5000,1.0,1.075,3
2,25,1,standard,1.0,1.0,0.05,5000,1.0,1.075,3
2,26,1,standard,1.0,1.0,0.05,5000,1.0,1.075,3
2,27,1,standard,1.0,1.0,0.05,5000,1.0,1.075,3
2,28,1,standard,1.0,1.0,0.05,5000,1.0,1.075,3
2,29,1,standard,1.0,1.0,0.05,5000,1.0,1.075,2
2,30,1,standard,1.0,1.0,0.05,5000,1.0,1.075,3
2,31,1,standard,1.0,1.0,0.05,5000,1.0,1.075,3
2,32,1,standard,1.0,1.0,0.05,5000,1.0,1.075,3
2,33,1,standard,1.0,1.0,0.05,5000,1.0,1.075,3
2,34,1,standard,1.0,1.0,0.05,5000,1.0,1.075,3
2,35,1,standard,1.0,1.0,0.05,5000,1.0,1.075,3
2,36,1,standard,1.0,1.0,0.05,5000,1.0,1.075,3
2,37,1,standard,1.0,1.0,0.05,5000,1.0,1.075,3
2,38,1,standard,1.0,1.0,0.05,5000,1.0,1.075,3
2,39,1,standard,1.0,1.0,0.05,5000,1.0,1.075,3
2,40,1,standard,1.0,1.0,0.05,5000,1.0,1.075,2
2,41,1,standard,1.0,1.0,0.05,5000,1.0,1.075,2
2,42,1,standard,1.0,1.0,0.05,5000,1.0,1.075,3
2,43,1,standard,1.0,1.0,0.05,5000,1.0,1.075,3
2,44,1,standard,1.0,1.0,0.05,5000,1.0,1.075,3
2,45,1,standard,1.0,1.0,0.05,5000,1.0,1.075,3
2,46,1,standard,1.0,1.0,0.05,5000,1.0,1.075,2
2,47,1,standard,1.0,1.0,0.05,5000,1.0,1.075,3
2,48,1,standard,1.0,1.0,0.05,5000,1.0,1.075,2
2,49,1,standard,1.0,1.0,0.05,5000,1.0,1.075,3
2,50,1,standard,1.0,1.0,0.05,5000,1.0,1.075,3
2,51,1,standard,1.0,1.0,0.05,5000,1.0,1.075,2
2,52,1,standard,1.0,1.0,0.05,5000,1.0,1.075,2
2,53,1,standard,1.0,1.0,0.05,5000,1.0,1.075,3
2,54,1,standard,1.0,1.0,0.05,5000,1.0,1.075,3
2,55,1,standard,1.0,1.0,0.05,5000,1.0,1.075,3
2,56,1,standard,1.0,1.0,0.05,5000,1.0,1.075,3
2,57,1,standard,1.0,1.0,0.05,5000,1.0,1.075,3
2,58,1,standard,1.0,1.0,0.05,5000,1.0,1.075,3
2,59,1,standard,1.0,1.0,0.05,5000,1.0,1.075,2
2,60,1,standard,1.0,1.0,0.05,5000,1.0,1.075,2
2,61,1,standard,1.0,1.0,0.05,5000,1.0,1.075,3
2,62,1,standard,1.0,1.0,0.05,5000,1.0,1.075,3
2,63,1,standard,1.0,1.0,0.05,5000,1.0,1.075,3
2,64,1,standard,1.0,1.0,0.05,5000,1.0,1.075,2
2,65,1,standard,1.0,1.0,0.05,5000,1.0,1.075,3
2,66,1,standard,1.0,1.0,0.05,5000,1.0,1.075,3
2,67,1,standard,1.0,1.0,0.05,5000,1.0,1.075,3
2,68,1,standard,1.0,1.0,0.05,5000,1.0,1.075,3
2,69,1,standard,1.0,1.0,0.05,5000,1.0,1.075,3
2,70,1,standard,1.0,1.0,0.05,5000,1.0,1.075,2
2,71,1,standard,1.0,1.0,0.05,5000,1.0,1.075,2
2,72,1,standard,1.0,1.0,0.05,5000,1.0,1.075,3
2,73,1,standard,1.0,1.0,0.05,5000,1.0,1.075,1
2,74,1,standard,1.0,1.0,0.05,5000,1.0,1.075,2
2,75,1,standard,1.0,1.0,0.05,5000,1.0,1.075,3
2,76,1,standard,1.0,1.0,0.05,5000,1.0,1.075,3
2,77,1,standard,1.0,1.0,0.05,5000,1.0,1.075,2
2,78,1,standard,1.0,1.0,0.05,5000,1.0,1.075,2
2,79,1,standard,1.0,1.0,0.05,5000,1.0,1.075,3
2,80,1,standard,1.0,1.0,0.05,5000,1.0,1.075,3
2,81,1,standard,1.0,1.0,0.05,5000,1.0,1.075,1
2,82,1,standard,1.0,1.0,0.05,5000,1.0,1.075,3
2,83,1,standard,1.0,1.0,0.05,5000,1.0,1.075,2
2,84,1,standard,1.0,1.0,0.05,5000,1.0,1.075,3
2,85,1,standard,1.0,1.0,0.05,5000,1.0,1.075,3
2,86,1,standard,1.0,1.0,0.05,5000,1.0,1.075,3
2,87,1,standard,1.0,1.0,0.05,5000,1.0,1.075,3
2,88,1,standard,1.0,1.0,0.05,5000,1.0,1.075,2
2,89,1,standard,1.0,1.0,0.05,5000,1.0,1.075,3
2,90,1,standard,1.0,1.0,0.05,5000,1.0,1.075,3
2,91,1,standard,1.0,1.0,0.05,5000,1.0,1.075,3
2,92,1,standard,1.0,1.0,0.05,5000,1.0,1.075,1
2,93,1,standard,1.0,1.0,0.05,5000,1.0,1.075,3
2,94,1,standard,1.0,1.0,0.05,5000,1.0,1.075,3
2,95,1,standard,1.0,1.0,0.05,5000,1.0,1.075,3
2,96,1,standard,1.0,1.0,0.05,5000,1.0,1.075,3
2,97,1,standard,1.0,1.0,0.05,5000,1.0,1.075,3
2,98,1,standard,1.0,1.0,0.05,5000,1.0,1.075,3
2,99,1,standard,1.0,1.0,0.05,5000,1.0,1.075,3
2,100,1,standard,1.0,1.0,0.05,5000,1.0,1.075,2
2,101,1,standard,1.0,1.0,0.05,5000,1.0,1.075,3
2,102,1,standard,1.0,1.0,0.05,5000,1.0,1.075,3
2,103,1,standard,1.0,1.0,0.05,5000,1.0,1.075,3
2,104,1,standard,1.0,1.0,0.05,5000,1.0,1.075,3
2,105,1,standard,1.0,1.0,0.05,5000,1.0,1.075,3
2,106,1,standard,1.0,1.0,0.05,5000,1.0,1.075,3
2,107,1,standard,1.0,1.0,0.05,5000,1.0,1.075,1
2,108,1,standard,1.0,1.0,0.05,5000,1.0,1.075,2
2,109,1,standard,1.0,1.0,0.05,5000,1.0,1.075,3
2,110,1,standard,1.0,1.0,0.05,5000,1.0,1.075,3
2,111,1,standard,1.0,1.0,0.05,5000,1.0,1.075,3
2,112,1,standard,1.0,1.0,0.05,5000,1.0,1.075,3
2,113,1,standard,1.0,1.0,0.05,5000,1.0,1.075,3
2,114,1,standard,1.0,1.0,0.05,5000,1.0,1.075,2
2,115,1,standard,1.0,1.0,0.05,5000,1.0,1.075,3
2,116,1,standard,1.0,1.0,0.05,5000,1.0,1.075,3
2,117,1,standard,1.0,1.0,0.05,5000,1.0,1.075,3
2,118,1,standard,1.0,1.0,0.05,5000,1.0,1.075,3
2,119,1,standard,1.0,1.0,0.05,5000,1.0,1.075,3
2,120,1,standard,1.0,1.0,0.05,5000,1.0,1.075,3
2,121,1,standard,1.0,1.0,0.05,5000,1.0,1.075,3
2,122,1,standard,1.0,1.0,0.05,5000,1.0,1.075,3
2,123,1,standard,1.0,1.0,0.05,5000,1.0,1.075,2
2,124,1,standard,1.0,1.0,0.05,5000,1.0,1.075,4
2,125,1,standard,1.0,1.0,0.05,5000,1.0,1.075,3
2,126,1,standard,1.0,1.0,0.05,5000,1.0,1.075,3
2,127,1,standard,1.0,1.0,0.05,5000,1.0,1.075,3
2,128,1,standard,1.0,1.0,0.05,5000,1.0,1.075,3
2,129,1,standard,1.0,1.0,0.05,5000,1.0,1.075,4
2,130,1,standard,1.0,1.0,0.05,5000,1.0,1.075,2
2,131,1,standard,1.0,1.0,0.05,5000,1.0,1.075,2
2,132,1,standard,1.0,1.0,0.05,5000,1.0,1.075,3
2,133,1,standard,1.0,1.0,0.05,5000,1.0,1.075,2
2,134,1,standard,1.0,1.0,0.05,5000,1.0,1.075,3
2,135,1,standard,1.0,1.0,0.05,5000,1.0,1.075,3
2,136,1,standard,1.0,1.0,0.05,5000,1.0,1.075,2
2,137,1,standard,1.0,1.0,0.05,5000,1.0,1.075,2
2,138,1,standard,1.0,1.0,0.05,5000,1.0,1.075,3
2,139,1,standard,1.0,1.0,0.05,5000,1.0,1.075,2
2,140,1,standard,1.0,1.0,0.05,5000,1.0,1.075,3
2,141,1,standard,1.0,1.0,0.05,5000,1.0,1.075,3
2,142,1,standard,1.0,1.0,0.05,5000,1.0,1.075,2
2,143,1,standard,1.0,1.0,0.05,5000,1.0,1.075,3
2,144,1,standard,1.0,1.0,0.05,5000,1.0,1.075,2
2,145,1,standard,1.0,1.0,0.05,5000,1.0,1.075,1
2,146,1,standard,1.0,1.0,0.05,5000,1.0,1.075,3
2,147,1,standard,1.0,1.0,0.05,5000,1.0,1.075,2
2,148,1,standard,1.0,1.0,0.05,5000,1.0,1.075,3
2,149,1,standard,1.0,1.0,0.05,5000,1.0,1.075,2
2,150,1,standard,1.0,1.0,0.05,5000,1.0,1.075,2
2,151,1,standard,1.0,1.0,0.05,5000,1.0,1.075,2
2,152,1,standard,1.0,1.0,0.05,5000,1.0,1.075,3
2,153,1,standard,1.0,1.0,0.05,5000,1.0,1.075,2
2,154,1,standard,1.0,1.0,0.05,5000,1.0,1.075,2
2,155,1,standard,1.0,1.0,0.05,5000,1.0,1.075,3
2,156,1,standard,1.0,1.0,0.05,5000,1.0,1.075,3
2,157,1,standard,1.0,1.0,0.05,5000,1.0,1.075,3
2,158,1,standard,1.0,1.0,0.05,5000,1.0,1.075,2
2,159,1,standard,1.0,1.0,0.05,5000,1.0,1.075,3
2,160,1,standard,1.0,1.0,0.05,5000,1.0,1.075,3
2,161,1,standard,1.0,1.0,0.05,5000,1.0,1.075,3
2,162,1,standard,1.0,1.0,0.05,5000,1.0,1.075,3
2,163,1,standard,1.0,1.0,0.05,5000,1.0,1.075,1
2,164,1,standard,1.0,1.0,0.05,5000,1.0,1.075,2
2,165,1,standard,1.0,1.0,0.05,5000,1.0,1.075,2
2,166,1,standard,1.0,1.0,0.05,5000,1.0,1.075,3
2,167,1,standard,1.0,1.0,0.05,5000,1.0,1.075,3
2,168,1,standard,1.0,1.0,0.05,5000,1.0,1.075,3
2,169,1,standard,1.0,1.0,0.05,5000,1.0,1.075,3
2,170,1,standard,1.0,1.0,0.05,5000,1.0,1.075,3
2,171,1,standard,1.0,1.0,0.05,5000,1.0,1.075,1
2,172,1,standard,1.0,1.0,0.05,5000,1.0,1.075,3
2,173,1,standard,1.0,1.0,0.05,5000,1.0,1.075,2
2,174,1,standard,1.0,1.0,0.05,5000,1.0,1.075,3
2,175,1,standard,1.0,1.0,0.05,5000,1.0,1.075,4
2,176,1,standard,1.0,1.0,0.05,5000,1.0,1.075,2
2,177,1,standard,1.0,1.0,0.05,5000,1.0,1.075,2
2,178,1,standard,1.0,1.0,0.05,5000,1.0,1.075,3
2,179,1,standard,1.0,1.0,0.05,5000,1.0,1.075,2
2,180,1,standard,1.0,1.0,0.05,5000,1.0,1.075,3
2,181,1,standard,1.0,1.0,0.05,5000,1.0,1.075,2
2,182,1,standard,1.0,1.0,0.05,5000,1.0,1.075,3
2,183,1,standard,1.0,1.0,0.05,5000,1.0,1.075,2
2,184,1,standard,1.0,1.0,0.05,5000,1.0,1.075,2
2,185,1,standard,1.0,1.0,0.05,5000,1.0,1.075,2
2,186,1,standard,1.0,1.0,0.05,5000,1.0,1.075,4
2,187,1,standard,1.0,1.0,0.05,5000,1.0,1.075,3
2,188,1,standard,1.0,1.0,0.05,5000,1.0,1.075,3
2,189,1,standard,1.0,1.0,0.05,5000,1.0,1.075,3
2,190,1,standard,1.0,1.0,0.05,5000,1.0,1.075,3
2,191,1,standard,1.0,1.0,0.05,5000,1.0,1.075,3
2,192,1,standard,1.0,1.0,0.05,5000,1.0,1.075,3
2,193,1,standard,1.0,1.0,0.05,5000,1.0,1.075,3
2,194,1,standard,1.0,1.0,0.05,5000,1.0,1.075,3
2,195,1,standard,1.0,1.0,0.05,5000,1.0,1.075,3
2,196,1,standard,1.0,1.0,0.05,5000,1.0,1.075,3
2,197,1,standard,1.0,1.0,0.05,5000,1.0,1.075,3
2,198,1,standard,1.0,1.0,0.05,5000,1.0,1.075,2
2,199,1,standard,1.0,1.0,0.05,5000,1.0,1.075,4
2,200,1,standard,1.0,1.0,0.05,5000,1.0,1.075,3
2,1,1,standard,1.0,1.0,0.05,5000,1.0,1.1,1
2,2,1,standard,1.0,1.0,0.05,5000,1.0,1.1,2
2,3,1,standard,1.0,1.0,0.05,5000,1.0,1.1,3
2,4,1,standard,1.0,1.0,0.05,5000,1.0,1.1,2
2,5,1,standard,1.0,1.0,0.05,5000,1.0,1.1,3
2,6,1,standard,1.0,1.0,0.05,5000,1.0,1.1,2
2,7,1,standard,1.0,1.0,0.05,5000,1.0,1.1,1
2,8,1,standard,1.0,1.0,0.05,5000,1.0,1.1,3
2,9,1,standard,1.0,1.0,0.05,5000,1.0,1.1,3
2,10,1,standard,1.0,1.0,0.05,5000,1.0,1.1,3
2,11,1,standard,1.0,1.0,0.05,5000,1.0,1.1,3
2,12,1,standard,1.0,1.0,0.05,5000,1.0,1.1,3
2,13,1,standard,1.0,1.0,0.05,5000,1.0,1.1,3
2,14,1,standard,1.0,1.0,0.05,5000,1.0,1.1,3
2,15,1,standard,1.0,1.0,0.05,5000,1.0,1.1,3
2,16,1,standard,1.0,1.0,0.05,5000,1.0,1.1,3
2,17,1,standard,1.0,1.0,0.05,5000,1.0,1.1,3
2,18,1,standard,1.0,1.0,0.05,5000,1.0,1.1,3
2,19,1,standard,1.0,1.0,0.05,5000,1.0,1.1,3
2,20,1,standard,1.0,1.0,0.05,5000,1.0,1.1,3
2,21,1,standard,1.0,1.0,0.05,5000,1.0,1.1,4
2,22,1,standard,1.0,1.0,0.05,5000,1.0,1.1,3
2,23,1,standard,1.0,1.0,0.05,5000,1.0,1.1,2
2,24,1,standard,1.0,1.0,0.05,5000,1.0,1.1,3
2,25,1,standard,1.0,1.0,0.05,5000,1.0,1.1,3
2,26,1,standard,1.0,1.0,0.05,5000,1.0,1.1,3
2,27,1,standard,1.0,1.0,0.05,5000,1.0,1.1,3
2,28,1,standard,1.0,1.0,0.05,5000,1.0,1.1,3
2,29,1,standard,1.0,1.0,0.05,5000,1.0,1.1,2
2,30,1,standard,1.0,1.0,0.05,5000,1.0,1.1,3
2,31,1,standard,1.0,1.0,0.05,5000,1.0,1.1,3
2,32,1,standard,1.0,1.0,0.05,5000,1.0,1.1,3
2,33,1,standard,1.0,1.0,0.05,5000,1.0,1.1,3
2,34,1,standard,1.0,1.0,0.05,5000,1.0,1.1,3
2,35,1,standard,1.0,1.0,0.05,5000,1.0,1.1,3
2,36,1,standard,1.0,1.0,0.05,5000,1.0,1.1,3
2,37,1,standard,1.0,1.0,0.05,5000,1.0,1.1,3
2,38,1,standard,1.0,1.0,0.05,5000,1.0,1.1,3
2,39,1,standard,1.0,1.0,0.05,5000,1.0,1.1,3
2,40,1,standard,1.0,1.0,0.05,5000,1.0,1.1,2
2,41,1,standard,1.0,1.0,0.05,5000,1.0,1.1,2
2,42,1,standard,1.0,1.0,0.05,5000,1.0,1.1,3
2,43,1,standard,1.0,1.0,0.05,5000,1.0,1.1,3
2,44,1,standard,1.0,1.0,0.05,5000,1.0,1.1,3
2,45,1,standard,1.0,1.0,0.05,5000,1.0,1.1,3
2,46,1,standard,1.0,1.0,0.05,5000,1.0,1.1,2
2,47,1,standard,1.0,1.0,0.05,5000,1.0,1.1,3
2,48,1,standard,1.0,1.0,0.05,5000,1.0,1.1,2
2,49,1,standard,1.0,1.0,0.05,5000,1.0,1.1,3
2,50,1,standard,1.0,1.0,0.05,5000,1.0,1.1,3
2,51,1,standard,1.0,1.0,0.05,5000,1.0,1.1,2
2,52,1,standard,1.0,1.0,0.05,5000,1.0,1.1,2
2,53,1,standard,1.0,1.0,0.05,5000,1.0,1.1,3
2,54,1,standard,1.0,1.0,0.05,5000,1.0,1.1,3
2,55,1,standard,1.0,1.0,0.05,5000,1.0,1.1,3
2,56,1,standard,1.0,1.0,0.05,5000,1.0,1.1,2
2,57,1,standard,1.0,1.0,0.05,5000,1.0,1.1,3
2,58,1,standard,1.0,1.0,0.05,5000,1.0,1.1,3
2,59,1,standard,1.0,1.0,0.05,5000,1.0,1.1,2
2,60,1,standard,1.0,1.0,0.05,5000,1.0,1.1,2
2,61,1,standard,1.0,1.0,0.05,5000,1.0,1.1,3
2,62,1,standard,1.0,1.0,0.05,5000,1.0,1.1,3
2,63,1,standard,1.0,1.0,0.05,5000,1.0,1.1,3
2,64,1,standard,1.0,1.0,0.05,5000,1.0,1.1,2
2,65,1,standard,1.0,1.0,0.05,5000,1.0,1.1,3
2,66,1,standard,1.0,1.0,0.05,5000,1.0,1.1,3
2,67,1,standard,1.0,1.0,0.05,5000,1.0,1.1,3
2,68,1,standard,1.0,1.0,0.05,5000,1.0,1.1,3
2,69,1,standard,1.0,1.0,0.05,5000,1.0,1.1,3
2,70,1,standard,1.0,1.0,0.05,5000,1.0,1.1,2
2,71,1,standard,1.0,1.0,0.05,5000,1.0,1.1,2
2,72,1,standard,1.0,1.0,0.05,5000,1.0,1.1,3
2,73,1,standard,1.0,1.0,0.05,5000,1.0,1.1,1
2,74,1,standard,1.0,1.0,0.05,5000,1.0,1.1,2
2,75,1,standard,1.0,1.0,0.05,5000,1.0,1.1,3
2,76,1,standard,1.0,1.0,0.05,5000,1.0,1.1,3
2,77,1,standard,1.0,1.0,0.05,5000,1.0,1.1,2
2,78,1,standard,1.0,1.0,0.05,5000,1.0,1.1,2
2,79,1,standard,1.0,1.0,0.05,5000,1.0,1.1,3
2,80,1,standard,1.0,1.0,0.05,5000,1.0,1.1,3
2,81,1,standard,1.0,1.0,0.05,5000,1.0,1.1,1
2,82,1,standard,1.0,1.0,0.05,5000,1.0,1.1,3
2,83,1,standard,1.0,1.0,0.05,5000,1.0,1.1,2
2,84,1,standard,1.0,1.0,0.05,5000,1.0,1.1,3
2,85,1,standard,1.0,1.0,0.05,5000,1.0,1.1,3
2,86,1,standard,1.0,1.0,0.05,5000,1.0,1.1,3
2,87,1,standard,1.0,1.0,0.05,5000,1.0,1.1,3
2,88,1,standard,1.0,1.0,0.05,5000,1.0,1.1,2
2,89,1,standard,1.0,1.0,0.05,5000,1.0,1.1,3
2,90,1,standard,1.0,1.0,0.05,5000,1.0,1.1,3
2,91,1,standard,1.0,1.0,0.05,5000,1.0,1.1,3
2,92,1,standard,1.0,1.0,0.05,5000,1.0,1.1,1
2,93,1,standard,1.0,1.0,0.05,5000,1.0,1.1,3
2,94,1,standard,1.0,1.0,0.05,5000,1.0,1.1,3
2,95,1,standard,1.0,1.0,0.05,5000,1.0,1.1,3
2,96,1,standard,1.0,1.0,0.05,5000,1.0,1.1,2
2,97,1,standard,1.0,1.0,0.05,5000,1.0,1.1,3
2,98,1,standard,1.0,1.0,0.05,5000,1.0,1.1,3
2,99,1,standard,1.0,1.0,0.05,5000,1.0,1.1,3
2,100,1,standard,1.0,1.0,0.05,5000,1.0,1.1,2
2,101,1,standard,1.0,1.0,0.05,5000,1.0,1.1,3
2,102,1,standard,1.0,1.0,0.05,5000,1.0,1.1,3
2,103,1,standard,1.0,1.0,0.05,5000,1.0,1.1,3
2,104,1,standard,1.0,1.0,0.05,5000,1.0,1.1,3
2,105,1,standard,1.0,1.0,0.05,5000,1.0,1.1,3
2,106,1,standard,1.0,1.0,0.05,5000,1.0,1.1,3
2,107,1,standard,1.0,1.0,0.05,5000,1.0,1.1,1
2,108,1,standard,1.0,1.0,0.05,5000,1.0,1.1,2
2,109,1,standard,1.0,1.0,0.05,5000,1.0,1.1,3
2,110,1,standard,1.0,1.0,0.05,5000,1.0,1.1,3
2,111,1,standard,1.0,1.0,0.05,5000,1.0,1.1,3
2,112,1,standard,1.0,1.0,0.05,5000,1.0,1.1,3
2,113,1,standard,1.0,1.0,0.05,5000,1.0,1.1,3
2,114,1,standard,1.0,1.0,0.05,5000,1.0,1.1,2
2,115,1,standard,1.0,1.0,0.05,5000,1.0,1.1,3
2,116,1,standard,1.0,1.0,0.05,5000,1.0,1.1,3
2,117,1,standard,1.0,1.0,0.05,5000,1.0,1.1,3
2,118,1,standard,1.0,1.0,0.05,5000,1.0,1.1,3
2,119,1,standard,1.0,1.0,0.05,5000,1.0,1.1,3
2,120,1,standard,1.0,1.0,0.05,5000,1.0,1.1,3
2,121,1,standard,1.0,1.0,0.05,5000,1.0,1.1,3
2,122,1,standard,1.0,1.0,0.05,5000,1.0,1.1,3
2,123,1,standard,1.0,1.0,0.05,5000,1.0,1.1,2
2,124,1,standard,1.0,1.0,0.05,5000,1.0,1.1,4
2,125,1,standard,1.0,1.0,0.05,5000,1.0,1.1,3
2,126,1,standard,1.0,1.0,0.05,5000,1.0,1.1,3
2,127,1,standard,1.0,1.0,0.05,5000,1.0,1.1,3
2,128,1,standard,1.0,1.0,0.05,5000,1.0,1.1,3
2,129,1,standard,1.0,1.0,0.05,5000,1.0,1.1,3
2,130,1,standard,1.0,1.0,0.05,5000,1.0,1.1,2
2,131,1,standard,1.0,1.0,0.05,5000,1.0,1.1,2
2,132,1,standard,1.0,1.0,0.05,5000,1.0,1.1,3
2,133,1,standard,1.0,1.0,0.05,5000,1.0,1.1,2
2,134,1,standard,1.0,1.0,0.05,5000,1.0,1.1,3
2,135,1,standard,1.0,1.0,0.05,5000,1.0,1.1,3
2,136,1,standard,1.0,1.0,0.05,5000,1.0,1.1,2
2,137,1,standard,1.0,1.0,0.05,5000,1.0,1.1,2
2,138,1,standard,1.0,1.0,0.05,5000,1.0,1.1,3
2,139,1,standard,1.0,1.0,0.05,5000,1.0,1.1,2
2,140,1,standard,1.0,1.0,0.05,5000,1.0,1.1,3
2,141,1,standard,1.0,1.0,0.05,5000,1.0,1.1,3
2,142,1,standard,1.0,1.0,0.05,5000,1.0,1.1,2
2,143,1,standard,1.0,1.0,0.05,5000,1.0,1.1,3
2,144,1,standard,1.0,1.0,0.05,5000,1.0,1.1,2
2,145,1,standard,1.0,1.0,0.05,5000,1.0,1.1,1
2,146,1,standard,1.0,1.0,0.05,5000,1.0,1.1,3
2,147,1,standard,1.0,1.0,0.05,5000,1.0,1.1,2
2,148,1,standard,1.0,1.0,0.05,5000,1.0,1.1,3
2,149,1,standard,1.0,1.0,0.05,5000,1.0,1.1,2
2,150,1,standard,1.0,1.0,0.05,5000,1.0,1.1,2
2,151,1,standard,1.0,1.0,0.05,5000,1.0,1.1,2
2,152,1,standard,1.0,1.0,0.05,5000,1.0,1.1,3
2,153,1,standard,1.0,1.0,0.05,5000,1.0,1.1,2
2,154,1,standard,1.0,1.0,0.05,5000,1.0,1.1,2
2,155,1,standard,1.0,1.0,0.05,5000,1.0,1.1,3
2,156,1,standard,1.0,1.0,0.05,5000,1.0,1.1,3
2,157,1,standard,1.0,1.0,0.05,5000,1.0,1.1,3
2,158,1,standard,1.0,1.0,0.05,5000,1.0,1.1,2
2,159,1,standard,1.0,1.0,0.05,5000,1.0,1.1,3
2,160,1,standard,1.0,1.0,0.05,5000,1.0,1.1,3
2,161,1,standard,1.0,1.0,0.05,5000,1.0,1.1,3
2,162,1,standard,1.0,1.0,0.05,5000,1.0,1.1,3
2,163,1,standard,1.0,1.0,0.05,5000,1.0,1.1,1
2,164,1,standard,1.0,1.0,0.05,5000,1.0,1.1,2
2,165,1,standard,1.0,1.0,0.05,5000,1.0,1.1,2
2,166,1,standard,1.0,1.0,0.05,5000,1.0,1.1,3
2,167,1,standard,1.0,1.0,0.05,5000,1.0,1.1,3
2,168,1,standard,1.0,1.0,0.05,5000,1.0,1.1,3
2,169,1,standard,1.0,1.0,0.05,5000,1.0,1.1,3
2,170,1,standard,1.0,1.0,0.05,5000,1.0,1.1,3
2,171,1,standard,1.0,1.0,0.05,5000,1.0,1.1,1
2,172,1,standard,1.0,1.0,0.05,5000,1.0,1.1,3
2,173,1,standard,1.0,1.0,0.05,5000,1.0,1.1,2
2,174,1,standard,1.0,1.0,0.05,5000,1.0,1.1,3
2,175,1,standard,1.0,1.0,0.05,5000,1.0,1.1,3
2,176,1,standard,1.0,1.0,0.05,5000,1.0,1.1,2
2,177,1,standard,1.0,1.0,0.05,5000,1.0,1.1,2
2,178,1,standard,1.0,1.0,0.05,5000,1.0,1.1,2
2,179,1,standard,1.0,1.0,0.05,5000,1.0,1.1,2
2,180,1,standard,1.0,1.0,0.05,5000,1.0,1.1,3
2,181,1,standard,1.0,1.0,0.05,5000,1.0,1.1,2
2,182,1,standard,1.0,1.0,0.05,5000,1.0,1.1,3
2,183,1,standard,1.0,1.0,0.05,5000,1.0,1.1,2
2,184,1,standard,1.0,1.0,0.05,5000,1.0,1.1,2
2,185,1,standard,1.0,1.0,0.05,5000,1.0,1.1,2
2,186,1,standard,1.0,1.0,0.05,5000,1.0,1.1,3
2,187,1,standard,1.0,1.0,0.05,5000,1.0,1.1,3
2,188,1,standard,1.0,1.0,0.05,5000,1.0,1.1,3
2,189,1,standard,1.0,1.0,0.05,5000,1.0,1.1,3
2,190,1,standard,1.0,1.0,0.05,5000,1.0,1.1,3
2,191,1,standard,1.0,1.0,0.05,5000,1.0,1.1,3
2,192,1,standard,1.0,1.0,0.05,5000,1.0,1.1,3
2,193,1,standard,1.0,1.0,0.05,5000,1.0,1.1,3
2,194,1,standard,1.0,1.0,0.05,5000,1.0,1.1,3
2,195,1,standard,1.0,1.0,0.05,5000,1.0,1.1,3
2,196,1,standard,1.0,1.0,0.05,5000,1.0,1.1,3
2,197,1,standard,1.0,1.0,0.05,5000,1.0,1.1,3
2,198,1,standard,1.0,1.0,0.05,5000,1.0,1.1,2
2,199,1,standard,1.0,1.0,0.05,5000,1.0,1.1,4
2,200,1,standard,1.0,1.0,0.05,5000,1.0,1.1,3
3,1,1,standard,1.0,1.0,0.05,5000,1.0,1.0,3
3,2,1,standard,1.0,1.0,0.05,5000,1.0,1.0,3
3,3,1,standard,1.0,1.0,0.05,5000,1.0,1.0,3
3,4,1,standard,1.0,1.0,0.05,5000,1.0,1.0,3
3,5,1,standard,1.0,1.0,0.05,5000,1.0,1.0,3
3,6,1,standard,1.0,1.0,0.05,5000,1.0,1.0,3
3,7,1,standard,1.0,1.0,0.05,5000,1.0,1.0,3
3,8,1,standard,1.0,1.0,0.05,5000,1.0,1.0,3
3,9,1,standard,1.0,1.0,0.05,5000,1.0,1.0,3
3,10,1,standard,1.0,1.0,0.05,5000,1.0,1.0,2
3,11,1,standard,1.0,1.0,0.05,5000,1.0,1.0,3
3,12,1,standard,1.0,1.0,0.05,5000,1.0,1.0,3
3,13,1,standard,1.0,1.0,0.05,5000,1.0,1.0,3
3,14,1,standard,1.0,1.0,0.05,5000,1.0,1.0,3
3,15,1,standard,1.0,1.0,0.05,5000,1.0,1.0,3
3,16,1,standard,1.0,1.0,0.05,5000,1.0,1.0,3
3,17,1,standard,1.0,1.0,0.05,5000,1.0,1.0,3
3,18,1,standard,1.0,1.0,0.05,5000,1.0,1.0,3
3,19,1,standard,1.0,1.0,0.05,5000,1.0,1.0,3
3,20,1,standard,1.0,1.0,0.05,5000,1.0,1.0,3
3,21,1,standard,1.0,1.0,0.05,5000,1.0,1.0,3
3,22,1,standard,1.0,1.0,0.05,5000,1.0,1.0,3
3,23,1,standard,1.0,1.0,0.05,5000,1.0,1.0,3
3,24,1,standard,1.0,1.0,0.05,5000,1.0,1.0,3
3,25,1,standard,1.0,1.0,0.05,5000,1.0,1.0,3
3,26,1,standard,1.0,1.0,0.05,5000,1.0,1.0,3
3,27,1,standard,1.0,1.0,0.05,5000,1.0,1.0,3
3,28,1,standard,1.0,1.0,0.05,5000,1.0,1.0,3
3,29,1,standard,1.0,1.0,0.05,5000,1.0,1.0,2
3,30,1,standard,1.0,1.0,0.05,5000,1.0,1.0,3
3,31,1,standard,1.0,1.0,0.05,5000,1.0,1.0,3
3,32,1,standard,1.0,1.0,0.05,5000,1.0,1.0,3
3,33,1,standard,1.0,1.0,0.05,5000,1.0,1.0,3
3,34,1,standard,1.0,1.0,0.05,5000,1.0,1.0,3
3,35,1,standard,1.0,1.0,0.05,5000,1.0,1.0,3
3,36,1,standard,1.0,1.0,0.05,5000,1.0,1.0,3
3,37,1,standard,1.0,1.0,0.05,5000,1.0,1.0,3
3,38,1,standard,1.0,1.0,0.05,5000,1.0,1.0,3
3,39,1,standard,1.0,1.0,0.05,5000,1.0,1.0,3
3,40,1,standard,1.0,1.0,0.05,5000,1.0,1.0,3
3,41,1,standard,1.0,1.0,0.05,5000,1.0,1.0,3
3,42,1,standard,1.0,1.0,0.05,5000,1.0,1.0,3
3,43,1,standard,1.0,1.0,0.05,5000,1.0,1.0,2
3,44,1,standard,1.0,1.0,0.05,5000,1.0,1.0,3
3,45,1,standard,1.0,1.0,0.05,5000,1.0,1.0,3
3,46,1,standard,1.0,1.0,0.05,5000,1.0,1.0,3
3,47,1,standard,1.0,1.0,0.05,5000,1.0,1.0,3
3,48,1,standard,1.0,1.0,0.05,5000,1.0,1.0,3
3,49,1,standard,1.0,1.0,0.05,5000,1.0,1.0,3
3,50,1,standard,1.0,1.0,0.05,5000,1.0,1.0,3
3,51,1,standard,1.0,1.0,0.05,5000,1.0,1.0,3
3,52,1,standard,1.0,1.0,0.05,5000,1.0,1.0,2
3,53,1,standard,1.0,1.0,0.05,5000,1.0,1.0,3
3,54,1,standard,1.0,1.0,0.05,5000,1.0,1.0,3
3,55,1,standard,1.0,1.0,0.05,5000,1.0,1.0,3
3,56,1,standard,1.0,1.0,0.05,5000,1.0,1.0,3
3,57,1,standard,1.0,1.0,0.05,5000,1.0,1.0,3
3,58,1,standard,1.0,1.0,0.05,5000,1.0,1.0,3
3,59,1,standard,1.0,1.0,0.05,5000,1.0,1.0,3
3,60,1,standard,1.0,1.0,0.05,5000,1.0,1.0,3
3,61,1,standard,1.0,1.0,0.05,5000,1.0,1.0,3
3,62,1,standard,1.0,1.0,0.05,5000,1.0,1.0,3
3,63,1,standard,1.0,1.0,0.05,5000,1.0,1.0,3
3,64,1,standard,1.0,1.0,0.05,5000,1.0,1.0,3
3,65,1,standard,1.0,1.0,0.05,5000,1.0,1.0,3
3,66,1,standard,1.0,1.0,0.05,5000,1.0,1.0,3
3,67,1,standard,1.0,1.0,0.05,5000,1.0,1.0,3
3,68,1,standard,1.0,1.0,0.05,5000,1.0,1.0,3
3,69,1,standard,1.0,1.0,0.05,5000,1.0,1.0,3
3,70,1,standard,1.0,1.0,0.05,5000,1.0,1.0,3
3,71,1,standard,1.0,1.0,0.05,5000,1.0,1.0,3
3,72,1,standard,1.0,1.0,0.05,5000,1.0,1.0,3
3,73,1,standard,1.0,1.0,0.05,5000,1.0,1.0,3
3,74,1,standard,1.0,1.0,0.05,5000,1.0,1.0,3
3,75,1,standard,1.0,1.0,0.05,5000,1.0,1.0,3
3,76,1,standard,1.0,1.0,0.05,5000,1.0,1.0,3
3,77,1,standard,1.0,1.0,0.05,5000,1.0,1.0,3
3,78,1,standard,1.0,1.0,0.05,5000,1.0,1.0,2
3,79,1,standard,1.0,1.0,0.05,5000,1.0,1.0,3
3,80,1,standard,1.0,1.0,0.05,5000,1.0,1.0,3
3,81,1,standard,1.0,1.0,0.05,5000,1.0,1.0,2
3,82,1,standard,1.0,1.0,0.05,5000,1.0,1.0,3
3,83,1,standard,1.0,1.0,0.05,5000,1.0,1.0,3
3,84,1,standard,1.0,1.0,0.05,5000,1.0,1.0,3
3,85,1,standard,1.0,1.0,0.05,5000,1.0,1.0,3
3,86,1,standard,1.0,1.0,0.05,5000,1.0,1.0,3
3,87,1,standard,1.0,1.0,0.05,5000,1.0,1.0,3
3,88,1,standard,1.0,1.0,0.05,5000,1.0,1.0,3
3,89,1,standard,1.0,1.0,0.05,5000,1.0,1.0,3
3,90,1,standard,1.0,1.0,0.05,5000,1.0,1.0,3
3,91,1,standard,1.0,1.0,0.05,5000,1.0,1.0,3
3,92,1,standard,1.0,1.0,0.05,5000,1.0,1.0,3
3,93,1,standard,1.0,1.0,0.05,5000,1.0,1.0,3
3,94,1,standard,1.0,1.0,0.05,5000,1.0,1.0,3
3,95,1,standard,1.0,1.0,0.05,5000,1.0,1.0,3
3,96,1,standard,1.0,1.0,0.05,5000,1.0,1.0,3
3,97,1,standard,1.0,1.0,0.05,5000,1.0,1.0,3
3,98,1,standard,1.0,1.0,0.05,5000,1.0,1.0,3
3,99,1,standard,1.0,1.0,0.05,5000,1.0,1.0,3
3,100,1,standard,1.0,1.0,0.05,5000,1.0,1.0,3
3,101,1,standard,1.0,1.0,0.05,5000,1.0,1.0,3
3,102,1,standard,1.0,1.0,0.05,5000,1.0,1.0,3
3,103,1,standard,1.0,1.0,0.05,5000,1.0,1.0,3
3,104,1,standard,1.0,1.0,0.05,5000,1.0,1.0,3
3,105,1,standard,1.0,1.0,0.05,5000,1.0,1.0,3
3,106,1,standard,1.0,1.0,0.05,5000,1.0,1.0,3
3,107,1,standard,1.0,1.0,0.05,5000,1.0,1.0,3
3,108,1,standard,1.0,1.0,0.05,5000,1.0,1.0,3
3,109,1,standard,1.0,1.0,0.05,5000,1.0,1.0,3
3,110,1,standard,1.0,1.0,0.05,5000,1.0,1.0,3
3,111,1,standard,1.0,1.0,0.05,5000,1.0,1.0,3
3,112,1,standard,1.0,1.0,0.05,5000,1.0,1.0,3
3,113,1,standard,1.0,1.0,0.05,5000,1.0,1.0,3
3,114,1,standard,1.0,1.0,0.05,5000,1.0,1.0,3
3,115,1,standard,1.0,1.0,0.05,5000,1.0,1.0,3
3,116,1,standard,1.0,1.0,0.05,5000,1.0,1.0,3
3,117,1,standard,1.0,1.0,0.05,5000,1.0,1.0,3
3,118,1,standard,1.0,1.0,0.05,5000,1.0,1.0,2
3,119,1,standard,1.0,1.0,0.05,5000,1.0,1.0,3
3,120,1,standard,1.0,1.0,0.05,5000,1.0,1.0,3
3,121,1,standard,1.0,1.0,0.05,5000,1.0,1.0,3
3,122,1,standard,1.0,1.0,0.05,5000,1.0,1.0,3
3,123,1,standard,1.0,1.0,0.05,5000,1.0,1.0,3
3,124,1,standard,1.0,1.0,0.05,5000,1.0,1.0,3
3,125,1,standard,1.0,1.0,0.05,5000,1.0,1.0,3
3,126,1,standard,1.0,1.0,0.05,5000,1.0,1.0,3
3,127,1,standard,1.0,1.0,0.05,5000,1.0,1.0,3
3,128,1,standard,1.0,1.0,0.05,5000,1.0,1.0,3
3,129,1,standard,1.0,1.0,0.05,5000,1.0,1.0,3
3,130,1,standard,1.0,1.0,0.05,5000,1.0,1.0,3
3,131,1,standard,1.0,1.0,0.05,5000,1.0,1.0,3
3,132,1,standard,1.0,1.0,0.05,5000,1.0,1.0,3
3,133,1,standard,1.0,1.0,0.05,5000,1.0,1.0,3
3,134,1,standard,1.0,1.0,0.05,5000,1.0,1.0,3
3,135,1,standard,1.0,1.0,0.05,5000,1.0,1.0,3
3,136,1,standard,1.0,1.0,0.05,5000,1.0,1.0,3
3,137,1,standard,1.0,1.0,0.05,5000,1.0,1.0,3
3,138,1,standard,1.0,1.0,0.05,5000,1.0,1.0,3
3,139,1,standard,1.0,1.0,0.05,5000,1.0,1.0,2
3,140,1,standard,1.0,1.0,0.05,5000,1.0,1.0,3
3,141,1,standard,1.0,1.0,0.05,5000,1.0,1.0,3
3,142,1,standard,1.0,1.0,0.05,5000,1.0,1.0,3
3,143,1,standard,1.0,1.0,0.05,5000,1.0,1.0,3
3,144,1,standard,1.0,1.0,0.05,5000,1.0,1.0,2
3,145,1,standard,1.0,1.0,0.05,5000,1.0,1.0,2
3,146,1,standard,1.0,1.0,0.05,5000,1.0,1.0,3
3,147,1,standard,1.0,1.0,0.05,5000,1.0,1.0,3
3,148,1,standard,1.0,1.0,0.05,5000,1.0,1.0,3
3,149,1,standard,1.0,1.0,0.05,5000,1.0,1.0,3
3,150,1,standard,1.0,1.0,0.05,5000,1.0,1.0,3
3,151,1,standard,1.0,1.0,0.05,5000,1.0,1.0,3
3,152,1,standard,1.0,1.0,0.05,5000,1.0,1.0,3
3,153,1,standard,1.0,1.0,0.05,5000,1.0,1.0,3
3,154,1,standard,1.0,1.0,0.05,5000,1.0,1.0,3
3,155,1,standard,1.0,1.0,0.05,5000,1.0,1.0,3
3,156,1,standard,1.0,1.0,0.05,5000,1.0,1.0,3
3,157,1,standard,1.0,1.0,0.05,5000,1.0,1.0,3
3,158,1,standard,1.0,1.0,0.05,5000,1.0,1.0,3
3,159,1,standard,1.0,1.0,0.05,5000,1.0,1.0,3
3,160,1,standard,1.0,1.0,0.05,5000,1.0,1.0,3
3,161,1,standard,1.0,1.0,0.05,5000,1.0,1.0,3
3,162,1,standard,1.0,1.0,0.05,5000,1.0,1.0,3
3,163,1,standard,1.0,1.0,0.05,5000,1.0,1.0,1
3,164,1,standard,1.0,1.0,0.05,5000,1.0,1.0,3
3,165,1,standard,1.0,1.0,0.05,5000,1.0,1.0,3
3,166,1,standard,1.0,1.0,0.05,5000,1.0,1.0,3
3,167,1,standard,1.0,1.0,0.05,5000,1.0,1.0,3
3,168,1,standard,1.0,1.0,0.05,5000,1.0,1.0,3
3,169,1,standard,1.0,1.0,0.05,5000,1.0,1.0,3
3,170,1,standard,1.0,1.0,0.05,5000,1.0,1.0,2
3,171,1,standard,1.0,1.0,0.05,5000,1.0,1.0,3
3,172,1,standard,1.0,1.0,0.05,5000,1.0,1.0,3
3,173,1,standard,1.0,1.0,0.05,5000,1.0,1.0,3
3,174,1,standard,1.0,1.0,0.05,5000,1.0,1.0,3
3,175,1,standard,1.0,1.0,0.05,5000,1.0,1.0,3
3,176,1,standard,1.0,1.0,0.05,5000,1.0,1.0,3
3,177,1,standard,1.0,1.0,0.05,5000,1.0,1.0,3
3,178,1,standard,1.0,1.0,0.05,5000,1.0,1.0,3
3,179,1,standard,1.0,1.0,0.05,5000,1.0,1.0,3
3,180,1,standard,1.0,1.0,0.05,5000,1.0,1.0,3
3,181,1,standard,1.0,1.0,0.05,5000,1.0,1.0,3
3,182,1,standard,1.0,1.0,0.05,5000,1.0,1.0,3
3,183,1,standard,1.0,1.0,0.05,5000,1.0,1.0,3
3,184,1,standard,1.0,1.0,0.05,5000,1.0,1.0,3
3,185,1,standard,1.0,1.0,0.05,5000,1.0,1.0,3
3,186,1,standard,1.0,1.0,0.05,5000,1.0,1.0,3
3,187,1,standard,1.0,1.0,0.05,5000,1.0,1.0,3
3,188,1,standard,1.0,1.0,0.05,5000,1.0,1.0,3
3,189,1,standard,1.0,1.0,0.05,5000,1.0,1.0,3
3,190,1,standard,1.0,1.0,0.05,5000,1.0,1.0,3
3,191,1,standard,1.0,1.0,0.05,5000,1.0,1.0,3
3,192,1,standard,1.0,1.0,0.05,5000,1.0,1.0,3
3,193,1,standard,1.0,1.0,0.05,5000,1.0,1.0,3
3,194,1,standard,1.0,1.0,0.05,5000,1.0,1.0,3
3,195,1,standard,1.0,1.0,0.05,5000,1.0,1.0,3
3,196,1,standard,1.0,1.0,0.05,5000,1.0,1.0,3
3,197,1,standard,1.0,1.0,0.05,5000,1.0,1.0,3
3,198,1,standard,1.0,1.0,0.05,5000,1.0,1.0,3
3,199,1,standard,1.0,1.0,0.05,5000,1.0,1.0,3
3,200,1,standard,1.0,1.0,0.05,5000,1.0,1.0,3
3,1,1,standard,1.0,1.0,0.05,5000,1.0,1.025,3
3,2,1,standard,1.0,1.0,0.05,5000,1.0,1.025,3
3,3,1,standard,1.0,1.0,0.05,5000,1.0,1.025,3
3,4,1,standard,1.0,1.0,0.05,5000,1.0,1.025,3
3,5,1,standard,1.0,1.0,0.05,5000,1.0,1.025,3
3,6,1,standard,1.0,1.0,0.05,5000,1.0,1.025,3
3,7,1,standard,1.0,1.0,0.05,5000,1.0,1.025,3
3,8,1,standard,1.0,1.0,0.05,5000,1.0,1.025,3
3,9,1,standard,1.0,1.0,0.05,5000,1.0,1.025,3
3,10,1,standard,1.0,1.0,0.05,5000,1.0,1.025,2
3,11,1,standard,1.0,1.0,0.05,5000,1.0,1.025,3
3,12,1,standard,1.0,1.0,0.05,5000,1.0,1.025,3
3,13,1,standard,1.0,1.0,0.05,5000,1.0,1.025,3
3,14,1,standard,1.0,1.0,0.05,5000,1.0,1.025,3
3,15,1,standard,1.0,1.0,0.05,5000,1.0,1.025,3
3,16,1,standard,1.0,1.0,0.05,5000,1.0,1.025,3
3,17,1,standard,1.0,1.0,0.05,5000,1.0,1.025,3
3,18,1,standard,1.0,1.0,0.05,5000,1.0,1.025,3
3,19,1,standard,1.0,1.0,0.05,5000,1.0,1.025,3
3,20,1,standard,1.0,1.0,0.05,5000,1.0,1.025,3
3,21,1,standard,1.0,1.0,0.05,5000,1.0,1.025,3
3,22,1,standard,1.0,1.0,0.05,5000,1.0,1.025,3
3,23,1,standard,1.0,1.0,0.05,5000,1.0,1.025,3
3,24,1,standard,1.0,1.0,0.05,5000,1.0,1.025,3
3,25,1,standard,1.0,1.0,0.05,5000,1.0,1.025,3
3,26,1,standard,1.0,1.0,0.05,5000,1.0,1.025,3
3,27,1,standard,1.0,1.0,0.05,5000,1.0,1.025,3
3,28,1,standard,1.0,1.0,0.05,5000,1.0,1.025,3
3,29,1,standard,1.0,1.0,0.05,5000,1.0,1.025,2
3,30,1,standard,1.0,1.0,0.05,5000,1.0,1.025,3
3,31,1,standard,1.0,1.0,0.05,5000,1.0,1.025,3
3,32,1,standard,1.0,1.0,0.05,5000,1.0,1.025,3
3,33,1,standard,1.0,1.0,0.05,5000,1.0,1.025,3
3,34,1,standard,1.0,1.0,0.05,5000,1.0,1.025,3
3,35,1,standard,1.0,1.0,0.05,5000,1.0,1.025,3
3,36,1,standard,1.0,1.0,0.05,5000,1.0,1.025,3
3,37,1,standard,1.0,1.0,0.05,5000,1.0,1.025,3
3,38,1,standard,1.0,1.0,0.05,5000,1.0,1.025,3
3,39,1,standard,1.0,1.0,0.05,5000,1.0,1.025,3
3,40,1,standard,1.0,1.0,0.05,5000,1.0,1.025,3
3,41,1,standard,1.0,1.0,0.05,5000,1.0,1.025,3
3,42,1,standard,1.0,1.0,0.05,5000,1.0,1.025,3
3,43,1,standard,1.0,1.0,0.05,5000,1.0,1.025,2
3,44,1,standard,1.0,1.0,0.05,5000,1.0,1.025,3
3,45,1,standard,1.0,1.0,0.05,5000,1.0,1.025,3
3,46,1,standard,1.0,1.0,0.05,5000,1.0,1.025,3
3,47,1,standard,1.0,1.0,0.05,5000,1.0,1.025,3
3,48,1,standard,1.0,1.0,0.05,5000,1.0,1.025,3
3,49,1,standard,1.0,1.0,0.05,5000,1.0,1.025,3
3,50,1,standard,1.0,1.0,0.05,5000,1.0,1.025,3
3,51,1,standard,1.0,1.0,0.05,5000,1.0,1.025,3
3,52,1,standard,1.0,1.0,0.05,5000,1.0,1.025,2
3,53,1,standard,1.0,1.0,0.05,5000,1.0,1.025,3
3,54,1,standard,1.0,1.0,0.05,5000,1.0,1.025,3
3,55,1,standard,1.0,1.0,0.05,5000,1.0,1.025,3
3,56,1,standard,1.0,1.0,0.05,5000,1.0,1.025,3
3,57,1,standard,1.0,1.0,0.05,5000,1.0,1.025,3
3,58,1,standard,1.0,1.0,0.05,5000,1.0,1.025,3
3,59,1,standard,1.0,1.0,0.05,5000,1.0,1.025,3
3,60,1,standard,1.0,1.0,0.05,5000,1.0,1.025,3
3,61,1,standard,1.0,1.0,0.05,5000,1.0,1.025,3
3,62,1,standard,1.0,1.0,0.05,5000,1.0,1.025,3
3,63,1,standard,1.0,1.0,0.05,5000,1.0,1.025,3
3,64,1,standard,1.0,1.0,0.05,5000,1.0,1.025,3
3,65,1,standard,1.0,1.0,0.05,5000,1.0,1.025,3
3,66,1,standard,1.0,1.0,0.05,5000,1.0,1.025,3
3,67,1,standard,1.0,1.0,0.05,5000,1.0,1.025,3
3,68,1,standard,1.0,1.0,0.05,5000,1.0,1.025,3
3,69,1,standard,1.0,1.0,0.05,5000,1.0,1.025,3
3,70,1,standard,1.0,1.0,0.05,5000,1.0,1.025,3
3,71,1,standard,1.0,1.0,0.05,5000,1.0,1.025,3
3,72,1,standard,1.0,1.0,0.05,5000,1.0,1.025,3
3,73,1,standard,1.0,1.0,0.05,5000,1.0,1.025,3
3,74,1,standard,1.0,1.0,0.05,5000,1.0,1.025,3
3,75,1,standard,1.0,1.0,0.05,5000,1.0,1.025,3
3,76,1,standard,1.0,1.0,0.05,5000,1.0,1.025,3
3,77,1,standard,1.0,1.0,0.05,5000,1.0,1.025,3
3,78,1,standard,1.0,1.0,0.05,5000,1.0,1.025,2
3,79,1,standard,1.0,1.0,0.05,5000,1.0,1.025,3
3,80,1,standard,1.0,1.0,0.05,5000,1.0,1.025,3
3,81,1,standard,1.0,1.0,0.05,5000,1.0,1.025,2
3,82,1,standard,1.0,1.0,0.05,5000,1.0,1.025,3
3,83,1,standard,1.0,1.0,0.05,5000,1.0,1.025,3
3,84,1,standard,1.0,1.0,0.05,5000,1.0,1.025,3
3,85,1,standard,1.0,1.0,0.05,5000,1.0,1.025,3
3,86,1,standard,1.0,1.0,0.05,5000,1.0,1.025,3
3,87,1,standard,1.0,1.0,0.05,5000,1.0,1.025,3
3,88,1,standard,1.0,1.0,0.05,5000,1.0,1.025,3
3,89,1,standard,1.0,1.0,0.05,5000,1.0,1.025,3
3,90,1,standard,1.0,1.0,0.05,5000,1.0,1.025,3
3,91,1,standard,1.0,1.0,0.05,5000,1.0,1.025,3
3,92,1,standard,1.0,1.0,0.05,5000,1.0,1.025,3
3,93,1,standard,1.0,1.0,0.05,5000,1.0,1.025,3
3,94,1,standard,1.0,1.0,0.05,5000,1.0,1.025,3
3,95,1,standard,1.0,1.0,0.05,5000,1.0,1.025,3
3,96,1,standard,1.0,1.0,0.05,5000,1.0,1.025,3
3,97,1,standard,1.0,1.0,0.05,5000,1.0,1.025,3
3,98,1,standard,1.0,1.0,0.05,5000,1.0,1.025,3
3,99,1,standard,1.0,1.0,0.05,5000,1.0,1.025,3
3,100,1,standard,1.0,1.0,0.05,5000,1.0,1.025,3
3,101,1,standard,1.0,1.0,0.05,5000,1.0,1.025,3
3,102,1,standard,1.0,1.0,0.05,5000,1.0,1.025,3
3,103,1,standard,1.0,1.0,0.05,5000,1.0,1.025,3
3,104,1,standard,1.0,1.0,0.05,5000,1.0,1.025,3
3,105,1,standard,1.0,1.0,0.05,5000,1.0,1.025,3
3,106,1,standard,1.0,1.0,0.05,5000,1.0,1.025,3
3,107,1,standard,1.0,1.0,0.05,5000,1.0,1.025,3
3,108,1,standard,1.0,1.0,0.05,5000,1.0,1.025,3
3,109,1,standard,1.0,1.0,0.05,5000,1.0,1.025,3
3,110,1,standard,1.0,1.0,0.05,5000,1.0,1.025,3
3,111,1,standard,1.0,1.0,0.05,5000,1.0,1.025,3
3,112,1,standard,1.0,1.0,0.05,5000,1.0,1.025,3
3,113,1,standard,1.0,1.0,0.05,5000,1.0,1.025,3
3,114,1,standard,1.0,1.0,0.05,5000,1.0,1.025,3
3,115,1,standard,1.0,1.0,0.05,5000,1.0,1.025,3
3,116,1,standard,1.0,1.0,0.05,5000,1.0,1.025,3
3,117,1,standard,1.0,1.0,0.05,5000,1.0,1.025,3
3,118,1,standard,1.0,1.0,0.05,5000,1.0,1.025,2
3,119,1,standard,1.0,1.0,0.05,5000,1.0,1.025,3
3,120,1,standard,1.0,1.0,0.05,5000,1.0,1.025,3
3,121,1,standard,1.0,1.0,0.05,5000,1.0,1.025,3
3,122,1,standard,1.0,1.0,0.05,5000,1.0,1.025,3
3,123,1,standard,1.0,1.0,0.05,5000,1.0,1.025,3
3,124,1,standard,1.0,1.0,0.05,5000,1.0,1.025,3
3,125,1,standard,1.0,1.0,0.05,5000,1.0,1.025,3
3,126,1,standard,1.0,1.0,0.05,5000,1.0,1.025,3
3,127,1,standard,1.0,1.0,0.05,5000,1.0,1.025,3
3,128,1,standard,1.0,1.0,0.05,5000,1.0,1.025,3
3,129,1,standard,1.0,1.0,0.05,5000,1.0,1.025,3
3,130,1,standard,1.0,1.0,0.05,5000,1.0,1.025,3
3,131,1,standard,1.0,1.0,0.05,5000,1.0,1.025,3
3,132,1,standard,1.0,1.0,0.05,5000,1.0,1.025,3
3,133,1,standard,1.0,1.0,0.05,5000,1.0,1.025,3
3,134,1,standard,1.0,1.0,0.05,5000,1.0,1.025,3
3,135,1,standard,1.0,1.0,0.05,5000,1.0,1.025,3
3,136,1,standard,1.0,1.0,0.05,5000,1.0,1.025,3
3,137,1,standard,1.0,1.0,0.05,5000,1.0,1.025,2
3,138,1,standard,1.0,1.0,0.05,5000,1.0,1.025,3
3,139,1,standard,1.0,1.0,0.05,5000,1.0,1.025,2
3,140,1,standard,1.0,1.0,0.05,5000,1.0,1.025,3
3,141,1,standard,1.0,1.0,0.05,5000,1.0,1.025,3
3,142,1,standard,1.0,1.0,0.05,5000,1.0,1.025,3
3,143,1,standard,1.0,1.0,0.05,5000,1.0,1.025,3
3,144,1,standard,1.0,1.0,0.05,5000,1.0,1.025,2
3,145,1,standard,1.0,1.0,0.05,5000,1.0,1.025,2
3,146,1,standard,1.0,1.0,0.05,5000,1.0,1.025,3
3,147,1,standard,1.0,1.0,0.05,5000,1.0,1.025,3
3,148,1,standard,1.0,1.0,0.05,5000,1.0,1.025,3
3,149,1,standard,1.0,1.0,0.05,5000,1.0,1.025,3
3,150,1,standard,1.0,1.0,0.05,5000,1.0,1.025,3
3,151,1,standard,1.0,1.0,0.05,5000,1.0,1.025,3
3,152,1,standard,1.0,1.0,0.05,5000,1.0,1.025,3
3,153,1,standard,1.0,1.0,0.05,5000,1.0,1.025,3
3,154,1,standard,1.0,1.0,0.05,5000,1.0,1.025,3
3,155,1,standard,1.0,1.0,0.05,5000,1.0,1.025,3
3,156,1,standard,1.0,1.0,0.05,5000,1.0,1.025,3
3,157,1,standard,1.0,1.0,0.05,5000,1.0,1.025,3
3,158,1,standard,1.0,1.0,0.05,5000,1.0,1.025,3
3,159,1,standard,1.0,1.0,0.05,5000,1.0,1.025,3
3,160,1,standard,1.0,1.0,0.05,5000,1.0,1.025,3
3,161,1,standard,1.0,1.0,0.05,5000,1.0,1.025,3
3,162,1,standard,1.0,1.0,0.05,5000,1.0,1.025,3
3,163,1,standard,1.0,1.0,0.05,5000,1.0,1.025,1
3,164,1,standard,1.0,1.0,0.05,5000,1.0,1.025,3
3,165,1,standard,1.0,1.0,0.05,5000,1.0,1.025,3
3,166,1,standard,1.0,1.0,0.05,5000,1.0,1.025,3
3,167,1,standard,1.0,1.0,0.05,5000,1.0,1.025,3
3,168,1,standard,1.0,1.0,0.05,5000,1.0,1.025,3
3,169,1,standard,1.0,1.0,0.05,5000,1.0,1.025,3
3,170,1,standard,1.0,1.0,0.05,5000,1.0,1.025,2
3,171,1,standard,1.0,1.0,0.05,5000,1.0,1.025,3
3,172,1,standard,1.0,1.0,0.05,5000,1.0,1.025,3
3,173,1,standard,1.0,1.0,0.05,5000,1.0,1.025,3
3,174,1,standard,1.0,1.0,0.05,5000,1.0,1.025,3
3,175,1,standard,1.0,1.0,0.05,5000,1.0,1.025,3
3,176,1,standard,1.0,1.0,0.05,5000,1.0,1.025,3
3,177,1,standard,1.0,1.0,0.05,5000,1.0,1.025,3
3,178,1,standard,1.0,1.0,0.05,5000,1.0,1.025,3
3,179,1,standard,1.0,1.0,0.05,5000,1.0,1.025,3
3,180,1,standard,1.0,1.0,0.05,5000,1.0,1.025,3
3,181,1,standard,1.0,1.0,0.05,5000,1.0,1.025,3
3,182,1,standard,1.0,1.0,0.05,5000,1.0,1.025,3
3,183,1,standard,1.0,1.0,0.05,5000,1.0,1.025,3
3,184,1,standard,1.0,1.0,0.05,5000,1.0,1.025,3
3,185,1,standard,1.0,1.0,0.05,5000,1.0,1.025,3
3,186,1,standard,1.0,1.0,0.05,5000,1.0,1.025,3
3,187,1,standard,1.0,1.0,0.05,5000,1.0,1.025,3
3,188,1,standard,1.0,1.0,0.05,5000,1.0,1.025,3
3,189,1,standard,1.0,1.0,0.05,5000,1.0,1.025,3
3,190,1,standard,1.0,1.0,0.05,5000,1.0,1.025,3
3,191,1,standard,1.0,1.0,0.05,5000,1.0,1.025,3
3,192,1,standard,1.0,1.0,0.05,5000,1.0,1.025,3
3,193,1,standard,1.0,1.0,0.05,5000,1.0,1.025,3
3,194,1,standard,1.0,1.0,0.05,5000,1.0,1.025,3
3,195,1,standard,1.0,1.0,0.05,5000,1.0,1.025,3
3,196,1,standard,1.0,1.0,0.05,5000,1.0,1.025,3
3,197,1,standard,1.0,1.0,0.05,5000,1.0,1.025,3
3,198,1,standard,1.0,1.0,0.05,5000,1.0,1.025,3
3,199,1,standard,1.0,1.0,0.05,5000,1.0,1.025,3
3,200,1,standard,1.0,1.0,0.05,5000,1.0,1.025,3
3,1,1,standard,1.0,1.0,0.05,5000,1.0,1.05,2
3,2,1,standard,1.0,1.0,0.05,5000,1.0,1.05,3
3,3,1,standard,1.0,1.0,0.05,5000,1.0,1.05,3
3,4,1,standard,1.0,1.0,0.05,5000,1.0,1.05,3
3,5,1,standard,1.0,1.0,0.05,5000,1.0,1.05,3
3,6,1,standard,1.0,1.0,0.05,5000,1.0,1.05,3
3,7,1,standard,1.0,1.0,0.05,5000,1.0,1.05,3
3,8,1,standard,1.0,1.0,0.05,5000,1.0,1.05,3
3,9,1,standard,1.0,1.0,0.05,5000,1.0,1.05,3
3,10,1,standard,1.0,1.0,0.05,5000,1.0,1.05,2
3,11,1,standard,1.0,1.0,0.05,5000,1.0,1.05,3
3,12,1,standard,1.0,1.0,0.05,5000,1.0,1.05,3
3,13,1,standard,1.0,1.0,0.05,5000,1.0,1.05,3
3,14,1,standard,1.0,1.0,0.05,5000,1.0,1.05,3
3,15,1,standard,1.0,1.0,0.05,5000,1.0,1.05,3
3,16,1,standard,1.0,1.0,0.05,5000,1.0,1.05,3
3,17,1,standard,1.0,1.0,0.05,5000,1.0,1.05,3
3,18,1,standard,1.0,1.0,0.05,5000,1.0,1.05,3
3,19,1,standard,1.0,1.0,0.05,5000,1.0,1.05,3
3,20,1,standard,1.0,1.0,0.05,5000,1.0,1.05,3
3,21,1,standard,1.0,1.0,0.05,5000,1.0,1.05,3
3,22,1,standard,1.0,1.0,0.05,5000,1.0,1.05,3
3,23,1,standard,1.0,1.0,0.05,5000,1.0,1.05,3
3,24,1,standard,1.0,1.0,0.05,5000,1.0,1.05,3
3,25,1,standard,1.0,1.0,0.05,5000,1.0,1.05,3
3,26,1,standard,1.0,1.0,0.05,5000,1.0,1.05,3
3,27,1,standard,1.0,1.0,0.05,5000,1.0,1.05,3
3,28,1,standard,1.0,1.0,0.05,5000,1.0,1.05,3
3,29,1,standard,1.0,1.0,0.05,5000,1.0,1.05,2
3,30,1,standard,1.0,1.0,0.05,5000,1.0,1.05,3
3,31,1,standard,1.0,1.0,0.05,5000,1.0,1.05,3
3,32,1,standard,1.0,1.0,0.05,5000,1.0,1.05,3
3,33,1,standard,1.0,1.0,0.05,5000,1.0,1.05,3
3,34,1,standard,1.0,1.0,0.05,5000,1.0,1.05,3
3,35,1,standard,1.0,1.0,0.05,5000,1.0,1.05,3
3,36,1,standard,1.0,1.0,0.05,5000,1.0,1.05,3
3,37,1,standard,1.0,1.0,0.05,5000,1.0,1.05,3
3,38,1,standard,1.0,1.0,0.05,5000,1.0,1.05,3
3,39,1,standard,1.0,1.0,0.05,5000,1.0,1.05,3
3,40,1,standard,1.0,1.0,0.05,5000,1.0,1.05,3
3,41,1,standard,1.0,1.0,0.05,5000,1.0,1.05,3
3,42,1,standard,1.0,1.0,0.05,5000,1.0,1.05,3
3,43,1,standard,1.0,1.0,0.05,5000,1.0,1.05,2
3,44,1,standard,1.0,1.0,0.05,5000,1.0,1.05,3
3,45,1,standard,1.0,1.0,0.05,5000,1.0,1.05,3
3,46,1,standard,1.0,1.0,0.05,5000,1.0,1.05,3
3,47,1,standard,1.0,1.0,0.05,5000,1.0,1.05,3
3,48,1,standard,1.0,1.0,0.05,5000,1.0,1.05,3
3,49,1,standard,1.0,1.0,0.05,5000,1.0,1.05,3
3,50,1,standard,1.0,1.0,0.05,5000,1.0,1.05,3
3,51,1,standard,1.0,1.0,0.05,5000,1.0,1.05,3
3,52,1,standard,1.0,1.0,0.05,5000,1.0,1.05,2
3,53,1,standard,1.0,1.0,0.05,5000,1.0,1.05,3
3,54,1,standard,1.0,1.0,0.05,5000,1.0,1.05,3
3,55,1,standard,1.0,1.0,0.05,5000,1.0,1.05,3
3,56,1,standard,1.0,1.0,0.05,5000,1.0,1.05,3
3,57,1,standard,1.0,1.0,0.05,5000,1.0,1.05,3
3,58,1,standard,1.0,1.0,0.05,5000,1.0,1.05,3
3,59,1,standard,1.0,1.0,0.05,5000,1.0,1.05,3
3,60,1,standard,1.0,1.0,0.05,5000,1.0,1.05,3
3,61,1,standard,1.0,1.0,0.05,5000,1.0,1.05,3
3,62,1,standard,1.0,1.0,0.05,5000,1.0,1.05,3
3,63,1,standard,1.0,1.0,0.05,5000,1.0,1.05,3
3,64,1,standard,1.0,1.0,0.05,5000,1.0,1.05,3
3,65,1,standard,1.0,1.0,0.05,5000,1.0,1.05,3
3,66,1,standard,1.0,1.0,0.05,5000,1.0,1.05,3
3,67,1,standard,1.0,1.0,0.05,5000,1.0,1.05,3
3,68,1,standard,1.0,1.0,0.05,5000,1.0,1.05,3
3,69,1,standard,1.0,1.0,0.05,5000,1.0,1.05,3
3,70,1,standard,1.0,1.0,0.05,5000,1.0,1.05,3
3,71,1,standard,1.0,1.0,0.05,5000,1.0,1.05,3
3,72,1,standard,1.0,1.0,0.05,5000,1.0,1.05,3
3,73,1,standard,1.0,1.0,0.05,5000,1.0,1.05,3
3,74,1,standard,1.0,1.0,0.05,5000,1.0,1.05,3
3,75,1,standard,1.0,1.0,0.05,5000,1.0,1.05,3
3,76,1,standard,1.0,1.0,0.05,5000,1.0,1.05,3
3,77,1,standard,1.0,1.0,0.05,5000,1.0,1.05,3
3,78,1,standard,1.0,1.0,0.05,5000,1.0,1.05,2
3,79,1,standard,1.0,1.0,0.05,5000,1.0,1.05,3
3,80,1,standard,1.0,1.0,0.05,5000,1.0,1.05,3
3,81,1,standard,1.0,1.0,0.05,5000,1.0,1.05,2
3,82,1,standard,1.0,1.0,0.05,5000,1.0,1.05,3
3,83,1,standard,1.0,1.0,0.05,5000,1.0,1.05,3
3,84,1,standard,1.0,1.0,0.05,5000,1.0,1.05,3
3,85,1,standard,1.0,1.0,0.05,5000,1.0,1.05,3
3,86,1,standard,1.0,1.0,0.05,5000,1.0,1.05,3
3,87,1,standard,1.0,1.0,0.05,5000,1.0,1.05,3
3,88,1,standard,1.0,1.0,0.05,5000,1.0,1.05,3
3,89,1,standard,1.0,1.0,0.05,5000,1.0,1.05,3
3,90,1,standard,1.0,1.0,0.05,5000,1.0,1.05,3
3,91,1,standard,1.0,1.0,0.05,5000,1.0,1.05,3
3,92,1,standard,1.0,1.0,0.05,5000,1.0,1.05,3
3,93,1,standard,1.0,1.0,0.05,5000,1.0,1.05,3
3,94,1,standard,1.0,1.0,0.05,5000,1.0,1.05,3
3,95,1,standard,1.0,1.0,0.05,5000,1.0,1.05,3
3,96,1,standard,1.0,1.0,0.05,5000,1.0,1.05,3
3,97,1,standard,1.0,1.0,0.05,5000,1.0,1.05,3
3,98,1,standard,1.0,1.0,0.05,5000,1.0,1.05,3
3,99,1,standard,1.0,1.0,0.05,5000,1.0,1.05,3
3,100,1,standard,1.0,1.0,0.05,5000,1.0,1.05,3
3,101,1,standard,1.0,1.0,0.05,5000,1.0,1.05,3
3,102,1,standard,1.0,1.0,0.05,5000,1.0,1.05,3
3,103,1,standard,1.0,1.0,0.05,5000,1.0,1.05,3
3,104,1,standard,1.0,1.0,0.05,5000,1.0,1.05,3
3,105,1,standard,1.0,1.0,0.05,5000,1.0,1.05,3
3,106,1,standard,1.0,1.0,0.05,5000,1.0,1.05,3
3,107,1,standard,1.0,1.0,0.05,5000,1.0,1.05,3
3,108,1,standard,1.0,1.0,0.05,5000,1.0,1.05,3
3,109,1,standard,1.0,1.0,0.05,5000,1.0,1.05,3
3,110,1,standard,1.0,1.0,0.05,5000,1.0,1.05,3
3,111,1,standard,1.0,1.0,0.05,5000,1.0,1.05,3
3,112,1,standard,1.0,1.0,0.05,5000,1.0,1.05,3
3,113,1,standard,1.0,1.0,0.05,5000,1.0,1.05,3
3,114,1,standard,1.0,1.0,0.05,5000,1.0,1.05,3
3,115,1,standard,1.0,1.0,0.05,5000,1.0,1.05,3
3,116,1,standard,1.0,1.0,0.05,5000,1.0,1.05,3
3,117,1,standard,1.0,1.0,0.05,5000,1.0,1.05,3
3,118,1,standard,1.0,1.0,0.05,5000,1.0,1.05,2
3,119,1,standard,1.0,1.0,0.05,5000,1.0,1.05,3
3,120,1,standard,1.0,1.0,0.05,5000,1.0,1.05,3
3,121,1,standard,1.0,1.0,0.05,5000,1.0,1.05,3
3,122,1,standard,1.0,1.0,0.05,5000,1.0,1.05,3
3,123,1,standard,1.0,1.0,0.05,5000,1.0,1.05,3
3,124,1,standard,1.0,1.0,0.05,5000,1.0,1.05,3
3,125,1,standard,1.0,1.0,0.05,5000,1.0,1.05,3
3,126,1,standard,1.0,1.0,0.05,5000,1.0,1.05,3
3,127,1,standard,1.0,1.0,0.05,5000,1.0,1.05,3
3,128,1,standard,1.0,1.0,0.05,5000,1.0,1.05,3
3,129,1,standard,1.0,1.0,0.05,5000,1.0,1.05,3
3,130,1,standard,1.0,1.0,0.05,5000,1.0,1.05,3
3,131,1,standard,1.0,1.0,0.05,5000,1.0,1.05,3
3,132,1,standard,1.0,1.0,0.05,5000,1.0,1.05,3
3,133,1,standard,1.0,1.0,0.05,5000,1.0,1.05,3
3,134,1,standard,1.0,1.0,0.05,5000,1.0,1.05,3
3,135,1,standard,1.0,1.0,0.05,5000,1.0,1.05,3
3,136,1,standard,1.0,1.0,0.05,5000,1.0,1.05,3
3,137,1,standard,1.0,1.0,0.05,5000,1.0,1.05,2
3,138,1,standard,1.0,1.0,0.05,5000,1.0,1.05,3
3,139,1,standard,1.0,1.0,0.05,5000,1.0,1.05,2
3,140,1,standard,1.0,1.0,0.05,5000,1.0,1.05,3
3,141,1,standard,1.0,1.0,0.05,5000,1.0,1.05,3
3,142,1,standard,1.0,1.0,0.05,5000,1.0,1.05,3
3,143,1,standard,1.0,1.0,0.05,5000,1.0,1.05,3
3,144,1,standard,1.0,1.0,0.05,5000,1.0,1.05,2
3,145,1,standard,1.0,1.0,0.05,5000,1.0,1.05,2
3,146,1,standard,1.0,1.0,0.05,5000,1.0,1.05,3
3,147,1,standard,1.0,1.0,0.05,5000,1.0,1.05,3
3,148,1,standard,1.0,1.0,0.05,5000,1.0,1.05,3
3,149,1,standard,1.0,1.0,0.05,5000,1.0,1.05,3
3,150,1,standard,1.0,1.0,0.05,5000,1.0,1.05,3
3,151,1,standard,1.0,1.0,0.05,5000,1.0,1.05,3
3,152,1,standard,1.0,1.0,0.05,5000,1.0,1.05,3
3,153,1,standard,1.0,1.0,0.05,5000,1.0,1.05,3
3,154,1,standard,1.0,1.0,0.05,5000,1.0,1.05,3
3,155,1,standard,1.0,1.0,0.05,5000,1.0,1.05,3
3,156,1,standard,1.0,1.0,0.05,5000,1.0,1.05,3
3,157,1,standard,1.0,1.0,0.05,5000,1.0,1.05,3
3,158,1,standard,1.0,1.0,0.05,5000,1.0,1.05,3
3,159,1,standard,1.0,1.0,0.05,5000,1.0,1.05,3
3,160,1,standard,1.0,1.0,0.05,5000,1.0,1.05,3
3,161,1,standard,1.0,1.0,0.05,5000,1.0,1.05,3
3,162,1,standard,1.0,1.0,0.05,5000,1.0,1.05,3
3,163,1,standard,1.0,1.0,0.05,5000,1.0,1.05,1
3,164,1,standard,1.0,1.0,0.05,5000,1.0,1.05,3
3,165,1,standard,1.0,1.0,0.05,5000,1.0,1.05,3
3,166,1,standard,1.0,1.0,0.05,5000,1.0,1.05,3
3,167,1,standard,1.0,1.0,0.05,5000,1.0,1.05,3
3,168,1,standard,1.0,1.0,0.05,5000,1.0,1.05,3
3,169,1,standard,1.0,1.0,0.05,5000,1.0,1.05,3
3,170,1,standard,1.0,1.0,0.05,5000,1.0,1.05,2
3,171,1,standard,1.0,1.0,0.05,5000,1.0,1.05,3
3,172,1,standard,1.0,1.0,0.05,5000,1.0,1.05,3
3,173,1,standard,1.0,1.0,0.05,5000,1.0,1.05,3
3,174,1,standard,1.0,1.0,0.05,5000,1.0,1.05,3
3,175,1,standard,1.0,1.0,0.05,5000,1.0,1.05,3
3,176,1,standard,1.0,1.0,0.05,5000,1.0,1.05,3
3,177,1,standard,1.0,1.0,0.05,5000,1.0,1.05,3
3,178,1,standard,1.0,1.0,0.05,5000,1.0,1.05,3
3,179,1,standard,1.0,1.0,0.05,5000,1.0,1.05,3
3,180,1,standard,1.0,1.0,0.05,5000,1.0,1.05,3
3,181,1,standard,1.0,1.0,0.05,5000,1.0,1.05,3
3,182,1,standard,1.0,1.0,0.05,5000,1.0,1.05,3
3,183,1,standard,1.0,1.0,0.05,5000,1.0,1.05,3
3,184,1,standard,1.0,1.0,0.05,5000,1.0,1.05,3
3,185,1,standard,1.0,1.0,0.05,5000,1.0,1.05,3
3,186,1,standard,1.0,1.0,0.05,5000,1.0,1.05,3
3,187,1,standard,1.0,1.0,0.05,5000,1.0,1.05,3
3,188,1,standard,1.0,1.0,0.05,5000,1.0,1.05,3
3,189,1,standard,1.0,1.0,0.05,5000,1.0,1.05,3
3,190,1,standard,1.0,1.0,0.05,5000,1.0,1.05,3
3,191,1,standard,1.0,1.0,0.05,5000,1.0,1.05,3
3,192,1,standard,1.0,1.0,0.05,5000,1.0,1.05,3
3,193,1,standard,1.0,1.0,0.05,5000,1.0,1.05,3
3,194,1,standard,1.0,1.0,0.05,5000,1.0,1.05,3
3,195,1,standard,1.0,1.0,0.05,5000,1.0,1.05,3
3,196,1,standard,1.0,1.0,0.05,5000,1.0,1.05,3
3,197,1,standard,1.0,1.0,0.05,5000,1.0,1.05,3
3,198,1,standard,1.0,1.0,0.05,5000,1.0,1.05,3
3,199,1,standard,1.0,1.0,0.05,5000,1.0,1.05,3
3,200,1,standard,1.0,1.0,0.05,5000,1.0,1.05,3
3,1,1,standard,1.0,1.0,0.05,5000,1.0,1.075,2
3,2,1,standard,1.0,1.0,0.05,5000,1.0,1.075,3
3,3,1,standard,1.0,1.0,0.05,5000,1.0,1.075,3
3,4,1,standard,1.0,1.0,0.05,5000,1.0,1.075,3
3,5,1,standard,1.0,1.0,0.05,5000,1.0,1.075,3
3,6,1,standard,1.0,1.0,0.05,5000,1.0,1.075,3
3,7,1,standard,1.0,1.0,0.05,5000,1.0,1.075,3
3,8,1,standard,1.0,1.0,0.05,5000,1.0,1.075,3
3,9,1,standard,1.0,1.0,0.05,5000,1.0,1.075,3
3,10,1,standard,1.0,1.0,0.05,5000,1.0,1.075,2
3,11,1,standard,1.0,1.0,0.05,5000,1.0,1.075,3
3,12,1,standard,1.0,1.0,0.05,5000,1.0,1.075,3
3,13,1,standard,1.0,1.0,0.05,5000,1.0,1.075,3
3,14,1,standard,1.0,1.0,0.05,5000,1.0,1.075,3
3,15,1,standard,1.0,1.0,0.05,5000,1.0,1.075,3
3,16,1,standard,1.0,1.0,0.05,5000,1.0,1.075,3
3,17,1,standard,1.0,1.0,0.05,5000,1.0,1.075,3
3,18,1,standard,1.0,1.0,0.05,5000,1.0,1.075,3
3,19,1,standard,1.0,1.0,0.05,5000,1.0,1.075,3
3,20,1,standard,1.0,1.0,0.05,5000,1.0,1.075,3
3,21,1,standard,1.0,1.0,0.05,5000,1.0,1.075,3
3,22,1,standard,1.0,1.0,0.05,5000,1.0,1.075,3
3,23,1,standard,1.0,1.0,0.05,5000,1.0,1.075,3
3,24,1,standard,1.0,1.0,0.05,5000,1.0,1.075,3
3,25,1,standard,1.0,1.0,0.05,5000,1.0,1.075,3
3,26,1,standard,1.0,1.0,0.05,5000,1.0,1.075,3
3,27,1,standard,1.0,1.0,0.05,5000,1.0,1.075,3
3,28,1,standard,1.0,1.0,0.05,5000,1.0,1.075,3
3,29,1,standard,1.0,1.0,0.05,5000,1.0,1.075,2
3,30,1,standard,1.0,1.0,0.05,5000,1.0,1.075,3
3,31,1,standard,1.0,1.0,0.05,5000,1.0,1.075,3
3,32,1,standard,1.0,1.0,0.05,5000,1.0,1.075,3
3,33,1,standard,1.0,1.0,0.05,5000,1.0,1.075,3
3,34,1,standard,1.0,1.0,0.05,5000,1.0,1.075,3
3,35,1,standard,1.0,1.0,0.05,5000,1.0,1.075,3
3,36,1,standard,1.0,1.0,0.05,5000,1.0,1.075,3
3,37,1,standard,1.0,1.0,0.05,5000,1.0,1.075,3
3,38,1,standard,1.0,1.0,0.05,5000,1.0,1.075,3
3,39,1,standard,1.0,1.0,0.05,5000,1.0,1.075,3
3,40,1,standard,1.0,1.0,0.05,5000,1.0,1.075,3
3,41,1,standard,1.0,1.0,0.05,5000,1.0,1.075,3
3,42,1,standard,1.0,1.0,0.05,5000,1.0,1.075,3
3,43,1,standard,1.0,1.0,0.05,5000,1.0,1.075,2
3,44,1,standard,1.0,1.0,0.05,5000,1.0,1.075,3
3,45,1,standard,1.0,1.0,0.05,5000,1.0,1.075,3
3,46,1,standard,1.0,1.0,0.05,5000,1.0,1.075,3
3,47,1,standard,1.0,1.0,0.05,5000,1.0,1.075,3
3,48,1,standard,1.0,1.0,0.05,5000,1.0,1.075,3
3,49,1,standard,1.0,1.0,0.05,5000,1.0,1.075,3
3,50,1,standard,1.0,1.0,0.05,5000,1.0,1.075,3
3,51,1,standard,1.0,1.0,0.05,5000,1.0,1.075,3
3,52,1,standard,1.0,1.0,0.05,5000,1.0,1.075,2
3,53,1,standard,1.0,1.0,0.05,5000,1.0,1.075,3
3,54,1,standard,1.0,1.0,0.05,5000,1.0,1.075,3
3,55,1,standard,1.0,1.0,0.05,5000,1.0,1.075,3
3,56,1,standard,1.0,1.0,0.05,5000,1.0,1.075,3
3,57,1,standard,1.0,1.0,0.05,5000,1.0,1.075,3
3,58,1,standard,1.0,1.0,0.05,5000,1.0,1.075,3
3,59,1,standard,1.0,1.0,0.05,5000,1.0,1.075,3
3,60,1,standard,1.0,1.0,0.05,5000,1.0,1.075,3
3,61,1,standard,1.0,1.0,0.05,5000,1.0,1.075,3
3,62,1,standard,1.0,1.0,0.05,5000,1.0,1.075,3
3,63,1,standard,1.0,1.0,0.05,5000,1.0,1.075,3
3,64,1,standard,1.0,1.0,0.05,5000,1.0,1.075,3
3,65,1,standard,1.0,1.0,0.05,5000,1.0,1.075,3
3,66,1,standard,1.0,1.0,0.05,5000,1.0,1.075,3
3,67,1,standard,1.0,1.0,0.05,5000,1.0,1.075,3
3,68,1,standard,1.0,1.0,0.05,5000,1.0,1.075,3
3,69,1,standard,1.0,1.0,0.05,5000,1.0,1.075,3
3,70,1,standard,1.0,1.0,0.05,5000,1.0,1.075,3
3,71,1,standard,1.0,1.0,0.05,5000,1.0,1.075,3
3,72,1,standard,1.0,1.0,0.05,5000,1.0,1.075,3
3,73,1,standard,1.0,1.0,0.05,5000,1.0,1.075,3
3,74,1,standard,1.0,1.0,0.05,5000,1.0,1.075,3
3,75,1,standard,1.0,1.0,0.05,5000,1.0,1.075,3
3,76,1,standard,1.0,1.0,0.05,5000,1.0,1.075,3
3,77,1,standard,1.0,1.0,0.05,5000,1.0,1.075,3
3,78,1,standard,1.0,1.0,0.05,5000,1.0,1.075,2
3,79,1,standard,1.0,1.0,0.05,5000,1.0,1.075,3
3,80,1,standard,1.0,1.0,0.05,5000,1.0,1.075,3
3,81,1,standard,1.0,1.0,0.05,5000,1.0,1.075,2
3,82,1,standard,1.0,1.0,0.05,5000,1.0,1.075,3
3,83,1,standard,1.0,1.0,0.05,5000,1.0,1.075,3
3,84,1,standard,1.0,1.0,0.05,5000,1.0,1.075,3
3,85,1,standard,1.0,1.0,0.05,5000,1.0,1.075,3
3,86,1,standard,1.0,1.0,0.05,5000,1.0,1.075,3
3,87,1,standard,1.0,1.0,0.05,5000,1.0,1.075,3
3,88,1,standard,1.0,1.0,0.05,5000,1.0,1.075,3
3,89,1,standard,1.0,1.0,0.05,5000,1.0,1.075,3
3,90,1,standard,1.0,1.0,0.05,5000,1.0,1.075,3
3,91,1,standard,1.0,1.0,0.05,5000,1.0,1.075,3
3,92,1,standard,1.0,1.0,0.05,5000,1.0,1.075,3
3,93,1,standard,1.0,1.0,0.05,5000,1.0,1.075,3
3,94,1,standard,1.0,1.0,0.05,5000,1.0,1.075,3
3,95,1,standard,1.0,1.0,0.05,5000,1.0,1.075,3
3,96,1,standard,1.0,1.0,0.05,5000,1.0,1.075,3
3,97,1,standard,1.0,1.0,0.05,5000,1.0,1.075,3
3,98,1,standard,1.0,1.0,0.05,5000,1.0,1.075,3
3,99,1,standard,1.0,1.0,0.05,5000,1.0,1.075,3
3,100,1,standard,1.0,1.0,0.05,5000,1.0,1.075,3
3,101,1,standard,1.0,1.0,0.05,5000,1.0,1.075,3
3,102,1,standard,1.0,1.0,0.05,5000,1.0,1.075,3
3,103,1,standard,1.0,1.0,0.05,5000,1.0,1.075,3
3,104,1,standard,1.0,1.0,0.05,5000,1.0,1.075,3
3,105,1,standard,1.0,1.0,0.05,5000,1.0,1.075,3
3,106,1,standard,1.0,1.0,0.05,5000,1.0,1.075,3
3,107,1,standard,1.0,1.0,0.05,5000,1.0,1.075,3
3,108,1,standard,1.0,1.0,0.05,5000,1.0,1.075,3
3,109,1,standard,1.0,1.0,0.05,5000,1.0,1.075,3
3,110,1,standard,1.0,1.0,0.05,5000,1.0,1.075,3
3,111,1,standard,1.0,1.0,0.05,5000,1.0,1.075,3
3,112,1,standard,1.0,1.0,0.05,5000,1.0,1.075,3
3,113,1,standard,1.0,1.0,0.05,5000,1.0,1.075,3
3,114,1,standard,1.0,1.0,0.05,5000,1.0,1.075,3
3,115,1,standard,1.0,1.0,0.05,5000,1.0,1.075,3
3,116,1,standard,1.0,1.0,0.05,5000,1.0,1.075,3
3,117,1,standard,1.0,1.0,0.05,5000,1.0,1.075,3
3,118,1,standard,1.0,1.0,0.05,5000,1.0,1.075,2
3,119,1,standard,1.0,1.0,0.05,5000,1.0,1.075,3
3,120,1,standard,1.0,1.0,0.05,5000,1.0,1.075,3
3,121,1,standard,1.0,1.0,0.05,5000,1.0,1.075,3
3,122,1,standard,1.0,1.0,0.05,5000,1.0,1.075,3
3,123,1,standard,1.0,1.0,0.05,5000,1.0,1.075,3
3,124,1,standard,1.0,1.0,0.05,5000,1.0,1.075,3
3,125,1,standard,1.0,1.0,0.05,5000,1.0,1.075,3
3,126,1,standard,1.0,1.0,0.05,5000,1.0,1.075,3
3,127,1,standard,1.0,1.0,0.05,5000,1.0,1.075,3
3,128,1,standard,1.0,1.0,0.05,5000,1.0,1.075,3
3,129,1,standard,1.0,1.0,0.05,5000,1.0,1.075,3
3,130,1,standard,1.0,1.0,0.05,5000,1.0,1.075,3
3,131,1,standard,1.0,1.0,0.05,5000,1.0,1.075,3
3,132,1,standard,1.0,1.0,0.05,5000,1.0,1.075,3
3,133,1,standard,1.0,1.0,0.05,5000,1.0,1.075,3
3,134,1,standard,1.0,1.0,0.05,5000,1.0,1.075,3
3,135,1,standard,1.0,1.0,0.05,5000,1.0,1.075,3
3,136,1,standard,1.0,1.0,0.05,5000,1.0,1.075,3
3,137,1,standard,1.0,1.0,0.05,5000,1.0,1.075,2
3,138,1,standard,1.0,1.0,0.05,5000,1.0,1.075,3
3,139,1,standard,1.0,1.0,0.05,5000,1.0,1.075,2
3,140,1,standard,1.0,1.0,0.05,5000,1.0,1.075,3
3,141,1,standard,1.0,1.0,0.05,5000,1.0,1.075,3
3,142,1,standard,1.0,1.0,0.05,5000,1.0,1.075,3
3,143,1,standard,1.0,1.0,0.05,5000,1.0,1.075,3
3,144,1,standard,1.0,1.0,0.05,5000,1.0,1.075,2
3,145,1,standard,1.0,1.0,0.05,5000,1.0,1.075,2
3,146,1,standard,1.0,1.0,0.05,5000,1.0,1.075,3
3,147,1,standard,1.0,1.0,0.05,5000,1.0,1.075,3
3,148,1,standard,1.0,1.0,0.05,5000,1.0,1.075,3
3,149,1,standard,1.0,1.0,0.05,5000,1.0,1.075,3
3,150,1,standard,1.0,1.0,0.05,5000,1.0,1.075,3
3,151,1,standard,1.0,1.0,0.05,5000,1.0,1.075,3
3,152,1,standard,1.0,1.0,0.05,5000,1.0,1.075,3
3,153,1,standard,1.0,1.0,0.05,5000,1.0,1.075,3
3,154,1,standard,1.0,1.0,0.05,5000,1.0,1.075,3
3,155,1,standard,1.0,1.0,0.05,5000,1.0,1.075,3
3,156,1,standard,1.0,1.0,0.05,5000,1.0,1.075,3
3,157,1,standard,1.0,1.0,0.05,5000,1.0,1.075,3
3,158,1,standard,1.0,1.0,0.05,5000,1.0,1.075,3
3,159,1,standard,1.0,1.0,0.05,5000,1.0,1.075,3
3,160,1,standard,1.0,1.0,0.05,5000,1.0,1.075,3
3,161,1,standard,1.0,1.0,0.05,5000,1.0,1.075,3
3,162,1,standard,1.0,1.0,0.05,5000,1.0,1.075,3
3,163,1,standard,1.0,1.0,0.05,5000,1.0,1.075,1
3,164,1,standard,1.0,1.0,0.05,5000,1.0,1.075,3
3,165,1,standard,1.0,1.0,0.05,5000,1.0,1.075,3
3,166,1,standard,1.0,1.0,0.05,5000,1.0,1.075,3
3,167,1,standard,1.0,1.0,0.05,5000,1.0,1.075,3
3,168,1,standard,1.0,1.0,0.05,5000,1.0,1.075,3
3,169,1,standard,1.0,1.0,0.05,5000,1.0,1.075,3
3,170,1,standard,1.0,1.0,0.05,5000,1.0,1.075,2
3,171,1,standard,1.0,1.0,0.05,5000,1.0,1.075,3
3,172,1,standard,1.0,1.0,0.05,5000,1.0,1.075,3
3,173,1,standard,1.0,1.0,0.05,5000,1.0,1.075,3
3,174,1,standard,1.0,1.0,0.05,5000,1.0,1.075,3
3,175,1,standard,1.0,1.0,0.05,5000,1.0,1.075,3
3,176,1,standard,1.0,1.0,0.05,5000,1.0,1.075,3
3,177,1,standard,1.0,1.0,0.05,5000,1.0,1.075,3
3,178,1,standard,1.0,1.0,0.05,5000,1.0,1.075,3
3,179,1,standard,1.0,1.0,0.05,5000,1.0,1.075,3
3,180,1,standard,1.0,1.0,0.05,5000,1.0,1.075,3
3,181,1,standard,1.0,1.0,0.05,5000,1.0,1.075,3
3,182,1,standard,1.0,1.0,0.05,5000,1.0,1.075,3
3,183,1,standard,1.0,1.0,0.05,5000,1.0,1.075,3
3,184,1,standard,1.0,1.0,0.05,5000,1.0,1.075,3
3,185,1,standard,1.0,1.0,0.05,5000,1.0,1.075,3
3,186,1,standard,1.0,1.0,0.05,5000,1.0,1.075,3
3,187,1,standard,1.0,1.0,0.05,5000,1.0,1.075,3
3,188,1,standard,1.0,1.0,0.05,5000,1.0,1.075,3
3,189,1,standard,1.0,1.0,0.05,5000,1.0,1.075,3
3,190,1,standard,1.0,1.0,0.05,5000,1.0,1.075,3
3,191,1,standard,1.0,1.0,0.05,5000,1.0,1.075,3
3,192,1,standard,1.0,1.0,0.05,5000,1.0,1.075,3
3,193,1,standard,1.0,1.0,0.05,5000,1.0,1.075,3
3,194,1,standard,1.0,1.0,0.05,5000,1.0,1.075,3
3,195,1,standard,1.0,1.0,0.05,5000,1.0,1.075,3
3,196,1,standard,1.0,1.0,0.05,5000,1.0,1.075,3
3,197,1,standard,1.0,1.0,0.05,5000,1.0,1.075,3
3,198,1,standard,1.0,1.0,0.05,5000,1.0,1.075,3
3,199,1,standard,1.0,1.0,0.05,5000,1.0,1.075,3
3,200,1,standard,1.0,1.0,0.05,5000,1.0,1.075,3
3,1,1,standard,1.0,1.0,0.05,5000,1.0,1.1,2
3,2,1,standard,1.0,1.0,0.05,5000,1.0,1.1,3
3,3,1,standard,1.0,1.0,0.05,5000,1.0,1.1,3
3,4,1,standard,1.0,1.0,0.05,5000,1.0,1.1,3
3,5,1,standard,1.0,1.0,0.05,5000,1.0,1.1,3
3,6,1,standard,1.0,1.0,0.05,5000,1.0,1.1,3
3,7,1,standard,1.0,1.0,0.05,5000,1.0,1.1,3
3,8,1,standard,1.0,1.0,0.05,5000,1.0,1.1,3
3,9,1,standard,1.0,1.0,0.05,5000,1.0,1.1,3
3,10,1,standard,1.0,1.0,0.05,5000,1.0,1.1,2
3,11,1,standard,1.0,1.0,0.05,5000,1.0,1.1,3
3,12,1,standard,1.0,1.0,0.05,5000,1.0,1.1,3
3,13,1,standard,1.0,1.0,0.05,5000,1.0,1.1,3
3,14,1,standard,1.0,1.0,0.05,5000,1.0,1.1,3
3,15,1,standard,1.0,1.0,0.05,5000,1.0,1.1,3
3,16,1,standard,1.0,1.0,0.05,5000,1.0,1.1,3
3,17,1,standard,1.0,1.0,0.05,5000,1.0,1.1,3
3,18,1,standard,1.0,1.0,0.05,5000,1.0,1.1,3
3,19,1,standard,1.0,1.0,0.05,5000,1.0,1.1,3
3,20,1,standard,1.0,1.0,0.05,5000,1.0,1.1,3
3,21,1,standard,1.0,1.0,0.05,5000,1.0,1.1,3
3,22,1,standard,1.0,1.0,0.05,5000,1.0,1.1,3
3,23,1,standard,1.0,1.0,0.05,5000,1.0,1.1,3
3,24,1,standard,1.0,1.0,0.05,5000,1.0,1.1,3
3,25,1,standard,1.0,1.0,0.05,5000,1.0,1.1,3
3,26,1,standard,1.0,1.0,0.05,5000,1.0,1.1,3
3,27,1,standard,1.0,1.0,0.05,5000,1.0,1.1,3
3,28,1,standard,1.0,1.0,0.05,5000,1.0,1.1,3
3,29,1,standard,1.0,1.0,0.05,5000,1.0,1.1,2
3,30,1,standard,1.0,1.0,0.05,5000,1.0,1.1,3
3,31,1,standard,1.0,1.0,0.05,5000,1.0,1.1,3
3,32,1,standard,1.0,1.0,0.05,5000,1.0,1.1,3
3,33,1,standard,1.0,1.0,0.05,5000,1.0,1.1,3
3,34,1,standard,1.0,1.0,0.05,5000,1.0,1.1,3
3,35,1,standard,1.0,1.0,0.05,5000,1.0,1.1,3
3,36,1,standard,1.0,1.0,0.05,5000,1.0,1.1,3
3,37,1,standard,1.0,1.0,0.05,5000,1.0,1.1,3
3,38,1,standard,1.0,1.0,0.05,5000,1.0,1.1,3
3,39,1,standard,1.0,1.0,0.05,5000,1.0,1.1,3
3,40,1,standard,1.0,1.0,0.05,5000,1.0,1.1,3
3,41,1,standard,1.0,1.0,0.05,5000,1.0,1.1,3
3,42,1,standard,1.0,1.0,0.05,5000,1.0,1.1,3
3,43,1,standard,1.0,1.0,0.05,5000,1.0,1.1,2
3,44,1,standard,1.0,1.0,0.05,5000,1.0,1.1,3
3,45,1,standard,1.0,1.0,0.05,5000,1.0,1.1,3
3,46,1,standard,1.0,1.0,0.05,5000,1.0,1.1,3
3,47,1,standard,1.0,1.0,0.05,5000,1.0,1.1,3
3,48,1,standard,1.0,1.0,0.05,5000,1.0,1.1,3
3,49,1,standard,1.0,1.0,0.05,5000,1.0,1.1,3
3,50,1,standard,1.0,1.0,0.05,5000,1.0,1.1,3
3,51,1,standard,1.0,1.0,0.05,5000,1.0,1.1,3
3,52,1,standard,1.0,1.0,0.05,5000,1.0,1.1,2
3,53,1,standard,1.0,1.0,0.05,5000,1.0,1.1,3
3,54,1,standard,1.0,1.0,0.05,5000,1.0,1.1,3
3,55,1,standard,1.0,1.0,0.05,5000,1.0,1.1,3
3,56,1,standard,1.0,1.0,0.05,5000,1.0,1.1,3
3,57,1,standard,1.0,1.0,0.05,5000,1.0,1.1,3
3,58,1,standard,1.0,1.0,0.05,5000,1.0,1.1,3
3,59,1,standard,1.0,1.0,0.05,5000,1.0,1.1,3
3,60,1,standard,1.0,1.0,0.05,5000,1.0,1.1,3
3,61,1,standard,1.0,1.0,0.05,5000,1.0,1.1,3
3,62,1,standard,1.0,1.0,0.05,5000,1.0,1.1,3
3,63,1,standard,1.0,1.0,0.05,5000,1.0,1.1,3
3,64,1,standard,1.0,1.0,0.05,5000,1.0,1.1,3
3,65,1,standard,1.0,1.0,0.05,5000,1.0,1.1,3
3,66,1,standard,1.0,1.0,0.05,5000,1.0,1.1,3
3,67,1,standard,1.0,1.0,0.05,5000,1.0,1.1,3
3,68,1,standard,1.0,1.0,0.05,5000,1.0,1.1,3
3,69,1,standard,1.0,1.0,0.05,5000,1.0,1.1,3
3,70,1,standard,1.0,1.0,0.05,5000,1.0,1.1,3
3,71,1,standard,1.0,1.0,0.05,5000,1.0,1.1,3
3,72,1,standard,1.0,1.0,0.05,5000,1.0,1.1,3
3,73,1,standard,1.0,1.0,0.05,5000,1.0,1.1,3
3,74,1,standard,1.0,1.0,0.05,5000,1.0,1.1,3
3,75,1,standard,1.0,1.0,0.05,5000,1.0,1.1,3
3,76,1,standard,1.0,1.0,0.05,5000,1.0,1.1,3
3,77,1,standard,1.0,1.0,0.05,5000,1.0,1.1,3
3,78,1,standard,1.0,1.0,0.05,5000,1.0,1.1,2
3,79,1,standard,1.0,1.0,0.05,5000,1.0,1.1,3
3,80,1,standard,1.0,1.0,0.05,5000,1.0,1.1,3
3,81,1,standard,1.0,1.0,0.05,5000,1.0,1.1,2
3,82,1,standard,1.0,1.0,0.05,5000,1.0,1.1,3
3,83,1,standard,1.0,1.0,0.05,5000,1.0,1.1,3
3,84,1,standard,1.0,1.0,0.05,5000,1.0,1.1,3
3,85,1,standard,1.0,1.0,0.05,5000,1.0,1.1,3
3,86,1,standard,1.0,1.0,0.05,5000,1.0,1.1,3
3,87,1,standard,1.0,1.0,0.05,5000,1.0,1.1,3
3,88,1,standard,1.0,1.0,0.05,5000,1.0,1.1,3
3,89,1,standard,1.0,1.0,0.05,5000,1.0,1.1,3
3,90,1,standard,1.0,1.0,0.05,5000,1.0,1.1,3
3,91,1,standard,1.0,1.0,0.05,5000,1.0,1.1,3
3,92,1,standard,1.0,1.0,0.05,5000,1.0,1.1,3
3,93,1,standard,1.0,1.0,0.05,5000,1.0,1.1,3
3,94,1,standard,1.0,1.0,0.05,5000,1.0,1.1,3
3,95,1,standard,1.0,1.0,0.05,5000,1.0,1.1,3
3,96,1,standard,1.0,1.0,0.05,5000,1.0,1.1,3
3,97,1,standard,1.0,1.0,0.05,5000,1.0,1.1,3
3,98,1,standard,1.0,1.0,0.05,5000,1.0,1.1,3
3,99,1,standard,1.0,1.0,0.05,5000,1.0,1.1,3
3,100,1,standard,1.0,1.0,0.05,5000,1.0,1.1,3
3,101,1,standard,1.0,1.0,0.05,5000,1.0,1.1,3
3,102,1,standard,1.0,1.0,0.05,5000,1.0,1.1,3
3,103,1,standard,1.0,1.0,0.05,5000,1.0,1.1,3
3,104,1,standard,1.0,1.0,0.05,5000,1.0,1.1,3
3,105,1,standard,1.0,1.0,0.05,5000,1.0,1.1,3
3,106,1,standard,1.0,1.0,0.05,5000,1.0,1.1,3
3,107,1,standard,1.0,1.0,0.05,5000,1.0,1.1,3
3,108,1,standard,1.0,1.0,0.05,5000,1.0,1.1,3
3,109,1,standard,1.0,1.0,0.05,5000,1.0,1.1,3
3,110,1,standard,1.0,1.0,0.05,5000,1.0,1.1,3
3,111,1,standard,1.0,1.0,0.05,5000,1.0,1.1,3
3,112,1,standard,1.0,1.0,0.05,5000,1.0,1.1,3
3,113,1,standard,1.0,1.0,0.05,5000,1.0,1.1,3
3,114,1,standard,1.0,1.0,0.05,5000,1.0,1.1,3
3,115,1,standard,1.0,1.0,0.05,5000,1.0,1.1,3
3,116,1,standard,1.0,1.0,0.05,5000,1.0,1.1,3
3,117,1,standard,1.0,1.0,0.05,5000,1.0,1.1,3
3,118,1,standard,1.0,1.0,0.05,5000,1.0,1.1,2
3,119,1,standard,1.0,1.0,0.05,5000,1.0,1.1,3
3,120,1,standard,1.0,1.0,0.05,5000,1.0,1.1,3
3,121,1,standard,1.0,1.0,0.05,5000,1.0,1.1,3
3,122,1,standard,1.0,1.0,0.05,5000,1.0,1.1,3
3,123,1,standard,1.0,1.0,0.05,5000,1.0,1.1,3
3,124,1,standard,1.0,1.0,0.05,5000,1.0,1.1,3
3,125,1,standard,1.0,1.0,0.05,5000,1.0,1.1,3
3,126,1,standard,1.0,1.0,0.05,5000,1.0,1.1,3
3,127,1,standard,1.0,1.0,0.05,5000,1.0,1.1,3
3,128,1,standard,1.0,1.0,0.05,5000,1.0,1.1,3
3,129,1,standard,1.0,1.0,0.05,5000,1.0,1.1,3
3,130,1,standard,1.0,1.0,0.05,5000,1.0,1.1,3
3,131,1,standard,1.0,1.0,0.05,5000,1.0,1.1,3
3,132,1,standard,1.0,1.0,0.05,5000,1.0,1.1,3
3,133,1,standard,1.0,1.0,0.05,5000,1.0,1.1,3
3,134,1,standard,1.0,1.0,0.05,5000,1.0,1.1,3
3,135,1,standard,1.0,1.0,0.05,5000,1.0,1.1,3
3,136,1,standard,1.0,1.0,0.05,5000,1.0,1.1,3
3,137,1,standard,1.0,1.0,0.05,5000,1.0,1.1,2
3,138,1,standard,1.0,1.0,0.05,5000,1.0,1.1,3
3,139,1,standard,1.0,1.0,0.05,5000,1.0,1.1,2
3,140,1,standard,1.0,1.0,0.05,5000,1.0,1.1,3
3,141,1,standard,1.0,1.0,0.05,5000,1.0,1.1,3
3,142,1,standard,1.0,1.0,0.05,5000,1.0,1.1,3
3,143,1,standard,1.0,1.0,0.05,5000,1.0,1.1,3
3,144,1,standard,1.0,1.0,0.05,5000,1.0,1.1,2
3,145,1,standard,1.0,1.0,0.05,5000,1.0,1.1,2
3,146,1,standard,1.0,1.0,0.05,5000,1.0,1.1,3
3,147,1,standard,1.0,1.0,0.05,5000,1.0,1.1,3
3,148,1,standard,1.0,1.0,0.05,5000,1.0,1.1,3
3,149,1,standard,1.0,1.0,0.05,5000,1.0,1.1,3
3,150,1,standard,1.0,1.0,0.05,5000,1.0,1.1,3
3,151,1,standard,1.0,1.0,0.05,5000,1.0,1.1,3
3,152,1,standard,1.0,1.0,0.05,5000,1.0,1.1,3
3,153,1,standard,1.0,1.0,0.05,5000,1.0,1.1,3
3,154,1,standard,1.0,1.0,0.05,5000,1.0,1.1,3
3,155,1,standard,1.0,1.0,0.05,5000,1.0,1.1,3
3,156,1,standard,1.0,1.0,0.05,5000,1.0,1.1,3
3,157,1,standard,1.0,1.0,0.05,5000,1.0,1.1,3
3,158,1,standard,1.0,1.0,0.05,5000,1.0,1.1,3
3,159,1,standard,1.0,1.0,0.05,5000,1.0,1.1,3
3,160,1,standard,1.0,1.0,0.05,5000,1.0,1.1,3
3,161,1,standard,1.0,1.0,0.05,5000,1.0,1.1,3
3,162,1,standard,1.0,1.0,0.05,5000,1.0,1.1,3
3,163,1,standard,1.0,1.0,0.05,5000,1.0,1.1,1
3,164,1,standard,1.0,1.0,0.05,5000,1.0,1.1,3
3,165,1,standard,1.0,1.0,0.05,5000,1.0,1.1,3
3,166,1,standard,1.0,1.0,0.05,5000,1.0,1.1,3
3,167,1,standard,1.0,1.0,0.05,5000,1.0,1.1,3
3,168,1,standard,1.0,1.0,0.05,5000,1.0,1.1,3
3,169,1,standard,1.0,1.0,0.05,5000,1.0,1.1,3
3,170,1,standard,1.0,1.0,0.05,5000,1.0,1.1,2
3,171,1,standard,1.0,1.0,0.05,5000,1.0,1.1,3
3,172,1,standard,1.0,1.0,0.05,5000,1.0,1.1,3
3,173,1,standard,1.0,1.0,0.05,5000,1.0,1.1,3
3,174,1,standard,1.0,1.0,0.05,5000,1.0,1.1,3
3,175,1,standard,1.0,1.0,0.05,5000,1.0,1.1,3
3,176,1,standard,1.0,1.0,0.05,5000,1.0,1.1,3
3,177,1,standard,1.0,1.0,0.05,5000,1.0,1.1,3
3,178,1,standard,1.0,1.0,0.05,5000,1.0,1.1,3
3,179,1,standard,1.0,1.0,0.05,5000,1.0,1.1,3
3,180,1,standard,1.0,1.0,0.05,5000,1.0,1.1,3
3,181,1,standard,1.0,1.0,0.05,5000,1.0,1.1,3
3,182,1,standard,1.0,1.0,0.05,5000,1.0,1.1,3
3,183,1,standard,1.0,1.0,0.05,5000,1.0,1.1,3
3,184,1,standard,1.0,1.0,0.05,5000,1.0,1.1,3
3,185,1,standard,1.0,1.0,0.05,5000,1.0,1.1,3
3,186,1,standard,1.0,1.0,0.05,5000,1.0,1.1,3
3,187,1,standard,1.0,1.0,0.05,5000,1.0,1.1,3
3,188,1,standard,1.0,1.0,0.05,5000,1.0,1.1,3
3,189,1,standard,1.0,1.0,0.05,5000,1.0,1.1,3
3,190,1,standard,1.0,1.0,0.05,5000,1.0,1.1,3
3,191,1,standard,1.0,1.0,0.05,5000,1.0,1.1,3
3,192,1,standard,1.0,1.0,0.05,5000,1.0,1.1,3
3,193,1,standard,1.0,1.0,0.05,5000,1.0,1.1,3
3,194,1,standard,1.0,1.0,0.05,5000,1.0,1.1,3
3,195,1,standard,1.0,1.0,0.05,5000,1.0,1.1,3
3,196,1,standard,1.0,1.0,0.05,5000,1.0,1.1,3
3,197,1,standard,1.0,1.0,0.05,5000,1.0,1.1,3
3,198,1,standard,1.0,1.0,0.05,5000,1.0,1.1,3
3,199,1,standard,1.0,1.0,0.05,5000,1.0,1.1,3
3,200,1,standard,1.0,1.0,0.05,5000,1.0,1.1,3
4,1,1,standard,1.0,1.0,0.05,5000,1.0,1.0,57
4,2,1,standard,1.0,1.0,0.05,5000,1.0,1.0,57
4,3,1,standard,1.0,1.0,0.05,5000,1.0,1.0,55
4,4,1,standard,1.0,1.0,0.05,5000,1.0,1.0,55
4,5,1,standard,1.0,1.0,0.05,5000,1.0,1.0,57
4,6,1,standard,1.0,1.0,0.05,5000,1.0,1.0,57
4,7,1,standard,1.0,1.0,0.05,5000,1.0,1.0,55
4,8,1,standard,1.0,1.0,0.05,5000,1.0,1.0,55
4,9,1,standard,1.0,1.0,0.05,5000,1.0,1.0,55
4,10,1,standard,1.0,1.0,0.05,5000,1.0,1.0,57
4,11,1,standard,1.0,1.0,0.05,5000,1.0,1.0,55
4,12,1,standard,1.0,1.0,0.05,5000,1.0,1.0,59
4,13,1,standard,1.0,1.0,0.05,5000,1.0,1.0,55
4,14,1,standard,1.0,1.0,0.05,5000,1.0,1.0,55
4,15,1,standard,1.0,1.0,0.05,5000,1.0,1.0,55
4,16,1,standard,1.0,1.0,0.05,5000,1.0,1.0,55
4,17,1,standard,1.0,1.0,0.05,5000,1.0,1.0,55
4,18,1,standard,1.0,1.0,0.05,5000,1.0,1.0,55
4,19,1,standard,1.0,1.0,0.05,5000,1.0,1.0,55
4,20,1,standard,1.0,1.0,0.05,5000,1.0,1.0,55
4,21,1,standard,1.0,1.0,0.05,5000,1.0,1.0,55
4,22,1,standard,1.0,1.0,0.05,5000,1.0,1.0,55
4,23,1,standard,1.0,1.0,0.05,5000,1.0,1.0,55
4,24,1,standard,1.0,1.0,0.05,5000,1.0,1.0,55
4,25,1,standard,1.0,1.0,0.05,5000,1.0,1.0,55
4,26,1,standard,1.0,1.0,0.05,5000,1.0,1.0,55
4,27,1,standard,1.0,1.0,0.05,5000,1.0,1.0,57
4,28,1,standard,1.0,1.0,0.05,5000,1.0,1.0,55
4,29,1,standard,1.0,1.0,0.05,5000,1.0,1.0,57
4,30,1,standard,1.0,1.0,0.05,5000,1.0,1.0,55
4,31,1,standard,1.0,1.0,0.05,5000,1.0,1.0,55
4,32,1,standard,1.0,1.0,0.05,5000,1.0,1.0,55
4,33,1,standard,1.0,1.0,0.05,5000,1.0,1.0,55
4,34,1,standard,1.0,1.0,0.05,5000,1.0,1.0,55
4,35,1,standard,1.0,1.0,0.05,5000,1.0,1.0,57
4,36,1,standard,1.0,1.0,0.05,5000,1.0,1.0,55
4,37,1,standard,1.0,1.0,0.05,5000,1.0,1.0,55
4,38,1,standard,1.0,1.0,0.05,5000,1.0,1.0,57
4,39,1,standard,1.0,1.0,0.05,5000,1.0,1.0,55
4,40,1,standard,1.0,1.0,0.05,5000,1.0,1.0,57
4,41,1,standard,1.0,1.0,0.05,5000,1.0,1.0,55
4,42,1,standard,1.0,1.0,0.05,5000,1.0,1.0,57
4,43,1,standard,1.0,1.0,0.05,5000,1.0,1.0,49
4,44,1,standard,1.0,1.0,0.05,5000,1.0,1.0,55
4,45,1,standard,1.0,1.0,0.05,5000,1.0,1.0,55
4,46,1,standard,1.0,1.0,0.05,5000,1.0,1.0,55
4,47,1,standard,1.0,1.0,0.05,5000,1.0,1.0,55
4,48,1,standard,1.0,1.0,0.05,5000,1.0,1.0,55
4,49,1,standard,1.0,1.0,0.05,5000,1.0,1.0,55
4,50,1,standard,1.0,1.0,0.05,5000,1.0,1.0,55
4,51,1,standard,1.0,1.0,0.05,5000,1.0,1.0,55
4,52,1,standard,1.0,1.0,0.05,5000,1.0,1.0,57
4,53,1,standard,1.0,1.0,0.05,5000,1.0,1.0,55
4,54,1,standard,1.0,1.0,0.05,5000,1.0,1.0,55
4,55,1,standard,1.0,1.0,0.05,5000,1.0,1.0,57
4,56,1,standard,1.0,1.0,0.05,5000,1.0,1.0,55
4,57,1,standard,1.0,1.0,0.05,5000,1.0,1.0,55
4,58,1,standard,1.0,1.0,0.05,5000,1.0,1.0,55
4,59,1,standard,1.0,1.0,0.05,5000,1.0,1.0,55
4,60,1,standard,1.0,1.0,0.05,5000,1.0,1.0,55
4,61,1,standard,1.0,1.0,0.05,5000,1.0,1.0,57
4,62,1,standard,1.0,1.0,0.05,5000,1.0,1.0,57
4,63,1,standard,1.0,1.0,0.05,5000,1.0,1.0,55
4,64,1,standard,1.0,1.0,0.05,5000,1.0,1.0,59
4,65,1,standard,1.0,1.0,0.05,5000,1.0,1.0,55
4,66,1,standard,1.0,1.0,0.05,5000,1.0,1.0,55
4,67,1,standard,1.0,1.0,0.05,5000,1.0,1.0,57
4,68,1,standard,1.0,1.0,0.05,5000,1.0,1.0,55
4,69,1,standard,1.0,1.0,0.05,5000,1.0,1.0,57
4,70,1,standard,1.0,1.0,0.05,5000,1.0,1.0,55
4,71,1,standard,1.0,1.0,0.05,5000,1.0,1.0,55
4,72,1,standard,1.0,1.0,0.05,5000,1.0,1.0,55
4,73,1,standard,1.0,1.0,0.05,5000,1.0,1.0,55
4,74,1,standard,1.0,1.0,0.05,5000,1.0,1.0,57
4,75,1,standard,1.0,1.0,0.05,5000,1.0,1.0,55
4,76,1,standard,1.0,1.0,0.05,5000,1.0,1.0,55
4,77,1,standard,1.0,1.0,0.05,5000,1.0,1.0,55
4,78,1,standard,1.0,1.0,0.05,5000,1.0,1.0,2
4,79,1,standard,1.0,1.0,0.05,5000,1.0,1.0,55
4,80,1,standard,1.0,1.0,0.05,5000,1.0,1.0,55
4,81,1,standard,1.0,1.0,0.05,5000,1.0,1.0,55
4,82,1,standard,1.0,1.0,0.05,5000,1.0,1.0,55
4,83,1,standard,1.0,1.0,0.05,5000,1.0,1.0,57
4,84,1,standard,1.0,1.0,0.05,5000,1.0,1.0,55
4,85,1,standard,1.0,1.0,0.05,5000,1.0,1.0,55
4,86,1,standard,1.0,1.0,0.05,5000,1.0,1.0,55
4,87,1,standard,1.0,1.0,0.05,5000,1.0,1.0,55
4,88,1,standard,1.0,1.0,0.05,5000,1.0,1.0,55
4,89,1,standard,1.0,1.0,0.05,5000,1.0,1.0,57
4,90,1,standard,1.0,1.0,0.05,5000,1.0,1.0,55
4,91,1,standard,1.0,1.0,0.05,5000,1.0,1.0,55
4,92,1,standard,1.0,1.0,0.05,5000,1.0,1.0,55
4,93,1,standard,1.0,1.0,0.05,5000,1.0,1.0,55
4,94,1,standard,1.0,1.0,0.05,5000,1.0,1.0,55
4,95,1,standard,1.0,1.0,0.05,5000,1.0,1.0,55
4,96,1,standard,1.0,1.0,0.05,5000,1.0,1.0,55
4,97,1,standard,1.0,1.0,0.05,5000,1.0,1.0,57
4,98,1,standard,1.0,1.0,0.05,5000,1.0,1.0,55
4,99,1,standard,1.0,1.0,0.05,5000,1.0,1.0,59
4,100,1,standard,1.0,1.0,0.05,5000,1.0,1.0,55
4,101,1,standard,1.0,1.0,0.05,5000,1.0,1.0,55
4,102,1,standard,1.0,1.0,0.05,5000,1.0,1.0,55
4,103,1,standard,1.0,1.0,0.05,5000,1.0,1.0,55
4,104,1,standard,1.0,1.0,0.05,5000,1.0,1.0,57
4,105,1,standard,1.0,1.0,0.05,5000,1.0,1.0,55
4,106,1,standard,1.0,1.0,0.05,5000,1.0,1.0,55
4,107,1,standard,1.0,1.0,0.05,5000,1.0,1.0,57
4,108,1,standard,1.0,1.0,0.05,5000,1.0,1.0,57
4,109,1,standard,1.0,1.0,0.05,5000,1.0,1.0,59
4,110,1,standard,1.0,1.0,0.05,5000,1.0,1.0,55
4,111,1,standard,1.0,1.0,0.05,5000,1.0,1.0,55
4,112,1,standard,1.0,1.0,0.05,5000,1.0,1.0,55
4,113,1,standard,1.0,1.0,0.05,5000,1.0,1.0,55
4,114,1,standard,1.0,1.0,0.05,5000,1.0,1.0,55
4,115,1,standard,1.0,1.0,0.05,5000,1.0,1.0,57
4,116,1,standard,1.0,1.0,0.05,5000,1.0,1.0,55
4,117,1,standard,1.0,1.0,0.05,5000,1.0,1.0,55
4,118,1,standard,1.0,1.0,0.05,5000,1.0,1.0,53
4,119,1,standard,1.0,1.0,0.05,5000,1.0,1.0,55
4,120,1,standard,1.0,1.0,0.05,5000,1.0,1.0,55
4,121,1,standard,1.0,1.0,0.05,5000,1.0,1.0,55
4,122,1,standard,1.0,1.0,0.05,5000,1.0,1.0,55
4,123,1,standard,1.0,1.0,0.05,5000,1.0,1.0,57
4,124,1,standard,1.0,1.0,0.05,5000,1.0,1.0,59
4,125,1,standard,1.0,1.0,0.05,5000,1.0,1.0,55
4,126,1,standard,1.0,1.0,0.05,5000,1.0,1.0,57
4,127,1,standard,1.0,1.0,0.05,5000,1.0,1.0,55
4,128,1,standard,1.0,1.0,0.05,5000,1.0,1.0,55
4,129,1,standard,1.0,1.0,0.05,5000,1.0,1.0,55
4,130,1,standard,1.0,1.0,0.05,5000,1.0,1.0,55
4,131,1,standard,1.0,1.0,0.05,5000,1.0,1.0,57
4,132,1,standard,1.0,1.0,0.05,5000,1.0,1.0,55
4,133,1,standard,1.0,1.0,0.05,5000,1.0,1.0,55
4,134,1,standard,1.0,1.0,0.05,5000,1.0,1.0,55
4,135,1,standard,1.0,1.0,0.05,5000,1.0,1.0,55
4,136,1,standard,1.0,1.0,0.05,5000,1.0,1.0,55
4,137,1,standard,1.0,1.0,0.05,5000,1.0,1.0,59
4,138,1,standard,1.0,1.0,0.05,5000,1.0,1.0,55
4,139,1,standard,1.0,1.0,0.05,5000,1.0,1.0,57
4,140,1,standard,1.0,1.0,0.05,5000,1.0,1.0,55
4,141,1,standard,1.0,1.0,0.05,5000,1.0,1.0,55
4,142,1,standard,1.0,1.0,0.05,5000,1.0,1.0,53
4,143,1,standard,1.0,1.0,0.05,5000,1.0,1.0,57
4,144,1,standard,1.0,1.0,0.05,5000,1.0,1.0,57
4,145,1,standard,1.0,1.0,0.05,5000,1.0,1.0,57
4,146,1,standard,1.0,1.0,0.05,5000,1.0,1.0,55
4,147,1,standard,1.0,1.0,0.05,5000,1.0,1.0,57
4,148,1,standard,1.0,1.0,0.05,5000,1.0,1.0,55
4,149,1,standard,1.0,1.0,0.05,5000,1.0,1.0,55
4,150,1,standard,1.0,1.0,0.05,5000,1.0,1.0,55
4,151,1,standard,1.0,1.0,0.05,5000,1.0,1.0,55
4,152,1,standard,1.0,1.0,0.05,5000,1.0,1.0,55
4,153,1,standard,1.0,1.0,0.05,5000,1.0,1.0,55
4,154,1,standard,1.0,1.0,0.05,5000,1.0,1.0,53
4,155,1,standard,1.0,1.0,0.05,5000,1.0,1.0,55
4,156,1,standard,1.0,1.0,0.05,5000,1.0,1.0,55
4,157,1,standard,1.0,1.0,0.05,5000,1.0,1.0,55
4,158,1,standard,1.0,1.0,0.05,5000,1.0,1.0,55
4,159,1,standard,1.0,1.0,0.05,5000,1.0,1.0,55
4,160,1,standard,1.0,1.0,0.05,5000,1.0,1.0,55
4,161,1,standard,1.0,1.0,0.05,5000,1.0,1.0,57
4,162,1,standard,1.0,1.0,0.05,5000,1.0,1.0,59
4,163,1,standard,1.0,1.0,0.05,5000,1.0,1.0,55
4,164,1,standard,1.0,1.0,0.05,5000,1.0,1.0,55
4,165,1,standard,1.0,1.0,0.05,5000,1.0,1.0,55
4,166,1,standard,1.0,1.0,0.05,5000,1.0,1.0,57
4,167,1,standard,1.0,1.0,0.05,5000,1.0,1.0,55
4,168,1,standard,1.0,1.0,0.05,5000,1.0,1.0,55
4,169,1,standard,1.0,1.0,0.05,5000,1.0,1.0,55
4,170,1,standard,1.0,1.0,0.05,5000,1.0,1.0,57
4,171,1,standard,1.0,1.0,0.05,5000,1.0,1.0,57
4,172,1,standard,1.0,1.0,0.05,5000,1.0,1.0,55
4,173,1,standard,1.0,1.0,0.05,5000,1.0,1.0,57
4,174,1,standard,1.0,1.0,0.05,5000,1.0,1.0,57
4,175,1,standard,1.0,1.0,0.05,5000,1.0,1.0,55
4,176,1,standard,1.0,1.0,0.05,5000,1.0,1.0,55
4,177,1,standard,1.0,1.0,0.05,5000,1.0,1.0,55
4,178,1,standard,1.0,1.0,0.05,5000,1.0,1.0,55
4,179,1,standard,1.0,1.0,0.05,5000,1.0,1.0,57
4,180,1,standard,1.0,1.0,0.05,5000,1.0,1.0,55
4,181,1,standard,1.0,1.0,0.05,5000,1.0,1.0,55
4,182,1,standard,1.0,1.0,0.05,5000,1.0,1.0,55
4,183,1,standard,1.0,1.0,0.05,5000,1.0,1.0,55
4,184,1,standard,1.0,1.0,0.05,5000,1.0,1.0,59
4,185,1,standard,1.0,1.0,0.05,5000,1.0,1.0,55
4,186,1,standard,1.0,1.0,0.05,5000,1.0,1.0,55
4,187,1,standard,1.0,1.0,0.05,5000,1.0,1.0,55
4,188,1,standard,1.0,1.0,0.05,5000,1.0,1.0,55
4,189,1,standard,1.0,1.0,0.05,5000,1.0,1.0,57
4,190,1,standard,1.0,1.0,0.05,5000,1.0,1.0,55
4,191,1,standard,1.0,1.0,0.05,5000,1.0,1.0,55
4,192,1,standard,1.0,1.0,0.05,5000,1.0,1.0,55
4,193,1,standard,1.0,1.0,0.05,5000,1.0,1.0,57
4,194,1,standard,1.0,1.0,0.05,5000,1.0,1.0,55
4,195,1,standard,1.0,1.0,0.05,5000,1.0,1.0,55
4,196,1,standard,1.0,1.0,0.05,5000,1.0,1.0,55
4,197,1,standard,1.0,1.0,0.05,5000,1.0,1.0,57
4,198,1,standard,1.0,1.0,0.05,5000,1.0,1.0,59
4,199,1,standard,1.0,1.0,0.05,5000,1.0,1.0,55
4,200,1,standard,1.0,1.0,0.05,5000,1.0,1.0,55
4,1,1,standard,1.0,1.0,0.05,5000,1.0,1.025,17
4,2,1,standard,1.0,1.0,0.05,5000,1.0,1.025,17
4,3,1,standard,1.0,1.0,0.05,5000,1.0,1.025,15
4,4,1,standard,1.0,1.0,0.05,5000,1.0,1.025,15
4,5,1,standard,1.0,1.0,0.05,5000,1.0,1.025,17
4,6,1,standard,1.0,1.0,0.05,5000,1.0,1.025,17
4,7,1,standard,1.0,1.0,0.05,5000,1.0,1.025,15
4,8,1,standard,1.0,1.0,0.05,5000,1.0,1.025,15
4,9,1,standard,1.0,1.0,0.05,5000,1.0,1.025,15
4,10,1,standard,1.0,1.0,0.05,5000,1.0,1.025,15
4,11,1,standard,1.0,1.0,0.05,5000,1.0,1.025,15
4,12,1,standard,1.0,1.0,0.05,5000,1.0,1.025,17
4,13,1,standard,1.0,1.0,0.05,5000,1.0,1.025,15
4,14,1,standard,1.0,1.0,0.05,5000,1.0,1.025,15
4,15,1,standard,1.0,1.0,0.05,5000,1.0,1.025,15
4,16,1,standard,1.0,1.0,0.05,5000,1.0,1.025,15
4,17,1,standard,1.0,1.0,0.05,5000,1.0,1.025,17
4,18,1,standard,1.0,1.0,0.05,5000,1.0,1.025,15
4,19,1,standard,1.0,1.0,0.05,5000,1.0,1.025,15
4,20,1,standard,1.0,1.0,0.05,5000,1.0,1.025,15
4,21,1,standard,1.0,1.0,0.05,5000,1.0,1.025,15
4,22,1,standard,1.0,1.0,0.05,5000,1.0,1.025,15
4,23,1,standard,1.0,1.0,0.05,5000,1.0,1.025,15
4,24,1,standard,1.0,1.0,0.05,5000,1.0,1.025,15
4,25,1,standard,1.0,1.0,0.05,5000,1.0,1.025,17
4,26,1,standard,1.0,1.0,0.05,5000,1.0,1.025,15
4,27,1,standard,1.0,1.0,0.05,5000,1.0,1.025,17
4,28,1,standard,1.0,1.0,0.05,5000,1.0,1.025,15
4,29,1,standard,1.0,1.0,0.05,5000,1.0,1.025,17
4,30,1,standard,1.0,1.0,0.05,5000,1.0,1.025,15
4,31,1,standard,1.0,1.0,0.05,5000,1.0,1.025,15
4,32,1,standard,1.0,1.0,0.05,5000,1.0,1.025,15
4,33,1,standard,1.0,1.0,0.05,5000,1.0,1.025,15
4,34,1,standard,1.0,1.0,0.05,5000,1.0,1.025,15
4,35,1,standard,1.0,1.0,0.05,5000,1.0,1.025,17
4,36,1,standard,1.0,1.0,0.05,5000,1.0,1.025,15
4,37,1,standard,1.0,1.0,0.05,5000,1.0,1.025,15
4,38,1,standard,1.0,1.0,0.05,5000,1.0,1.025,17
4,39,1,standard,1.0,1.0,0.05,5000,1.0,1.025,15
4,40,1,standard,1.0,1.0,0.05,5000,1.0,1.025,17
4,41,1,standard,1.0,1.0,0.05,5000,1.0,1.025,15
4,42,1,standard,1.0,1.0,0.05,5000,1.0,1.025,17
4,43,1,standard,1.0,1.0,0.05,5000,1.0,1.025,11
4,44,1,standard,1.0,1.0,0.05,5000,1.0,1.025,15
4,45,1,standard,1.0,1.0,0.05,5000,1.0,1.025,15
4,46,1,standard,1.0,1.0,0.05,5000,1.0,1.025,17
4,47,1,standard,1.0,1.0,0.05,5000,1.0,1.025,15
4,48,1,standard,1.0,1.0,0.05,5000,1.0,1.025,15
4,49,1,standard,1.0,1.0,0.05,5000,1.0,1.025,15
4,50,1,standard,1.0,1.0,0.05,5000,1.0,1.025,15
4,51,1,standard,1.0,1.0,0.05,5000,1.0,1.025,15
4,52,1,standard,1.0,1.0,0.05,5000,1.0,1.025,17
4,53,1,standard,1.0,1.0,0.05,5000,1.0,1.025,15
4,54,1,standard,1.0,1.0,0.05,5000,1.0,1.025,15
4,55,1,standard,1.0,1.0,0.05,5000,1.0,1.025,17
4,56,1,standard,1.0,1.0,0.05,5000,1.0,1.025,15
4,57,1,standard,1.0,1.0,0.05,5000,1.0,1.025,17
4,58,1,standard,1.0,1.0,0.05,5000,1.0,1.025,15
4,59,1,standard,1.0,1.0,0.05,5000,1.0,1.025,15
4,60,1,standard,1.0,1.0,0.05,5000,1.0,1.025,15
4,61,1,standard,1.0,1.0,0.05,5000,1.0,1.025,17
4,62,1,standard,1.0,1.0,0.05,5000,1.0,1.025,17
4,63,1,standard,1.0,1.0,0.05,5000,1.0,1.025,15
4,64,1,standard,1.0,1.0,0.05,5000,1.0,1.025,17
4,65,1,standard,1.0,1.0,0.05,5000,1.0,1.025,15
4,66,1,standard,1.0,1.0,0.05,5000,1.0,1.025,15
4,67,1,standard,1.0,1.0,0.05,5000,1.0,1.025,17
4,68,1,standard,1.0,1.0,0.05,5000,1.0,1.025,15
4,69,1,standard,1.0,1.0,0.05,5000,1.0,1.025,17
4,70,1,standard,1.0,1.0,0.05,5000,1.0,1.025,17
4,71,1,standard,1.0,1.0,0.05,5000,1.0,1.025,15
4,72,1,standard,1.0,1.0,0.05,5000,1.0,1.025,15
4,73,1,standard,1.0,1.0,0.05,5000,1.0,1.025,15
4,74,1,standard,1.0,1.0,0.05,5000,1.0,1.025,17
4,75,1,standard,1.0,1.0,0.05,5000,1.0,1.025,17
4,76,1,standard,1.0,1.0,0.05,5000,1.0,1.025,15
4,77,1,standard,1.0,1.0,0.05,5000,1.0,1.025,15
4,78,1,standard,1.0,1.0,0.05,5000,1.0,1.025,2
4,79,1,standard,1.0,1.0,0.05,5000,1.0,1.025,15
4,80,1,standard,1.0,1.0,0.05,5000,1.0,1.025,15
4,81,1,standard,1.0,1.0,0.05,5000,1.0,1.025,15
4,82,1,standard,1.0,1.0,0.05,5000,1.0,1.025,15
4,83,1,standard,1.0,1.0,0.05,5000,1.0,1.025,17
4,84,1,standard,1.0,1.0,0.05,5000,1.0,1.025,15
4,85,1,standard,1.0,1.0,0.05,5000,1.0,1.025,15
4,86,1,standard,1.0,1.0,0.05,5000,1.0,1.025,15
4,87,1,standard,1.0,1.0,0.05,5000,1.0,1.025,15
4,88,1,standard,1.0,1.0,0.05,5000,1.0,1.025,15
4,89,1,standard,1.0,1.0,0.05,5000,1.0,1.025,17
4,90,1,standard,1.0,1.0,0.05,5000,1.0,1.025,15
4,91,1,standard,1.0,1.0,0.05,5000,1.0,1.025,15
4,92,1,standard,1.0,1.0,0.05,5000,1.0,1.025,15
4,93,1,standard,1.0,1.0,0.05,5000,1.0,1.025,15
4,94,1,standard,1.0,1.0,0.05,5000,1.0,1.025,15
4,95,1,standard,1.0,1.0,0.05,5000,1.0,1.025,15
4,96,1,standard,1.0,1.0,0.05,5000,1.0,1.025,15
4,97,1,standard,1.0,1.0,0.05,5000,1.0,1.025,17
4,98,1,standard,1.0,1.0,0.05,5000,1.0,1.025,15
4,99,1,standard,1.0,1.0,0.05,5000,1.0,1.025,17
4,100,1,standard,1.0,1.0,0.05,5000,1.0,1.025,15
4,101,1,standard,1.0,1.0,0.05,5000,1.0,1.025,15
4,102,1,standard,1.0,1.0,0.05,5000,1.0,1.025,15
4,103,1,standard,1.0,1.0,0.05,5000,1.0,1.025,15
4,104,1,standard,1.0,1.0,0.05,5000,1.0,1.025,17
4,105,1,standard,1.0,1.0,0.05,5000,1.0,1.025,15
4,106,1,standard,1.0,1.0,0.05,5000,1.0,1.025,15
4,107,1,standard,1.0,1.0,0.05,5000,1.0,1.025,17
4,108,1,standard,1.0,1.0,0.05,5000,1.0,1.025,17
4,109,1,standard,1.0,1.0,0.05,5000,1.0,1.025,17
4,110,1,standard,1.0,1.0,0.05,5000,1.0,1.025,15
4,111,1,standard,1.0,1.0,0.05,5000,1.0,1.025,15
4,112,1,standard,1.0,1.0,0.05,5000,1.0,1.025,15
4,113,1,standard,1.0,1.0,0.05,5000,1.0,1.025,15
4,114,1,standard,1.0,1.0,0.05,5000,1.0,1.025,15
4,115,1,standard,1.0,1.0,0.05,5000,1.0,1.025,17
4,116,1,standard,1.0,1.0,0.05,5000,1.0,1.025,15
4,117,1,standard,1.0,1.0,0.05,5000,1.0,1.025,15
4,118,1,standard,1.0,1.0,0.05,5000,1.0,1.025,13
4,119,1,standard,1.0,1.0,0.05,5000,1.0,1.025,15
4,120,1,standard,1.0,1.0,0.05,5000,1.0,1.025,15
4,121,1,standard,1.0,1.0,0.05,5000,1.0,1.025,15
4,122,1,standard,1.0,1.0,0.05,5000,1.0,1.025,15
4,123,1,standard,1.0,1.0,0.05,5000,1.0,1.025,17
4,124,1,standard,1.0,1.0,0.05,5000,1.0,1.025,17
4,125,1,standard,1.0,1.0,0.05,5000,1.0,1.025,15
4,126,1,standard,1.0,1.0,0.05,5000,1.0,1.025,17
4,127,1,standard,1.0,1.0,0.05,5000,1.0,1.025,15
4,128,1,standard,1.0,1.0,0.05,5000,1.0,1.025,15
4,129,1,standard,1.0,1.0,0.05,5000,1.0,1.025,15
4,130,1,standard,1.0,1.0,0.05,5000,1.0,1.025,15
4,131,1,standard,1.0,1.0,0.05,5000,1.0,1.025,17
4,132,1,standard,1.0,1.0,0.05,5000,1.0,1.025,15
4,133,1,standard,1.0,1.0,0.05,5000,1.0,1.025,15
4,134,1,standard,1.0,1.0,0.05,5000,1.0,1.025,15
4,135,1,standard,1.0,1.0,0.05,5000,1.0,1.025,15
4,136,1,standard,1.0,1.0,0.05,5000,1.0,1.025,15
4,137,1,standard,1.0,1.0,0.05,5000,1.0,1.025,17
4,138,1,standard,1.0,1.0,0.05,5000,1.0,1.025,15
4,139,1,standard,1.0,1.0,0.05,5000,1.0,1.025,17
4,140,1,standard,1.0,1.0,0.05,5000,1.0,1.025,15
4,141,1,standard,1.0,1.0,0.05,5000,1.0,1.025,15
4,142,1,standard,1.0,1.0,0.05,5000,1.0,1.025,13
4,143,1,standard,1.0,1.0,0.05,5000,1.0,1.025,17
4,144,1,standard,1.0,1.0,0.05,5000,1.0,1.025,17
4,145,1,standard,1.0,1.0,0.05,5000,1.0,1.025,15
4,146,1,standard,1.0,1.0,0.05,5000,1.0,1.025,15
4,147,1,standard,1.0,1.0,0.05,5000,1.0,1.025,17
4,148,1,standard,1.0,1.0,0.05,5000,1.0,1.025,15
4,149,1,standard,1.0,1.0,0.05,5000,1.0,1.025,15
4,150,1,standard,1.0,1.0,0.05,5000,1.0,1.025,15
4,151,1,standard,1.0,1.0,0.05,5000,1.0,1.025,15
4,152,1,standard,1.0,1.0,0.05,5000,1.0,1.025,15
4,153,1,standard,1.0,1.0,0.05,5000,1.0,1.025,17
4,154,1,standard,1.0,1.0,0.05,5000,1.0,1.025,13
4,155,1,standard,1.0,1.0,0.05,5000,1.0,1.025,15
4,156,1,standard,1.0,1.0,0.05,5000,1.0,1.025,15
4,157,1,standard,1.0,1.0,0.05,5000,1.0,1.025,15
4,158,1,standard,1.0,1.0,0.05,5000,1.0,1.025,15
4,159,1,standard,1.0,1.0,0.05,5000,1.0,1.025,15
4,160,1,standard,1.0,1.0,0.05,5000,1.0,1.025,15
4,161,1,standard,1.0,1.0,0.05,5000,1.0,1.025,17
4,162,1,standard,1.0,1.0,0.05,5000,1.0,1.025,17
4,163,1,standard,1.0,1.0,0.05,5000,1.0,1.025,15
4,164,1,standard,1.0,1.0,0.05,5000,1.0,1.025,15
4,165,1,standard,1.0,1.0,0.05,5000,1.0,1.025,15
4,166,1,standard,1.0,1.0,0.05,5000,1.0,1.025,17
4,167,1,standard,1.0,1.0,0.05,5000,1.0,1.025,15
4,168,1,standard,1.0,1.0,0.05,5000,1.0,1.025,15
4,169,1,standard,1.0,1.0,0.05,5000,1.0,1.025,15
4,170,1,standard,1.0,1.0,0.05,5000,1.0,1.025,17
4,171,1,standard,1.0,1.0,0.05,5000,1.0,1.025,17
4,172,1,standard,1.0,1.0,0.05,5000,1.0,1.025,15
4,173,1,standard,1.0,1.0,0.05,5000,1.0,1.025,17
4,174,1,standard,1.0,1.0,0.05,5000,1.0,1.025,17
4,175,1,standard,1.0,1.0,0.05,5000,1.0,1.025,15
4,176,1,standard,1.0,1.0,0.05,5000,1.0,1.025,15
4,177,1,standard,1.0,1.0,0.05,5000,1.0,1.025,15
4,178,1,standard,1.0,1.0,0.05,5000,1.0,1.025,15
4,179,1,standard,1.0,1.0,0.05,5000,1.0,1.025,17
4,180,1,standard,1.0,1.0,0.05,5000,1.0,1.025,15
4,181,1,standard,1.0,1.0,0.05,5000,1.0,1.025,17
4,182,1,standard,1.0,1.0,0.05,5000,1.0,1.025,15
4,183,1,standard,1.0,1.0,0.05,5000,1.0,1.025,15
4,184,1,standard,1.0,1.0,0.05,5000,1.0,1.025,17
4,185,1,standard,1.0,1.0,0.05,5000,1.0,1.025,15
4,186,1,standard,1.0,1.0,0.05,5000,1.0,1.025,15
4,187,1,standard,1.0,1.0,0.05,5000,1.0,1.025,15
4,188,1,standard,1.0,1.0,0.05,5000,1.0,1.025,15
4,189,1,standard,1.0,1.0,0.05,5000,1.0,1.025,17
4,190,1,standard,1.0,1.0,0.05,5000,1.0,1.025,15
4,191,1,standard,1.0,1.0,0.05,5000,1.0,1.025,15
4,192,1,standard,1.0,1.0,0.05,5000,1.0,1.025,15
4,193,1,standard,1.0,1.0,0.05,5000,1.0,1.025,17
4,194,1,standard,1.0,1.0,0.05,5000,1.0,1.025,15
4,195,1,standard,1.0,1.0,0.05,5000,1.0,1.025,15
4,196,1,standard,1.0,1.0,0.05,5000,1.0,1.025,15
4,197,1,standard,1.0,1.0,0.05,5000,1.0,1.025,15
4,198,1,standard,1.0,1.0,0.05,5000,1.0,1.025,17
4,199,1,standard,1.0,1.0,0.05,5000,1.0,1.025,15
4,200,1,standard,1.0,1.0,0.05,5000,1.0,1.025,15
4,1,1,standard,1.0,1.0,0.05,5000,1.0,1.05,11
4,2,1,standard,1.0,1.0,0.05,5000,1.0,1.05,11
4,3,1,standard,1.0,1.0,0.05,5000,1.0,1.05,11
4,4,1,standard,1.0,1.0,0.05,5000,1.0,1.05,11
4,5,1,standard,1.0,1.0,0.05,5000,1.0,1.05,11
4,6,1,standard,1.0,1.0,0.05,5000,1.0,1.05,11
4,7,1,standard,1.0,1.0,0.05,5000,1.0,1.05,11
4,8,1,standard,1.0,1.0,0.05,5000,1.0,1.05,11
4,9,1,standard,1.0,1.0,0.05,5000,1.0,1.05,11
4,10,1,standard,1.0,1.0,0.05,5000,1.0,1.05,11
4,11,1,standard,1.0,1.0,0.05,5000,1.0,1.05,11
4,12,1,standard,1.0,1.0,0.05,5000,1.0,1.05,13
4,13,1,standard,1.0,1.0,0.05,5000,1.0,1.05,11
4,14,1,standard,1.0,1.0,0.05,5000,1.0,1.05,11
4,15,1,standard,1.0,1.0,0.05,5000,1.0,1.05,11
4,16,1,standard,1.0,1.0,0.05,5000,1.0,1.05,11
4,17,1,standard,1.0,1.0,0.05,5000,1.0,1.05,11
4,18,1,standard,1.0,1.0,0.05,5000,1.0,1.05,11
4,19,1,standard,1.0,1.0,0.05,5000,1.0,1.05,11
4,20,1,standard,1.0,1.0,0.05,5000,1.0,1.05,11
4,21,1,standard,1.0,1.0,0.05,5000,1.0,1.05,11
4,22,1,standard,1.0,1.0,0.05,5000,1.0,1.05,11
4,23,1,standard,1.0,1.0,0.05,5000,1.0,1.05,11
4,24,1,standard,1.0,1.0,0.05,5000,1.0,1.05,11
4,25,1,standard,1.0,1.0,0.05,5000,1.0,1.05,11
4,26,1,standard,1.0,1.0,0.05,5000,1.0,1.05,11
4,27,1,standard,1.0,1.0,0.05,5000,1.0,1.05,13
4,28,1,standard,1.0,1.0,0.05,5000,1.0,1.05,11
4,29,1,standard,1.0,1.0,0.05,5000,1.0,1.05,11
4,30,1,standard,1.0,1.0,0.05,5000,1.0,1.05,11
4,31,1,standard,1.0,1.0,0.05,5000,1.0,1.05,11
4,32,1,standard,1.0,1.0,0.05,5000,1.0,1.05,11
4,33,1,standard,1.0,1.0,0.05,5000,1.0,1.05,11
4,34,1,standard,1.0,1.0,0.05,5000,1.0,1.05,11
4,35,1,standard,1.0,1.0,0.05,5000,1.0,1.05,11
4,36,1,standard,1.0,1.0,0.05,5000,1.0,1.05,11
4,37,1,standard,1.0,1.0,0.05,5000,1.0,1.05,11
4,38,1,standard,1.0,1.0,0.05,5000,1.0,1.05,11
4,39,1,standard,1.0,1.0,0.05,5000,1.0,1.05,11
4,40,1,standard,1.0,1.0,0.05,5000,1.0,1.05,11
4,41,1,standard,1.0,1.0,0.05,5000,1.0,1.05,11
4,42,1,standard,1.0,1.0,0.05,5000,1.0,1.05,13
4,43,1,standard,1.0,1.0,0.05,5000,1.0,1.05,7
4,44,1,standard,1.0,1.0,0.05,5000,1.0,1.05,11
4,45,1,standard,1.0,1.0,0.05,5000,1.0,1.05,11
4,46,1,standard,1.0,1.0,0.05,5000,1.0,1.05,11
4,47,1,standard,1.0,1.0,0.05,5000,1.0,1.05,11
4,48,1,standard,1.0,1.0,0.05,5000,1.0,1.05,11
4,49,1,standard,1.0,1.0,0.05,5000,1.0,1.05,11
4,50,1,standard,1.0,1.0,0.05,5000,1.0,1.05,11
4,51,1,standard,1.0,1.0,0.05,5000,1.0,1.05,11
4,52,1,standard,1.0,1.0,0.05,5000,1.0,1.05,13
4,53,1,standard,1.0,1.0,0.05,5000,1.0,1.05,11
4,54,1,standard,1.0,1.0,0.05,5000,1.0,1.05,11
4,55,1,standard,1.0,1.0,0.05,5000,1.0,1.05,11
4,56,1,standard,1.0,1.0,0.05,5000,1.0,1.05,11
4,57,1,standard,1.0,1.0,0.05,5000,1.0,1.05,11
4,58,1,standard,1.0,1.0,0.05,5000,1.0,1.05,11
4,59,1,standard,1.0,1.0,0.05,5000,1.0,1.05,11
4,60,1,standard,1.0,1.0,0.05,5000,1.0,1.05,11
4,61,1,standard,1.0,1.0,0.05,5000,1.0,1.05,11
4,62,1,standard,1.0,1.0,0.05,5000,1.0,1.05,11
4,63,1,standard,1.0,1.0,0.05,5000,1.0,1.05,11
4,64,1,standard,1.0,1.0,0.05,5000,1.0,1.05,11
4,65,1,standard,1.0,1.0,0.05,5000,1.0,1.05,11
4,66,1,standard,1.0,1.0,0.05,5000,1.0,1.05,11
4,67,1,standard,1.0,1.0,0.05,5000,1.0,1.05,13
4,68,1,standard,1.0,1.0,0.05,5000,1.0,1.05,11
4,69,1,standard,1.0,1.0,0.05,5000,1.0,1.05,11
4,70,1,standard,1.0,1.0,0.05,5000,1.0,1.05,11
4,71,1,standard,1.0,1.0,0.05,5000,1.0,1.05,11
4,72,1,standard,1.0,1.0,0.05,5000,1.0,1.05,11
4,73,1,standard,1.0,1.0,0.05,5000,1.0,1.05,11
4,74,1,standard,1.0,1.0,0.05,5000,1.0,1.05,11
4,75,1,standard,1.0,1.0,0.05,5000,1.0,1.05,11
4,76,1,standard,1.0,1.0,0.05,5000,1.0,1.05,11
4,77,1,standard,1.0,1.0,0.05,5000,1.0,1.05,11
4,78,1,standard,1.0,1.0,0.05,5000,1.0,1.05,2
4,79,1,standard,1.0,1.0,0.05,5000,1.0,1.05,11
4,80,1,standard,1.0,1.0,0.05,5000,1.0,1.05,11
4,81,1,standard,1.0,1.0,0.05,5000,1.0,1.05,9
4,82,1,standard,1.0,1.0,0.05,5000,1.0,1.05,11
4,83,1,standard,1.0,1.0,0.05,5000,1.0,1.05,11
4,84,1,standard,1.0,1.0,0.05,5000,1.0,1.05,11
4,85,1,standard,1.0,1.0,0.05,5000,1.0,1.05,11
4,86,1,standard,1.0,1.0,0.05,5000,1.0,1.05,11
4,87,1,standard,1.0,1.0,0.05,5000,1.0,1.05,11
4,88,1,standard,1.0,1.0,0.05,5000,1.0,1.05,11
4,89,1,standard,1.0,1.0,0.05,5000,1.0,1.05,11
4,90,1,standard,1.0,1.0,0.05,5000,1.0,1.05,11
4,91,1,standard,1.0,1.0,0.05,5000,1.0,1.05,11
4,92,1,standard,1.0,1.0,0.05,5000,1.0,1.05,11
4,93,1,standard,1.0,1.0,0.05,5000,1.0,1.05,11
4,94,1,standard,1.0,1.0,0.05,5000,1.0,1.05,11
4,95,1,standard,1.0,1.0,0.05,5000,1.0,1.05,11
4,96,1,standard,1.0,1.0,0.05,5000,1.0,1.05,11
4,97,1,standard,1.0,1.0,0.05,5000,1.0,1.05,11
4,98,1,standard,1.0,1.0,0.05,5000,1.0,1.05,11
4,99,1,standard,1.0,1.0,0.05,5000,1.0,1.05,13
4,100,1,standard,1.0,1.0,0.05,5000,1.0,1.05,11
4,101,1,standard,1.0,1.0,0.05,5000,1.0,1.05,11
4,102,1,standard,1.0,1.0,0.05,5000,1.0,1.05,11
4,103,1,standard,1.0,1.0,0.05,5000,1.0,1.05,11
4,104,1,standard,1.0,1.0,0.05,5000,1.0,1.05,11
4,105,1,standard,1.0,1.0,0.05,5000,1.0,1.05,11
4,106,1,standard,1.0,1.0,0.05,5000,1.0,1.05,11
4,107,1,standard,1.0,1.0,0.05,5000,1.0,1.05,11
4,108,1,standard,1.0,1.0,0.05,5000,1.0,1.05,11
4,109,1,standard,1.0,1.0,0.05,5000,1.0,1.05,13
4,110,1,standard,1.0,1.0,0.05,5000,1.0,1.05,11
4,111,1,standard,1.0,1.0,0.05,5000,1.0,1.05,11
4,112,1,standard,1.0,1.0,0.05,5000,1.0,1.05,11
4,113,1,standard,1.0,1.0,0.05,5000,1.0,1.05,11
4,114,1,standard,1.0,1.0,0.05,5000,1.0,1.05,11
4,115,1,standard,1.0,1.0,0.05,5000,1.0,1.05,11
4,116,1,standard,1.0,1.0,0.05,5000,1.0,1.05,11
4,117,1,standard,1.0,1.0,0.05,5000,1.0,1.05,11
4,118,1,standard,1.0,1.0,0.05,5000,1.0,1.05,7
4,119,1,standard,1.0,1.0,0.05,5000,1.0,1.05,11
4,120,1,standard,1.0,1.0,0.05,5000,1.0,1.05,11
4,121,1,standard,1.0,1.0,0.05,5000,1.0,1.05,11
4,122,1,standard,1.0,1.0,0.05,5000,1.0,1.05,11
4,123,1,standard,1.0,1.0,0.05,5000,1.0,1.05,13
4,124,1,standard,1.0,1.0,0.05,5000,1.0,1.05,13
4,125,1,standard,1.0,1.0,0.05,5000,1.0,1.05,11
4,126,1,standard,1.0,1.0,0.05,5000,1.0,1.05,11
4,127,1,standard,1.0,1.0,0.05,5000,1.0,1.05,11
4,128,1,standard,1.0,1.0,0.05,5000,1.0,1.05,11
4,129,1,standard,1.0,1.0,0.05,5000,1.0,1.05,11
4,130,1,standard,1.0,1.0,0.05,5000,1.0,1.05,11
4,131,1,standard,1.0,1.0,0.05,5000,1.0,1.05,11
4,132,1,standard,1.0,1.0,0.05,5000,1.0,1.05,11
4,133,1,standard,1.0,1.0,0.05,5000,1.0,1.05,11
4,134,1,standard,1.0,1.0,0.05,5000,1.0,1.05,11
4,135,1,standard,1.0,1.0,0.05,5000,1.0,1.05,11
4,136,1,standard,1.0,1.0,0.05,5000,1.0,1.05,11
4,137,1,standard,1.0,1.0,0.05,5000,1.0,1.05,11
4,138,1,standard,1.0,1.0,0.05,5000,1.0,1.05,11
4,139,1,standard,1.0,1.0,0.05,5000,1.0,1.05,11
4,140,1,standard,1.0,1.0,0.05,5000,1.0,1.05,11
4,141,1,standard,1.0,1.0,0.05,5000,1.0,1.05,11
4,142,1,standard,1.0,1.0,0.05,5000,1.0,1.05,7
4,143,1,standard,1.0,1.0,0.05,5000,1.0,1.05,11
4,144,1,standard,1.0,1.0,0.05,5000,1.0,1.05,11
4,145,1,standard,1.0,1.0,0.05,5000,1.0,1.05,9
4,146,1,standard,1.0,1.0,0.05,5000,1.0,1.05,11
4,147,1,standard,1.0,1.0,0.05,5000,1.0,1.05,11
4,148,1,standard,1.0,1.0,0.05,5000,1.0,1.05,11
4,149,1,standard,1.0,1.0,0.05,5000,1.0,1.05,11
4,150,1,standard,1.0,1.0,0.05,5000,1.0,1.05,11
4,151,1,standard,1.0,1.0,0.05,5000,1.0,1.05,11
4,152,1,standard,1.0,1.0,0.05,5000,1.0,1.05,11
4,153,1,standard,1.0,1.0,0.05,5000,1.0,1.05,11
4,154,1,standard,1.0,1.0,0.05,5000,1.0,1.05,7
4,155,1,standard,1.0,1.0,0.05,5000,1.0,1.05,11
4,156,1,standard,1.0,1.0,0.05,5000,1.0,1.05,11
4,157,1,standard,1.0,1.0,0.05,5000,1.0,1.05,11
4,158,1,standard,1.0,1.0,0.05,5000,1.0,1.05,11
4,159,1,standard,1.0,1.0,0.05,5000,1.0,1.05,11
4,160,1,standard,1.0,1.0,0.05,5000,1.0,1.05,11
4,161,1,standard,1.0,1.0,0.05,5000,1.0,1.05,13
4,162,1,standard,1.0,1.0,0.05,5000,1.0,1.05,11
4,163,1,standard,1.0,1.0,0.05,5000,1.0,1.05,9
4,164,1,standard,1.0,1.0,0.05,5000,1.0,1.05,11
4,165,1,standard,1.0,1.0,0.05,5000,1.0,1.05,11
4,166,1,standard,1.0,1.0,0.05,5000,1.0,1.05,11
4,167,1,standard,1.0,1.0,0.05,5000,1.0,1.05,11
4,168,1,standard,1.0,1.0,0.05,5000,1.0,1.05,11
4,169,1,standard,1.0,1.0,0.05,5000,1.0,1.05,11
4,170,1,standard,1.0,1.0,0.05,5000,1.0,1.05,11
4,171,1,standard,1.0,1.0,0.05,5000,1.0,1.05,11
4,172,1,standard,1.0,1.0,0.05,5000,1.0,1.05,11
4,173,1,standard,1.0,1.0,0.05,5000,1.0,1.05,11
4,174,1,standard,1.0,1.0,0.05,5000,1.0,1.05,11
4,175,1,standard,1.0,1.0,0.05,5000,1.0,1.05,11
4,176,1,standard,1.0,1.0,0.05,5000,1.0,1.05,11
4,177,1,standard,1.0,1.0,0.05,5000,1.0,1.05,11
4,178,1,standard,1.0,1.0,0.05,5000,1.0,1.05,11
4,179,1,standard,1.0,1.0,0.05,5000,1.0,1.05,11
4,180,1,standard,1.0,1.0,0.05,5000,1.0,1.05,11
4,181,1,standard,1.0,1.0,0.05,5000,1.0,1.05,11
4,182,1,standard,1.0,1.0,0.05,5000,1.0,1.05,11
4,183,1,standard,1.0,1.0,0.05,5000,1.0,1.05,11
4,184,1,standard,1.0,1.0,0.05,5000,1.0,1.05,13
4,185,1,standard,1.0,1.0,0.05,5000,1.0,1.05,11
4,186,1,standard,1.0,1.0,0.05,5000,1.0,1.05,11
4,187,1,standard,1.0,1.0,0.05,5000,1.0,1.05,11
4,188,1,standard,1.0,1.0,0.05,5000,1.0,1.05,11
4,189,1,standard,1.0,1.0,0.05,5000,1.0,1.05,11
4,190,1,standard,1.0,1.0,0.05,5000,1.0,1.05,11
4,191,1,standard,1.0,1.0,0.05,5000,1.0,1.05,11
4,192,1,standard,1.0,1.0,0.05,5000,1.0,1.05,11
4,193,1,standard,1.0,1.0,0.05,5000,1.0,1.05,11
4,194,1,standard,1.0,1.0,0.05,5000,1.0,1.05,11
4,195,1,standard,1.0,1.0,0.05,5000,1.0,1.05,11
4,196,1,standard,1.0,1.0,0.05,5000,1.0,1.05,11
4,197,1,standard,1.0,1.0,0.05,5000,1.0,1.05,11
4,198,1,standard,1.0,1.0,0.05,5000,1.0,1.05,11
4,199,1,standard,1.0,1.0,0.05,5000,1.0,1.05,11
4,200,1,standard,1.0,1.0,0.05,5000,1.0,1.05,11
4,1,1,standard,1.0,1.0,0.05,5000,1.0,1.075,9
4,2,1,standard,1.0,1.0,0.05,5000,1.0,1.075,9
4,3,1,standard,1.0,1.0,0.05,5000,1.0,1.075,9
4,4,1,standard,1.0,1.0,0.05,5000,1.0,1.075,9
4,5,1,standard,1.0,1.0,0.05,5000,1.0,1.075,9
4,6,1,standard,1.0,1.0,0.05,5000,1.0,1.075,9
4,7,1,standard,1.0,1.0,0.05,5000,1.0,1.075,9
4,8,1,standard,1.0,1.0,0.05,5000,1.0,1.075,9
4,9,1,standard,1.0,1.0,0.05,5000,1.0,1.075,9
4,10,1,standard,1.0,1.0,0.05,5000,1.0,1.075,7
4,11,1,standard,1.0,1.0,0.05,5000,1.0,1.075,9
4,12,1,standard,1.0,1.0,0.05,5000,1.0,1.075,9
4,13,1,standard,1.0,1.0,0.05,5000,1.0,1.075,9
4,14,1,standard,1.0,1.0,0.05,5000,1.0,1.075,9
4,15,1,standard,1.0,1.0,0.05,5000,1.0,1.075,9
4,16,1,standard,1.0,1.0,0.05,5000,1.0,1.075,9
4,17,1,standard,1.0,1.0,0.05,5000,1.0,1.075,9
4,18,1,standard,1.0,1.0,0.05,5000,1.0,1.075,9
4,19,1,standard,1.0,1.0,0.05,5000,1.0,1.075,9
4,20,1,standard,1.0,1.0,0.05,5000,1.0,1.075,9
4,21,1,standard,1.0,1.0,0.05,5000,1.0,1.075,9
4,22,1,standard,1.0,1.0,0.05,5000,1.0,1.075,9
4,23,1,standard,1.0,1.0,0.05,5000,1.0,1.075,9
4,24,1,standard,1.0,1.0,0.05,5000,1.0,1.075,9
4,25,1,standard,1.0,1.0,0.05,5000,1.0,1.075,9
4,26,1,standard,1.0,1.0,0.05,5000,1.0,1.075,9
4,27,1,standard,1.0,1.0,0.05,5000,1.0,1.075,9
4,28,1,standard,1.0,1.0,0.05,5000,1.0,1.075,9
4,29,1,standard,1.0,1.0,0.05,5000,1.0,1.075,9
4,30,1,standard,1.0,1.0,0.05,5000,1.0,1.075,9
4,31,1,standard,1.0,1.0,0.05,5000,1.0,1.075,9
4,32,1,standard,1.0,1.0,0.05,5000,1.0,1.075,9
4,33,1,standard,1.0,1.0,0.05,5000,1.0,1.075,9
4,34,1,standard,1.0,1.0,0.05,5000,1.0,1.075,9
4,35,1,standard,1.0,1.0,0.05,5000,1.0,1.075,9
4,36,1,standard,1.0,1.0,0.05,5000,1.0,1.075,9
4,37,1,standard,1.0,1.0,0.05,5000,1.0,1.075,9
4,38,1,standard,1.0,1.0,0.05,5000,1.0,1.075,9
4,39,1,standard,1.0,1.0,0.05,5000,1.0,1.075,9
4,40,1,standard,1.0,1.0,0.05,5000,1.0,1.075,9
4,41,1,standard,1.0,1.0,0.05,5000,1.0,1.075,9
4,42,1,standard,1.0,1.0,0.05,5000,1.0,1.075,9
4,43,1,standard,1.0,1.0,0.05,5000,1.0,1.075,5
4,44,1,standard,1.0,1.0,0.05,5000,1.0,1.075,9
4,45,1,standard,1.0,1.0,0.05,5000,1.0,1.075,9
4,46,1,standard,1.0,1.0,0.05,5000,1.0,1.075,9
4,47,1,standard,1.0,1.0,0.05,5000,1.0,1.075,9
4,48,1,standard,1.0,1.0,0.05,5000,1.0,1.075,9
4,49,1,standard,1.0,1.0,0.05,5000,1.0,1.075,9
4,50,1,standard,1.0,1.0,0.05,5000,1.0,1.075,9
4,51,1,standard,1.0,1.0,0.05,5000,1.0,1.075,9
4,52,1,standard,1.0,1.0,0.05,5000,1.0,1.075,9
4,53,1,standard,1.0,1.0,0.05,5000,1.0,1.075,9
4,54,1,standard,1.0,1.0,0.05,5000,1.0,1.075,9
4,55,1,standard,1.0,1.0,0.05,5000,1.0,1.075,9
4,56,1,standard,1.0,1.0,0.05,5000,1.0,1.075,9
4,57,1,standard,1.0,1.0,0.05,5000,1.0,1.075,9
4,58,1,standard,1.0,1.0,0.05,5000,1.0,1.075,9
4,59,1,standard,1.0,1.0,0.05,5000,1.0,1.075,9
4,60,1,standard,1.0,1.0,0.05,5000,1.0,1.075,9
4,61,1,standard,1.0,1.0,0.05,5000,1.0,1.075,9
4,62,1,standard,1.0,1.0,0.05,5000,1.0,1.075,9
4,63,1,standard,1.0,1.0,0.05,5000,1.0,1.075,9
4,64,1,standard,1.0,1.0,0.05,5000,1.0,1.075,9
4,65,1,standard,1.0,1.0,0.05,5000,1.0,1.075,9
4,66,1,standard,1.0,1.0,0.05,5000,1.0,1.075,9
4,67,1,standard,1.0,1.0,0.05,5000,1.0,1.075,9
4,68,1,standard,1.0,1.0,0.05,5000,1.0,1.075,9
4,69,1,standard,1.0,1.0,0.05,5000,1.0,1.075,9
4,70,1,standard,1.0,1.0,0.05,5000,1.0,1.075,9
4,71,1,standard,1.0,1.0,0.05,5000,1.0,1.075,9
4,72,1,standard,1.0,1.0,0.05,5000,1.0,1.075,9
4,73,1,standard,1.0,1.0,0.05,5000,1.0,1.075,9
4,74,1,standard,1.0,1.0,0.05,5000,1.0,1.075,9
4,75,1,standard,1.0,1.0,0.05,5000,1.0,1.075,9
4,76,1,standard,1.0,1.0,0.05,5000,1.0,1.075,9
4,77,1,standard,1.0,1.0,0.05,5000,1.0,1.075,9
4,78,1,standard,1.0,1.0,0.05,5000,1.0,1.075,2
4,79,1,standard,1.0,1.0,0.05,5000,1.0,1.075,9
4,80,1,standard,1.0,1.0,0.05,5000,1.0,1.075,9
4,81,1,standard,1.0,1.0,0.05,5000,1.0,1.075,7
4,82,1,standard,1.0,1.0,0.05,5000,1.0,1.075,9
4,83,1,standard,1.0,1.0,0.05,5000,1.0,1.075,9
4,84,1,standard,1.0,1.0,0.05,5000,1.0,1.075,9
4,85,1,standard,1.0,1.0,0.05,5000,1.0,1.075,9
4,86,1,standard,1.0,1.0,0.05,5000,1.0,1.075,9
4,87,1,standard,1.0,1.0,0.05,5000,1.0,1.075,9
4,88,1,standard,1.0,1.0,0.05,5000,1.0,1.075,9
4,89,1,standard,1.0,1.0,0.05,5000,1.0,1.075,9
4,90,1,standard,1.0,1.0,0.05,5000,1.0,1.075,9
4,91,1,standard,1.0,1.0,0.05,5000,1.0,1.075,9
4,92,1,standard,1.0,1.0,0.05,5000,1.0,1.075,9
4,93,1,standard,1.0,1.0,0.05,5000,1.0,1.075,9
4,94,1,standard,1.0,1.0,0.05,5000,1.0,1.075,9
4,95,1,standard,1.0,1.0,0.05,5000,1.0,1.075,9
4,96,1,standard,1.0,1.0,0.05,5000,1.0,1.075,9
4,97,1,standard,1.0,1.0,0.05,5000,1.0,1.075,9
4,98,1,standard,1.0,1.0,0.05,5000,1.0,1.075,9
4,99,1,standard,1.0,1.0,0.05,5000,1.0,1.075,9
4,100,1,standard,1.0,1.0,0.05,5000,1.0,1.075,9
4,101,1,standard,1.0,1.0,0.05,5000,1.0,1.075,9
4,102,1,standard,1.0,1.0,0.05,5000,1.0,1.075,9
4,103,1,standard,1.0,1.0,0.05,5000,1.0,1.075,9
4,104,1,standard,1.0,1.0,0.05,5000,1.0,1.075,9
4,105,1,standard,1.0,1.0,0.05,5000,1.0,1.075,9
4,106,1,standard,1.0,1.0,0.05,5000,1.0,1.075,9
4,107,1,standard,1.0,1.0,0.05,5000,1.0,1.075,9
4,108,1,standard,1.0,1.0,0.05,5000,1.0,1.075,9
4,109,1,standard,1.0,1.0,0.05,5000,1.0,1.075,9
4,110,1,standard,1.0,1.0,0.05,5000,1.0,1.075,9
4,111,1,standard,1.0,1.0,0.05,5000,1.0,1.075,9
4,112,1,standard,1.0,1.0,0.05,5000,1.0,1.075,9
4,113,1,standard,1.0,1.0,0.05,5000,1.0,1.075,9
4,114,1,standard,1.0,1.0,0.05,5000,1.0,1.075,9
4,115,1,standard,1.0,1.0,0.05,5000,1.0,1.075,9
4,116,1,standard,1.0,1.0,0.05,5000,1.0,1.075,9
4,117,1,standard,1.0,1.0,0.05,5000,1.0,1.075,9
4,118,1,standard,1.0,1.0,0.05,5000,1.0,1.075,5
4,119,1,standard,1.0,1.0,0.05,5000,1.0,1.075,9
4,120,1,standard,1.0,1.0,0.05,5000,1.0,1.075,9
4,121,1,standard,1.0,1.0,0.05,5000,1.0,1.075,9
4,122,1,standard,1.0,1.0,0.05,5000,1.0,1.075,9
4,123,1,standard,1.0,1.0,0.05,5000,1.0,1.075,9
4,124,1,standard,1.0,1.0,0.05,5000,1.0,1.075,9
4,125,1,standard,1.0,1.0,0.05,5000,1.0,1.075,9
4,126,1,standard,1.0,1.0,0.05,5000,1.0,1.075,9
4,127,1,standard,1.0,1.0,0.05,5000,1.0,1.075,9
4,128,1,standard,1.0,1.0,0.05,5000,1.0,1.075,9
4,129,1,standard,1.0,1.0,0.05,5000,1.0,1.075,9
4,130,1,standard,1.0,1.0,0.05,5000,1.0,1.075,9
4,131,1,standard,1.0,1.0,0.05,5000,1.0,1.075,9
4,132,1,standard,1.0,1.0,0.05,5000,1.0,1.075,9
4,133,1,standard,1.0,1.0,0.05,5000,1.0,1.075,9
4,134,1,standard,1.0,1.0,0.05,5000,1.0,1.075,9
4,135,1,standard,1.0,1.0,0.05,5000,1.0,1.075,9
4,136,1,standard,1.0,1.0,0.05,5000,1.0,1.075,9
4,137,1,standard,1.0,1.0,0.05,5000,1.0,1.075,9
4,138,1,standard,1.0,1.0,0.05,5000,1.0,1.075,9
4,139,1,standard,1.0,1.0,0.05,5000,1.0,1.075,9
4,140,1,standard,1.0,1.0,0.05,5000,1.0,1.075,9
4,141,1,standard,1.0,1.0,0.05,5000,1.0,1.075,9
4,142,1,standard,1.0,1.0,0.05,5000,1.0,1.075,5
4,143,1,standard,1.0,1.0,0.05,5000,1.0,1.075,9
4,144,1,standard,1.0,1.0,0.05,5000,1.0,1.075,7
4,145,1,standard,1.0,1.0,0.05,5000,1.0,1.075,7
4,146,1,standard,1.0,1.0,0.05,5000,1.0,1.075,9
4,147,1,standard,1.0,1.0,0.05,5000,1.0,1.075,9
4,148,1,standard,1.0,1.0,0.05,5000,1.0,1.075,9
4,149,1,standard,1.0,1.0,0.05,5000,1.0,1.075,9
4,150,1,standard,1.0,1.0,0.05,5000,1.0,1.075,9
4,151,1,standard,1.0,1.0,0.05,5000,1.0,1.075,9
4,152,1,standard,1.0,1.0,0.05,5000,1.0,1.075,9
4,153,1,standard,1.0,1.0,0.05,5000,1.0,1.075,9
4,154,1,standard,1.0,1.0,0.05,5000,1.0,1.075,5
4,155,1,standard,1.0,1.0,0.05,5000,1.0,1.075,9
4,156,1,standard,1.0,1.0,0.05,5000,1.0,1.075,9
4,157,1,standard,1.0,1.0,0.05,5000,1.0,1.075,9
4,158,1,standard,1.0,1.0,0.05,5000,1.0,1.075,9
4,159,1,standard,1.0,1.0,0.05,5000,1.0,1.075,9
4,160,1,standard,1.0,1.0,0.05,5000,1.0,1.075,9
4,161,1,standard,1.0,1.0,0.05,5000,1.0,1.075,9
4,162,1,standard,1.0,1.0,0.05,5000,1.0,1.075,9
4,163,1,standard,1.0,1.0,0.05,5000,1.0,1.075,7
4,164,1,standard,1.0,1.0,0.05,5000,1.0,1.075,9
4,165,1,standard,1.0,1.0,0.05,5000,1.0,1.075,9
4,166,1,standard,1.0,1.0,0.05,5000,1.0,1.075,9
4,167,1,standard,1.0,1.0,0.05,5000,1.0,1.075,9
4,168,1,standard,1.0,1.0,0.05,5000,1.0,1.075,9
4,169,1,standard,1.0,1.0,0.05,5000,1.0,1.075,9
4,170,1,standard,1.0,1.0,0.05,5000,1.0,1.075,9
4,171,1,standard,1.0,1.0,0.05,5000,1.0,1.075,9
4,172,1,standard,1.0,1.0,0.05,5000,1.0,1.075,9
4,173,1,standard,1.0,1.0,0.05,5000,1.0,1.075,9
4,174,1,standard,1.0,1.0,0.05,5000,1.0,1.075,9
4,175,1,standard,1.0,1.0,0.05,5000,1.0,1.075,9
4,176,1,standard,1.0,1.0,0.05,5000,1.0,1.075,9
4,177,1,standard,1.0,1.0,0.05,5000,1.0,1.075,9
4,178,1,standard,1.0,1.0,0.05,5000,1.0,1.075,9
4,179,1,standard,1.0,1.0,0.05,5000,1.0,1.075,9
4,180,1,standard,1.0,1.0,0.05,5000,1.0,1.075,9
4,181,1,standard,1.0,1.0,0.05,5000,1.0,1.075,9
4,182,1,standard,1.0,1.0,0.05,5000,1.0,1.075,9
4,183,1,standard,1.0,1.0,0.05,5000,1.0,1.075,9
4,184,1,standard,1.0,1.0,0.05,5000,1.0,1.075,9
4,185,1,standard,1.0,1.0,0.05,5000,1.0,1.075,9
4,186,1,standard,1.0,1.0,0.05,5000,1.0,1.075,9
4,187,1,standard,1.0,1.0,0.05,5000,1.0,1.075,9
4,188,1,standard,1.0,1.0,0.05,5000,1.0,1.075,9
4,189,1,standard,1.0,1.0,0.05,5000,1.0,1.075,9
4,190,1,standard,1.0,1.0,0.05,5000,1.0,1.075,9
4,191,1,standard,1.0,1.0,0.05,5000,1.0,1.075,9
4,192,1,standard,1.0,1.0,0.05,5000,1.0,1.075,9
4,193,1,standard,1.0,1.0,0.05,5000,1.0,1.075,9
4,194,1,standard,1.0,1.0,0.05,5000,1.0,1.075,9
4,195,1,standard,1.0,1.0,0.05,5000,1.0,1.075,9
4,196,1,standard,1.0,1.0,0.05,5000,1.0,1.075,9
4,197,1,standard,1.0,1.0,0.05,5000,1.0,1.075,8
4,198,1,standard,1.0,1.0,0.05,5000,1.0,1.075,9
4,199,1,standard,1.0,1.0,0.05,5000,1.0,1.075,9
4,200,1,standard,1.0,1.0,0.05,5000,1.0,1.075,9
4,1,1,standard,1.0,1.0,0.05,5000,1.0,1.1,8
4,2,1,standard,1.0,1.0,0.05,5000,1.0,1.1,8
4,3,1,standard,1.0,1.0,0.05,5000,1.0,1.1,7
4,4,1,standard,1.0,1.0,0.05,5000,1.0,1.1,7
4,5,1,standard,1.0,1.0,0.05,5000,1.0,1.1,8
4,6,1,standard,1.0,1.0,0.05,5000,1.0,1.1,8
4,7,1,standard,1.0,1.0,0.05,5000,1.0,1.1,8
4,8,1,standard,1.0,1.0,0.05,5000,1.0,1.1,7
4,9,1,standard,1.0,1.0,0.05,5000,1.0,1.1,7
4,10,1,standard,1.0,1.0,0.05,5000,1.0,1.1,6
4,11,1,standard,1.0,1.0,0.05,5000,1.0,1.1,7
4,12,1,standard,1.0,1.0,0.05,5000,1.0,1.1,9
4,13,1,standard,1.0,1.0,0.05,5000,1.0,1.1,7
4,14,1,standard,1.0,1.0,0.05,5000,1.0,1.1,7
4,15,1,standard,1.0,1.0,0.05,5000,1.0,1.1,7
4,16,1,standard,1.0,1.0,0.05,5000,1.0,1.1,7
4,17,1,standard,1.0,1.0,0.05,5000,1.0,1.1,9
4,18,1,standard,1.0,1.0,0.05,5000,1.0,1.1,7
4,19,1,standard,1.0,1.0,0.05,5000,1.0,1.1,7
4,20,1,standard,1.0,1.0,0.05,5000,1.0,1.1,7
4,21,1,standard,1.0,1.0,0.05,5000,1.0,1.1,7
4,22,1,standard,1.0,1.0,0.05,5000,1.0,1.1,7
4,23,1,standard,1.0,1.0,0.05,5000,1.0,1.1,7
4,24,1,standard,1.0,1.0,0.05,5000,1.0,1.1,7
4,25,1,standard,1.0,1.0,0.05,5000,1.0,1.1,8
4,26,1,standard,1.0,1.0,0.05,5000,1.0,1.1,7
4,27,1,standard,1.0,1.0,0.05,5000,1.0,1.1,8
4,28,1,standard,1.0,1.0,0.05,5000,1.0,1.1,7
4,29,1,standard,1.0,1.0,0.05,5000,1.0,1.1,8
4,30,1,standard,1.0,1.0,0.05,5000,1.0,1.1,7
4,31,1,standard,1.0,1.0,0.05,5000,1.0,1.1,7
4,32,1,standard,1.0,1.0,0.05,5000,1.0,1.1,7
4,33,1,standard,1.0,1.0,0.05,5000,1.0,1.1,7
4,34,1,standard,1.0,1.0,0.05,5000,1.0,1.1,7
4,35,1,standard,1.0,1.0,0.05,5000,1.0,1.1,7
4,36,1,standard,1.0,1.0,0.05,5000,1.0,1.1,7
4,37,1,standard,1.0,1.0,0.05,5000,1.0,1.1,7
4,38,1,standard,1.0,1.0,0.05,5000,1.0,1.1,8
4,39,1,standard,1.0,1.0,0.05,5000,1.0,1.1,7
4,40,1,standard,1.0,1.0,0.05,5000,1.0,1.1,7
4,41,1,standard,1.0,1.0,0.05,5000,1.0,1.1,7
4,42,1,standard,1.0,1.0,0.05,5000,1.0,1.1,9
4,43,1,standard,1.0,1.0,0.05,5000,1.0,1.1,3
4,44,1,standard,1.0,1.0,0.05,5000,1.0,1.1,7
4,45,1,standard,1.0,1.0,0.05,5000,1.0,1.1,7
4,46,1,standard,1.0,1.0,0.05,5000,1.0,1.1,9
4,47,1,standard,1.0,1.0,0.05,5000,1.0,1.1,7
4,48,1,standard,1.0,1.0,0.05,5000,1.0,1.1,7
4,49,1,standard,1.0,1.0,0.05,5000,1.0,1.1,7
4,50,1,standard,1.0,1.0,0.05,5000,1.0,1.1,7
4,51,1,standard,1.0,1.0,0.05,5000,1.0,1.1,7
4,52,1,standard,1.0,1.0,0.05,5000,1.0,1.1,8
4,53,1,standard,1.0,1.0,0.05,5000,1.0,1.1,7
4,54,1,standard,1.0,1.0,0.05,5000,1.0,1.1,7
4,55,1,standard,1.0,1.0,0.05,5000,1.0,1.1,8
4,56,1,standard,1.0,1.0,0.05,5000,1.0,1.1,8
4,57,1,standard,1.0,1.0,0.05,5000,1.0,1.1,8
4,58,1,standard,1.0,1.0,0.05,5000,1.0,1.1,7
4,59,1,standard,1.0,1.0,0.05,5000,1.0,1.1,7
4,60,1,standard,1.0,1.0,0.05,5000,1.0,1.1,7
4,61,1,standard,1.0,1.0,0.05,5000,1.0,1.1,9
4,62,1,standard,1.0,1.0,0.05,5000,1.0,1.1,9
4,63,1,standard,1.0,1.0,0.05,5000,1.0,1.1,7
4,64,1,standard,1.0,1.0,0.05,5000,1.0,1.1,7
4,65,1,standard,1.0,1.0,0.05,5000,1.0,1.1,7
4,66,1,standard,1.0,1.0,0.05,5000,1.0,1.1,7
4,67,1,standard,1.0,1.0,0.05,5000,1.0,1.1,9
4,68,1,standard,1.0,1.0,0.05,5000,1.0,1.1,7
4,69,1,standard,1.0,1.0,0.05,5000,1.0,1.1,8
4,70,1,standard,1.0,1.0,0.05,5000,1.0,1.1,8
4,71,1,standard,1.0,1.0,0.05,5000,1.0,1.1,7
4,72,1,standard,1.0,1.0,0.05,5000,1.0,1.1,7
4,73,1,standard,1.0,1.0,0.05,5000,1.0,1.1,8
4,74,1,standard,1.0,1.0,0.05,5000,1.0,1.1,8
4,75,1,standard,1.0,1.0,0.05,5000,1.0,1.1,8
4,76,1,standard,1.0,1.0,0.05,5000,1.0,1.1,7
4,77,1,standard,1.0,1.0,0.05,5000,1.0,1.1,7
4,78,1,standard,1.0,1.0,0.05,5000,1.0,1.1,2
4,79,1,standard,1.0,1.0,0.05,5000,1.0,1.1,7
4,80,1,standard,1.0,1.0,0.05,5000,1.0,1.1,7
4,81,1,standard,1.0,1.0,0.05,5000,1.0,1.1,5
4,82,1,standard,1.0,1.0,0.05,5000,1.0,1.1,7
4,83,1,standard,1.0,1.0,0.05,5000,1.0,1.1,8
4,84,1,standard,1.0,1.0,0.05,5000,1.0,1.1,7
4,85,1,standard,1.0,1.0,0.05,5000,1.0,1.1,7
4,86,1,standard,1.0,1.0,0.05,5000,1.0,1.1,7
4,87,1,standard,1.0,1.0,0.05,5000,1.0,1.1,7
4,88,1,standard,1.0,1.0,0.05,5000,1.0,1.1,7
4,89,1,standard,1.0,1.0,0.05,5000,1.0,1.1,8
4,90,1,standard,1.0,1.0,0.05,5000,1.0,1.1,7
4,91,1,standard,1.0,1.0,0.05,5000,1.0,1.1,7
4,92,1,standard,1.0,1.0,0.05,5000,1.0,1.1,7
4,93,1,standard,1.0,1.0,0.05,5000,1.0,1.1,8
4,94,1,standard,1.0,1.0,0.05,5000,1.0,1.1,7
4,95,1,standard,1.0,1.0,0.05,5000,1.0,1.1,7
4,96,1,standard,1.0,1.0,0.05,5000,1.0,1.1,8
4,97,1,standard,1.0,1.0,0.05,5000,1.0,1.1,8
4,98,1,standard,1.0,1.0,0.05,5000,1.0,1.1,8
4,99,1,standard,1.0,1.0,0.05,5000,1.0,1.1,9
4,100,1,standard,1.0,1.0,0.05,5000,1.0,1.1,7
4,101,1,standard,1.0,1.0,0.05,5000,1.0,1.1,7
4,102,1,standard,1.0,1.0,0.05,5000,1.0,1.1,7
4,103,1,standard,1.0,1.0,0.05,5000,1.0,1.1,7
4,104,1,standard,1.0,1.0,0.05,5000,1.0,1.1,8
4,105,1,standard,1.0,1.0,0.05,5000,1.0,1.1,7
4,106,1,standard,1.0,1.0,0.05,5000,1.0,1.1,7
4,107,1,standard,1.0,1.0,0.05,5000,1.0,1.1,8
4,108,1,standard,1.0,1.0,0.05,5000,1.0,1.1,8
4,109,1,standard,1.0,1.0,0.05,5000,1.0,1.1,8
4,110,1,standard,1.0,1.0,0.05,5000,1.0,1.1,7
4,111,1,standard,1.0,1.0,0.05,5000,1.0,1.1,7
4,112,1,standard,1.0,1.0,0.05,5000,1.0,1.1,7
4,113,1,standard,1.0,1.0,0.05,5000,1.0,1.1,7
4,114,1,standard,1.0,1.0,0.05,5000,1.0,1.1,7
4,115,1,standard,1.0,1.0,0.05,5000,1.0,1.1,8
4,116,1,standard,1.0,1.0,0.05,5000,1.0,1.1,7
4,117,1,standard,1.0,1.0,0.05,5000,1.0,1.1,7
4,118,1,standard,1.0,1.0,0.05,5000,1.0,1.1,4
4,119,1,standard,1.0,1.0,0.05,5000,1.0,1.1,7
4,120,1,standard,1.0,1.0,0.05,5000,1.0,1.1,7
4,121,1,standard,1.0,1.0,0.05,5000,1.0,1.1,7
4,122,1,standard,1.0,1.0,0.05,5000,1.0,1.1,7
4,123,1,standard,1.0,1.0,0.05,5000,1.0,1.1,9
4,124,1,standard,1.0,1.0,0.05,5000,1.0,1.1,8
4,125,1,standard,1.0,1.0,0.05,5000,1.0,1.1,7
4,126,1,standard,1.0,1.0,0.05,5000,1.0,1.1,8
4,127,1,standard,1.0,1.0,0.05,5000,1.0,1.1,7
4,128,1,standard,1.0,1.0,0.05,5000,1.0,1.1,7
4,129,1,standard,1.0,1.0,0.05,5000,1.0,1.1,7
4,130,1,standard,1.0,1.0,0.05,5000,1.0,1.1,8
4,131,1,standard,1.0,1.0,0.05,5000,1.0,1.1,7
4,132,1,standard,1.0,1.0,0.05,5000,1.0,1.1,7
4,133,1,standard,1.0,1.0,0.05,5000,1.0,1.1,7
4,134,1,standard,1.0,1.0,0.05,5000,1.0,1.1,7
4,135,1,standard,1.0,1.0,0.05,5000,1.0,1.1,7
4,136,1,standard,1.0,1.0,0.05,5000,1.0,1.1,8
4,137,1,standard,1.0,1.0,0.05,5000,1.0,1.1,7
4,138,1,standard,1.0,1.0,0.05,5000,1.0,1.1,7
4,139,1,standard,1.0,1.0,0.05,5000,1.0,1.1,8
4,140,1,standard,1.0,1.0,0.05,5000,1.0,1.1,7
4,141,1,standard,1.0,1.0,0.05,5000,1.0,1.1,7
4,142,1,standard,1.0,1.0,0.05,5000,1.0,1.1,4
4,143,1,standard,1.0,1.0,0.05,5000,1.0,1.1,7
4,144,1,standard,1.0,1.0,0.05,5000,1.0,1.1,6
4,145,1,standard,1.0,1.0,0.05,5000,1.0,1.1,5
4,146,1,standard,1.0,1.0,0.05,5000,1.0,1.1,7
4,147,1,standard,1.0,1.0,0.05,5000,1.0,1.1,9
4,148,1,standard,1.0,1.0,0.05,5000,1.0,1.1,7
4,149,1,standard,1.0,1.0,0.05,5000,1.0,1.1,7
4,150,1,standard,1.0,1.0,0.05,5000,1.0,1.1,7
4,151,1,standard,1.0,1.0,0.05,5000,1.0,1.1,7
4,152,1,standard,1.0,1.0,0.05,5000,1.0,1.1,7
4,153,1,standard,1.0,1.0,0.05,5000,1.0,1.1,8
4,154,1,standard,1.0,1.0,0.05,5000,1.0,1.1,4
4,155,1,standard,1.0,1.0,0.05,5000,1.0,1.1,7
4,156,1,standard,1.0,1.0,0.05,5000,1.0,1.1,7
4,157,1,standard,1.0,1.0,0.05,5000,1.0,1.1,8
4,158,1,standard,1.0,1.0,0.05,5000,1.0,1.1,8
4,159,1,standard,1.0,1.0,0.05,5000,1.0,1.1,7
4,160,1,standard,1.0,1.0,0.05,5000,1.0,1.1,7
4,161,1,standard,1.0,1.0,0.05,5000,1.0,1.1,9
4,162,1,standard,1.0,1.0,0.05,5000,1.0,1.1,8
4,163,1,standard,1.0,1.0,0.05,5000,1.0,1.1,5
4,164,1,standard,1.0,1.0,0.05,5000,1.0,1.1,7
4,165,1,standard,1.0,1.0,0.05,5000,1.0,1.1,7
4,166,1,standard,1.0,1.0,0.05,5000,1.0,1.1,7
4,167,1,standard,1.0,1.0,0.05,5000,1.0,1.1,7
4,168,1,standard,1.0,1.0,0.05,5000,1.0,1.1,7
4,169,1,standard,1.0,1.0,0.05,5000,1.0,1.1,7
4,170,1,standard,1.0,1.0,0.05,5000,1.0,1.1,7
4,171,1,standard,1.0,1.0,0.05,5000,1.0,1.1,8
4,172,1,standard,1.0,1.0,0.05,5000,1.0,1.1,7
4,173,1,standard,1.0,1.0,0.05,5000,1.0,1.1,8
4,174,1,standard,1.0,1.0,0.05,5000,1.0,1.1,8
4,175,1,standard,1.0,1.0,0.05,5000,1.0,1.1,7
4,176,1,standard,1.0,1.0,0.05,5000,1.0,1.1,8
4,177,1,standard,1.0,1.0,0.05,5000,1.0,1.1,7
4,178,1,standard,1.0,1.0,0.05,5000,1.0,1.1,7
4,179,1,standard,1.0,1.0,0.05,5000,1.0,1.1,8
4,180,1,standard,1.0,1.0,0.05,5000,1.0,1.1,7
4,181,1,standard,1.0,1.0,0.05,5000,1.0,1.1,9
4,182,1,standard,1.0,1.0,0.05,5000,1.0,1.1,7
4,183,1,standard,1.0,1.0,0.05,5000,1.0,1.1,7
4,184,1,standard,1.0,1.0,0.05,5000,1.0,1.1,8
4,185,1,standard,1.0,1.0,0.05,5000,1.0,1.1,7
4,186,1,standard,1.0,1.0,0.05,5000,1.0,1.1,7
4,187,1,standard,1.0,1.0,0.05,5000,1.0,1.1,7
4,188,1,standard,1.0,1.0,0.05,5000,1.0,1.1,7
4,189,1,standard,1.0,1.0,0.05,5000,1.0,1.1,8
4,190,1,standard,1.0,1.0,0.05,5000,1.0,1.1,7
4,191,1,standard,1.0,1.0,0.05,5000,1.0,1.1,8
4,192,1,standard,1.0,1.0,0.05,5000,1.0,1.1,7
4,193,1,standard,1.0,1.0,0.05,5000,1.0,1.1,8
4,194,1,standard,1.0,1.0,0.05,5000,1.0,1.1,7
4,195,1,standard,1.0,1.0,0.05,5000,1.0,1.1,7
4,196,1,standard,1.0,1.0,0.05,5000,1.0,1.1,7
4,197,1,standard,1.0,1.0,0.05,5000,1.0,1.1,7
4,198,1,standard,1.0,1.0,0.05,5000,1.0,1.1,7
4,199,1,standard,1.0,1.0,0.05,5000,1.0,1.1,8
4,200,1,standard,1.0,1.0,0.05,5000,1.0,1.1,7
2,1,1,detmle,1.0,1.0,0.05,5000,1.0,1.0,1
2,2,1,detmle,1.0,1.0,0.05,5000,1.0,1.0,2
2,3,1,detmle,1.0,1.0,0.05,5000,1.0,1.0,3
2,4,1,detmle,1.0,1.0,0.05,5000,1.0,1.0,2
2,5,1,detmle,1.0,1.0,0.05,5000,1.0,1.0,3
2,6,1,detmle,1.0,1.0,0.05,5000,1.0,1.0,2
2,7,1,detmle,1.0,1.0,0.05,5000,1.0,1.0,1
2,8,1,detmle,1.0,1.0,0.05,5000,1.0,1.0,4
2,9,1,detmle,1.0,1.0,0.05,5000,1.0,1.0,4
2,10,1,detmle,1.0,1.0,0.05,5000,1.0,1.0,3
2,11,1,detmle,1.0,1.0,0.05,5000,1.0,1.0,3
2,12,1,detmle,1.0,1.0,0.05,5000,1.0,1.0,3
2,13,1,detmle,1.0,1.0,0.05,5000,1.0,1.0,3
2,14,1,detmle,1.0,1.0,0.05,5000,1.0,1.0,4
2,15,1,detmle,1.0,1.0,0.05,5000,1.0,1.0,3
2,16,1,detmle,1.0,1.0,0.05,5000,1.0,1.0,3
2,17,1,detmle,1.0,1.0,0.05,5000,1.0,1.0,3
2,18,1,detmle,1.0,1.0,0.05,5000,1.0,1.0,4
2,19,1,detmle,1.0,1.0,0.05,5000,1.0,1.0,3
2,20,1,detmle,1.0,1.0,0.05,5000,1.0,1.0,3
2,21,1,detmle,1.0,1.0,0.05,5000,1.0,1.0,4
2,22,1,detmle,1.0,1.0,0.05,5000,1.0,1.0,3
2,23,1,detmle,1.0,1.0,0.05,5000,1.0,1.0,3
2,24,1,detmle,1.0,1.0,0.05,5000,1.0,1.0,3
2,25,1,detmle,1.0,1.0,0.05,5000,1.0,1.0,3
2,26,1,detmle,1.0,1.0,0.05,5000,1.0,1.0,3
2,27,1,detmle,1.0,1.0,0.05,5000,1.0,1.0,4
2,28,1,detmle,1.0,1.0,0.05,5000,1.0,1.0,3
2,29,1,detmle,1.0,1.0,0.05,5000,1.0,1.0,2
2,30,1,detmle,1.0,1.0,0.05,5000,1.0,1.0,3
2,31,1,detmle,1.0,1.0,0.05,5000,1.0,1.0,3
2,32,1,detmle,1.0,1.0,0.05,5000,1.0,1.0,3
2,33,1,detmle,1.0,1.0,0.05,5000,1.0,1.0,3
2,34,1,detmle,1.0,1.0,0.05,5000,1.0,1.0,3
2,35,1,detmle,1.0,1.0,0.05,5000,1.0,1.0,3
2,36,1,detmle,1.0,1.0,0.05,5000,1.0,1.0,4
2,37,1,detmle,1.0,1.0,0.05,5000,1.0,1.0,3
2,38,1,detmle,1.0,1.0,0.05,5000,1.0,1.0,3
2,39,1,detmle,1.0,1.0,0.05,5000,1.0,1.0,3
2,40,1,detmle,1.0,1.0,0.05,5000,1.0,1.0,2
2,41,1,detmle,1.0,1.0,0.05,5000,1.0,1.0,2
2,42,1,detmle,1.0,1.0,0.05,5000,1.0,1.0,3
2,43,1,detmle,1.0,1.0,0.05,5000,1.0,1.0,4
2,44,1,detmle,1.0,1.0,0.05,5000,1.0,1.0,3
2,45,1,detmle,1.0,1.0,0.05,5000,1.0,1.0,4
2,46,1,detmle,1.0,1.0,0.05,5000,1.0,1.0,2
2,47,1,detmle,1.0,1.0,0.05,5000,1.0,1.0,3
2,48,1,detmle,1.0,1.0,0.05,5000,1.0,1.0,2
2,49,1,detmle,1.0,1.0,0.05,5000,1.0,1.0,4
2,50,1,detmle,1.0,1.0,0.05,5000,1.0,1.0,3
2,51,1,detmle,1.0,1.0,0.05,5000,1.0,1.0,2
2,52,1,detmle,1.0,1.0,0.05,5000,1.0,1.0,2
2,53,1,detmle,1.0,1.0,0.05,5000,1.0,1.0,4
2,54,1,detmle,1.0,1.0,0.05,5000,1.0,1.0,3
2,55,1,detmle,1.0,1.0,0.05,5000,1.0,1.0,4
2,56,1,detmle,1.0,1.0,0.05,5000,1.0,1.0,3
2,57,1,detmle,1.0,1.0,0.05,5000,1.0,1.0,3
2,58,1,detmle,1.0,1.0,0.05,5000,1.0,1.0,3
2,59,1,detmle,1.0,1.0,0.05,5000,1.0,1.0,2
2,60,1,detmle,1.0,1.0,0.05,5000,1.0,1.0,2
2,61,1,detmle,1.0,1.0,0.05,5000,1.0,1.0,3
2,62,1,detmle,1.0,1.0,0.05,5000,1.0,1.0,3
2,63,1,detmle,1.0,1.0,0.05,5000,1.0,1.0,4
2,64,1,detmle,1.0,1.0,0.05,5000,1.0,1.0,2
2,65,1,detmle,1.0,1.0,0.05,5000,1.0,1.0,3
2,66,1,detmle,1.0,1.0,0.05,5000,1.0,1.0,3
2,67,1,detmle,1.0,1.0,0.05,5000,1.0,1.0,3
2,68,1,detmle,1.0,1.0,0.05,5000,1.0,1.0,3
2,69,1,detmle,1.0,1.0,0.05,5000,1.0,1.0,3
2,70,1,detmle,1.0,1.0,0.05,5000,1.0,1.0,2
2,71,1,detmle,1.0,1.0,0.05,5000,1.0,1.0,2
2,72,1,detmle,1.0,1.0,0.05,5000,1.0,1.0,4
2,73,1,detmle,1.0,1.0,0.05,5000,1.0,1.0,1
2,74,1,detmle,1.0,1.0,0.05,5000,1.0,1.0,2
2,75,1,detmle,1.0,1.0,0.05,5000,1.0,1.0,3
2,76,1,detmle,1.0,1.0,0.05,5000,1.0,1.0,3
2,77,1,detmle,1.0,1.0,0.05,5000,1.0,1.0,2
2,78,1,detmle,1.0,1.0,0.05,5000,1.0,1.0,2
2,79,1,detmle,1.0,1.0,0.05,5000,1.0,1.0,4
2,80,1,detmle,1.0,1.0,0.05,5000,1.0,1.0,3
2,81,1,detmle,1.0,1.0,0.05,5000,1.0,1.0,2
2,82,1,detmle,1.0,1.0,0.05,5000,1.0,1.0,3
2,83,1,detmle,1.0,1.0,0.05,5000,1.0,1.0,2
2,84,1,detmle,1.0,1.0,0.05,5000,1.0,1.0,3
2,85,1,detmle,1.0,1.0,0.05,5000,1.0,1.0,3
2,86,1,detmle,1.0,1.0,0.05,5000,1.0,1.0,3
2,87,1,detmle,1.0,1.0,0.05,5000,1.0,1.0,3
2,88,1,detmle,1.0,1.0,0.05,5000,1.0,1.0,2
2,89,1,detmle,1.0,1.0,0.05,5000,1.0,1.0,3
2,90,1,detmle,1.0,1.0,0.05,5000,1.0,1.0,3
2,91,1,detmle,1.0,1.0,0.05,5000,1.0,1.0,3
2,92,1,detmle,1.0,1.0,0.05,5000,1.0,1.0,1
2,93,1,detmle,1.0,1.0,0.05,5000,1.0,1.0,3
2,94,1,detmle,1.0,1.0,0.05,5000,1.0,1.0,4
2,95,1,detmle,1.0,1.0,0.05,5000,1.0,1.0,3
2,96,1,detmle,1.0,1.0,0.05,5000,1.0,1.0,3
2,97,1,detmle,1.0,1.0,0.05,5000,1.0,1.0,3
2,98,1,detmle,1.0,1.0,0.05,5000,1.0,1.0,4
2,99,1,detmle,1.0,1.0,0.05,5000,1.0,1.0,3
2,100,1,detmle,1.0,1.0,0.05,5000,1.0,1.0,3
2,101,1,detmle,1.0,1.0,0.05,5000,1.0,1.0,3
2,102,1,detmle,1.0,1.0,0.05,5000,1.0,1.0,3
2,103,1,detmle,1.0,1.0,0.05,5000,1.0,1.0,4
2,104,1,detmle,1.0,1.0,0.05,5000,1.0,1.0,4
2,105,1,detmle,1.0,1.0,0.05,5000,1.0,1.0,3
2,106,1,detmle,1.0,1.0,0.05,5000,1.0,1.0,3
2,107,1,detmle,1.0,1.0,0.05,5000,1.0,1.0,1
2,108,1,detmle,1.0,1.0,0.05,5000,1.0,1.0,2
2,109,1,detmle,1.0,1.0,0.05,5000,1.0,1.0,3
2,110,1,detmle,1.0,1.0,0.05,5000,1.0,1.0,4
2,111,1,detmle,1.0,1.0,0.05,5000,1.0,1.0,3
2,112,1,detmle,1.0,1.0,0.05,5000,1.0,1.0,4
2,113,1,detmle,1.0,1.0,0.05,5000,1.0,1.0,3
2,114,1,detmle,1.0,1.0,0.05,5000,1.0,1.0,2
2,115,1,detmle,1.0,1.0,0.05,5000,1.0,1.0,4
2,116,1,detmle,1.0,1.0,0.05,5000,1.0,1.0,3
2,117,1,detmle,1.0,1.0,0.05,5000,1.0,1.0,3
2,118,1,detmle,1.0,1.0,0.05,5000,1.0,1.0,3
2,119,1,detmle,1.0,1.0,0.05,5000,1.0,1.0,3
2,120,1,detmle,1.0,1.0,0.05,5000,1.0,1.0,3
2,121,1,detmle,1.0,1.0,0.05,5000,1.0,1.0,3
2,122,1,detmle,1.0,1.0,0.05,5000,1.0,1.0,3
2,123,1,detmle,1.0,1.0,0.05,5000,1.0,1.0,2
2,124,1,detmle,1.0,1.0,0.05,5000,1.0,1.0,4
2,125,1,detmle,1.0,1.0,0.05,5000,1.0,1.0,3
2,126,1,detmle,1.0,1.0,0.05,5000,1.0,1.0,4
2,127,1,detmle,1.0,1.0,0.05,5000,1.0,1.0,3
2,128,1,detmle,1.0,1.0,0.05,5000,1.0,1.0,3
2,129,1,detmle,1.0,1.0,0.05,5000,1.0,1.0,3
2,130,1,detmle,1.0,1.0,0.05,5000,1.0,1.0,2
2,131,1,detmle,1.0,1.0,0.05,5000,1.0,1.0,2
2,132,1,detmle,1.0,1.0,0.05,5000,1.0,1.0,4
2,133,1,detmle,1.0,1.0,0.05,5000,1.0,1.0,2
2,134,1,detmle,1.0,1.0,0.05,5000,1.0,1.0,4
2,135,1,detmle,1.0,1.0,0.05,5000,1.0,1.0,3
2,136,1,detmle,1.0,1.0,0.05,5000,1.0,1.0,2
2,137,1,detmle,1.0,1.0,0.05,5000,1.0,1.0,2
2,138,1,detmle,1.0,1.0,0.05,5000,1.0,1.0,3
2,139,1,detmle,1.0,1.0,0.05,5000,1.0,1.0,2
2,140,1,detmle,1.0,1.0,0.05,5000,1.0,1.0,3
2,141,1,detmle,1.0,1.0,0.05,5000,1.0,1.0,3
2,142,1,detmle,1.0,1.0,0.05,5000,1.0,1.0,2
2,143,1,detmle,1.0,1.0,0.05,5000,1.0,1.0,3
2,144,1,detmle,1.0,1.0,0.05,5000,1.0,1.0,2
2,145,1,detmle,1.0,1.0,0.05,5000,1.0,1.0,1
2,146,1,detmle,1.0,1.0,0.05,5000,1.0,1.0,3
2,147,1,detmle,1.0,1.0,0.05,5000,1.0,1.0,2
2,148,1,detmle,1.0,1.0,0.05,5000,1.0,1.0,3
2,149,1,detmle,1.0,1.0,0.05,5000,1.0,1.0,2
2,150,1,detmle,1.0,1.0,0.05,5000,1.0,1.0,3
2,151,1,detmle,1.0,1.0,0.05,5000,1.0,1.0,2
2,152,1,detmle,1.0,1.0,0.05,5000,1.0,1.0,4
2,153,1,detmle,1.0,1.0,0.05,5000,1.0,1.0,2
2,154,1,detmle,1.0,1.0,0.05,5000,1.0,1.0,2
2,155,1,detmle,1.0,1.0,0.05,5000,1.0,1.0,3
2,156,1,detmle,1.0,1.0,0.05,5000,1.0,1.0,3
2,157,1,detmle,1.0,1.0,0.05,5000,1.0,1.0,4
2,158,1,detmle,1.0,1.0,0.05,5000,1.0,1.0,2
2,159,1,detmle,1.0,1.0,0.05,5000,1.0,1.0,3
2,160,1,detmle,1.0,1.0,0.05,5000,1.0,1.0,4
2,161,1,detmle,1.0,1.0,0.05,5000,1.0,1.0,3
2,162,1,detmle,1.0,1.0,0.05,5000,1.0,1.0,3
2,163,1,detmle,1.0,1.0,0.05,5000,1.0,1.0,1
2,164,1,detmle,1.0,1.0,0.05,5000,1.0,1.0,3
2,165,1,detmle,1.0,1.0,0.05,5000,1.0,1.0,2
2,166,1,detmle,1.0,1.0,0.05,5000,1.0,1.0,3
2,167,1,detmle,1.0,1.0,0.05,5000,1.0,1.0,3
2,168,1,detmle,1.0,1.0,0.05,5000,1.0,1.0,3
2,169,1,detmle,1.0,1.0,0.05,5000,1.0,1.0,4
2,170,1,detmle,1.0,1.0,0.05,5000,1.0,1.0,3
2,171,1,detmle,1.0,1.0,0.05,5000,1.0,1.0,1
2,172,1,detmle,1.0,1.0,0.05,5000,1.0,1.0,4
2,173,1,detmle,1.0,1.0,0.05,5000,1.0,1.0,2
2,174,1,detmle,1.0,1.0,0.05,5000,1.0,1.0,3
2,175,1,detmle,1.0,1.0,0.05,5000,1.0,1.0,3
2,176,1,detmle,1.0,1.0,0.05,5000,1.0,1.0,2
2,177,1,detmle,1.0,1.0,0.05,5000,1.0,1.0,2
2,178,1,detmle,1.0,1.0,0.05,5000,1.0,1.0,3
2,179,1,detmle,1.0,1.0,0.05,5000,1.0,1.0,2
2,180,1,detmle,1.0,1.0,0.05,5000,1.0,1.0,3
2,181,1,detmle,1.0,1.0,0.05,5000,1.0,1.0,2
2,182,1,detmle,1.0,1.0,0.05,5000,1.0,1.0,3
2,183,1,detmle,1.0,1.0,0.05,5000,1.0,1.0,3
2,184,1,detmle,1.0,1.0,0.05,5000,1.0,1.0,2
2,185,1,detmle,1.0,1.0,0.05,5000,1.0,1.0,3
2,186,1,detmle,1.0,1.0,0.05,5000,1.0,1.0,3
2,187,1,detmle,1.0,1.0,0.05,5000,1.0,1.0,3
2,188,1,detmle,1.0,1.0,0.05,5000,1.0,1.0,3
2,189,1,detmle,1.0,1.0,0.05,5000,1.0,1.0,4
2,190,1,detmle,1.0,1.0,0.05,5000,1.0,1.0,3
2,191,1,detmle,1.0,1.0,0.05,5000,1.0,1.0,4
2,192,1,detmle,1.0,1.0,0.05,5000,1.0,1.0,3
2,193,1,detmle,1.0,1.0,0.05,5000,1.0,1.0,4
2,194,1,detmle,1.0,1.0,0.05,5000,1.0,1.0,4
2,195,1,detmle,1.0,1.0,0.05,5000,1.0,1.0,3
2,196,1,detmle,1.0,1.0,0.05,5000,1.0,1.0,3
2,197,1,detmle,1.0,1.0,0.05,5000,1.0,1.0,3
2,198,1,detmle,1.0,1.0,0.05,5000,1.0,1.0,2
2,199,1,detmle,1.0,1.0,0.05,5000,1.0,1.0,4
2,200,1,detmle,1.0,1.0,0.05,5000,1.0,1.0,3
2,1,1,detmle,1.0,1.0,0.05,5000,1.0,1.025,1
2,2,1,detmle,1.0,1.0,0.05,5000,1.0,1.025,2
2,3,1,detmle,1.0,1.0,0.05,5000,1.0,1.025,3
2,4,1,detmle,1.0,1.0,0.05,5000,1.0,1.025,2
2,5,1,detmle,1.0,1.0,0.05,5000,1.0,1.025,3
2,6,1,detmle,1.0,1.0,0.05,5000,1.0,1.025,2
2,7,1,detmle,1.0,1.0,0.05,5000,1.0,1.025,1
2,8,1,detmle,1.0,1.0,0.05,5000,1.0,1.025,3
2,9,1,detmle,1.0,1.0,0.05,5000,1.0,1.025,3
2,10,1,detmle,1.0,1.0,0.05,5000,1.0,1.025,3
2,11,1,detmle,1.0,1.0,0.05,5000,1.0,1.025,3
2,12,1,detmle,1.0,1.0,0.05,5000,1.0,1.025,3
2,13,1,detmle,1.0,1.0,0.05,5000,1.0,1.025,3
2,14,1,detmle,1.0,1.0,0.05,5000,1.0,1.025,4
2,15,1,detmle,1.0,1.0,0.05,5000,1.0,1.025,3
2,16,1,detmle,1.0,1.0,0.05,5000,1.0,1.025,3
2,17,1,detmle,1.0,1.0,0.05,5000,1.0,1.025,3
2,18,1,detmle,1.0,1.0,0.05,5000,1.0,1.025,4
2,19,1,detmle,1.0,1.0,0.05,5000,1.0,1.025,3
2,20,1,detmle,1.0,1.0,0.05,5000,1.0,1.025,3
2,21,1,detmle,1.0,1.0,0.05,5000,1.0,1.025,4
2,22,1,detmle,1.0,1.0,0.05,5000,1.0,1.025,3
2,23,1,detmle,1.0,1.0,0.05,5000,1.0,1.025,2
2,24,1,detmle,1.0,1.0,0.05,5000,1.0,1.025,3
2,25,1,detmle,1.0,1.0,0.05,5000,1.0,1.025,3
2,26,1,detmle,1.0,1.0,0.05,5000,1.0,1.025,3
2,27,1,detmle,1.0,1.0,0.05,5000,1.0,1.025,3
2,28,1,detmle,1.0,1.0,0.05,5000,1.0,1.025,3
2,29,1,detmle,1.0,1.0,0.05,5000,1.0,1.025,2
2,30,1,detmle,1.0,1.0,0.05,5000,1.0,1.025,3
2,31,1,detmle,1.0,1.0,0.05,5000,1.0,1.025,3
2,32,1,detmle,1.0,1.0,0.05,5000,1.0,1.025,3
2,33,1,detmle,1.0,1.0,0.05,5000,1.0,1.025,3
2,34,1,detmle,1.0,1.0,0.05,5000,1.0,1.025,3
2,35,1,detmle,1.0,1.0,0.05,5000,1.0,1.025,3
2,36,1,detmle,1.0,1.0,0.05,5000,1.0,1.025,4
2,37,1,detmle,1.0,1.0,0.05,5000,1.0,1.025,3
2,38,1,detmle,1.0,1.0,0.05,5000,1.0,1.025,3
2,39,1,detmle,1.0,1.0,0.05,5000,1.0,1.025,3
2,40,1,detmle,1.0,1.0,0.05,5000,1.0,1.025,2
2,41,1,detmle,1.0,1.0,0.05,5000,1.0,1.025,2
2,42,1,detmle,1.0,1.0,0.05,5000,1.0,1.025,3
2,43,1,detmle,1.0,1.0,0.05,5000,1.0,1.025,4
2,44,1,detmle,1.0,1.0,0.05,5000,1.0,1.025,3
2,45,1,detmle,1.0,1.0,0.05,5000,1.0,1.025,4
2,46,1,detmle,1.0,1.0,0.05,5000,1.0,1.025,2
2,47,1,detmle,1.0,1.0,0.05,5000,1.0,1.025,3
2,48,1,detmle,1.0,1.0,0.05,5000,1.0,1.025,2
2,49,1,detmle,1.0,1.0,0.05,5000,1.0,1.025,4
2,50,1,detmle,1.0,1.0,0.05,5000,1.0,1.025,3
2,51,1,detmle,1.0,1.0,0.05,5000,1.0,1.025,2
2,52,1,detmle,1.0,1.0,0.05,5000,1.0,1.025,2
2,53,1,detmle,1.0,1.0,0.05,5000,1.0,1.025,4
2,54,1,detmle,1.0,1.0,0.05,5000,1.0,1.025,3
2,55,1,detmle,1.0,1.0,0.05,5000,1.0,1.025,3
2,56,1,detmle,1.0,1.0,0.05,5000,1.0,1.025,3
2,57,1,detmle,1.0,1.0,0.05,5000,1.0,1.025,3
2,58,1,detmle,1.0,1.0,0.05,5000,1.0,1.025,3
2,59,1,detmle,1.0,1.0,0.05,5000,1.0,1.025,2
2,60,1,detmle,1.0,1.0,0.05,5000,1.0,1.025,2
2,61,1,detmle,1.0,1.0,0.05,5000,1.0,1.025,3
2,62,1,detmle,1.0,1.0,0.05,5000,1.0,1.025,3
2,63,1,detmle,1.0,1.0,0.05,5000,1.0,1.025,3
2,64,1,detmle,1.0,1.0,0.05,5000,1.0,1.025,2
2,65,1,detmle,1.0,1.0,0.05,5000,1.0,1.025,3
2,66,1,detmle,1.0,1.0,0.05,5000,1.0,1.025,3
2,67,1,detmle,1.0,1.0,0.05,5000,1.0,1.025,3
2,68,1,detmle,1.0,1.0,0.05,5000,1.0,1.025,3
2,69,1,detmle,1.0,1.0,0.05,5000,1.0,1.025,3
2,70,1,detmle,1.0,1.0,0.05,5000,1.0,1.025,2
2,71,1,detmle,1.0,1.0,0.05,5000,1.0,1.025,2
2,72,1,detmle,1.0,1.0,0.05,5000,1.0,1.025,4
2,73,1,detmle,1.0,1.0,0.05,5000,1.0,1.025,1
2,74,1,detmle,1.0,1.0,0.05,5000,1.0,1.025,2
2,75,1,detmle,1.0,1.0,0.05,5000,1.0,1.025,3
2,76,1,detmle,1.0,1.0,0.05,5000,1.0,1.025,3
2,77,1,detmle,1.0,1.0,0.05,5000,1.0,1.025,2
2,78,1,detmle,1.0,1.0,0.05,5000,1.0,1.025,2
2,79,1,detmle,1.0,1.0,0.05,5000,1.0,1.025,4
2,80,1,detmle,1.0,1.0,0.05,5000,1.0,1.025,3
2,81,1,detmle,1.0,1.0,0.05,5000,1.0,1.025,2
2,82,1,detmle,1.0,1.0,0.05,5000,1.0,1.025,3
2,83,1,detmle,1.0,1.0,0.05,5000,1.0,1.025,2
2,84,1,detmle,1.0,1.0,0.05,5000,1.0,1.025,3
2,85,1,detmle,1.0,1.0,0.05,5000,1.0,1.025,3
2,86,1,detmle,1.0,1.0,0.05,5000,1.0,1.025,3
2,87,1,detmle,1.0,1.0,0.05,5000,1.0,1.025,3
2,88,1,detmle,1.0,1.0,0.05,5000,1.0,1.025,2
2,89,1,detmle,1.0,1.0,0.05,5000,1.0,1.025,3
2,90,1,detmle,1.0,1.0,0.05,5000,1.0,1.025,3
2,91,1,detmle,1.0,1.0,0.05,5000,1.0,1.025,3
2,92,1,detmle,1.0,1.0,0.05,5000,1.0,1.025,1
2,93,1,detmle,1.0,1.0,0.05,5000,1.0,1.025,3
2,94,1,detmle,1.0,1.0,0.05,5000,1.0,1.025,3
2,95,1,detmle,1.0,1.0,0.05,5000,1.0,1.025,3
2,96,1,detmle,1.0,1.0,0.05,5000,1.0,1.025,3
2,97,1,detmle,1.0,1.0,0.05,5000,1.0,1.025,3
2,98,1,detmle,1.0,1.0,0.05,5000,1.0,1.025,4
2,99,1,detmle,1.0,1.0,0.05,5000,1.0,1.025,3
2,100,1,detmle,1.0,1.0,0.05,5000,1.0,1.025,2
2,101,1,detmle,1.0,1.0,0.05,5000,1.0,1.025,3
2,102,1,detmle,1.0,1.0,0.05,5000,1.0,1.025,3
2,103,1,detmle,1.0,1.0,0.05,5000,1.0,1.025,3
2,104,1,detmle,1.0,1.0,0.05,5000,1.0,1.025,4
2,105,1,detmle,1.0,1.0,0.05,5000,1.0,1.025,3
2,106,1,detmle,1.0,1.0,0.05,5000,1.0,1.025,3
2,107,1,detmle,1.0,1.0,0.05,5000,1.0,1.025,1
2,108,1,detmle,1.0,1.0,0.05,5000,1.0,1.025,2
2,109,1,detmle,1.0,1.0,0.05,5000,1.0,1.025,3
2,110,1,detmle,1.0,1.0,0.05,5000,1.0,1.025,4
2,111,1,detmle,1.0,1.0,0.05,5000,1.0,1.025,3
2,112,1,detmle,1.0,1.0,0.05,5000,1.0,1.025,3
2,113,1,detmle,1.0,1.0,0.05,5000,1.0,1.025,3
2,114,1,detmle,1.0,1.0,0.05,5000,1.0,1.025,2
2,115,1,detmle,1.0,1.0,0.05,5000,1.0,1.025,3
2,116,1,detmle,1.0,1.0,0.05,5000,1.0,1.025,3
2,117,1,detmle,1.0,1.0,0.05,5000,1.0,1.025,3
2,118,1,detmle,1.0,1.0,0.05,5000,1.0,1.025,3
2,119,1,detmle,1.0,1.0,0.05,5000,1.0,1.025,3
2,120,1,detmle,1.0,1.0,0.05,5000,1.0,1.025,3
2,121,1,detmle,1.0,1.0,0.05,5000,1.0,1.025,3
2,122,1,detmle,1.0,1.0,0.05,5000,1.0,1.025,3
2,123,1,detmle,1.0,1.0,0.05,5000,1.0,1.025,2
2,124,1,detmle,1.0,1.0,0.05,5000,1.0,1.025,4
2,125,1,detmle,1.0,1.0,0.05,5000,1.0,1.025,3
2,126,1,detmle,1.0,1.0,0.05,5000,1.0,1.025,4
2,127,1,detmle,1.0,1.0,0.05,5000,1.0,1.025,3
2,128,1,detmle,1.0,1.0,0.05,5000,1.0,1.025,3
2,129,1,detmle,1.0,1.0,0.05,5000,1.0,1.025,3
2,130,1,detmle,1.0,1.0,0.05,5000,1.0,1.025,2
2,131,1,detmle,1.0,1.0,0.05,5000,1.0,1.025,2
2,132,1,detmle,1.0,1.0,0.05,5000,1.0,1.025,4
2,133,1,detmle,1.0,1.0,0.05,5000,1.0,1.025,2
2,134,1,detmle,1.0,1.0,0.05,5000,1.0,1.025,4
2,135,1,detmle,1.0,1.0,0.05,5000,1.0,1.025,3
2,136,1,detmle,1.0,1.0,0.05,5000,1.0,1.025,2
2,137,1,detmle,1.0,1.0,0.05,5000,1.0,1.025,2
2,138,1,detmle,1.0,1.0,0.05,5000,1.0,1.025,3
2,139,1,detmle,1.0,1.0,0.05,5000,1.0,1.025,2
2,140,1,detmle,1.0,1.0,0.05,5000,1.0,1.025,3
2,141,1,detmle,1.0,1.0,0.05,5000,1.0,1.025,3
2,142,1,detmle,1.0,1.0,0.05,5000,1.0,1.025,2
2,143,1,detmle,1.0,1.0,0.05,5000,1.0,1.025,3
2,144,1,detmle,1.0,1.0,0.05,5000,1.0,1.025,2
2,145,1,detmle,1.0,1.0,0.05,5000,1.0,1.025,1
2,146,1,detmle,1.0,1.0,0.05,5000,1.0,1.025,3
2,147,1,detmle,1.0,1.0,0.05,5000,1.0,1.025,2
2,148,1,detmle,1.0,1.0,0.05,5000,1.0,1.025,3
2,149,1,detmle,1.0,1.0,0.05,5000,1.0,1.025,2
2,150,1,detmle,1.0,1.0,0.05,5000,1.0,1.025,2
2,151,1,detmle,1.0,1.0,0.05,5000,1.0,1.025,2
2,152,1,detmle,1.0,1.0,0.05,5000,1.0,1.025,3
2,153,1,detmle,1.0,1.0,0.05,5000,1.0,1.025,2
2,154,1,detmle,1.0,1.0,0.05,5000,1.0,1.025,2
2,155,1,detmle,1.0,1.0,0.05,5000,1.0,1.025,3
2,156,1,detmle,1.0,1.0,0.05,5000,1.0,1.025,3
2,157,1,detmle,1.0,1.0,0.05,5000,1.0,1.025,4
2,158,1,detmle,1.0,1.0,0.05,5000,1.0,1.025,2
2,159,1,detmle,1.0,1.0,0.05,5000,1.0,1.025,3
2,160,1,detmle,1.0,1.0,0.05,5000,1.0,1.025,4
2,161,1,detmle,1.0,1.0,0.05,5000,1.0,1.025,3
2,162,1,detmle,1.0,1.0,0.05,5000,1.0,1.025,3
2,163,1,detmle,1.0,1.0,0.05,5000,1.0,1.025,1
2,164,1,detmle,1.0,1.0,0.05,5000,1.0,1.025,2
2,165,1,detmle,1.0,1.0,0.05,5000,1.0,1.025,2
2,166,1,detmle,1.0,1.0,0.05,5000,1.0,1.025,3
2,167,1,detmle,1.0,1.0,0.05,5000,1.0,1.025,3
2,168,1,detmle,1.0,1.0,0.05,5000,1.0,1.025,3
2,169,1,detmle,1.0,1.0,0.05,5000,1.0,1.025,4
2,170,1,detmle,1.0,1.0,0.05,5000,1.0,1.025,3
2,171,1,detmle,1.0,1.0,0.05,5000,1.0,1.025,1
2,172,1,detmle,1.0,1.0,0.05,5000,1.0,1.025,3
2,173,1,detmle,1.0,1.0,0.05,5000,1.0,1.025,2
2,174,1,detmle,1.0,1.0,0.05,5000,1.0,1.025,3
2,175,1,detmle,1.0,1.0,0.05,5000,1.0,1.025,3
2,176,1,detmle,1.0,1.0,0.05,5000,1.0,1.025,2
2,177,1,detmle,1.0,1.0,0.05,5000,1.0,1.025,2
2,178,1,detmle,1.0,1.0,0.05,5000,1.0,1.025,3
2,179,1,detmle,1.0,1.0,0.05,5000,1.0,1.025,2
2,180,1,detmle,1.0,1.0,0.05,5000,1.0,1.025,3
2,181,1,detmle,1.0,1.0,0.05,5000,1.0,1.025,2
2,182,1,detmle,1.0,1.0,0.05,5000,1.0,1.025,3
2,183,1,detmle,1.0,1.0,0.05,5000,1.0,1.025,3
2,184,1,detmle,1.0,1.0,0.05,5000,1.0,1.025,2
2,185,1,detmle,1.0,1.0,0.05,5000,1.0,1.025,2
2,186,1,detmle,1.0,1.0,0.05,5000,1.0,1.025,3
2,187,1,detmle,1.0,1.0,0.05,5000,1.0,1.025,3
2,188,1,detmle,1.0,1.0,0.05,5000,1.0,1.025,3
2,189,1,detmle,1.0,1.0,0.05,5000,1.0,1.025,4
2,190,1,detmle,1.0,1.0,0.05,5000,1.0,1.025,3
2,191,1,detmle,1.0,1.0,0.05,5000,1.0,1.025,4
2,192,1,detmle,1.0,1.0,0.05,5000,1.0,1.025,3
2,193,1,detmle,1.0,1.0,0.05,5000,1.0,1.025,4
2,194,1,detmle,1.0,1.0,0.05,5000,1.0,1.025,4
2,195,1,detmle,1.0,1.0,0.05,5000,1.0,1.025,3
2,196,1,detmle,1.0,1.0,0.05,5000,1.0,1.025,3
2,197,1,detmle,1.0,1.0,0.05,5000,1.0,1.025,3
2,198,1,detmle,1.0,1.0,0.05,5000,1.0,1.025,2
2,199,1,detmle,1.0,1.0,0.05,5000,1.0,1.025,4
2,200,1,detmle,1.0,1.0,0.05,5000,1.0,1.025,3
2,1,1,detmle,1.0,1.0,0.05,5000,1.0,1.05,1
2,2,1,detmle,1.0,1.0,0.05,5000,1.0,1.05,2
2,3,1,detmle,1.0,1.0,0.05,5000,1.0,1.05,3
2,4,1,detmle,1.0,1.0,0.05,5000,1.0,1.05,2
2,5,1,detmle,1.0,1.0,0.05,5000,1.0,1.05,3
2,6,1,detmle,1.0,1.0,0.05,5000,1.0,1.05,2
2,7,1,detmle,1.0,1.0,0.05,5000,1.0,1.05,1
2,8,1,detmle,1.0,1.0,0.05,5000,1.0,1.05,3
2,9,1,detmle,1.0,1.0,0.05,5000,1.0,1.05,3
2,10,1,detmle,1.0,1.0,0.05,5000,1.0,1.05,3
2,11,1,detmle,1.0,1.0,0.05,5000,1.0,1.05,3
2,12,1,detmle,1.0,1.0,0.05,5000,1.0,1.05,3
2,13,1,detmle,1.0,1.0,0.05,5000,1.0,1.05,3
2,14,1,detmle,1.0,1.0,0.05,5000,1.0,1.05,3
2,15,1,detmle,1.0,1.0,0.05,5000,1.0,1.05,3
2,16,1,detmle,1.0,1.0,0.05,5000,1.0,1.05,3
2,17,1,detmle,1.0,1.0,0.05,5000,1.0,1.05,3
2,18,1,detmle,1.0,1.0,0.05,5000,1.0,1.05,3
2,19,1,detmle,1.0,1.0,0.05,5000,1.0,1.05,3
2,20,1,detmle,1.0,1.0,0.05,5000,1.0,1.05,3
2,21,1,detmle,1.0,1.0,0.05,5000,1.0,1.05,4
2,22,1,detmle,1.0,1.0,0.05,5000,1.0,1.05,3
2,23,1,detmle,1.0,1.0,0.05,5000,1.0,1.05,2
2,24,1,detmle,1.0,1.0,0.05,5000,1.0,1.05,3
2,25,1,detmle,1.0,1.0,0.05,5000,1.0,1.05,3
2,26,1,detmle,1.0,1.0,0.05,5000,1.0,1.05,3
2,27,1,detmle,1.0,1.0,0.05,5000,1.0,1.05,3
2,28,1,detmle,1.0,1.0,0.05,5000,1.0,1.05,3
2,29,1,detmle,1.0,1.0,0.05,5000,1.0,1.05,2
2,30,1,detmle,1.0,1.0,0.05,5000,1.0,1.05,3
2,31,1,detmle,1.0,1.0,0.05,5000,1.0,1.05,3
2,32,1,detmle,1.0,1.0,0.05,5000,1.0,1.05,3
2,33,1,detmle,1.0,1.0,0.05,5000,1.0,1.05,3
2,34,1,detmle,1.0,1.0,0.05,5000,1.0,1.05,3
2,35,1,detmle,1.0,1.0,0.05,5000,1.0,1.05,3
2,36,1,detmle,1.0,1.0,0.05,5000,1.0,1.05,3
2,37,1,detmle,1.0,1.0,0.05,5000,1.0,1.05,3
2,38,1,detmle,1.0,1.0,0.05,5000,1.0,1.05,3
2,39,1,detmle,1.0,1.0,0.05,5000,1.0,1.05,3
2,40,1,detmle,1.0,1.0,0.05,5000,1.0,1.05,2
2,41,1,detmle,1.0,1.0,0.05,5000,1.0,1.05,2
2,42,1,detmle,1.0,1.0,0.05,5000,1.0,1.05,3
2,43,1,detmle,1.0,1.0,0.05,5000,1.0,1.05,4
2,44,1,detmle,1.0,1.0,0.05,5000,1.0,1.05,3
2,45,1,detmle,1.0,1.0,0.05,5000,1.0,1.05,4
2,46,1,detmle,1.0,1.0,0.05,5000,1.0,1.05,2
2,47,1,detmle,1.0,1.0,0.05,5000,1.0,1.05,3
2,48,1,detmle,1.0,1.0,0.05,5000,1.0,1.05,2
2,49,1,detmle,1.0,1.0,0.05,5000,1.0,1.05,3
2,50,1,detmle,1.0,1.0,0.05,5000,1.0,1.05,3
2,51,1,detmle,1.0,1.0,0.05,5000,1.0,1.05,2
2,52,1,detmle,1.0,1.0,0.05,5000,1.0,1.05,2
2,53,1,detmle,1.0,1.0,0.05,5000,1.0,1.05,3
2,54,1,detmle,1.0,1.0,0.05,5000,1.0,1.05,3
2,55,1,detmle,1.0,1.0,0.05,5000,1.0,1.05,3
2,56,1,detmle,1.0,1.0,0.05,5000,1.0,1.05,3
2,57,1,detmle,1.0,1.0,0.05,5000,1.0,1.05,3
2,58,1,detmle,1.0,1.0,0.05,5000,1.0,1.05,3
2,59,1,detmle,1.0,1.0,0.05,5000,1.0,1.05,2
2,60,1,detmle,1.0,1.0,0.05,5000,1.0,1.05,2
2,61,1,detmle,1.0,1.0,0.05,5000,1.0,1.05,3
2,62,1,detmle,1.0,1.0,0.05,5000,1.0,1.05,3
2,63,1,detmle,1.0,1.0,0.05,5000,1.0,1.05,3
2,64,1,detmle,1.0,1.0,0.05,5000,1.0,1.05,2
2,65,1,detmle,1.0,1.0,0.05,5000,1.0,1.05,3
2,66,1,detmle,1.0,1.0,0.05,5000,1.0,1.05,3
2,67,1,detmle,1.0,1.0,0.05,5000,1.0,1.05,3
2,68,1,detmle,1.0,1.0,0.05,5000,1.0,1.05,3
2,69,1,detmle,1.0,1.0,0.05,5000,1.0,1.05,3
2,70,1,detmle,1.0,1.0,0.05,5000,1.0,1.05,2
2,71,1,detmle,1.0,1.0,0.05,5000,1.0,1.05,2
2,72,1,detmle,1.0,1.0,0.05,5000,1.0,1.05,3
2,73,1,detmle,1.0,1.0,0.05,5000,1.0,1.05,1
2,74,1,detmle,1.0,1.0,0.05,5000,1.0,1.05,2
2,75,1,detmle,1.0,1.0,0.05,5000,1.0,1.05,3
2,76,1,detmle,1.0,1.0,0.05,5000,1.0,1.05,3
2,77,1,detmle,1.0,1.0,0.05,5000,1.0,1.05,2
2,78,1,detmle,1.0,1.0,0.05,5000,1.0,1.05,2
2,79,1,detmle,1.0,1.0,0.05,5000,1.0,1.05,3
2,80,1,detmle,1.0,1.0,0.05,5000,1.0,1.05,3
2,81,1,detmle,1.0,1.0,0.05,5000,1.0,1.05,1
2,82,1,detmle,1.0,1.0,0.05,5000,1.0,1.05,3
2,83,1,detmle,1.0,1.0,0.05,5000,1.0,1.05,2
2,84,1,detmle,1.0,1.0,0.05,5000,1.0,1.05,3
2,85,1,detmle,1.0,1.0,0.05,5000,1.0,1.05,3
2,86,1,detmle,1.0,1.0,0.05,5000,1.0,1.05,3
2,87,1,detmle,1.0,1.0,0.05,5000,1.0,1.05,3
2,88,1,detmle,1.0,1.0,0.05,5000,1.0,1.05,2
2,89,1,detmle,1.0,1.0,0.05,5000,1.0,1.05,3
2,90,1,detmle,1.0,1.0,0.05,5000,1.0,1.05,3
2,91,1,detmle,1.0,1.0,0.05,5000,1.0,1.05,3
2,92,1,detmle,1.0,1.0,0.05,5000,1.0,1.05,1
2,93,1,detmle,1.0,1.0,0.05,5000,1.0,1.05,3
2,94,1,detmle,1.0,1.0,0.05,5000,1.0,1.05,3
2,95,1,detmle,1.0,1.0,0.05,5000,1.0,1.05,3
2,96,1,detmle,1.0,1.0,0.05,5000,1.0,1.05,3
2,97,1,detmle,1.0,1.0,0.05,5000,1.0,1.05,3
2,98,1,detmle,1.0,1.0,0.05,5000,1.0,1.05,3
2,99,1,detmle,1.0,1.0,0.05,5000,1.0,1.05,3
2,100,1,detmle,1.0,1.0,0.05,5000,1.0,1.05,2
2,101,1,detmle,1.0,1.0,0.05,5000,1.0,1.05,3
2,102,1,detmle,1.0,1.0,0.05,5000,1.0,1.05,3
2,103,1,detmle,1.0,1.0,0.05,5000,1.0,1.05,3
2,104,1,detmle,1.0,1.0,0.05,5000,1.0,1.05,4
2,105,1,detmle,1.0,1.0,0.05,5000,1.0,1.05,3
2,106,1,detmle,1.0,1.0,0.05,5000,1.0,1.05,3
2,107,1,detmle,1.0,1.0,0.05,5000,1.0,1.05,1
2,108,1,detmle,1.0,1.0,0.05,5000,1.0,1.05,2
2,109,1,detmle,1.0,1.0,0.05,5000,1.0,1.05,3
2,110,1,detmle,1.0,1.0,0.05,5000,1.0,1.05,3
2,111,1,detmle,1.0,1.0,0.05,5000,1.0,1.05,3
2,112,1,detmle,1.0,1.0,0.05,5000,1.0,1.05,3
2,113,1,detmle,1.0,1.0,0.05,5000,1.0,1.05,3
2,114,1,detmle,1.0,1.0,0.05,5000,1.0,1.05,2
2,115,1,detmle,1.0,1.0,0.05,5000,1.0,1.05,3
2,116,1,detmle,1.0,1.0,0.05,5000,1.0,1.05,3
2,117,1,detmle,1.0,1.0,0.05,5000,1.0,1.05,3
2,118,1,detmle,1.0,1.0,0.05,5000,1.0,1.05,3
2,119,1,detmle,1.0,1.0,0.05,5000,1.0,1.05,3
2,120,1,detmle,1.0,1.0,0.05,5000,1.0,1.05,3
2,121,1,detmle,1.0,1.0,0.05,5000,1.0,1.05,3
2,122,1,detmle,1.0,1.0,0.05,5000,1.0,1.05,3
2,123,1,detmle,1.0,1.0,0.05,5000,1.0,1.05,2
2,124,1,detmle,1.0,1.0,0.05,5000,1.0,1.05,4
2,125,1,detmle,1.0,1.0,0.05,5000,1.0,1.05,3
2,126,1,detmle,1.0,1.0,0.05,5000,1.0,1.05,3
2,127,1,detmle,1.0,1.0,0.05,5000,1.0,1.05,3
2,128,1,detmle,1.0,1.0,0.05,5000,1.0,1.05,3
2,129,1,detmle,1.0,1.0,0.05,5000,1.0,1.05,3
2,130,1,detmle,1.0,1.0,0.05,5000,1.0,1.05,2
2,131,1,detmle,1.0,1.0,0.05,5000,1.0,1.05,2
2,132,1,detmle,1.0,1.0,0.05,5000,1.0,1.05,4
2,133,1,detmle,1.0,1.0,0.05,5000,1.0,1.05,2
2,134,1,detmle,1.0,1.0,0.05,5000,1.0,1.05,3
2,135,1,detmle,1.0,1.0,0.05,5000,1.0,1.05,3
2,136,1,detmle,1.0,1.0,0.05,5000,1.0,1.05,2
2,137,1,detmle,1.0,1.0,0.05,5000,1.0,1.05,2
2,138,1,detmle,1.0,1.0,0.05,5000,1.0,1.05,3
2,139,1,detmle,1.0,1.0,0.05,5000,1.0,1.05,2
2,140,1,detmle,1.0,1.0,0.05,5000,1.0,1.05,3
2,141,1,detmle,1.0,1.0,0.05,5000,1.0,1.05,3
2,142,1,detmle,1.0,1.0,0.05,5000,1.0,1.05,2
2,143,1,detmle,1.0,1.0,0.05,5000,1.0,1.05,3
2,144,1,detmle,1.0,1.0,0.05,5000,1.0,1.05,2
2,145,1,detmle,1.0,1.0,0.05,5000,1.0,1.05,1
2,146,1,detmle,1.0,1.0,0.05,5000,1.0,1.05,3
2,147,1,detmle,1.0,1.0,0.05,5000,1.0,1.05,2
2,148,1,detmle,1.0,1.0,0.05,5000,1.0,1.05,3
2,149,1,detmle,1.0,1.0,0.05,5000,1.0,1.05,2
2,150,1,detmle,1.0,1.0,0.05,5000,1.0,1.05,2
2,151,1,detmle,1.0,1.0,0.05,5000,1.0,1.05,2
2,152,1,detmle,1.0,1.0,0.05,5000,1.0,1.05,3
2,153,1,detmle,1.0,1.0,0.05,5000,1.0,1.05,2
2,154,1,detmle,1.0,1.0,0.05,5000,1.0,1.05,2
2,155,1,detmle,1.0,1.0,0.05,5000,1.0,1.05,3
2,156,1,detmle,1.0,1.0,0.05,5000,1.0,1.05,3
2,157,1,detmle,1.0,1.0,0.05,5000,1.0,1.05,3
2,158,1,detmle,1.0,1.0,0.05,5000,1.0,1.05,2
2,159,1,detmle,1.0,1.0,0.05,5000,1.0,1.05,3
2,160,1,detmle,1.0,1.0,0.05,5000,1.0,1.05,4
2,161,1,detmle,1.0,1.0,0.05,5000,1.0,1.05,3
2,162,1,detmle,1.0,1.0,0.05,5000,1.0,1.05,3
2,163,1,detmle,1.0,1.0,0.05,5000,1.0,1.05,1
2,164,1,detmle,1.0,1.0,0.05,5000,1.0,1.05,2
2,165,1,detmle,1.0,1.0,0.05,5000,1.0,1.05,2
2,166,1,detmle,1.0,1.0,0.05,5000,1.0,1.05,3
2,167,1,detmle,1.0,1.0,0.05,5000,1.0,1.05,3
2,168,1,detmle,1.0,1.0,0.05,5000,1.0,1.05,3
2,169,1,detmle,1.0,1.0,0.05,5000,1.0,1.05,3
2,170,1,detmle,1.0,1.0,0.05,5000,1.0,1.05,3
2,171,1,detmle,1.0,1.0,0.05,5000,1.0,1.05,1
2,172,1,detmle,1.0,1.0,0.05,5000,1.0,1.05,3
2,173,1,detmle,1.0,1.0,0.05,5000,1.0,1.05,2
2,174,1,detmle,1.0,1.0,0.05,5000,1.0,1.05,3
2,175,1,detmle,1.0,1.0,0.05,5000,1.0,1.05,3
2,176,1,detmle,1.0,1.0,0.05,5000,1.0,1.05,2
2,177,1,detmle,1.0,1.0,0.05,5000,1.0,1.05,2
2,178,1,detmle,1.0,1.0,0.05,5000,1.0,1.05,3
2,179,1,detmle,1.0,1.0,0.05,5000,1.0,1.05,2
2,180,1,detmle,1.0,1.0,0.05,5000,1.0,1.05,3
2,181,1,detmle,1.0,1.0,0.05,5000,1.0,1.05,2
2,182,1,detmle,1.0,1.0,0.05,5000,1.0,1.05,3
2,183,1,detmle,1.0,1.0,0.05,5000,1.0,1.05,3
2,184,1,detmle,1.0,1.0,0.05,5000,1.0,1.05,2
2,185,1,detmle,1.0,1.0,0.05,5000,1.0,1.05,2
2,186,1,detmle,1.0,1.0,0.05,5000,1.0,1.05,3
2,187,1,detmle,1.0,1.0,0.05,5000,1.0,1.05,3
2,188,1,detmle,1.0,1.0,0.05,5000,1.0,1.05,3
2,189,1,detmle,1.0,1.0,0.05,5000,1.0,1.05,4
2,190,1,detmle,1.0,1.0,0.05,5000,1.0,1.05,3
2,191,1,detmle,1.0,1.0,0.05,5000,1.0,1.05,3
2,192,1,detmle,1.0,1.0,0.05,5000,1.0,1.05,3
2,193,1,detmle,1.0,1.0,0.05,5000,1.0,1.05,4
2,194,1,detmle,1.0,1.0,0.05,5000,1.0,1.05,3
2,195,1,detmle,1.0,1.0,0.05,5000,1.0,1.05,3
2,196,1,detmle,1.0,1.0,0.05,5000,1.0,1.05,3
2,197,1,detmle,1.0,1.0,0.05,5000,1.0,1.05,3
2,198,1,detmle,1.0,1.0,0.05,5000,1.0,1.05,2
2,199,1,detmle,1.0,1.0,0.05,5000,1.0,1.05,4
2,200,1,detmle,1.0,1.0,0.05,5000,1.0,1.05,3
2,1,1,detmle,1.0,1.0,0.05,5000,1.0,1.075,1
2,2,1,detmle,1.0,1.0,0.05,5000,1.0,1.075,2
2,3,1,detmle,1.0,1.0,0.05,5000,1.0,1.075,3
2,4,1,detmle,1.0,1.0,0.05,5000,1.0,1.075,2
2,5,1,detmle,1.0,1.0,0.05,5000,1.0,1.075,3
2,6,1,detmle,1.0,1.0,0.05,5000,1.0,1.075,2
2,7,1,detmle,1.0,1.0,0.05,5000,1.0,1.075,1
2,8,1,detmle,1.0,1.0,0.05,5000,1.0,1.075,3
2,9,1,detmle,1.0,1.0,0.05,5000,1.0,1.075,3
2,10,1,detmle,1.0,1.0,0.05,5000,1.0,1.075,3
2,11,1,detmle,1.0,1.0,0.05,5000,1.0,1.075,3
2,12,1,detmle,1.0,1.0,0.05,5000,1.0,1.075,3
2,13,1,detmle,1.0,1.0,0.05,5000,1.0,1.075,3
2,14,1,detmle,1.0,1.0,0.05,5000,1.0,1.075,3
2,15,1,detmle,1.0,1.0,0.05,5000,1.0,1.075,3
2,16,1,detmle,1.0,1.0,0.05,5000,1.0,1.075,3
2,17,1,detmle,1.0,1.0,0.05,5000,1.0,1.075,3
2,18,1,detmle,1.0,1.0,0.05,5000,1.0,1.075,3
2,19,1,detmle,1.0,1.0,0.05,5000,1.0,1.075,3
2,20,1,detmle,1.0,1.0,0.05,5000,1.0,1.075,3
2,21,1,detmle,1.0,1.0,0.05,5000,1.0,1.075,4
2,22,1,detmle,1.0,1.0,0.05,5000,1.0,1.075,3
2,23,1,detmle,1.0,1.0,0.05,5000,1.0,1.075,2
2,24,1,detmle,1.0,1.0,0.05,5000,1.0,1.075,3
2,25,1,detmle,1.0,1.0,0.05,5000,1.0,1.075,3
2,26,1,detmle,1.0,1.0,0.05,5000,1.0,1.075,3
2,27,1,detmle,1.0,1.0,0.05,5000,1.0,1.075,3
2,28,1,detmle,1.0,1.0,0.05,5000,1.0,1.075,3
2,29,1,detmle,1.0,1.0,0.05,5000,1.0,1.075,2
2,30,1,detmle,1.0,1.0,0.05,5000,1.0,1.075,3
2,31,1,detmle,1.0,1.0,0.05,5000,1.0,1.075,3
2,32,1,detmle,1.0,1.0,0.05,5000,1.0,1.075,3
2,33,1,detmle,1.0,1.0,0.05,5000,1.0,1.075,3
2,34,1,detmle,1.0,1.0,0.05,5000,1.0,1.075,3
2,35,1,detmle,1.0,1.0,0.05,5000,1.0,1.075,3
2,36,1,detmle,1.0,1.0,0.05,5000,1.0,1.075,3
2,37,1,detmle,1.0,1.0,0.05,5000,1.0,1.075,3
2,38,1,detmle,1.0,1.0,0.05,5000,1.0,1.075,3
2,39,1,detmle,1.0,1.0,0.05,5000,1.0,1.075,3
2,40,1,detmle,1.0,1.0,0.05,5000,1.0,1.075,2
2,41,1,detmle,1.0,1.0,0.05,5000,1.0,1.075,2
2,42,1,detmle,1.0,1.0,0.05,5000,1.0,1.075,3
2,43,1,detmle,1.0,1.0,0.05,5000,1.0,1.075,4
2,44,1,detmle,1.0,1.0,0.05,5000,1.0,1.075,3
2,45,1,detmle,1.0,1.0,0.05,5000,1.0,1.075,3
2,46,1,detmle,1.0,1.0,0.05,5000,1.0,1.075,2
2,47,1,detmle,1.0,1.0,0.05,5000,1.0,1.075,3
2,48,1,detmle,1.0,1.0,0.05,5000,1.0,1.075,2
2,49,1,detmle,1.0,1.0,0.05,5000,1.0,1.075,3
2,50,1,detmle,1.0,1.0,0.05,5000,1.0,1.075,3
2,51,1,detmle,1.0,1.0,0.05,5000,1.0,1.075,2
2,52,1,detmle,1.0,1.0,0.05,5000,1.0,1.075,2
2,53,1,detmle,1.0,1.0,0.05,5000,1.0,1.075,3
2,54,1,detmle,1.0,1.0,0.05,5000,1.0,1.075,3
2,55,1,detmle,1.0,1.0,0.05,5000,1.0,1.075,3
2,56,1,detmle,1.0,1.0,0.05,5000,1.0,1.075,3
2,57,1,detmle,1.0,1.0,0.05,5000,1.0,1.075,3
2,58,1,detmle,1.0,1.0,0.05,5000,1.0,1.075,3
2,59,1,detmle,1.0,1.0,0.05,5000,1.0,1.075,2
2,60,1,detmle,1.0,1.0,0.05,5000,1.0,1.075,2
2,61,1,detmle,1.0,1.0,0.05,5000,1.0,1.075,3
2,62,1,detmle,1.0,1.0,0.05,5000,1.0,1.075,3
2,63,1,detmle,1.0,1.0,0.05,5000,1.0,1.075,3
2,64,1,detmle,1.0,1.0,0.05,5000,1.0,1.075,2
2,65,1,detmle,1.0,1.0,0.05,5000,1.0,1.075,3
2,66,1,detmle,1.0,1.0,0.05,5000,1.0,1.075,3
2,67,1,detmle,1.0,1.0,0.05,5000,1.0,1.075,3
2,68,1,detmle,1.0,1.0,0.05,5000,1.0,1.075,3
2,69,1,detmle,1.0,1.0,0.05,5000,1.0,1.075,3
2,70,1,detmle,1.0,1.0,0.05,5000,1.0,1.075,2
2,71,1,detmle,1.0,1.0,0.05,5000,1.0,1.075,2
2,72,1,detmle,1.0,1.0,0.05,5000,1.0,1.075,3
2,73,1,detmle,1.0,1.0,0.05,5000,1.0,1.075,1
2,74,1,detmle,1.0,1.0,0.05,5000,1.0,1.075,2
2,75,1,detmle,1.0,1.0,0.05,5000,1.0,1.075,3
2,76,1,detmle,1.0,1.0,0.05,5000,1.0,1.075,3
2,77,1,detmle,1.0,1.0,0.05,5000,1.0,1.075,2
2,78,1,detmle,1.0,1.0,0.05,5000,1.0,1.075,2
2,79,1,detmle,1.0,1.0,0.05,5000,1.0,1.075,3
2,80,1,detmle,1.0,1.0,0.05,5000,1.0,1.075,3
2,81,1,detmle,1.0,1.0,0.05,5000,1.0,1.075,1
2,82,1,detmle,1.0,1.0,0.05,5000,1.0,1.075,3
2,83,1,detmle,1.0,1.0,0.05,5000,1.0,1.075,2
2,84,1,detmle,1.0,1.0,0.05,5000,1.0,1.075,3
2,85,1,detmle,1.0,1.0,0.05,5000,1.0,1.075,3
2,86,1,detmle,1.0,1.0,0.05,5000,1.0,1.075,3
2,87,1,detmle,1.0,1.0,0.05,5000,1.0,1.075,3
2,88,1,detmle,1.0,1.0,0.05,5000,1.0,1.075,2
2,89,1,detmle,1.0,1.0,0.05,5000,1.0,1.075,3
2,90,1,detmle,1.0,1.0,0.05,5000,1.0,1.075,3
2,91,1,detmle,1.0,1.0,0.05,5000,1.0,1.075,3
2,92,1,detmle,1.0,1.0,0.05,5000,1.0,1.075,1
2,93,1,detmle,1.0,1.0,0.05,5000,1.0,1.075,3
2,94,1,detmle,1.0,1.0,0.05,5000,1.0,1.075,3
2,95,1,detmle,1.0,1.0,0.05,5000,1.0,1.075,3
2,96,1,detmle,1.0,1.0,0.05,5000,1.0,1.075,3
2,97,1,detmle,1.0,1.0,0.05,5000,1.0,1.075,3
2,98,1,detmle,1.0,1.0,0.05,5000,1.0,1.075,3
2,99,1,detmle,1.0,1.0,0.05,5000,1.0,1.075,3
2,100,1,detmle,1.0,1.0,0.05,5000,1.0,1.075,2
2,101,1,detmle,1.0,1.0,0.05,5000,1.0,1.075,3
2,102,1,detmle,1.0,1.0,0.05,5000,1.0,1.075,3
2,103,1,detmle,1.0,1.0,0.05,5000,1.0,1.075,3
2,104,1,detmle,1.0,1.0,0.05,5000,1.0,1.075,3
2,105,1,detmle,1.0,1.0,0.05,5000,1.0,1.075,3
2,106,1,detmle,1.0,1.0,0.05,5000,1.0,1.075,3
2,107,1,detmle,1.0,1.0,0.05,5000,1.0,1.075,1
2,108,1,detmle,1.0,1.0,0.05,5000,1.0,1.075,2
2,109,1,detmle,1.0,1.0,0.05,5000,1.0,1.075,3
2,110,1,detmle,1.0,1.0,0.05,5000,1.0,1.075,3
2,111,1,detmle,1.0,1.0,0.05,5000,1.0,1.075,3
2,112,1,detmle,1.0,1.0,0.05,5000,1.0,1.075,3
2,113,1,detmle,1.0,1.0,0.05,5000,1.0,1.075,3
2,114,1,detmle,1.0,1.0,0.05,5000,1.0,1.075,2
2,115,1,detmle,1.0,1.0,0.05,5000,1.0,1.075,3
2,116,1,detmle,1.0,1.0,0.05,5000,1.0,1.075,3
2,117,1,detmle,1.0,1.0,0.05,5000,1.0,1.075,3
2,118,1,detmle,1.0,1.0,0.05,5000,1.0,1.075,3
2,119,1,detmle,1.0,1.0,0.05,5000,1.0,1.075,3
2,120,1,detmle,1.0,1.0,0.05,5000,1.0,1.075,3
2,121,1,detmle,1.0,1.0,0.05,5000,1.0,1.075,3
2,122,1,detmle,1.0,1.0,0.05,5000,1.0,1.075,3
2,123,1,detmle,1.0,1.0,0.05,5000,1.0,1.075,2
2,124,1,detmle,1.0,1.0,0.05,5000,1.0,1.075,4
2,125,1,detmle,1.0,1.0,0.05,5000,1.0,1.075,3
2,126,1,detmle,1.0,1.0,0.05,5000,1.0,1.075,3
2,127,1,detmle,1.0,1.0,0.05,5000,1.0,1.075,3
2,128,1,detmle,1.0,1.0,0.05,5000,1.0,1.075,3
2,129,1,detmle,1.0,1.0,0.05,5000,1.0,1.075,3
2,130,1,detmle,1.0,1.0,0.05,5000,1.0,1.075,2
2,131,1,detmle,1.0,1.0,0.05,5000,1.0,1.075,2
2,132,1,detmle,1.0,1.0,0.05,5000,1.0,1.075,3
2,133,1,detmle,1.0,1.0,0.05,5000,1.0,1.075,2
2,134,1,detmle,1.0,1.0,0.05,5000,1.0,1.075,3
2,135,1,detmle,1.0,1.0,0.05,5000,1.0,1.075,3
2,136,1,detmle,1.0,1.0,0.05,5000,1.0,1.075,2
2,137,1,detmle,1.0,1.0,0.05,5000,1.0,1.075,2
2,138,1,detmle,1.0,1.0,0.05,5000,1.0,1.075,3
2,139,1,detmle,1.0,1.0,0.05,5000,1.0,1.075,2
2,140,1,detmle,1.0,1.0,0.05,5000,1.0,1.075,3
2,141,1,detmle,1.0,1.0,0.05,5000,1.0,1.075,3
2,142,1,detmle,1.0,1.0,0.05,5000,1.0,1.075,2
2,143,1,detmle,1.0,1.0,0.05,5000,1.0,1.075,3
2,144,1,detmle,1.0,1.0,0.05,5000,1.0,1.075,2
2,145,1,detmle,1.0,1.0,0.05,5000,1.0,1.075,1
2,146,1,detmle,1.0,1.0,0.05,5000,1.0,1.075,3
2,147,1,detmle,1.0,1.0,0.05,5000,1.0,1.075,2
2,148,1,detmle,1.0,1.0,0.05,5000,1.0,1.075,3
2,149,1,detmle,1.0,1.0,0.05,5000,1.0,1.075,2
2,150,1,detmle,1.0,1.0,0.05,5000,1.0,1.075,2
2,151,1,detmle,1.0,1.0,0.05,5000,1.0,1.075,2
2,152,1,detmle,1.0,1.0,0.05,5000,1.0,1.075,3
2,153,1,detmle,1.0,1.0,0.05,5000,1.0,1.075,2
2,154,1,detmle,1.0,1.0,0.05,5000,1.0,1.075,2
2,155,1,detmle,1.0,1.0,0.05,5000,1.0,1.075,3
2,156,1,detmle,1.0,1.0,0.05,5000,1.0,1.075,3
2,157,1,detmle,1.0,1.0,0.05,5000,1.0,1.075,3
2,158,1,detmle,1.0,1.0,0.05,5000,1.0,1.075,2
2,159,1,detmle,1.0,1.0,0.05,5000,1.0,1.075,3
2,160,1,detmle,1.0,1.0,0.05,5000,1.0,1.075,3
2,161,1,detmle,1.0,1.0,0.05,5000,1.0,1.075,3
2,162,1,detmle,1.0,1.0,0.05,5000,1.0,1.075,3
2,163,1,detmle,1.0,1.0,0.05,5000,1.0,1.075,1
2,164,1,detmle,1.0,1.0,0.05,5000,1.0,1.075,2
2,165,1,detmle,1.0,1.0,0.05,5000,1.0,1.075,2
2,166,1,detmle,1.0,1.0,0.05,5000,1.0,1.075,3
2,167,1,detmle,1.0,1.0,0.05,5000,1.0,1.075,3
2,168,1,detmle,1.0,1.0,0.05,5000,1.0,1.075,3
2,169,1,detmle,1.0,1.0,0.05,5000,1.0,1.075,3
2,170,1,detmle,1.0,1.0,0.05,5000,1.0,1.075,3
2,171,1,detmle,1.0,1.0,0.05,5000,1.0,1.075,1
2,172,1,detmle,1.0,1.0,0.05,5000,1.0,1.075,3
2,173,1,detmle,1.0,1.0,0.05,5000,1.0,1.075,2
2,174,1,detmle,1.0,1.0,0.05,5000,1.0,1.075,3
2,175,1,detmle,1.0,1.0,0.05,5000,1.0,1.075,3
2,176,1,detmle,1.0,1.0,0.05,5000,1.0,1.075,2
2,177,1,detmle,1.0,1.0,0.05,5000,1.0,1.075,2
2,178,1,detmle,1.0,1.0,0.05,5000,1.0,1.075,3
2,179,1,detmle,1.0,1.0,0.05,5000,1.0,1.075,2
2,180,1,detmle,1.0,1.0,0.05,5000,1.0,1.075,3
2,181,1,detmle,1.0,1.0,0.05,5000,1.0,1.075,2
2,182,1,detmle,1.0,1.0,0.05,5000,1.0,1.075,3
2,183,1,detmle,1.0,1.0,0.05,5000,1.0,1.075,2
2,184,1,detmle,1.0,1.0,0.05,5000,1.0,1.075,2
2,185,1,detmle,1.0,1.0,0.05,5000,1.0,1.075,2
2,186,1,detmle,1.0,1.0,0.05,5000,1.0,1.075,3
2,187,1,detmle,1.0,1.0,0.05,5000,1.0,1.075,3
2,188,1,detmle,1.0,1.0,0.05,5000,1.0,1.075,3
2,189,1,detmle,1.0,1.0,0.05,5000,1.0,1.075,4
2,190,1,detmle,1.0,1.0,0.05,5000,1.0,1.075,3
2,191,1,detmle,1.0,1.0,0.05,5000,1.0,1.075,3
2,192,1,detmle,1.0,1.0,0.05,5000,1.0,1.075,3
2,193,1,detmle,1.0,1.0,0.05,5000,1.0,1.075,3
2,194,1,detmle,1.0,1.0,0.05,5000,1.0,1.075,3
2,195,1,detmle,1.0,1.0,0.05,5000,1.0,1.075,3
2,196,1,detmle,1.0,1.0,0.05,5000,1.0,1.075,3
2,197,1,detmle,1.0,1.0,0.05,5000,1.0,1.075,3
2,198,1,detmle,1.0,1.0,0.05,5000,1.0,1.075,2
2,199,1,detmle,1.0,1.0,0.05,5000,1.0,1.075,4
2,200,1,detmle,1.0,1.0,0.05,5000,1.0,1.075,3
2,1,1,detmle,1.0,1.0,0.05,5000,1.0,1.1,1
2,2,1,detmle,1.0,1.0,0.05,5000,1.0,1.1,2
2,3,1,detmle,1.0,1.0,0.05,5000,1.0,1.1,3
2,4,1,detmle,1.0,1.0,0.05,5000,1.0,1.1,2
2,5,1,detmle,1.0,1.0,0.05,5000,1.0,1.1,3
2,6,1,detmle,1.0,1.0,0.05,5000,1.0,1.1,2
2,7,1,detmle,1.0,1.0,0.05,5000,1.0,1.1,1
2,8,1,detmle,1.0,1.0,0.05,5000,1.0,1.1,3
2,9,1,detmle,1.0,1.0,0.05,5000,1.0,1.1,3
2,10,1,detmle,1.0,1.0,0.05,5000,1.0,1.1,3
2,11,1,detmle,1.0,1.0,0.05,5000,1.0,1.1,3
2,12,1,detmle,1.0,1.0,0.05,5000,1.0,1.1,3
2,13,1,detmle,1.0,1.0,0.05,5000,1.0,1.1,3
2,14,1,detmle,1.0,1.0,0.05,5000,1.0,1.1,3
2,15,1,detmle,1.0,1.0,0.05,5000,1.0,1.1,3
2,16,1,detmle,1.0,1.0,0.05,5000,1.0,1.1,3
2,17,1,detmle,1.0,1.0,0.05,5000,1.0,1.1,3
2,18,1,detmle,1.0,1.0,0.05,5000,1.0,1.1,3
2,19,1,detmle,1.0,1.0,0.05,5000,1.0,1.1,3
2,20,1,detmle,1.0,1.0,0.05,5000,1.0,1.1,3
2,21,1,detmle,1.0,1.0,0.05,5000,1.0,1.1,4
2,22,1,detmle,1.0,1.0,0.05,5000,1.0,1.1,3
2,23,1,detmle,1.0,1.0,0.05,5000,1.0,1.1,2
2,24,1,detmle,1.0,1.0,0.05,5000,1.0,1.1,3
2,25,1,detmle,1.0,1.0,0.05,5000,1.0,1.1,3
2,26,1,detmle,1.0,1.0,0.05,5000,1.0,1.1,3
2,27,1,detmle,1.0,1.0,0.05,5000,1.0,1.1,3
2,28,1,detmle,1.0,1.0,0.05,5000,1.0,1.1,3
2,29,1,detmle,1.0,1.0,0.05,5000,1.0,1.1,2
2,30,1,detmle,1.0,1.0,0.05,5000,1.0,1.1,3
2,31,1,detmle,1.0,1.0,0.05,5000,1.0,1.1,3
2,32,1,detmle,1.0,1.0,0.05,5000,1.0,1.1,3
2,33,1,detmle,1.0,1.0,0.05,5000,1.0,1.1,3
2,34,1,detmle,1.0,1.0,0.05,5000,1.0,1.1,3
2,35,1,detmle,1.0,1.0,0.05,5000,1.0,1.1,3
2,36,1,detmle,1.0,1.0,0.05,5000,1.0,1.1,3
2,37,1,detmle,1.0,1.0,0.05,5000,1.0,1.1,3
2,38,1,detmle,1.0,1.0,0.05,5000,1.0,1.1,3
2,39,1,detmle,1.0,1.0,0.05,5000,1.0,1.1,3
2,40,1,detmle,1.0,1.0,0.05,5000,1.0,1.1,2
2,41,1,detmle,1.0,1.0,0.05,5000,1.0,1.1,2
2,42,1,detmle,1.0,1.0,0.05,5000,1.0,1.1,3
2,43,1,detmle,1.0,1.0,0.05,5000,1.0,1.1,4
2,44,1,detmle,1.0,1.0,0.05,5000,1.0,1.1,3
2,45,1,detmle,1.0,1.0,0.05,5000,1.0,1.1,3
2,46,1,detmle,1.0,1.0,0.05,5000,1.0,1.1,2
2,47,1,detmle,1.0,1.0,0.05,5000,1.0,1.1,3
2,48,1,detmle,1.0,1.0,0.05,5000,1.0,1.1,2
2,49,1,detmle,1.0,1.0,0.05,5000,1.0,1.1,3
2,50,1,detmle,1.0,1.0,0.05,5000,1.0,1.1,3
2,51,1,detmle,1.0,1.0,0.05,5000,1.0,1.1,2
2,52,1,detmle,1.0,1.0,0.05,5000,1.0,1.1,2
2,53,1,detmle,1.0,1.0,0.05,5000,1.0,1.1,3
2,54,1,detmle,1.0,1.0,0.05,5000,1.0,1.1,3
2,55,1,detmle,1.0,1.0,0.05,5000,1.0,1.1,3
2,56,1,detmle,1.0,1.0,0.05,5000,1.0,1.1,2
2,57,1,detmle,1.0,1.0,0.05,5000,1.0,1.1,3
2,58,1,detmle,1.0,1.0,0.05,5000,1.0,1.1,3
2,59,1,detmle,1.0,1.0,0.05,5000,1.0,1.1,2
2,60,1,detmle,1.0,1.0,0.05,5000,1.0,1.1,2
2,61,1,detmle,1.0,1.0,0.05,5000,1.0,1.1,3
2,62,1,detmle,1.0,1.0,0.05,5000,1.0,1.1,3
2,63,1,detmle,1.0,1.0,0.05,5000,1.0,1.1,3
2,64,1,detmle,1.0,1.0,0.05,5000,1.0,1.1,2
2,65,1,detmle,1.0,1.0,0.05,5000,1.0,1.1,3
2,66,1,detmle,1.0,1.0,0.05,5000,1.0,1.1,3
2,67,1,detmle,1.0,1.0,0.05,5000,1.0,1.1,3
2,68,1,detmle,1.0,1.0,0.05,5000,1.0,1.1,3
2,69,1,detmle,1.0,1.0,0.05,5000,1.0,1.1,3
2,70,1,detmle,1.0,1.0,0.05,5000,1.0,1.1,2
2,71,1,detmle,1.0,1.0,0.05,5000,1.0,1.1,2
2,72,1,detmle,1.0,1.0,0.05,5000,1.0,1.1,3
2,73,1,detmle,1.0,1.0,0.05,5000,1.0,1.1,1
2,74,1,detmle,1.0,1.0,0.05,5000,1.0,1.1,2
2,75,1,detmle,1.0,1.0,0.05,5000,1.0,1.1,3
2,76,1,detmle,1.0,1.0,0.05,5000,1.0,1.1,3
2,77,1,detmle,1.0,1.0,0.05,5000,1.0,1.1,2
2,78,1,detmle,1.0,1.0,0.05,5000,1.0,1.1,2
2,79,1,detmle,1.0,1.0,0.05,5000,1.0,1.1,3
2,80,1,detmle,1.0,1.0,0.05,5000,1.0,1.1,3
2,81,1,detmle,1.0,1.0,0.05,5000,1.0,1.1,1
2,82,1,detmle,1.0,1.0,0.05,5000,1.0,1.1,3
2,83,1,detmle,1.0,1.0,0.05,5000,1.0,1.1,2
2,84,1,detmle,1.0,1.0,0.05,5000,1.0,1.1,3
2,85,1,detmle,1.0,1.0,0.05,5000,1.0,1.1,3
2,86,1,detmle,1.0,1.0,0.05,5000,1.0,1.1,3
2,87,1,detmle,1.0,1.0,0.05,5000,1.0,1.1,3
2,88,1,detmle,1.0,1.0,0.05,5000,1.0,1.1,2
2,89,1,detmle,1.0,1.0,0.05,5000,1.0,1.1,3
2,90,1,detmle,1.0,1.0,0.05,5000,1.0,1.1,3
2,91,1,detmle,1.0,1.0,0.05,5000,1.0,1.1,3
2,92,1,detmle,1.0,1.0,0.05,5000,1.0,1.1,1
2,93,1,detmle,1.0,1.0,0.05,5000,1.0,1.1,3
2,94,1,detmle,1.0,1.0,0.05,5000,1.0,1.1,3
2,95,1,detmle,1.0,1.0,0.05,5000,1.0,1.1,3
2,96,1,detmle,1.0,1.0,0.05,5000,1.0,1.1,2
2,97,1,detmle,1.0,1.0,0.05,5000,1.0,1.1,3
2,98,1,detmle,1.0,1.0,0.05,5000,1.0,1.1,3
2,99,1,detmle,1.0,1.0,0.05,5000,1.0,1.1,3
2,100,1,detmle,1.0,1.0,0.05,5000,1.0,1.1,2
2,101,1,detmle,1.0,1.0,0.05,5000,1.0,1.1,3
2,102,1,detmle,1.0,1.0,0.05,5000,1.0,1.1,3
2,103,1,detmle,1.0,1.0,0.05,5000,1.0,1.1,3
2,104,1,detmle,1.0,1.0,0.05,5000,1.0,1.1,3
2,105,1,detmle,1.0,1.0,0.05,5000,1.0,1.1,3
2,106,1,detmle,1.0,1.0,0.05,5000,1.0,1.1,3
2,107,1,detmle,1.0,1.0,0.05,5000,1.0,1.1,1
2,108,1,detmle,1.0,1.0,0.05,5000,1.0,1.1,2
2,109,1,detmle,1.0,1.0,0.05,5000,1.0,1.1,3
2,110,1,detmle,1.0,1.0,0.05,5000,1.0,1.1,3
2,111,1,detmle,1.0,1.0,0.05,5000,1.0,1.1,3
2,112,1,detmle,1.0,1.0,0.05,5000,1.0,1.1,3
2,113,1,detmle,1.0,1.0,0.05,5000,1.0,1.1,3
2,114,1,detmle,1.0,1.0,0.05,5000,1.0,1.1,2
2,115,1,detmle,1.0,1.0,0.05,5000,1.0,1.1,3
2,116,1,detmle,1.0,1.0,0.05,5000,1.0,1.1,3
2,117,1,detmle,1.0,1.0,0.05,5000,1.0,1.1,3
2,118,1,detmle,1.0,1.0,0.05,5000,1.0,1.1,3
2,119,1,detmle,1.0,1.0,0.05,5000,1.0,1.1,3
2,120,1,detmle,1.0,1.0,0.05,5000,1.0,1.1,3
2,121,1,detmle,1.0,1.0,0.05,5000,1.0,1.1,3
2,122,1,detmle,1.0,1.0,0.05,5000,1.0,1.1,3
2,123,1,detmle,1.0,1.0,0.05,5000,1.0,1.1,2
2,124,1,detmle,1.0,1.0,0.05,5000,1.0,1.1,4
2,125,1,detmle,1.0,1.0,0.05,5000,1.0,1.1,3
2,126,1,detmle,1.0,1.0,0.05,5000,1.0,1.1,3
2,127,1,detmle,1.0,1.0,0.05,5000,1.0,1.1,3
2,128,1,detmle,1.0,1.0,0.05,5000,1.0,1.1,3
2,129,1,detmle,1.0,1.0,0.05,5000,1.0,1.1,3
2,130,1,detmle,1.0,1.0,0.05,5000,1.0,1.1,2
2,131,1,detmle,1.0,1.0,0.05,5000,1.0,1.1,2
2,132,1,detmle,1.0,1.0,0.05,5000,1.0,1.1,3
2,133,1,detmle,1.0,1.0,0.05,5000,1.0,1.1,2
2,134,1,detmle,1.0,1.0,0.05,5000,1.0,1.1,3
2,135,1,detmle,1.0,1.0,0.05,5000,1.0,1.1,3
2,136,1,detmle,1.0,1.0,0.05,5000,1.0,1.1,2
2,137,1,detmle,1.0,1.0,0.05,5000,1.0,1.1,2
2,138,1,detmle,1.0,1.0,0.05,5000,1.0,1.1,3
2,139,1,detmle,1.0,1.0,0.05,5000,1.0,1.1,2
2,140,1,detmle,1.0,1.0,0.05,5000,1.0,1.1,3
2,141,1,detmle,1.0,1.0,0.05,5000,1.0,1.1,3
2,142,1,detmle,1.0,1.0,0.05,5000,1.0,1.1,2
2,143,1,detmle,1.0,1.0,0.05,5000,1.0,1.1,3
2,144,1,detmle,1.0,1.0,0.05,5000,1.0,1.1,2
2,145,1,detmle,1.0,1.0,0.05,5000,1.0,1.1,1
2,146,1,detmle,1.0,1.0,0.05,5000,1.0,1.1,3
2,147,1,detmle,1.0,1.0,0.05,5000,1.0,1.1,2
2,148,1,detmle,1.0,1.0,0.05,5000,1.0,1.1,3
2,149,1,detmle,1.0,1.0,0.05,5000,1.0,1.1,2
2,150,1,detmle,1.0,1.0,0.05,5000,1.0,1.1,2
2,151,1,detmle,1.0,1.0,0.05,5000,1.0,1.1,2
2,152,1,detmle,1.0,1.0,0.05,5000,1.0,1.1,3
2,153,1,detmle,1.0,1.0,0.05,5000,1.0,1.1,2
2,154,1,detmle,1.0,1.0,0.05,5000,1.0,1.1,2
2,155,1,detmle,1.0,1.0,0.05,5000,1.0,1.1,3
2,156,1,detmle,1.0,1.0,0.05,5000,1.0,1.1,3
2,157,1,detmle,1.0,1.0,0.05,5000,1.0,1.1,3
2,158,1,detmle,1.0,1.0,0.05,5000,1.0,1.1,2
2,159,1,detmle,1.0,1.0,0.05,5000,1.0,1.1,3
2,160,1,detmle,1.0,1.0,0.05,5000,1.0,1.1,3
2,161,1,detmle,1.0,1.0,0.05,5000,1.0,1.1,3
2,162,1,detmle,1.0,1.0,0.05,5000,1.0,1.1,3
2,163,1,detmle,1.0,1.0,0.05,5000,1.0,1.1,1
2,164,1,detmle,1.0,1.0,0.05,5000,1.0,1.1,2
2,165,1,detmle,1.0,1.0,0.05,5000,1.0,1.1,2
2,166,1,detmle,1.0,1.0,0.05,5000,1.0,1.1,3
2,167,1,detmle,1.0,1.0,0.05,5000,1.0,1.1,3
2,168,1,detmle,1.0,1.0,0.05,5000,1.0,1.1,3
2,169,1,detmle,1.0,1.0,0.05,5000,1.0,1.1,3
2,170,1,detmle,1.0,1.0,0.05,5000,1.0,1.1,3
2,171,1,detmle,1.0,1.0,0.05,5000,1.0,1.1,1
2,172,1,detmle,1.0,1.0,0.05,5000,1.0,1.1,3
2,173,1,detmle,1.0,1.0,0.05,5000,1.0,1.1,2
2,174,1,detmle,1.0,1.0,0.05,5000,1.0,1.1,3
2,175,1,detmle,1.0,1.0,0.05,5000,1.0,1.1,3
2,176,1,detmle,1.0,1.0,0.05,5000,1.0,1.1,2
2,177,1,detmle,1.0,1.0,0.05,5000,1.0,1.1,2
2,178,1,detmle,1.0,1.0,0.05,5000,1.0,1.1,2
2,179,1,detmle,1.0,1.0,0.05,5000,1.0,1.1,2
2,180,1,detmle,1.0,1.0,0.05,5000,1.0,1.1,3
2,181,1,detmle,1.0,1.0,0.05,5000,1.0,1.1,2
2,182,1,detmle,1.0,1.0,0.05,5000,1.0,1.1,3
2,183,1,detmle,1.0,1.0,0.05,5000,1.0,1.1,2
2,184,1,detmle,1.0,1.0,0.05,5000,1.0,1.1,2
2,185,1,detmle,1.0,1.0,0.05,5000,1.0,1.1,2
2,186,1,detmle,1.0,1.0,0.05,5000,1.0,1.1,3
2,187,1,detmle,1.0,1.0,0.05,5000,1.0,1.1,3
2,188,1,detmle,1.0,1.0,0.05,5000,1.0,1.1,3
2,189,1,detmle,1.0,1.0,0.05,5000,1.0,1.1,4
2,190,1,detmle,1.0,1.0,0.05,5000,1.0,1.1,3
2,191,1,detmle,1.0,1.0,0.05,5000,1.0,1.1,3
2,192,1,detmle,1.0,1.0,0.05,5000,1.0,1.1,3
2,193,1,detmle,1.0,1.0,0.05,5000,1.0,1.1,3
2,194,1,detmle,1.0,1.0,0.05,5000,1.0,1.1,3
2,195,1,detmle,1.0,1.0,0.05,5000,1.0,1.1,3
2,196,1,detmle,1.0,1.0,0.05,5000,1.0,1.1,3
2,197,1,detmle,1.0,1.0,0.05,5000,1.0,1.1,3
2,198,1,detmle,1.0,1.0,0.05,5000,1.0,1.1,2
2,199,1,detmle,1.0,1.0,0.05,5000,1.0,1.1,4
2,200,1,detmle,1.0,1.0,0.05,5000,1.0,1.1,3
3,1,1,detmle,1.0,1.0,0.05,5000,1.0,1.0,3
3,2,1,detmle,1.0,1.0,0.05,5000,1.0,1.0,3
3,3,1,detmle,1.0,1.0,0.05,5000,1.0,1.0,3
3,4,1,detmle,1.0,1.0,0.05,5000,1.0,1.0,3
3,5,1,detmle,1.0,1.0,0.05,5000,1.0,1.0,3
3,6,1,detmle,1.0,1.0,0.05,5000,1.0,1.0,3
3,7,1,detmle,1.0,1.0,0.05,5000,1.0,1.0,4
3,8,1,detmle,1.0,1.0,0.05,5000,1.0,1.0,3
3,9,1,detmle,1.0,1.0,0.05,5000,1.0,1.0,3
3,10,1,detmle,1.0,1.0,0.05,5000,1.0,1.0,2
3,11,1,detmle,1.0,1.0,0.05,5000,1.0,1.0,3
3,12,1,detmle,1.0,1.0,0.05,5000,1.0,1.0,3
3,13,1,detmle,1.0,1.0,0.05,5000,1.0,1.0,3
3,14,1,detmle,1.0,1.0,0.05,5000,1.0,1.0,3
3,15,1,detmle,1.0,1.0,0.05,5000,1.0,1.0,3
3,16,1,detmle,1.0,1.0,0.05,5000,1.0,1.0,4
3,17,1,detmle,1.0,1.0,0.05,5000,1.0,1.0,3
3,18,1,detmle,1.0,1.0,0.05,5000,1.0,1.0,3
3,19,1,detmle,1.0,1.0,0.05,5000,1.0,1.0,3
3,20,1,detmle,1.0,1.0,0.05,5000,1.0,1.0,3
3,21,1,detmle,1.0,1.0,0.05,5000,1.0,1.0,3
3,22,1,detmle,1.0,1.0,0.05,5000,1.0,1.0,3
3,23,1,detmle,1.0,1.0,0.05,5000,1.0,1.0,3
3,24,1,detmle,1.0,1.0,0.05,5000,1.0,1.0,3
3,25,1,detmle,1.0,1.0,0.05,5000,1.0,1.0,3
3,26,1,detmle,1.0,1.0,0.05,5000,1.0,1.0,3
3,27,1,detmle,1.0,1.0,0.05,5000,1.0,1.0,3
3,28,1,detmle,1.0,1.0,0.05,5000,1.0,1.0,3
3,29,1,detmle,1.0,1.0,0.05,5000,1.0,1.0,2
3,30,1,detmle,1.0,1.0,0.05,5000,1.0,1.0,3
3,31,1,detmle,1.0,1.0,0.05,5000,1.0,1.0,3
3,32,1,detmle,1.0,1.0,0.05,5000,1.0,1.0,3
3,33,1,detmle,1.0,1.0,0.05,5000,1.0,1.0,3
3,34,1,detmle,1.0,1.0,0.05,5000,1.0,1.0,3
3,35,1,detmle,1.0,1.0,0.05,5000,1.0,1.0,3
3,36,1,detmle,1.0,1.0,0.05,5000,1.0,1.0,3
3,37,1,detmle,1.0,1.0,0.05,5000,1.0,1.0,3
3,38,1,detmle,1.0,1.0,0.05,5000,1.0,1.0,3
3,39,1,detmle,1.0,1.0,0.05,5000,1.0,1.0,3
3,40,1,detmle,1.0,1.0,0.05,5000,1.0,1.0,3
3,41,1,detmle,1.0,1.0,0.05,5000,1.0,1.0,3
3,42,1,detmle,1.0,1.0,0.05,5000,1.0,1.0,3
3,43,1,detmle,1.0,1.0,0.05,5000,1.0,1.0,2
3,44,1,detmle,1.0,1.0,0.05,5000,1.0,1.0,3
3,45,1,detmle,1.0,1.0,0.05,5000,1.0,1.0,3
3,46,1,detmle,1.0,1.0,0.05,5000,1.0,1.0,3
3,47,1,detmle,1.0,1.0,0.05,5000,1.0,1.0,4
3,48,1,detmle,1.0,1.0,0.05,5000,1.0,1.0,3
3,49,1,detmle,1.0,1.0,0.05,5000,1.0,1.0,3
3,50,1,detmle,1.0,1.0,0.05,5000,1.0,1.0,3
3,51,1,detmle,1.0,1.0,0.05,5000,1.0,1.0,3
3,52,1,detmle,1.0,1.0,0.05,5000,1.0,1.0,2
3,53,1,detmle,1.0,1.0,0.05,5000,1.0,1.0,3
3,54,1,detmle,1.0,1.0,0.05,5000,1.0,1.0,3
3,55,1,detmle,1.0,1.0,0.05,5000,1.0,1.0,4
3,56,1,detmle,1.0,1.0,0.05,5000,1.0,1.0,3
3,57,1,detmle,1.0,1.0,0.05,5000,1.0,1.0,4
3,58,1,detmle,1.0,1.0,0.05,5000,1.0,1.0,3
3,59,1,detmle,1.0,1.0,0.05,5000,1.0,1.0,3
3,60,1,detmle,1.0,1.0,0.05,5000,1.0,1.0,3
3,61,1,detmle,1.0,1.0,0.05,5000,1.0,1.0,3
3,62,1,detmle,1.0,1.0,0.05,5000,1.0,1.0,3
3,63,1,detmle,1.0,1.0,0.05,5000,1.0,1.0,3
3,64,1,detmle,1.0,1.0,0.05,5000,1.0,1.0,3
3,65,1,detmle,1.0,1.0,0.05,5000,1.0,1.0,3
3,66,1,detmle,1.0,1.0,0.05,5000,1.0,1.0,4
3,67,1,detmle,1.0,1.0,0.05,5000,1.0,1.0,3
3,68,1,detmle,1.0,1.0,0.05,5000,1.0,1.0,3
3,69,1,detmle,1.0,1.0,0.05,5000,1.0,1.0,3
3,70,1,detmle,1.0,1.0,0.05,5000,1.0,1.0,3
3,71,1,detmle,1.0,1.0,0.05,5000,1.0,1.0,3
3,72,1,detmle,1.0,1.0,0.05,5000,1.0,1.0,3
3,73,1,detmle,1.0,1.0,0.05,5000,1.0,1.0,3
3,74,1,detmle,1.0,1.0,0.05,5000,1.0,1.0,3
3,75,1,detmle,1.0,1.0,0.05,5000,1.0,1.0,3
3,76,1,detmle,1.0,1.0,0.05,5000,1.0,1.0,3
3,77,1,detmle,1.0,1.0,0.05,5000,1.0,1.0,3
3,78,1,detmle,1.0,1.0,0.05,5000,1.0,1.0,2
3,79,1,detmle,1.0,1.0,0.05,5000,1.0,1.0,4
3,80,1,detmle,1.0,1.0,0.05,5000,1.0,1.0,3
3,81,1,detmle,1.0,1.0,0.05,5000,1.0,1.0,2
3,82,1,detmle,1.0,1.0,0.05,5000,1.0,1.0,4
3,83,1,detmle,1.0,1.0,0.05,5000,1.0,1.0,4
3,84,1,detmle,1.0,1.0,0.05,5000,1.0,1.0,3
3,85,1,detmle,1.0,1.0,0.05,5000,1.0,1.0,3
3,86,1,detmle,1.0,1.0,0.05,5000,1.0,1.0,3
3,87,1,detmle,1.0,1.0,0.05,5000,1.0,1.0,4
3,88,1,detmle,1.0,1.0,0.05,5000,1.0,1.0,3
3,89,1,detmle,1.0,1.0,0.05,5000,1.0,1.0,3
3,90,1,detmle,1.0,1.0,0.05,5000,1.0,1.0,3
3,91,1,detmle,1.0,1.0,0.05,5000,1.0,1.0,3
3,92,1,detmle,1.0,1.0,0.05,5000,1.0,1.0,3
3,93,1,detmle,1.0,1.0,0.05,5000,1.0,1.0,3
3,94,1,detmle,1.0,1.0,0.05,5000,1.0,1.0,3
3,95,1,detmle,1.0,1.0,0.05,5000,1.0,1.0,3
3,96,1,detmle,1.0,1.0,0.05,5000,1.0,1.0,3
3,97,1,detmle,1.0,1.0,0.05,5000,1.0,1.0,3
3,98,1,detmle,1.0,1.0,0.05,5000,1.0,1.0,3
3,99,1,detmle,1.0,1.0,0.05,5000,1.0,1.0,3
3,100,1,detmle,1.0,1.0,0.05,5000,1.0,1.0,3
3,101,1,detmle,1.0,1.0,0.05,5000,1.0,1.0,3
3,102,1,detmle,1.0,1.0,0.05,5000,1.0,1.0,3
3,103,1,detmle,1.0,1.0,0.05,5000,1.0,1.0,3
3,104,1,detmle,1.0,1.0,0.05,5000,1.0,1.0,4
3,105,1,detmle,1.0,1.0,0.05,5000,1.0,1.0,3
3,106,1,detmle,1.0,1.0,0.05,5000,1.0,1.0,3
3,107,1,detmle,1.0,1.0,0.05,5000,1.0,1.0,3
3,108,1,detmle,1.0,1.0,0.05,5000,1.0,1.0,3
3,109,1,detmle,1.0,1.0,0.05,5000,1.0,1.0,3
3,110,1,detmle,1.0,1.0,0.05,5000,1.0,1.0,3
3,111,1,detmle,1.0,1.0,0.05,5000,1.0,1.0,3
3,112,1,detmle,1.0,1.0,0.05,5000,1.0,1.0,4
3,113,1,detmle,1.0,1.0,0.05,5000,1.0,1.0,3
3,114,1,detmle,1.0,1.0,0.05,5000,1.0,1.0,3
3,115,1,detmle,1.0,1.0,0.05,5000,1.0,1.0,4
3,116,1,detmle,1.0,1.0,0.05,5000,1.0,1.0,3
3,117,1,detmle,1.0,1.0,0.05,5000,1.0,1.0,3
3,118,1,detmle,1.0,1.0,0.05,5000,1.0,1.0,2
3,119,1,detmle,1.0,1.0,0.05,5000,1.0,1.0,3
3,120,1,detmle,1.0,1.0,0.05,5000,1.0,1.0,3
3,121,1,detmle,1.0,1.0,0.05,5000,1.0,1.0,4
3,122,1,detmle,1.0,1.0,0.05,5000,1.0,1.0,3
3,123,1,detmle,1.0,1.0,0.05,5000,1.0,1.0,3
3,124,1,detmle,1.0,1.0,0.05,5000,1.0,1.0,3
3,125,1,detmle,1.0,1.0,0.05,5000,1.0,1.0,3
3,126,1,detmle,1.0,1.0,0.05,5000,1.0,1.0,3
3,127,1,detmle,1.0,1.0,0.05,5000,1.0,1.0,3
3,128,1,detmle,1.0,1.0,0.05,5000,1.0,1.0,3
3,129,1,detmle,1.0,1.0,0.05,5000,1.0,1.0,4
3,130,1,detmle,1.0,1.0,0.05,5000,1.0,1.0,3
3,131,1,detmle,1.0,1.0,0.05,5000,1.0,1.0,3
3,132,1,detmle,1.0,1.0,0.05,5000,1.0,1.0,4
3,133,1,detmle,1.0,1.0,0.05,5000,1.0,1.0,3
3,134,1,detmle,1.0,1.0,0.05,5000,1.0,1.0,3
3,135,1,detmle,1.0,1.0,0.05,5000,1.0,1.0,3
3,136,1,detmle,1.0,1.0,0.05,5000,1.0,1.0,3
3,137,1,detmle,1.0,1.0,0.05,5000,1.0,1.0,3
3,138,1,detmle,1.0,1.0,0.05,5000,1.0,1.0,3
3,139,1,detmle,1.0,1.0,0.05,5000,1.0,1.0,2
3,140,1,detmle,1.0,1.0,0.05,5000,1.0,1.0,3
3,141,1,detmle,1.0,1.0,0.05,5000,1.0,1.0,3
3,142,1,detmle,1.0,1.0,0.05,5000,1.0,1.0,3
3,143,1,detmle,1.0,1.0,0.05,5000,1.0,1.0,3
3,144,1,detmle,1.0,1.0,0.05,5000,1.0,1.0,2
3,145,1,detmle,1.0,1.0,0.05,5000,1.0,1.0,2
3,146,1,detmle,1.0,1.0,0.05,5000,1.0,1.0,3
3,147,1,detmle,1.0,1.0,0.05,5000,1.0,1.0,3
3,148,1,detmle,1.0,1.0,0.05,5000,1.0,1.0,3
3,149,1,detmle,1.0,1.0,0.05,5000,1.0,1.0,3
3,150,1,detmle,1.0,1.0,0.05,5000,1.0,1.0,3
3,151,1,detmle,1.0,1.0,0.05,5000,1.0,1.0,3
3,152,1,detmle,1.0,1.0,0.05,5000,1.0,1.0,3
3,153,1,detmle,1.0,1.0,0.05,5000,1.0,1.0,3
3,154,1,detmle,1.0,1.0,0.05,5000,1.0,1.0,3
3,155,1,detmle,1.0,1.0,0.05,5000,1.0,1.0,3
3,156,1,detmle,1.0,1.0,0.05,5000,1.0,1.0,3
3,157,1,detmle,1.0,1.0,0.05,5000,1.0,1.0,3
3,158,1,detmle,1.0,1.0,0.05,5000,1.0,1.0,3
3,159,1,detmle,1.0,1.0,0.05,5000,1.0,1.0,3
3,160,1,detmle,1.0,1.0,0.05,5000,1.0,1.0,3
3,161,1,detmle,1.0,1.0,0.05,5000,1.0,1.0,3
3,162,1,detmle,1.0,1.0,0.05,5000,1.0,1.0,3
3,163,1,detmle,1.0,1.0,0.05,5000,1.0,1.0,1
3,164,1,detmle,1.0,1.0,0.05,5000,1.0,1.0,3
3,165,1,detmle,1.0,1.0,0.05,5000,1.0,1.0,3
3,166,1,detmle,1.0,1.0,0.05,5000,1.0,1.0,3
3,167,1,detmle,1.0,1.0,0.05,5000,1.0,1.0,4
3,168,1,detmle,1.0,1.0,0.05,5000,1.0,1.0,4
3,169,1,detmle,1.0,1.0,0.05,5000,1.0,1.0,3
3,170,1,detmle,1.0,1.0,0.05,5000,1.0,1.0,2
3,171,1,detmle,1.0,1.0,0.05,5000,1.0,1.0,3
3,172,1,detmle,1.0,1.0,0.05,5000,1.0,1.0,3
3,173,1,detmle,1.0,1.0,0.05,5000,1.0,1.0,4
3,174,1,detmle,1.0,1.0,0.05,5000,1.0,1.0,3
3,175,1,detmle,1.0,1.0,0.05,5000,1.0,1.0,3
3,176,1,detmle,1.0,1.0,0.05,5000,1.0,1.0,3
3,177,1,detmle,1.0,1.0,0.05,5000,1.0,1.0,3
3,178,1,detmle,1.0,1.0,0.05,5000,1.0,1.0,3
3,179,1,detmle,1.0,1.0,0.05,5000,1.0,1.0,3
3,180,1,detmle,1.0,1.0,0.05,5000,1.0,1.0,3
3,181,1,detmle,1.0,1.0,0.05,5000,1.0,1.0,3
3,182,1,detmle,1.0,1.0,0.05,5000,1.0,1.0,3
3,183,1,detmle,1.0,1.0,0.05,5000,1.0,1.0,3
3,184,1,detmle,1.0,1.0,0.05,5000,1.0,1.0,3
3,185,1,detmle,1.0,1.0,0.05,5000,1.0,1.0,3
3,186,1,detmle,1.0,1.0,0.05,5000,1.0,1.0,4
3,187,1,detmle,1.0,1.0,0.05,5000,1.0,1.0,3
3,188,1,detmle,1.0,1.0,0.05,5000,1.0,1.0,3
3,189,1,detmle,1.0,1.0,0.05,5000,1.0,1.0,3
3,190,1,detmle,1.0,1.0,0.05,5000,1.0,1.0,3
3,191,1,detmle,1.0,1.0,0.05,5000,1.0,1.0,3
3,192,1,detmle,1.0,1.0,0.05,5000,1.0,1.0,3
3,193,1,detmle,1.0,1.0,0.05,5000,1.0,1.0,3
3,194,1,detmle,1.0,1.0,0.05,5000,1.0,1.0,3
3,195,1,detmle,1.0,1.0,0.05,5000,1.0,1.0,3
3,196,1,detmle,1.0,1.0,0.05,5000,1.0,1.0,3
3,197,1,detmle,1.0,1.0,0.05,5000,1.0,1.0,3
3,198,1,detmle,1.0,1.0,0.05,5000,1.0,1.0,3
3,199,1,detmle,1.0,1.0,0.05,5000,1.0,1.0,3
3,200,1,detmle,1.0,1.0,0.05,5000,1.0,1.0,3
3,1,1,detmle,1.0,1.0,0.05,5000,1.0,1.025,3
3,2,1,detmle,1.0,1.0,0.05,5000,1.0,1.025,3
3,3,1,detmle,1.0,1.0,0.05,5000,1.0,1.025,3
3,4,1,detmle,1.0,1.0,0.05,5000,1.0,1.025,3
3,5,1,detmle,1.0,1.0,0.05,5000,1.0,1.025,3
3,6,1,detmle,1.0,1.0,0.05,5000,1.0,1.025,3
3,7,1,detmle,1.0,1.0,0.05,5000,1.0,1.025,4
3,8,1,detmle,1.0,1.0,0.05,5000,1.0,1.025,3
3,9,1,detmle,1.0,1.0,0.05,5000,1.0,1.025,3
3,10,1,detmle,1.0,1.0,0.05,5000,1.0,1.025,2
3,11,1,detmle,1.0,1.0,0.05,5000,1.0,1.025,3
3,12,1,detmle,1.0,1.0,0.05,5000,1.0,1.025,3
3,13,1,detmle,1.0,1.0,0.05,5000,1.0,1.025,3
3,14,1,detmle,1.0,1.0,0.05,5000,1.0,1.025,3
3,15,1,detmle,1.0,1.0,0.05,5000,1.0,1.025,3
3,16,1,detmle,1.0,1.0,0.05,5000,1.0,1.025,4
3,17,1,detmle,1.0,1.0,0.05,5000,1.0,1.025,3
3,18,1,detmle,1.0,1.0,0.05,5000,1.0,1.025,3
3,19,1,detmle,1.0,1.0,0.05,5000,1.0,1.025,3
3,20,1,detmle,1.0,1.0,0.05,5000,1.0,1.025,3
3,21,1,detmle,1.0,1.0,0.05,5000,1.0,1.025,3
3,22,1,detmle,1.0,1.0,0.05,5000,1.0,1.025,3
3,23,1,detmle,1.0,1.0,0.05,5000,1.0,1.025,3
3,24,1,detmle,1.0,1.0,0.05,5000,1.0,1.025,3
3,25,1,detmle,1.0,1.0,0.05,5000,1.0,1.025,3
3,26,1,detmle,1.0,1.0,0.05,5000,1.0,1.025,3
3,27,1,detmle,1.0,1.0,0.05,5000,1.0,1.025,3
3,28,1,detmle,1.0,1.0,0.05,5000,1.0,1.025,3
3,29,1,detmle,1.0,1.0,0.05,5000,1.0,1.025,2
3,30,1,detmle,1.0,1.0,0.05,5000,1.0,1.025,3
3,31,1,detmle,1.0,1.0,0.05,5000,1.0,1.025,3
3,32,1,detmle,1.0,1.0,0.05,5000,1.0,1.025,3
3,33,1,detmle,1.0,1.0,0.05,5000,1.0,1.025,3
3,34,1,detmle,1.0,1.0,0.05,5000,1.0,1.025,3
3,35,1,detmle,1.0,1.0,0.05,5000,1.0,1.025,3
3,36,1,detmle,1.0,1.0,0.05,5000,1.0,1.025,3
3,37,1,detmle,1.0,1.0,0.05,5000,1.0,1.025,3
3,38,1,detmle,1.0,1.0,0.05,5000,1.0,1.025,3
3,39,1,detmle,1.0,1.0,0.05,5000,1.0,1.025,3
3,40,1,detmle,1.0,1.0,0.05,5000,1.0,1.025,3
3,41,1,detmle,1.0,1.0,0.05,5000,1.0,1.025,3
3,42,1,detmle,1.0,1.0,0.05,5000,1.0,1.025,3
3,43,1,detmle,1.0,1.0,0.05,5000,1.0,1.025,2
3,44,1,detmle,1.0,1.0,0.05,5000,1.0,1.025,3
3,45,1,detmle,1.0,1.0,0.05,5000,1.0,1.025,3
3,46,1,detmle,1.0,1.0,0.05,5000,1.0,1.025,3
3,47,1,detmle,1.0,1.0,0.05,5000,1.0,1.025,4
3,48,1,detmle,1.0,1.0,0.05,5000,1.0,1.025,3
3,49,1,detmle,1.0,1.0,0.05,5000,1.0,1.025,3
3,50,1,detmle,1.0,1.0,0.05,5000,1.0,1.025,3
3,51,1,detmle,1.0,1.0,0.05,5000,1.0,1.025,3
3,52,1,detmle,1.0,1.0,0.05,5000,1.0,1.025,2
3,53,1,detmle,1.0,1.0,0.05,5000,1.0,1.025,3
3,54,1,detmle,1.0,1.0,0.05,5000,1.0,1.025,3
3,55,1,detmle,1.0,1.0,0.05,5000,1.0,1.025,4
3,56,1,detmle,1.0,1.0,0.05,5000,1.0,1.025,3
3,57,1,detmle,1.0,1.0,0.05,5000,1.0,1.025,4
3,58,1,detmle,1.0,1.0,0.05,5000,1.0,1.025,3
3,59,1,detmle,1.0,1.0,0.05,5000,1.0,1.025,3
3,60,1,detmle,1.0,1.0,0.05,5000,1.0,1.025,3
3,61,1,detmle,1.0,1.0,0.05,5000,1.0,1.025,3
3,62,1,detmle,1.0,1.0,0.05,5000,1.0,1.025,3
3,63,1,detmle,1.0,1.0,0.05,5000,1.0,1.025,3
3,64,1,detmle,1.0,1.0,0.05,5000,1.0,1.025,3
3,65,1,detmle,1.0,1.0,0.05,5000,1.0,1.025,3
3,66,1,detmle,1.0,1.0,0.05,5000,1.0,1.025,4
3,67,1,detmle,1.0,1.0,0.05,5000,1.0,1.025,3
3,68,1,detmle,1.0,1.0,0.05,5000,1.0,1.025,3
3,69,1,detmle,1.0,1.0,0.05,5000,1.0,1.025,3
3,70,1,detmle,1.0,1.0,0.05,5000,1.0,1.025,3
3,71,1,detmle,1.0,1.0,0.05,5000,1.0,1.025,3
3,72,1,detmle,1.0,1.0,0.05,5000,1.0,1.025,3
3,73,1,detmle,1.0,1.0,0.05,5000,1.0,1.025,3
3,74,1,detmle,1.0,1.0,0.05,5000,1.0,1.025,3
3,75,1,detmle,1.0,1.0,0.05,5000,1.0,1.025,3
3,76,1,detmle,1.0,1.0,0.05,5000,1.0,1.025,3
3,77,1,detmle,1.0,1.0,0.05,5000,1.0,1.025,3
3,78,1,detmle,1.0,1.0,0.05,5000,1.0,1.025,2
3,79,1,detmle,1.0,1.0,0.05,5000,1.0,1.025,4
3,80,1,detmle,1.0,1.0,0.05,5000,1.0,1.025,3
3,81,1,detmle,1.0,1.0,0.05,5000,1.0,1.025,2
3,82,1,detmle,1.0,1.0,0.05,5000,1.0,1.025,3
3,83,1,detmle,1.0,1.0,0.05,5000,1.0,1.025,4
3,84,1,detmle,1.0,1.0,0.05,5000,1.0,1.025,3
3,85,1,detmle,1.0,1.0,0.05,5000,1.0,1.025,3
3,86,1,detmle,1.0,1.0,0.05,5000,1.0,1.025,3
3,87,1,detmle,1.0,1.0,0.05,5000,1.0,1.025,4
3,88,1,detmle,1.0,1.0,0.05,5000,1.0,1.025,3
3,89,1,detmle,1.0,1.0,0.05,5000,1.0,1.025,3
3,90,1,detmle,1.0,1.0,0.05,5000,1.0,1.025,3
3,91,1,detmle,1.0,1.0,0.05,5000,1.0,1.025,3
3,92,1,detmle,1.0,1.0,0.05,5000,1.0,1.025,3
3,93,1,detmle,1.0,1.0,0.05,5000,1.0,1.025,3
3,94,1,detmle,1.0,1.0,0.05,5000,1.0,1.025,3
3,95,1,detmle,1.0,1.0,0.05,5000,1.0,1.025,3
3,96,1,detmle,1.0,1.0,0.05,5000,1.0,1.025,3
3,97,1,detmle,1.0,1.0,0.05,5000,1.0,1.025,3
3,98,1,detmle,1.0,1.0,0.05,5000,1.0,1.025,3
3,99,1,detmle,1.0,1.0,0.05,5000,1.0,1.025,3
3,100,1,detmle,1.0,1.0,0.05,5000,1.0,1.025,3
3,101,1,detmle,1.0,1.0,0.05,5000,1.0,1.025,3
3,102,1,detmle,1.0,1.0,0.05,5000,1.0,1.025,3
3,103,1,detmle,1.0,1.0,0.05,5000,1.0,1.025,3
3,104,1,detmle,1.0,1.0,0.05,5000,1.0,1.025,4
3,105,1,detmle,1.0,1.0,0.05,5000,1.0,1.025,3
3,106,1,detmle,1.0,1.0,0.05,5000,1.0,1.025,3
3,107,1,detmle,1.0,1.0,0.05,5000,1.0,1.025,3
3,108,1,detmle,1.0,1.0,0.05,5000,1.0,1.025,3
3,109,1,detmle,1.0,1.0,0.05,5000,1.0,1.025,3
3,110,1,detmle,1.0,1.0,0.05,5000,1.0,1.025,3
3,111,1,detmle,1.0,1.0,0.05,5000,1.0,1.025,3
3,112,1,detmle,1.0,1.0,0.05,5000,1.0,1.025,4
3,113,1,detmle,1.0,1.0,0.05,5000,1.0,1.025,3
3,114,1,detmle,1.0,1.0,0.05,5000,1.0,1.025,3
3,115,1,detmle,1.0,1.0,0.05,5000,1.0,1.025,4
3,116,1,detmle,1.0,1.0,0.05,5000,1.0,1.025,3
3,117,1,detmle,1.0,1.0,0.05,5000,1.0,1.025,3
3,118,1,detmle,1.0,1.0,0.05,5000,1.0,1.025,2
3,119,1,detmle,1.0,1.0,0.05,5000,1.0,1.025,3
3,120,1,detmle,1.0,1.0,0.05,5000,1.0,1.025,3
3,121,1,detmle,1.0,1.0,0.05,5000,1.0,1.025,4
3,122,1,detmle,1.0,1.0,0.05,5000,1.0,1.025,3
3,123,1,detmle,1.0,1.0,0.05,5000,1.0,1.025,3
3,124,1,detmle,1.0,1.0,0.05,5000,1.0,1.025,3
3,125,1,detmle,1.0,1.0,0.05,5000,1.0,1.025,3
3,126,1,detmle,1.0,1.0,0.05,5000,1.0,1.025,3
3,127,1,detmle,1.0,1.0,0.05,5000,1.0,1.025,3
3,128,1,detmle,1.0,1.0,0.05,5000,1.0,1.025,3
3,129,1,detmle,1.0,1.0,0.05,5000,1.0,1.025,4
3,130,1,detmle,1.0,1.0,0.05,5000,1.0,1.025,3
3,131,1,detmle,1.0,1.0,0.05,5000,1.0,1.025,3
3,132,1,detmle,1.0,1.0,0.05,5000,1.0,1.025,4
3,133,1,detmle,1.0,1.0,0.05,5000,1.0,1.025,3
3,134,1,detmle,1.0,1.0,0.05,5000,1.0,1.025,3
3,135,1,detmle,1.0,1.0,0.05,5000,1.0,1.025,3
3,136,1,detmle,1.0,1.0,0.05,5000,1.0,1.025,3
3,137,1,detmle,1.0,1.0,0.05,5000,1.0,1.025,2
3,138,1,detmle,1.0,1.0,0.05,5000,1.0,1.025,3
3,139,1,detmle,1.0,1.0,0.05,5000,1.0,1.025,2
3,140,1,detmle,1.0,1.0,0.05,5000,1.0,1.025,3
3,141,1,detmle,1.0,1.0,0.05,5000,1.0,1.025,3
3,142,1,detmle,1.0,1.0,0.05,5000,1.0,1.025,3
3,143,1,detmle,1.0,1.0,0.05,5000,1.0,1.025,3
3,144,1,detmle,1.0,1.0,0.05,5000,1.0,1.025,2
3,145,1,detmle,1.0,1.0,0.05,5000,1.0,1.025,2
3,146,1,detmle,1.0,1.0,0.05,5000,1.0,1.025,3
3,147,1,detmle,1.0,1.0,0.05,5000,1.0,1.025,3
3,148,1,detmle,1.0,1.0,0.05,5000,1.0,1.025,3
3,149,1,detmle,1.0,1.0,0.05,5000,1.0,1.025,3
3,150,1,detmle,1.0,1.0,0.05,5000,1.0,1.025,3
3,151,1,detmle,1.0,1.0,0.05,5000,1.0,1.025,3
3,152,1,detmle,1.0,1.0,0.05,5000,1.0,1.025,3
3,153,1,detmle,1.0,1.0,0.05,5000,1.0,1.025,3
3,154,1,detmle,1.0,1.0,0.05,5000,1.0,1.025,3
3,155,1,detmle,1.0,1.0,0.05,5000,1.0,1.025,3
3,156,1,detmle,1.0,1.0,0.05,5000,1.0,1.025,3
3,157,1,detmle,1.0,1.0,0.05,5000,1.0,1.025,3
3,158,1,detmle,1.0,1.0,0.05,5000,1.0,1.025,3
3,159,1,detmle,1.0,1.0,0.05,5000,1.0,1.025,3
3,160,1,detmle,1.0,1.0,0.05,5000,1.0,1.025,3
3,161,1,detmle,1.0,1.0,0.05,5000,1.0,1.025,3
3,162,1,detmle,1.0,1.0,0.05,5000,1.0,1.025,3
3,163,1,detmle,1.0,1.0,0.05,5000,1.0,1.025,1
3,164,1,detmle,1.0,1.0,0.05,5000,1.0,1.025,3
3,165,1,detmle,1.0,1.0,0.05,5000,1.0,1.025,3
3,166,1,detmle,1.0,1.0,0.05,5000,1.0,1.025,3
3,167,1,detmle,1.0,1.0,0.05,5000,1.0,1.025,4
3,168,1,detmle,1.0,1.0,0.05,5000,1.0,1.025,4
3,169,1,detmle,1.0,1.0,0.05,5000,1.0,1.025,3
3,170,1,detmle,1.0,1.0,0.05,5000,1.0,1.025,2
3,171,1,detmle,1.0,1.0,0.05,5000,1.0,1.025,3
3,172,1,detmle,1.0,1.0,0.05,5000,1.0,1.025,3
3,173,1,detmle,1.0,1.0,0.05,5000,1.0,1.025,4
3,174,1,detmle,1.0,1.0,0.05,5000,1.0,1.025,3
3,175,1,detmle,1.0,1.0,0.05,5000,1.0,1.025,3
3,176,1,detmle,1.0,1.0,0.05,5000,1.0,1.025,3
3,177,1,detmle,1.0,1.0,0.05,5000,1.0,1.025,3
3,178,1,detmle,1.0,1.0,0.05,5000,1.0,1.025,3
3,179,1,detmle,1.0,1.0,0.05,5000,1.0,1.025,3
3,180,1,detmle,1.0,1.0,0.05,5000,1.0,1.025,3
3,181,1,detmle,1.0,1.0,0.05,5000,1.0,1.025,3
3,182,1,detmle,1.0,1.0,0.05,5000,1.0,1.025,3
3,183,1,detmle,1.0,1.0,0.05,5000,1.0,1.025,3
3,184,1,detmle,1.0,1.0,0.05,5000,1.0,1.025,3
3,185,1,detmle,1.0,1.0,0.05,5000,1.0,1.025,3
3,186,1,detmle,1.0,1.0,0.05,5000,1.0,1.025,4
3,187,1,detmle,1.0,1.0,0.05,5000,1.0,1.025,3
3,188,1,detmle,1.0,1.0,0.05,5000,1.0,1.025,3
3,189,1,detmle,1.0,1.0,0.05,5000,1.0,1.025,3
3,190,1,detmle,1.0,1.0,0.05,5000,1.0,1.025,3
3,191,1,detmle,1.0,1.0,0.05,5000,1.0,1.025,3
3,192,1,detmle,1.0,1.0,0.05,5000,1.0,1.025,3
3,193,1,detmle,1.0,1.0,0.05,5000,1.0,1.025,3
3,194,1,detmle,1.0,1.0,0.05,5000,1.0,1.025,3
3,195,1,detmle,1.0,1.0,0.05,5000,1.0,1.025,3
3,196,1,detmle,1.0,1.0,0.05,5000,1.0,1.025,3
3,197,1,detmle,1.0,1.0,0.05,5000,1.0,1.025,3
3,198,1,detmle,1.0,1.0,0.05,5000,1.0,1.025,3
3,199,1,detmle,1.0,1.0,0.05,5000,1.0,1.025,3
3,200,1,detmle,1.0,1.0,0.05,5000,1.0,1.025,3
3,1,1,detmle,1.0,1.0,0.05,5000,1.0,1.05,2
3,2,1,detmle,1.0,1.0,0.05,5000,1.0,1.05,3
3,3,1,detmle,1.0,1.0,0.05,5000,1.0,1.05,3
3,4,1,detmle,1.0,1.0,0.05,5000,1.0,1.05,3
3,5,1,detmle,1.0,1.0,0.05,5000,1.0,1.05,3
3,6,1,detmle,1.0,1.0,0.05,5000,1.0,1.05,3
3,7,1,detmle,1.0,1.0,0.05,5000,1.0,1.05,4
3,8,1,detmle,1.0,1.0,0.05,5000,1.0,1.05,3
3,9,1,detmle,1.0,1.0,0.05,5000,1.0,1.05,3
3,10,1,detmle,1.0,1.0,0.05,5000,1.0,1.05,2
3,11,1,detmle,1.0,1.0,0.05,5000,1.0,1.05,3
3,12,1,detmle,1.0,1.0,0.05,5000,1.0,1.05,3
3,13,1,detmle,1.0,1.0,0.05,5000,1.0,1.05,3
3,14,1,detmle,1.0,1.0,0.05,5000,1.0,1.05,3
3,15,1,detmle,1.0,1.0,0.05,5000,1.0,1.05,3
3,16,1,detmle,1.0,1.0,0.05,5000,1.0,1.05,3
3,17,1,detmle,1.0,1.0,0.05,5000,1.0,1.05,3
3,18,1,detmle,1.0,1.0,0.05,5000,1.0,1.05,3
3,19,1,detmle,1.0,1.0,0.05,5000,1.0,1.05,3
3,20,1,detmle,1.0,1.0,0.05,5000,1.0,1.05,3
3,21,1,detmle,1.0,1.0,0.05,5000,1.0,1.05,3
3,22,1,detmle,1.0,1.0,0.05,5000,1.0,1.05,3
3,23,1,detmle,1.0,1.0,0.05,5000,1.0,1.05,3
3,24,1,detmle,1.0,1.0,0.05,5000,1.0,1.05,3
3,25,1,detmle,1.0,1.0,0.05,5000,1.0,1.05,3
3,26,1,detmle,1.0,1.0,0.05,5000,1.0,1.05,3
3,27,1,detmle,1.0,1.0,0.05,5000,1.0,1.05,3
3,28,1,detmle,1.0,1.0,0.05,5000,1.0,1.05,3
3,29,1,detmle,1.0,1.0,0.05,5000,1.0,1.05,2
3,30,1,detmle,1.0,1.0,0.05,5000,1.0,1.05,3
3,31,1,detmle,1.0,1.0,0.05,5000,1.0,1.05,3
3,32,1,detmle,1.0,1.0,0.05,5000,1.0,1.05,3
3,33,1,detmle,1.0,1.0,0.05,5000,1.0,1.05,3
3,34,1,detmle,1.0,1.0,0.05,5000,1.0,1.05,3
3,35,1,detmle,1.0,1.0,0.05,5000,1.0,1.05,3
3,36,1,detmle,1.0,1.0,0.05,5000,1.0,1.05,3
3,37,1,detmle,1.0,1.0,0.05,5000,1.0,1.05,3
3,38,1,detmle,1.0,1.0,0.05,5000,1.0,1.05,3
3,39,1,detmle,1.0,1.0,0.05,5000,1.0,1.05,3
3,40,1,detmle,1.0,1.0,0.05,5000,1.0,1.05,3
3,41,1,detmle,1.0,1.0,0.05,5000,1.0,1.05,3
3,42,1,detmle,1.0,1.0,0.05,5000,1.0,1.05,3
3,43,1,detmle,1.0,1.0,0.05,5000,1.0,1.05,2
3,44,1,detmle,1.0,1.0,0.05,5000,1.0,1.05,3
3,45,1,detmle,1.0,1.0,0.05,5000,1.0,1.05,3
3,46,1,detmle,1.0,1.0,0.05,5000,1.0,1.05,3
3,47,1,detmle,1.0,1.0,0.05,5000,1.0,1.05,3
3,48,1,detmle,1.0,1.0,0.05,5000,1.0,1.05,3
3,49,1,detmle,1.0,1.0,0.05,5000,1.0,1.05,3
3,50,1,detmle,1.0,1.0,0.05,5000,1.0,1.05,3
3,51,1,detmle,1.0,1.0,0.05,5000,1.0,1.05,3
3,52,1,detmle,1.0,1.0,0.05,5000,1.0,1.05,2
3,53,1,detmle,1.0,1.0,0.05,5000,1.0,1.05,4
3,54,1,detmle,1.0,1.0,0.05,5000,1.0,1.05,3
3,55,1,detmle,1.0,1.0,0.05,5000,1.0,1.05,4
3,56,1,detmle,1.0,1.0,0.05,5000,1.0,1.05,3
3,57,1,detmle,1.0,1.0,0.05,5000,1.0,1.05,4
3,58,1,detmle,1.0,1.0,0.05,5000,1.0,1.05,3
3,59,1,detmle,1.0,1.0,0.05,5000,1.0,1.05,3
3,60,1,detmle,1.0,1.0,0.05,5000,1.0,1.05,3
3,61,1,detmle,1.0,1.0,0.05,5000,1.0,1.05,3
3,62,1,detmle,1.0,1.0,0.05,5000,1.0,1.05,3
3,63,1,detmle,1.0,1.0,0.05,5000,1.0,1.05,3
3,64,1,detmle,1.0,1.0,0.05,5000,1.0,1.05,3
3,65,1,detmle,1.0,1.0,0.05,5000,1.0,1.05,3
3,66,1,detmle,1.0,1.0,0.05,5000,1.0,1.05,3
3,67,1,detmle,1.0,1.0,0.05,5000,1.0,1.05,3
3,68,1,detmle,1.0,1.0,0.05,5000,1.0,1.05,3
3,69,1,detmle,1.0,1.0,0.05,5000,1.0,1.05,3
3,70,1,detmle,1.0,1.0,0.05,5000,1.0,1.05,3
3,71,1,detmle,1.0,1.0,0.05,5000,1.0,1.05,3
3,72,1,detmle,1.0,1.0,0.05,5000,1.0,1.05,3
3,73,1,detmle,1.0,1.0,0.05,5000,1.0,1.05,3
3,74,1,detmle,1.0,1.0,0.05,5000,1.0,1.05,3
3,75,1,detmle,1.0,1.0,0.05,5000,1.0,1.05,3
3,76,1,detmle,1.0,1.0,0.05,5000,1.0,1.05,3
3,77,1,detmle,1.0,1.0,0.05,5000,1.0,1.05,3
3,78,1,detmle,1.0,1.0,0.05,5000,1.0,1.05,2
3,79,1,detmle,1.0,1.0,0.05,5000,1.0,1.05,4
3,80,1,detmle,1.0,1.0,0.05,5000,1.0,1.05,3
3,81,1,detmle,1.0,1.0,0.05,5000,1.0,1.05,2
3,82,1,detmle,1.0,1.0,0.05,5000,1.0,1.05,3
3,83,1,detmle,1.0,1.0,0.05,5000,1.0,1.05,4
3,84,1,detmle,1.0,1.0,0.05,5000,1.0,1.05,3
3,85,1,detmle,1.0,1.0,0.05,5000,1.0,1.05,3
3,86,1,detmle,1.0,1.0,0.05,5000,1.0,1.05,3
3,87,1,detmle,1.0,1.0,0.05,5000,1.0,1.05,3
3,88,1,detmle,1.0,1.0,0.05,5000,1.0,1.05,3
3,89,1,detmle,1.0,1.0,0.05,5000,1.0,1.05,3
3,90,1,detmle,1.0,1.0,0.05,5000,1.0,1.05,3
3,91,1,detmle,1.0,1.0,0.05,5000,1.0,1.05,3
3,92,1,detmle,1.0,1.0,0.05,5000,1.0,1.05,3
3,93,1,detmle,1.0,1.0,0.05,5000,1.0,1.05,3
3,94,1,detmle,1.0,1.0,0.05,5000,1.0,1.05,3
3,95,1,detmle,1.0,1.0,0.05,5000,1.0,1.05,3
3,96,1,detmle,1.0,1.0,0.05,5000,1.0,1.05,3
3,97,1,detmle,1.0,1.0,0.05,5000,1.0,1.05,3
3,98,1,detmle,1.0,1.0,0.05,5000,1.0,1.05,3
3,99,1,detmle,1.0,1.0,0.05,5000,1.0,1.05,3
3,100,1,detmle,1.0,1.0,0.05,5000,1.0,1.05,3
3,101,1,detmle,1.0,1.0,0.05,5000,1.0,1.05,3
3,102,1,detmle,1.0,1.0,0.05,5000,1.0,1.05,3
3,103,1,detmle,1.0,1.0,0.05,5000,1.0,1.05,3
3,104,1,detmle,1.0,1.0,0.05,5000,1.0,1.05,4
3,105,1,detmle,1.0,1.0,0.05,5000,1.0,1.05,3
3,106,1,detmle,1.0,1.0,0.05,5000,1.0,1.05,3
3,107,1,detmle,1.0,1.0,0.05,5000,1.0,1.05,3
3,108,1,detmle,1.0,1.0,0.05,5000,1.0,1.05,3
3,109,1,detmle,1.0,1.0,0.05,5000,1.0,1.05,3
3,110,1,detmle,1.0,1.0,0.05,5000,1.0,1.05,3
3,111,1,detmle,1.0,1.0,0.05,5000,1.0,1.05,3
3,112,1,detmle,1.0,1.0,0.05,5000,1.0,1.05,4
3,113,1,detmle,1.0,1.0,0.05,5000,1.0,1.05,3
3,114,1,detmle,1.0,1.0,0.05,5000,1.0,1.05,3
3,115,1,detmle,1.0,1.0,0.05,5000,1.0,1.05,4
3,116,1,detmle,1.0,1.0,0.05,5000,1.0,1.05,3
3,117,1,detmle,1.0,1.0,0.05,5000,1.0,1.05,3
3,118,1,detmle,1.0,1.0,0.05,5000,1.0,1.05,2
3,119,1,detmle,1.0,1.0,0.05,5000,1.0,1.05,3
3,120,1,detmle,1.0,1.0,0.05,5000,1.0,1.05,3
3,121,1,detmle,1.0,1.0,0.05,5000,1.0,1.05,4
3,122,1,detmle,1.0,1.0,0.05,5000,1.0,1.05,3
3,123,1,detmle,1.0,1.0,0.05,5000,1.0,1.05,3
3,124,1,detmle,1.0,1.0,0.05,5000,1.0,1.05,3
3,125,1,detmle,1.0,1.0,0.05,5000,1.0,1.05,3
3,126,1,detmle,1.0,1.0,0.05,5000,1.0,1.05,3
3,127,1,detmle,1.0,1.0,0.05,5000,1.0,1.05,3
3,128,1,detmle,1.0,1.0,0.05,5000,1.0,1.05,3
3,129,1,detmle,1.0,1.0,0.05,5000,1.0,1.05,4
3,130,1,detmle,1.0,1.0,0.05,5000,1.0,1.05,3
3,131,1,detmle,1.0,1.0,0.05,5000,1.0,1.05,3
3,132,1,detmle,1.0,1.0,0.05,5000,1.0,1.05,4
3,133,1,detmle,1.0,1.0,0.05,5000,1.0,1.05,3
3,134,1,detmle,1.0,1.0,0.05,5000,1.0,1.05,3
3,135,1,detmle,1.0,1.0,0.05,5000,1.0,1.05,3
3,136,1,detmle,1.0,1.0,0.05,5000,1.0,1.05,3
3,137,1,detmle,1.0,1.0,0.05,5000,1.0,1.05,2
3,138,1,detmle,1.0,1.0,0.05,5000,1.0,1.05,3
3,139,1,detmle,1.0,1.0,0.05,5000,1.0,1.05,2
3,140,1,detmle,1.0,1.0,0.05,5000,1.0,1.05,3
3,141,1,detmle,1.0,1.0,0.05,5000,1.0,1.05,3
3,142,1,detmle,1.0,1.0,0.05,5000,1.0,1.05,3
3,143,1,detmle,1.0,1.0,0.05,5000,1.0,1.05,3
3,144,1,detmle,1.0,1.0,0.05,5000,1.0,1.05,2
3,145,1,detmle,1.0,1.0,0.05,5000,1.0,1.05,2
3,146,1,detmle,1.0,1.0,0.05,5000,1.0,1.05,3
3,147,1,detmle,1.0,1.0,0.05,5000,1.0,1.05,3
3,148,1,detmle,1.0,1.0,0.05,5000,1.0,1.05,3
3,149,1,detmle,1.0,1.0,0.05,5000,1.0,1.05,3
3,150,1,detmle,1.0,1.0,0.05,5000,1.0,1.05,3
3,151,1,detmle,1.0,1.0,0.05,5000,1.0,1.05,3
3,152,1,detmle,1.0,1.0,0.05,5000,1.0,1.05,3
3,153,1,detmle,1.0,1.0,0.05,5000,1.0,1.05,3
3,154,1,detmle,1.0,1.0,0.05,5000,1.0,1.05,3
3,155,1,detmle,1.0,1.0,0.05,5000,1.0,1.05,3
3,156,1,detmle,1.0,1.0,0.05,5000,1.0,1.05,3
3,157,1,detmle,1.0,1.0,0.05,5000,1.0,1.05,3
3,158,1,detmle,1.0,1.0,0.05,5000,1.0,1.05,3
3,159,1,detmle,1.0,1.0,0.05,5000,1.0,1.05,3
3,160,1,detmle,1.0,1.0,0.05,5000,1.0,1.05,3
3,161,1,detmle,1.0,1.0,0.05,5000,1.0,1.05,3
3,162,1,detmle,1.0,1.0,0.05,5000,1.0,1.05,3
3,163,1,detmle,1.0,1.0,0.05,5000,1.0,1.05,1
3,164,1,detmle,1.0,1.0,0.05,5000,1.0,1.05,3
3,165,1,detmle,1.0,1.0,0.05,5000,1.0,1.05,4
3,166,1,detmle,1.0,1.0,0.05,5000,1.0,1.05,3
3,167,1,detmle,1.0,1.0,0.05,5000,1.0,1.05,3
3,168,1,detmle,1.0,1.0,0.05,5000,1.0,1.05,4
3,169,1,detmle,1.0,1.0,0.05,5000,1.0,1.05,3
3,170,1,detmle,1.0,1.0,0.05,5000,1.0,1.05,2
3,171,1,detmle,1.0,1.0,0.05,5000,1.0,1.05,3
3,172,1,detmle,1.0,1.0,0.05,5000,1.0,1.05,3
3,173,1,detmle,1.0,1.0,0.05,5000,1.0,1.05,3
3,174,1,detmle,1.0,1.0,0.05,5000,1.0,1.05,3
3,175,1,detmle,1.0,1.0,0.05,5000,1.0,1.05,3
3,176,1,detmle,1.0,1.0,0.05,5000,1.0,1.05,3
3,177,1,detmle,1.0,1.0,0.05,5000,1.0,1.05,3
3,178,1,detmle,1.0,1.0,0.05,5000,1.0,1.05,3
3,179,1,detmle,1.0,1.0,0.05,5000,1.0,1.05,3
3,180,1,detmle,1.0,1.0,0.05,5000,1.0,1.05,3
3,181,1,detmle,1.0,1.0,0.05,5000,1.0,1.05,3
3,182,1,detmle,1.0,1.0,0.05,5000,1.0,1.05,3
3,183,1,detmle,1.0,1.0,0.05,5000,1.0,1.05,3
3,184,1,detmle,1.0,1.0,0.05,5000,1.0,1.05,3
3,185,1,detmle,1.0,1.0,0.05,5000,1.0,1.05,3
3,186,1,detmle,1.0,1.0,0.05,5000,1.0,1.05,4
3,187,1,detmle,1.0,1.0,0.05,5000,1.0,1.05,3
3,188,1,detmle,1.0,1.0,0.05,5000,1.0,1.05,3
3,189,1,detmle,1.0,1.0,0.05,5000,1.0,1.05,3
3,190,1,detmle,1.0,1.0,0.05,5000,1.0,1.05,3
3,191,1,detmle,1.0,1.0,0.05,5000,1.0,1.05,3
3,192,1,detmle,1.0,1.0,0.05,5000,1.0,1.05,3
3,193,1,detmle,1.0,1.0,0.05,5000,1.0,1.05,3
3,194,1,detmle,1.0,1.0,0.05,5000,1.0,1.05,3
3,195,1,detmle,1.0,1.0,0.05,5000,1.0,1.05,3
3,196,1,detmle,1.0,1.0,0.05,5000,1.0,1.05,3
3,197,1,detmle,1.0,1.0,0.05,5000,1.0,1.05,3
3,198,1,detmle,1.0,1.0,0.05,5000,1.0,1.05,3
3,199,1,detmle,1.0,1.0,0.05,5000,1.0,1.05,3
3,200,1,detmle,1.0,1.0,0.05,5000,1.0,1.05,3
3,1,1,detmle,1.0,1.0,0.05,5000,1.0,1.075,2
3,2,1,detmle,1.0,1.0,0.05,5000,1.0,1.075,3
3,3,1,detmle,1.0,1.0,0.05,5000,1.0,1.075,3
3,4,1,detmle,1.0,1.0,0.05,5000,1.0,1.075,3
3,5,1,detmle,1.0,1.0,0.05,5000,1.0,1.075,3
3,6,1,detmle,1.0,1.0,0.05,5000,1.0,1.075,3
3,7,1,detmle,1.0,1.0,0.05,5000,1.0,1.075,4
3,8,1,detmle,1.0,1.0,0.05,5000,1.0,1.075,3
3,9,1,detmle,1.0,1.0,0.05,5000,1.0,1.075,3
3,10,1,detmle,1.0,1.0,0.05,5000,1.0,1.075,2
3,11,1,detmle,1.0,1.0,0.05,5000,1.0,1.075,3
3,12,1,detmle,1.0,1.0,0.05,5000,1.0,1.075,3
3,13,1,detmle,1.0,1.0,0.05,5000,1.0,1.075,3
3,14,1,detmle,1.0,1.0,0.05,5000,1.0,1.075,3
3,15,1,detmle,1.0,1.0,0.05,5000,1.0,1.075,3
3,16,1,detmle,1.0,1.0,0.05,5000,1.0,1.075,3
3,17,1,detmle,1.0,1.0,0.05,5000,1.0,1.075,3
3,18,1,detmle,1.0,1.0,0.05,5000,1.0,1.075,4
3,19,1,detmle,1.0,1.0,0.05,5000,1.0,1.075,3
3,20,1,detmle,1.0,1.0,0.05,5000,1.0,1.075,3
3,21,1,detmle,1.0,1.0,0.05,5000,1.0,1.075,3
3,22,1,detmle,1.0,1.0,0.05,5000,1.0,1.075,3
3,23,1,detmle,1.0,1.0,0.05,5000,1.0,1.075,3
3,24,1,detmle,1.0,1.0,0.05,5000,1.0,1.075,3
3,25,1,detmle,1.0,1.0,0.05,5000,1.0,1.075,3
3,26,1,detmle,1.0,1.0,0.05,5000,1.0,1.075,3
3,27,1,detmle,1.0,1.0,0.05,5000,1.0,1.075,3
3,28,1,detmle,1.0,1.0,0.05,5000,1.0,1.075,3
3,29,1,detmle,1.0,1.0,0.05,5000,1.0,1.075,2
3,30,1,detmle,1.0,1.0,0.05,5000,1.0,1.075,3
3,31,1,detmle,1.0,1.0,0.05,5000,1.0,1.075,3
3,32,1,detmle,1.0,1.0,0.05,5000,1.0,1.075,3
3,33,1,detmle,1.0,1.0,0.05,5000,1.0,1.075,3
3,34,1,detmle,1.0,1.0,0.05,5000,1.0,1.075,3
3,35,1,detmle,1.0,1.0,0.05,5000,1.0,1.075,3
3,36,1,detmle,1.0,1.0,0.05,5000,1.0,1.075,3
3,37,1,detmle,1.0,1.0,0.05,5000,1.0,1.075,3
3,38,1,detmle,1.0,1.0,0.05,5000,1.0,1.075,3
3,39,1,detmle,1.0,1.0,0.05,5000,1.0,1.075,3
3,40,1,detmle,1.0,1.0,0.05,5000,1.0,1.075,3
3,41,1,detmle,1.0,1.0,0.05,5000,1.0,1.075,3
3,42,1,detmle,1.0,1.0,0.05,5000,1.0,1.075,3
3,43,1,detmle,1.0,1.0,0.05,5000,1.0,1.075,2
3,44,1,detmle,1.0,1.0,0.05,5000,1.0,1.075,3
3,45,1,detmle,1.0,1.0,0.05,5000,1.0,1.075,3
3,46,1,detmle,1.0,1.0,0.05,5000,1.0,1.075,3
3,47,1,detmle,1.0,1.0,0.05,5000,1.0,1.075,3
3,48,1,detmle,1.0,1.0,0.05,5000,1.0,1.075,3
3,49,1,detmle,1.0,1.0,0.05,5000,1.0,1.075,3
3,50,1,detmle,1.0,1.0,0.05,5000,1.0,1.075,3
3,51,1,detmle,1.0,1.0,0.05,5000,1.0,1.075,3
3,52,1,detmle,1.0,1.0,0.05,5000,1.0,1.075,2
3,53,1,detmle,1.0,1.0,0.05,5000,1.0,1.075,4
3,54,1,detmle,1.0,1.0,0.05,5000,1.0,1.075,3
3,55,1,detmle,1.0,1.0,0.05,5000,1.0,1.075,3
3,56,1,detmle,1.0,1.0,0.05,5000,1.0,1.075,3
3,57,1,detmle,1.0,1.0,0.05,5000,1.0,1.075,4
3,58,1,detmle,1.0,1.0,0.05,5000,1.0,1.075,3
3,59,1,detmle,1.0,1.0,0.05,5000,1.0,1.075,3
3,60,1,detmle,1.0,1.0,0.05,5000,1.0,1.075,3
3,61,1,detmle,1.0,1.0,0.05,5000,1.0,1.075,3
3,62,1,detmle,1.0,1.0,0.05,5000,1.0,1.075,3
3,63,1,detmle,1.0,1.0,0.05,5000,1.0,1.075,3
3,64,1,detmle,1.0,1.0,0.05,5000,1.0,1.075,3
3,65,1,detmle,1.0,1.0,0.05,5000,1.0,1.075,3
3,66,1,detmle,1.0,1.0,0.05,5000,1.0,1.075,3
3,67,1,detmle,1.0,1.0,0.05,5000,1.0,1.075,3
3,68,1,detmle,1.0,1.0,0.05,5000,1.0,1.075,3
3,69,1,detmle,1.0,1.0,0.05,5000,1.0,1.075,3
3,70,1,detmle,1.0,1.0,0.05,5000,1.0,1.075,3
3,71,1,detmle,1.0,1.0,0.05,5000,1.0,1.075,3
3,72,1,detmle,1.0,1.0,0.05,5000,1.0,1.075,3
3,73,1,detmle,1.0,1.0,0.05,5000,1.0,1.075,3
3,74,1,detmle,1.0,1.0,0.05,5000,1.0,1.075,3
3,75,1,detmle,1.0,1.0,0.05,5000,1.0,1.075,3
3,76,1,detmle,1.0,1.0,0.05,5000,1.0,1.075,3
3,77,1,detmle,1.0,1.0,0.05,5000,1.0,1.075,3
3,78,1,detmle,1.0,1.0,0.05,5000,1.0,1.075,2
3,79,1,detmle,1.0,1.0,0.05,5000,1.0,1.075,4
3,80,1,detmle,1.0,1.0,0.05,5000,1.0,1.075,3
3,81,1,detmle,1.0,1.0,0.05,5000,1.0,1.075,2
3,82,1,detmle,1.0,1.0,0.05,5000,1.0,1.075,3
3,83,1,detmle,1.0,1.0,0.05,5000,1.0,1.075,4
3,84,1,detmle,1.0,1.0,0.05,5000,1.0,1.075,3
3,85,1,detmle,1.0,1.0,0.05,5000,1.0,1.075,3
3,86,1,detmle,1.0,1.0,0.05,5000,1.0,1.075,3
3,87,1,detmle,1.0,1.0,0.05,5000,1.0,1.075,3
3,88,1,detmle,1.0,1.0,0.05,5000,1.0,1.075,4
3,89,1,detmle,1.0,1.0,0.05,5000,1.0,1.075,3
3,90,1,detmle,1.0,1.0,0.05,5000,1.0,1.075,3
3,91,1,detmle,1.0,1.0,0.05,5000,1.0,1.075,3
3,92,1,detmle,1.0,1.0,0.05,5000,1.0,1.075,3
3,93,1,detmle,1.0,1.0,0.05,5000,1.0,1.075,3
3,94,1,detmle,1.0,1.0,0.05,5000,1.0,1.075,3
3,95,1,detmle,1.0,1.0,0.05,5000,1.0,1.075,3
3,96,1,detmle,1.0,1.0,0.05,5000,1.0,1.075,3
3,97,1,detmle,1.0,1.0,0.05,5000,1.0,1.075,3
3,98,1,detmle,1.0,1.0,0.05,5000,1.0,1.075,3
3,99,1,detmle,1.0,1.0,0.05,5000,1.0,1.075,3
3,100,1,detmle,1.0,1.0,0.05,5000,1.0,1.075,3
3,101,1,detmle,1.0,1.0,0.05,5000,1.0,1.075,3
3,102,1,detmle,1.0,1.0,0.05,5000,1.0,1.075,3
3,103,1,detmle,1.0,1.0,0.05,5000,1.0,1.075,3
3,104,1,detmle,1.0,1.0,0.05,5000,1.0,1.075,4
3,105,1,detmle,1.0,1.0,0.05,5000,1.0,1.075,3
3,106,1,detmle,1.0,1.0,0.05,5000,1.0,1.075,3
3,107,1,detmle,1.0,1.0,0.05,5000,1.0,1.075,3
3,108,1,detmle,1.0,1.0,0.05,5000,1.0,1.075,3
3,109,1,detmle,1.0,1.0,0.05,5000,1.0,1.075,3
3,110,1,detmle,1.0,1.0,0.05,5000,1.0,1.075,3
3,111,1,detmle,1.0,1.0,0.05,5000,1.0,1.075,3
3,112,1,detmle,1.0,1.0,0.05,5000,1.0,1.075,4
3,113,1,detmle,1.0,1.0,0.05,5000,1.0,1.075,3
3,114,1,detmle,1.0,1.0,0.05,5000,1.0,1.075,3
3,115,1,detmle,1.0,1.0,0.05,5000,1.0,1.075,4
3,116,1,detmle,1.0,1.0,0.05,5000,1.0,1.075,3
3,117,1,detmle,1.0,1.0,0.05,5000,1.0,1.075,3
3,118,1,detmle,1.0,1.0,0.05,5000,1.0,1.075,2
3,119,1,detmle,1.0,1.0,0.05,5000,1.0,1.075,3
3,120,1,detmle,1.0,1.0,0.05,5000,1.0,1.075,3
3,121,1,detmle,1.0,1.0,0.05,5000,1.0,1.075,4
3,122,1,detmle,1.0,1.0,0.05,5000,1.0,1.075,3
3,123,1,detmle,1.0,1.0,0.05,5000,1.0,1.075,3
3,124,1,detmle,1.0,1.0,0.05,5000,1.0,1.075,3
3,125,1,detmle,1.0,1.0,0.05,5000,1.0,1.075,3
3,126,1,detmle,1.0,1.0,0.05,5000,1.0,1.075,3
3,127,1,detmle,1.0,1.0,0.05,5000,1.0,1.075,3
3,128,1,detmle,1.0,1.0,0.05,5000,1.0,1.075,3
3,129,1,detmle,1.0,1.0,0.05,5000,1.0,1.075,4
3,130,1,detmle,1.0,1.0,0.05,5000,1.0,1.075,3
3,131,1,detmle,1.0,1.0,0.05,5000,1.0,1.075,3
3,132,1,detmle,1.0,1.0,0.05,5000,1.0,1.075,4
3,133,1,detmle,1.0,1.0,0.05,5000,1.0,1.075,3
3,134,1,detmle,1.0,1.0,0.05,5000,1.0,1.075,3
3,135,1,detmle,1.0,1.0,0.05,5000,1.0,1.075,3
3,136,1,detmle,1.0,1.0,0.05,5000,1.0,1.075,3
3,137,1,detmle,1.0,1.0,0.05,5000,1.0,1.075,2
3,138,1,detmle,1.0,1.0,0.05,5000,1.0,1.075,3
3,139,1,detmle,1.0,1.0,0.05,5000,1.0,1.075,2
3,140,1,detmle,1.0,1.0,0.05,5000,1.0,1.075,3
3,141,1,detmle,1.0,1.0,0.05,5000,1.0,1.075,3
3,142,1,detmle,1.0,1.0,0.05,5000,1.0,1.075,3
3,143,1,detmle,1.0,1.0,0.05,5000,1.0,1.075,3
3,144,1,detmle,1.0,1.0,0.05,5000,1.0,1.075,2
3,145,1,detmle,1.0,1.0,0.05,5000,1.0,1.075,2
3,146,1,detmle,1.0,1.0,0.05,5000,1.0,1.075,3
3,147,1,detmle,1.0,1.0,0.05,5000,1.0,1.075,3
3,148,1,detmle,1.0,1.0,0.05,5000,1.0,1.075,3
3,149,1,detmle,1.0,1.0,0.05,5000,1.0,1.075,3
3,150,1,detmle,1.0,1.0,0.05,5000,1.0,1.075,3
3,151,1,detmle,1.0,1.0,0.05,5000,1.0,1.075,3
3,152,1,detmle,1.0,1.0,0.05,5000,1.0,1.075,3
3,153,1,detmle,1.0,1.0,0.05,5000,1.0,1.075,3
3,154,1,detmle,1.0,1.0,0.05,5000,1.0,1.075,3
3,155,1,detmle,1.0,1.0,0.05,5000,1.0,1.075,4
3,156,1,detmle,1.0,1.0,0.05,5000,1.0,1.075,3
3,157,1,detmle,1.0,1.0,0.05,5000,1.0,1.075,3
3,158,1,detmle,1.0,1.0,0.05,5000,1.0,1.075,3
3,159,1,detmle,1.0,1.0,0.05,5000,1.0,1.075,3
3,160,1,detmle,1.0,1.0,0.05,5000,1.0,1.075,3
3,161,1,detmle,1.0,1.0,0.05,5000,1.0,1.075,3
3,162,1,detmle,1.0,1.0,0.05,5000,1.0,1.075,3
3,163,1,detmle,1.0,1.0,0.05,5000,1.0,1.075,1
3,164,1,detmle,1.0,1.0,0.05,5000,1.0,1.075,3
3,165,1,detmle,1.0,1.0,0.05,5000,1.0,1.075,4
3,166,1,detmle,1.0,1.0,0.05,5000,1.0,1.075,3
3,167,1,detmle,1.0,1.0,0.05,5000,1.0,1.075,3
3,168,1,detmle,1.0,1.0,0.05,5000,1.0,1.075,4
3,169,1,detmle,1.0,1.0,0.05,5000,1.0,1.075,3
3,170,1,detmle,1.0,1.0,0.05,5000,1.0,1.075,2
3,171,1,detmle,1.0,1.0,0.05,5000,1.0,1.075,3
3,172,1,detmle,1.0,1.0,0.05,5000,1.0,1.075,3
3,173,1,detmle,1.0,1.0,0.05,5000,1.0,1.075,3
3,174,1,detmle,1.0,1.0,0.05,5000,1.0,1.075,3
3,175,1,detmle,1.0,1.0,0.05,5000,1.0,1.075,3
3,176,1,detmle,1.0,1.0,0.05,5000,1.0,1.075,3
3,177,1,detmle,1.0,1.0,0.05,5000,1.0,1.075,3
3,178,1,detmle,1.0,1.0,0.05,5000,1.0,1.075,3
3,179,1,detmle,1.0,1.0,0.05,5000,1.0,1.075,3
3,180,1,detmle,1.0,1.0,0.05,5000,1.0,1.075,3
3,181,1,detmle,1.0,1.0,0.05,5000,1.0,1.075,3
3,182,1,detmle,1.0,1.0,0.05,5000,1.0,1.075,3
3,183,1,detmle,1.0,1.0,0.05,5000,1.0,1.075,3
3,184,1,detmle,1.0,1.0,0.05,5000,1.0,1.075,3
3,185,1,detmle,1.0,1.0,0.05,5000,1.0,1.075,3
3,186,1,detmle,1.0,1.0,0.05,5000,1.0,1.075,4
3,187,1,detmle,1.0,1.0,0.05,5000,1.0,1.075,3
3,188,1,detmle,1.0,1.0,0.05,5000,1.0,1.075,3
3,189,1,detmle,1.0,1.0,0.05,5000,1.0,1.075,3
3,190,1,detmle,1.0,1.0,0.05,5000,1.0,1.075,3
3,191,1,detmle,1.0,1.0,0.05,5000,1.0,1.075,3
3,192,1,detmle,1.0,1.0,0.05,5000,1.0,1.075,3
3,193,1,detmle,1.0,1.0,0.05,5000,1.0,1.075,3
3,194,1,detmle,1.0,1.0,0.05,5000,1.0,1.075,3
3,195,1,detmle,1.0,1.0,0.05,5000,1.0,1.075,3
3,196,1,detmle,1.0,1.0,0.05,5000,1.0,1.075,3
3,197,1,detmle,1.0,1.0,0.05,5000,1.0,1.075,3
3,198,1,detmle,1.0,1.0,0.05,5000,1.0,1.075,3
3,199,1,detmle,1.0,1.0,0.05,5000,1.0,1.075,3
3,200,1,detmle,1.0,1.0,0.05,5000,1.0,1.075,3
3,1,1,detmle,1.0,1.0,0.05,5000,1.0,1.1,2
3,2,1,detmle,1.0,1.0,0.05,5000,1.0,1.1,3
3,3,1,detmle,1.0,1.0,0.05,5000,1.0,1.1,3
3,4,1,detmle,1.0,1.0,0.05,5000,1.0,1.1,3
3,5,1,detmle,1.0,1.0,0.05,5000,1.0,1.1,3
3,6,1,detmle,1.0,1.0,0.05,5000,1.0,1.1,3
3,7,1,detmle,1.0,1.0,0.05,5000,1.0,1.1,4
3,8,1,detmle,1.0,1.0,0.05,5000,1.0,1.1,3
3,9,1,detmle,1.0,1.0,0.05,5000,1.0,1.1,3
3,10,1,detmle,1.0,1.0,0.05,5000,1.0,1.1,2
3,11,1,detmle,1.0,1.0,0.05,5000,1.0,1.1,3
3,12,1,detmle,1.0,1.0,0.05,5000,1.0,1.1,3
3,13,1,detmle,1.0,1.0,0.05,5000,1.0,1.1,3
3,14,1,detmle,1.0,1.0,0.05,5000,1.0,1.1,3
3,15,1,detmle,1.0,1.0,0.05,5000,1.0,1.1,3
3,16,1,detmle,1.0,1.0,0.05,5000,1.0,1.1,3
3,17,1,detmle,1.0,1.0,0.05,5000,1.0,1.1,3
3,18,1,detmle,1.0,1.0,0.05,5000,1.0,1.1,4
3,19,1,detmle,1.0,1.0,0.05,5000,1.0,1.1,3
3,20,1,detmle,1.0,1.0,0.05,5000,1.0,1.1,3
3,21,1,detmle,1.0,1.0,0.05,5000,1.0,1.1,3
3,22,1,detmle,1.0,1.0,0.05,5000,1.0,1.1,3
3,23,1,detmle,1.0,1.0,0.05,5000,1.0,1.1,3
3,24,1,detmle,1.0,1.0,0.05,5000,1.0,1.1,3
3,25,1,detmle,1.0,1.0,0.05,5000,1.0,1.1,3
3,26,1,detmle,1.0,1.0,0.05,5000,1.0,1.1,3
3,27,1,detmle,1.0,1.0,0.05,5000,1.0,1.1,3
3,28,1,detmle,1.0,1.0,0.05,5000,1.0,1.1,3
3,29,1,detmle,1.0,1.0,0.05,5000,1.0,1.1,2
3,30,1,detmle,1.0,1.0,0.05,5000,1.0,1.1,3
3,31,1,detmle,1.0,1.0,0.05,5000,1.0,1.1,3
3,32,1,detmle,1.0,1.0,0.05,5000,1.0,1.1,3
3,33,1,detmle,1.0,1.0,0.05,5000,1.0,1.1,3
3,34,1,detmle,1.0,1.0,0.05,5000,1.0,1.1,3
3,35,1,detmle,1.0,1.0,0.05,5000,1.0,1.1,3
3,36,1,detmle,1.0,1.0,0.05,5000,1.0,1.1,4
3,37,1,detmle,1.0,1.0,0.05,5000,1.0,1.1,3
3,38,1,detmle,1.0,1.0,0.05,5000,1.0,1.1,3
3,39,1,detmle,1.0,1.0,0.05,5000,1.0,1.1,3
3,40,1,detmle,1.0,1.0,0.05,5000,1.0,1.1,3
3,41,1,detmle,1.0,1.0,0.05,5000,1.0,1.1,3
3,42,1,detmle,1.0,1.0,0.05,5000,1.0,1.1,3
3,43,1,detmle,1.0,1.0,0.05,5000,1.0,1.1,2
3,44,1,detmle,1.0,1.0,0.05,5000,1.0,1.1,3
3,45,1,detmle,1.0,1.0,0.05,5000,1.0,1.1,3
3,46,1,detmle,1.0,1.0,0.05,5000,1.0,1.1,3
3,47,1,detmle,1.0,1.0,0.05,5000,1.0,1.1,3
3,48,1,detmle,1.0,1.0,0.05,5000,1.0,1.1,3
3,49,1,detmle,1.0,1.0,0.05,5000,1.0,1.1,3
3,50,1,detmle,1.0,1.0,0.05,5000,1.0,1.1,3
3,51,1,detmle,1.0,1.0,0.05,5000,1.0,1.1,3
3,52,1,detmle,1.0,1.0,0.05,5000,1.0,1.1,2
3,53,1,detmle,1.0,1.0,0.05,5000,1.0,1.1,4
3,54,1,detmle,1.0,1.0,0.05,5000,1.0,1.1,3
3,55,1,detmle,1.0,1.0,0.05,5000,1.0,1.1,3
3,56,1,detmle,1.0,1.0,0.05,5000,1.0,1.1,3
3,57,1,detmle,1.0,1.0,0.05,5000,1.0,1.1,3
3,58,1,detmle,1.0,1.0,0.05,5000,1.0,1.1,3
3,59,1,detmle,1.0,1.0,0.05,5000,1.0,1.1,3
3,60,1,detmle,1.0,1.0,0.05,5000,1.0,1.1,3
3,61,1,detmle,1.0,1.0,0.05,5000,1.0,1.1,3
3,62,1,detmle,1.0,1.0,0.05,5000,1.0,1.1,3
3,63,1,detmle,1.0,1.0,0.05,5000,1.0,1.1,3
3,64,1,detmle,1.0,1.0,0.05,5000,1.0,1.1,3
3,65,1,detmle,1.0,1.0,0.05,5000,1.0,1.1,3
3,66,1,detmle,1.0,1.0,0.05,5000,1.0,1.1,3
3,67,1,detmle,1.0,1.0,0.05,5000,1.0,1.1,3
3,68,1,detmle,1.0,1.0,0.05,5000,1.0,1.1,3
3,69,1,detmle,1.0,1.0,0.05,5000,1.0,1.1,3
3,70,1,detmle,1.0,1.0,0.05,5000,1.0,1.1,3
3,71,1,detmle,1.0,1.0,0.05,5000,1.0,1.1,3
3,72,1,detmle,1.0,1.0,0.05,5000,1.0,1.1,3
3,73,1,detmle,1.0,1.0,0.05,5000,1.0,1.1,3
3,74,1,detmle,1.0,1.0,0.05,5000,1.0,1.1,3
3,75,1,detmle,1.0,1.0,0.05,5000,1.0,1.1,3
3,76,1,detmle,1.0,1.0,0.05,5000,1.0,1.1,3
3,77,1,detmle,1.0,1.0,0.05,5000,1.0,1.1,3
3,78,1,detmle,1.0,1.0,0.05,5000,1.0,1.1,2
3,79,1,detmle,1.0,1.0,0.05,5000,1.0,1.1,4
3,80,1,detmle,1.0,1.0,0.05,5000,1.0,1.1,3
3,81,1,detmle,1.0,1.0,0.05,5000,1.0,1.1,2
3,82,1,detmle,1.0,1.0,0.05,5000,1.0,1.1,3
3,83,1,detmle,1.0,1.0,0.05,5000,1.0,1.1,4
3,84,1,detmle,1.0,1.0,0.05,5000,1.0,1.1,3
3,85,1,detmle,1.0,1.0,0.05,5000,1.0,1.1,3
3,86,1,detmle,1.0,1.0,0.05,5000,1.0,1.1,3
3,87,1,detmle,1.0,1.0,0.05,5000,1.0,1.1,3
3,88,1,detmle,1.0,1.0,0.05,5000,1.0,1.1,4
3,89,1,detmle,1.0,1.0,0.05,5000,1.0,1.1,3
3,90,1,detmle,1.0,1.0,0.05,5000,1.0,1.1,3
3,91,1,detmle,1.0,1.0,0.05,5000,1.0,1.1,3
3,92,1,detmle,1.0,1.0,0.05,5000,1.0,1.1,3
3,93,1,detmle,1.0,1.0,0.05,5000,1.0,1.1,3
3,94,1,detmle,1.0,1.0,0.05,5000,1.0,1.1,3
3,95,1,detmle,1.0,1.0,0.05,5000,1.0,1.1,3
3,96,1,detmle,1.0,1.0,0.05,5000,1.0,1.1,3
3,97,1,detmle,1.0,1.0,0.05,5000,1.0,1.1,3
3,98,1,detmle,1.0,1.0,0.05,5000,1.0,1.1,3
3,99,1,detmle,1.0,1.0,0.05,5000,1.0,1.1,3
3,100,1,detmle,1.0,1.0,0.05,5000,1.0,1.1,3
3,101,1,detmle,1.0,1.0,0.05,5000,1.0,1.1,3
3,102,1,detmle,1.0,1.0,0.05,5000,1.0,1.1,3
3,103,1,detmle,1.0,1.0,0.05,5000,1.0,1.1,3
3,104,1,detmle,1.0,1.0,0.05,5000,1.0,1.1,3
3,105,1,detmle,1.0,1.0,0.05,5000,1.0,1.1,3
3,106,1,detmle,1.0,1.0,0.05,5000,1.0,1.1,3
3,107,1,detmle,1.0,1.0,0.05,5000,1.0,1.1,3
3,108,1,detmle,1.0,1.0,0.05,5000,1.0,1.1,3
3,109,1,detmle,1.0,1.0,0.05,5000,1.0,1.1,3
3,110,1,detmle,1.0,1.0,0.05,5000,1.0,1.1,3
3,111,1,detmle,1.0,1.0,0.05,5000,1.0,1.1,3
3,112,1,detmle,1.0,1.0,0.05,5000,1.0,1.1,4
3,113,1,detmle,1.0,1.0,0.05,5000,1.0,1.1,3
3,114,1,detmle,1.0,1.0,0.05,5000,1.0,1.1,3
3,115,1,detmle,1.0,1.0,0.05,5000,1.0,1.1,4
3,116,1,detmle,1.0,1.0,0.05,5000,1.0,1.1,3
3,117,1,detmle,1.0,1.0,0.05,5000,1.0,1.1,3
3,118,1,detmle,1.0,1.0,0.05,5000,1.0,1.1,2
3,119,1,detmle,1.0,1.0,0.05,5000,1.0,1.1,3
3,120,1,detmle,1.0,1.0,0.05,5000,1.0,1.1,3
3,121,1,detmle,1.0,1.0,0.05,5000,1.0,1.1,4
3,122,1,detmle,1.0,1.0,0.05,5000,1.0,1.1,3
3,123,1,detmle,1.0,1.0,0.05,5000,1.0,1.1,3
3,124,1,detmle,1.0,1.0,0.05,5000,1.0,1.1,3
3,125,1,detmle,1.0,1.0,0.05,5000,1.0,1.1,3
3,126,1,detmle,1.0,1.0,0.05,5000,1.0,1.1,3
3,127,1,detmle,1.0,1.0,0.05,5000,1.0,1.1,3
3,128,1,detmle,1.0,1.0,0.05,5000,1.0,1.1,3
3,129,1,detmle,1.0,1.0,0.05,5000,1.0,1.1,4
3,130,1,detmle,1.0,1.0,0.05,5000,1.0,1.1,3
3,131,1,detmle,1.0,1.0,0.05,5000,1.0,1.1,3
3,132,1,detmle,1.0,1.0,0.05,5000,1.0,1.1,4
3,133,1,detmle,1.0,1.0,0.05,5000,1.0,1.1,3
3,134,1,detmle,1.0,1.0,0.05,5000,1.0,1.1,3
3,135,1,detmle,1.0,1.0,0.05,5000,1.0,1.1,3
3,136,1,detmle,1.0,1.0,0.05,5000,1.0,1.1,3
3,137,1,detmle,1.0,1.0,0.05,5000,1.0,1.1,2
3,138,1,detmle,1.0,1.0,0.05,5000,1.0,1.1,3
3,139,1,detmle,1.0,1.0,0.05,5000,1.0,1.1,2
3,140,1,detmle,1.0,1.0,0.05,5000,1.0,1.1,3
3,141,1,detmle,1.0,1.0,0.05,5000,1.0,1.1,3
3,142,1,detmle,1.0,1.0,0.05,5000,1.0,1.1,3
3,143,1,detmle,1.0,1.0,0.05,5000,1.0,1.1,3
3,144,1,detmle,1.0,1.0,0.05,5000,1.0,1.1,2
3,145,1,detmle,1.0,1.0,0.05,5000,1.0,1.1,2
3,146,1,detmle,1.0,1.0,0.05,5000,1.0,1.1,3
3,147,1,detmle,1.0,1.0,0.05,5000,1.0,1.1,3
3,148,1,detmle,1.0,1.0,0.05,5000,1.0,1.1,3
3,149,1,detmle,1.0,1.0,0.05,5000,1.0,1.1,3
3,150,1,detmle,1.0,1.0,0.05,5000,1.0,1.1,3
3,151,1,detmle,1.0,1.0,0.05,5000,1.0,1.1,3
3,152,1,detmle,1.0,1.0,0.05,5000,1.0,1.1,4
3,153,1,detmle,1.0,1.0,0.05,5000,1.0,1.1,3
3,154,1,detmle,1.0,1.0,0.05,5000,1.0,1.1,3
3,155,1,detmle,1.0,1.0,0.05,5000,1.0,1.1,4
3,156,1,detmle,1.0,1.0,0.05,5000,1.0,1.1,3
3,157,1,detmle,1.0,1.0,0.05,5000,1.0,1.1,3
3,158,1,detmle,1.0,1.0,0.05,5000,1.0,1.1,3
3,159,1,detmle,1.0,1.0,0.05,5000,1.0,1.1,3
3,160,1,detmle,1.0,1.0,0.05,5000,1.0,1.1,3
3,161,1,detmle,1.0,1.0,0.05,5000,1.0,1.1,3
3,162,1,detmle,1.0,1.0,0.05,5000,1.0,1.1,3
3,163,1,detmle,1.0,1.0,0.05,5000,1.0,1.1,1
3,164,1,detmle,1.0,1.0,0.05,5000,1.0,1.1,3
3,165,1,detmle,1.0,1.0,0.05,5000,1.0,1.1,4
3,166,1,detmle,1.0,1.0,0.05,5000,1.0,1.1,3
3,167,1,detmle,1.0,1.0,0.05,5000,1.0,1.1,3
3,168,1,detmle,1.0,1.0,0.05,5000,1.0,1.1,3
3,169,1,detmle,1.0,1.0,0.05,5000,1.0,1.1,3
3,170,1,detmle,1.0,1.0,0.05,5000,1.0,1.1,2
3,171,1,detmle,1.0,1.0,0.05,5000,1.0,1.1,3
3,172,1,detmle,1.0,1.0,0.05,5000,1.0,1.1,3
3,173,1,detmle,1.0,1.0,0.05,5000,1.0,1.1,3
3,174,1,detmle,1.0,1.0,0.05,5000,1.0,1.1,3
3,175,1,detmle,1.0,1.0,0.05,5000,1.0,1.1,3
3,176,1,detmle,1.0,1.0,0.05,5000,1.0,1.1,3
3,177,1,detmle,1.0,1.0,0.05,5000,1.0,1.1,3
3,178,1,detmle,1.0,1.0,0.05,5000,1.0,1.1,3
3,179,1,detmle,1.0,1.0,0.05,5000,1.0,1.1,3
3,180,1,detmle,1.0,1.0,0.05,5000,1.0,1.1,3
3,181,1,detmle,1.0,1.0,0.05,5000,1.0,1.1,3
3,182,1,detmle,1.0,1.0,0.05,5000,1.0,1.1,3
3,183,1,detmle,1.0,1.0,0.05,5000,1.0,1.1,3
3,184,1,detmle,1.0,1.0,0.05,5000,1.0,1.1,3
3,185,1,detmle,1.0,1.0,0.05,5000,1.0,1.1,3
3,186,1,detmle,1.0,1.0,0.05,5000,1.0,1.1,4
3,187,1,detmle,1.0,1.0,0.05,5000,1.0,1.1,3
3,188,1,detmle,1.0,1.0,0.05,5000,1.0,1.1,3
3,189,1,detmle,1.0,1.0,0.05,5000,1.0,1.1,3
3,190,1,detmle,1.0,1.0,0.05,5000,1.0,1.1,3
3,191,1,detmle,1.0,1.0,0.05,5000,1.0,1.1,3
3,192,1,detmle,1.0,1.0,0.05,5000,1.0,1.1,3
3,193,1,detmle,1.0,1.0,0.05,5000,1.0,1.1,3
3,194,1,detmle,1.0,1.0,0.05,5000,1.0,1.1,3
3,195,1,detmle,1.0,1.0,0.05,5000,1.0,1.1,3
3,196,1,detmle,1.0,1.0,0.05,5000,1.0,1.1,3
3,197,1,detmle,1.0,1.0,0.05,5000,1.0,1.1,3
3,198,1,detmle,1.0,1.0,0.05,5000,1.0,1.1,3
3,199,1,detmle,1.0,1.0,0.05,5000,1.0,1.1,3
3,200,1,detmle,1.0,1.0,0.05,5000,1.0,1.1,3
4,1,1,detmle,1.0,1.0,0.05,5000,1.0,1.0,3
4,2,1,detmle,1.0,1.0,0.05,5000,1.0,1.0,3
4,3,1,detmle,1.0,1.0,0.05,5000,1.0,1.0,4
4,4,1,detmle,1.0,1.0,0.05,5000,1.0,1.0,3
4,5,1,detmle,1.0,1.0,0.05,5000,1.0,1.0,3
4,6,1,detmle,1.0,1.0,0.05,5000,1.0,1.0,3
4,7,1,detmle,1.0,1.0,0.05,5000,1.0,1.0,3
4,8,1,detmle,1.0,1.0,0.05,5000,1.0,1.0,4
4,9,1,detmle,1.0,1.0,0.05,5000,1.0,1.0,4
4,10,1,detmle,1.0,1.0,0.05,5000,1.0,1.0,3
4,11,1,detmle,1.0,1.0,0.05,5000,1.0,1.0,4
4,12,1,detmle,1.0,1.0,0.05,5000,1.0,1.0,4
4,13,1,detmle,1.0,1.0,0.05,5000,1.0,1.0,4
4,14,1,detmle,1.0,1.0,0.05,5000,1.0,1.0,4
4,15,1,detmle,1.0,1.0,0.05,5000,1.0,1.0,4
4,16,1,detmle,1.0,1.0,0.05,5000,1.0,1.0,4
4,17,1,detmle,1.0,1.0,0.05,5000,1.0,1.0,4
4,18,1,detmle,1.0,1.0,0.05,5000,1.0,1.0,4
4,19,1,detmle,1.0,1.0,0.05,5000,1.0,1.0,3
4,20,1,detmle,1.0,1.0,0.05,5000,1.0,1.0,3
4,21,1,detmle,1.0,1.0,0.05,5000,1.0,1.0,4
4,22,1,detmle,1.0,1.0,0.05,5000,1.0,1.0,4
4,23,1,detmle,1.0,1.0,0.05,5000,1.0,1.0,4
4,24,1,detmle,1.0,1.0,0.05,5000,1.0,1.0,4
4,25,1,detmle,1.0,1.0,0.05,5000,1.0,1.0,3
4,26,1,detmle,1.0,1.0,0.05,5000,1.0,1.0,3
4,27,1,detmle,1.0,1.0,0.05,5000,1.0,1.0,4
4,28,1,detmle,1.0,1.0,0.05,5000,1.0,1.0,3
4,29,1,detmle,1.0,1.0,0.05,5000,1.0,1.0,4
4,30,1,detmle,1.0,1.0,0.05,5000,1.0,1.0,4
4,31,1,detmle,1.0,1.0,0.05,5000,1.0,1.0,4
4,32,1,detmle,1.0,1.0,0.05,5000,1.0,1.0,4
4,33,1,detmle,1.0,1.0,0.05,5000,1.0,1.0,3
4,34,1,detmle,1.0,1.0,0.05,5000,1.0,1.0,4
4,35,1,detmle,1.0,1.0,0.05,5000,1.0,1.0,4
4,36,1,detmle,1.0,1.0,0.05,5000,1.0,1.0,4
4,37,1,detmle,1.0,1.0,0.05,5000,1.0,1.0,3
4,38,1,detmle,1.0,1.0,0.05,5000,1.0,1.0,3
4,39,1,detmle,1.0,1.0,0.05,5000,1.0,1.0,3
4,40,1,detmle,1.0,1.0,0.05,5000,1.0,1.0,3
4,41,1,detmle,1.0,1.0,0.05,5000,1.0,1.0,4
4,42,1,detmle,1.0,1.0,0.05,5000,1.0,1.0,4
4,43,1,detmle,1.0,1.0,0.05,5000,1.0,1.0,3
4,44,1,detmle,1.0,1.0,0.05,5000,1.0,1.0,4
4,45,1,detmle,1.0,1.0,0.05,5000,1.0,1.0,4
4,46,1,detmle,1.0,1.0,0.05,5000,1.0,1.0,4
4,47,1,detmle,1.0,1.0,0.05,5000,1.0,1.0,3
4,48,1,detmle,1.0,1.0,0.05,5000,1.0,1.0,3
4,49,1,detmle,1.0,1.0,0.05,5000,1.0,1.0,4
4,50,1,detmle,1.0,1.0,0.05,5000,1.0,1.0,4
4,51,1,detmle,1.0,1.0,0.05,5000,1.0,1.0,4
4,52,1,detmle,1.0,1.0,0.05,5000,1.0,1.0,3
4,53,1,detmle,1.0,1.0,0.05,5000,1.0,1.0,4
4,54,1,detmle,1.0,1.0,0.05,5000,1.0,1.0,4
4,55,1,detmle,1.0,1.0,0.05,5000,1.0,1.0,3
4,56,1,detmle,1.0,1.0,0.05,5000,1.0,1.0,3
4,57,1,detmle,1.0,1.0,0.05,5000,1.0,1.0,3
4,58,1,detmle,1.0,1.0,0.05,5000,1.0,1.0,3
4,59,1,detmle,1.0,1.0,0.05,5000,1.0,1.0,4
4,60,1,detmle,1.0,1.0,0.05,5000,1.0,1.0,3
4,61,1,detmle,1.0,1.0,0.05,5000,1.0,1.0,3
4,62,1,detmle,1.0,1.0,0.05,5000,1.0,1.0,4
4,63,1,detmle,1.0,1.0,0.05,5000,1.0,1.0,3
4,64,1,detmle,1.0,1.0,0.05,5000,1.0,1.0,4
4,65,1,detmle,1.0,1.0,0.05,5000,1.0,1.0,4
4,66,1,detmle,1.0,1.0,0.05,5000,1.0,1.0,3
4,67,1,detmle,1.0,1.0,0.05,5000,1.0,1.0,4
4,68,1,detmle,1.0,1.0,0.05,5000,1.0,1.0,4
4,69,1,detmle,1.0,1.0,0.05,5000,1.0,1.0,3
4,70,1,detmle,1.0,1.0,0.05,5000,1.0,1.0,3
4,71,1,detmle,1.0,1.0,0.05,5000,1.0,1.0,4
4,72,1,detmle,1.0,1.0,0.05,5000,1.0,1.0,4
4,73,1,detmle,1.0,1.0,0.05,5000,1.0,1.0,3
4,74,1,detmle,1.0,1.0,0.05,5000,1.0,1.0,3
4,75,1,detmle,1.0,1.0,0.05,5000,1.0,1.0,3
4,76,1,detmle,1.0,1.0,0.05,5000,1.0,1.0,4
4,77,1,detmle,1.0,1.0,0.05,5000,1.0,1.0,3
4,78,1,detmle,1.0,1.0,0.05,5000,1.0,1.0,2
4,79,1,detmle,1.0,1.0,0.05,5000,1.0,1.0,3
4,80,1,detmle,1.0,1.0,0.05,5000,1.0,1.0,4
4,81,1,detmle,1.0,1.0,0.05,5000,1.0,1.0,3
4,82,1,detmle,1.0,1.0,0.05,5000,1.0,1.0,4
4,83,1,detmle,1.0,1.0,0.05,5000,1.0,1.0,3
4,84,1,detmle,1.0,1.0,0.05,5000,1.0,1.0,4
4,85,1,detmle,1.0,1.0,0.05,5000,1.0,1.0,4
4,86,1,detmle,1.0,1.0,0.05,5000,1.0,1.0,4
4,87,1,detmle,1.0,1.0,0.05,5000,1.0,1.0,3
4,88,1,detmle,1.0,1.0,0.05,5000,1.0,1.0,4
4,89,1,detmle,1.0,1.0,0.05,5000,1.0,1.0,4
4,90,1,detmle,1.0,1.0,0.05,5000,1.0,1.0,4
4,91,1,detmle,1.0,1.0,0.05,5000,1.0,1.0,3
4,92,1,detmle,1.0,1.0,0.05,5000,1.0,1.0,3
4,93,1,detmle,1.0,1.0,0.05,5000,1.0,1.0,4
4,94,1,detmle,1.0,1.0,0.05,5000,1.0,1.0,4
4,95,1,detmle,1.0,1.0,0.05,5000,1.0,1.0,3
4,96,1,detmle,1.0,1.0,0.05,5000,1.0,1.0,3
4,97,1,detmle,1.0,1.0,0.05,5000,1.0,1.0,3
4,98,1,detmle,1.0,1.0,0.05,5000,1.0,1.0,4
4,99,1,detmle,1.0,1.0,0.05,5000,1.0,1.0,4
4,100,1,detmle,1.0,1.0,0.05,5000,1.0,1.0,4
4,101,1,detmle,1.0,1.0,0.05,5000,1.0,1.0,4
4,102,1,detmle,1.0,1.0,0.05,5000,1.0,1.0,3
4,103,1,detmle,1.0,1.0,0.05,5000,1.0,1.0,4
4,104,1,detmle,1.0,1.0,0.05,5000,1.0,1.0,4
4,105,1,detmle,1.0,1.0,0.05,5000,1.0,1.0,3
4,106,1,detmle,1.0,1.0,0.05,5000,1.0,1.0,4
4,107,1,detmle,1.0,1.0,0.05,5000,1.0,1.0,3
4,108,1,detmle,1.0,1.0,0.05,5000,1.0,1.0,3
4,109,1,detmle,1.0,1.0,0.05,5000,1.0,1.0,3
4,110,1,detmle,1.0,1.0,0.05,5000,1.0,1.0,4
4,111,1,detmle,1.0,1.0,0.05,5000,1.0,1.0,4
4,112,1,detmle,1.0,1.0,0.05,5000,1.0,1.0,4
4,113,1,detmle,1.0,1.0,0.05,5000,1.0,1.0,4
4,114,1,detmle,1.0,1.0,0.05,5000,1.0,1.0,4
4,115,1,detmle,1.0,1.0,0.05,5000,1.0,1.0,3
4,116,1,detmle,1.0,1.0,0.05,5000,1.0,1.0,4
4,117,1,detmle,1.0,1.0,0.05,5000,1.0,1.0,4
4,118,1,detmle,1.0,1.0,0.05,5000,1.0,1.0,3
4,119,1,detmle,1.0,1.0,0.05,5000,1.0,1.0,4
4,120,1,detmle,1.0,1.0,0.05,5000,1.0,1.0,4
4,121,1,detmle,1.0,1.0,0.05,5000,1.0,1.0,5
4,122,1,detmle,1.0,1.0,0.05,5000,1.0,1.0,4
4,123,1,detmle,1.0,1.0,0.05,5000,1.0,1.0,4
4,124,1,detmle,1.0,1.0,0.05,5000,1.0,1.0,4
4,125,1,detmle,1.0,1.0,0.05,5000,1.0,1.0,4
4,126,1,detmle,1.0,1.0,0.05,5000,1.0,1.0,3
4,127,1,detmle,1.0,1.0,0.05,5000,1.0,1.0,4
4,128,1,detmle,1.0,1.0,0.05,5000,1.0,1.0,4
4,129,1,detmle,1.0,1.0,0.05,5000,1.0,1.0,4
4,130,1,detmle,1.0,1.0,0.05,5000,1.0,1.0,3
4,131,1,detmle,1.0,1.0,0.05,5000,1.0,1.0,3
4,132,1,detmle,1.0,1.0,0.05,5000,1.0,1.0,4
4,133,1,detmle,1.0,1.0,0.05,5000,1.0,1.0,3
4,134,1,detmle,1.0,1.0,0.05,5000,1.0,1.0,4
4,135,1,detmle,1.0,1.0,0.05,5000,1.0,1.0,4
4,136,1,detmle,1.0,1.0,0.05,5000,1.0,1.0,3
4,137,1,detmle,1.0,1.0,0.05,5000,1.0,1.0,3
4,138,1,detmle,1.0,1.0,0.05,5000,1.0,1.0,4
4,139,1,detmle,1.0,1.0,0.05,5000,1.0,1.0,4
4,140,1,detmle,1.0,1.0,0.05,5000,1.0,1.0,4
4,141,1,detmle,1.0,1.0,0.05,5000,1.0,1.0,4
4,142,1,detmle,1.0,1.0,0.05,5000,1.0,1.0,3
4,143,1,detmle,1.0,1.0,0.05,5000,1.0,1.0,4
4,144,1,detmle,1.0,1.0,0.05,5000,1.0,1.0,3
4,145,1,detmle,1.0,1.0,0.05,5000,1.0,1.0,3
4,146,1,detmle,1.0,1.0,0.05,5000,1.0,1.0,3
4,147,1,detmle,1.0,1.0,0.05,5000,1.0,1.0,3
4,148,1,detmle,1.0,1.0,0.05,5000,1.0,1.0,4
4,149,1,detmle,1.0,1.0,0.05,5000,1.0,1.0,3
4,150,1,detmle,1.0,1.0,0.05,5000,1.0,1.0,4
4,151,1,detmle,1.0,1.0,0.05,5000,1.0,1.0,3
4,152,1,detmle,1.0,1.0,0.05,5000,1.0,1.0,4
4,153,1,detmle,1.0,1.0,0.05,5000,1.0,1.0,3
4,154,1,detmle,1.0,1.0,0.05,5000,1.0,1.0,3
4,155,1,detmle,1.0,1.0,0.05,5000,1.0,1.0,4
4,156,1,detmle,1.0,1.0,0.05,5000,1.0,1.0,4
4,157,1,detmle,1.0,1.0,0.05,5000,1.0,1.0,3
4,158,1,detmle,1.0,1.0,0.05,5000,1.0,1.0,3
4,159,1,detmle,1.0,1.0,0.05,5000,1.0,1.0,4
4,160,1,detmle,1.0,1.0,0.05,5000,1.0,1.0,4
4,161,1,detmle,1.0,1.0,0.05,5000,1.0,1.0,4
4,162,1,detmle,1.0,1.0,0.05,5000,1.0,1.0,3
4,163,1,detmle,1.0,1.0,0.05,5000,1.0,1.0,3
4,164,1,detmle,1.0,1.0,0.05,5000,1.0,1.0,4
4,165,1,detmle,1.0,1.0,0.05,5000,1.0,1.0,4
4,166,1,detmle,1.0,1.0,0.05,5000,1.0,1.0,3
4,167,1,detmle,1.0,1.0,0.05,5000,1.0,1.0,3
4,168,1,detmle,1.0,1.0,0.05,5000,1.0,1.0,4
4,169,1,detmle,1.0,1.0,0.05,5000,1.0,1.0,4
4,170,1,detmle,1.0,1.0,0.05,5000,1.0,1.0,3
4,171,1,detmle,1.0,1.0,0.05,5000,1.0,1.0,3
4,172,1,detmle,1.0,1.0,0.05,5000,1.0,1.0,3
4,173,1,detmle,1.0,1.0,0.05,5000,1.0,1.0,3
4,174,1,detmle,1.0,1.0,0.05,5000,1.0,1.0,3
4,175,1,detmle,1.0,1.0,0.05,5000,1.0,1.0,4
4,176,1,detmle,1.0,1.0,0.05,5000,1.0,1.0,3
4,177,1,detmle,1.0,1.0,0.05,5000,1.0,1.0,3
4,178,1,detmle,1.0,1.0,0.05,5000,1.0,1.0,3
4,179,1,detmle,1.0,1.0,0.05,5000,1.0,1.0,4
4,180,1,detmle,1.0,1.0,0.05,5000,1.0,1.0,4
4,181,1,detmle,1.0,1.0,0.05,5000,1.0,1.0,4
4,182,1,detmle,1.0,1.0,0.05,5000,1.0,1.0,3
4,183,1,detmle,1.0,1.0,0.05,5000,1.0,1.0,4
4,184,1,detmle,1.0,1.0,0.05,5000,1.0,1.0,3
4,185,1,detmle,1.0,1.0,0.05,5000,1.0,1.0,3
4,186,1,detmle,1.0,1.0,0.05,5000,1.0,1.0,4
4,187,1,detmle,1.0,1.0,0.05,5000,1.0,1.0,4
4,188,1,detmle,1.0,1.0,0.05,5000,1.0,1.0,4
4,189,1,detmle,1.0,1.0,0.05,5000,1.0,1.0,3
4,190,1,detmle,1.0,1.0,0.05,5000,1.0,1.0,3
4,191,1,detmle,1.0,1.0,0.05,5000,1.0,1.0,4
4,192,1,detmle,1.0,1.0,0.05,5000,1.0,1.0,3
4,193,1,detmle,1.0,1.0,0.05,5000,1.0,1.0,4
4,194,1,detmle,1.0,1.0,0.05,5000,1.0,1.0,3
4,195,1,detmle,1.0,1.0,0.05,5000,1.0,1.0,4
4,196,1,detmle,1.0,1.0,0.05,5000,1.0,1.0,4
4,197,1,detmle,1.0,1.0,0.05,5000,1.0,1.0,3
4,198,1,detmle,1.0,1.0,0.05,5000,1.0,1.0,4
4,199,1,detmle,1.0,1.0,0.05,5000,1.0,1.0,3
4,200,1,detmle,1.0,1.0,0.05,5000,1.0,1.0,4
4,1,1,detmle,1.0,1.0,0.05,5000,1.0,1.025,3
4,2,1,detmle,1.0,1.0,0.05,5000,1.0,1.025,3
4,3,1,detmle,1.0,1.0,0.05,5000,1.0,1.025,4
4,4,1,detmle,1.0,1.0,0.05,5000,1.0,1.025,3
4,5,1,detmle,1.0,1.0,0.05,5000,1.0,1.025,3
4,6,1,detmle,1.0,1.0,0.05,5000,1.0,1.025,3
4,7,1,detmle,1.0,1.0,0.05,5000,1.0,1.025,3
4,8,1,detmle,1.0,1.0,0.05,5000,1.0,1.025,4
4,9,1,detmle,1.0,1.0,0.05,5000,1.0,1.025,4
4,10,1,detmle,1.0,1.0,0.05,5000,1.0,1.025,3
4,11,1,detmle,1.0,1.0,0.05,5000,1.0,1.025,4
4,12,1,detmle,1.0,1.0,0.05,5000,1.0,1.025,4
4,13,1,detmle,1.0,1.0,0.05,5000,1.0,1.025,4
4,14,1,detmle,1.0,1.0,0.05,5000,1.0,1.025,4
4,15,1,detmle,1.0,1.0,0.05,5000,1.0,1.025,4
4,16,1,detmle,1.0,1.0,0.05,5000,1.0,1.025,4
4,17,1,detmle,1.0,1.0,0.05,5000,1.0,1.025,4
4,18,1,detmle,1.0,1.0,0.05,5000,1.0,1.025,4
4,19,1,detmle,1.0,1.0,0.05,5000,1.0,1.025,3
4,20,1,detmle,1.0,1.0,0.05,5000,1.0,1.025,3
4,21,1,detmle,1.0,1.0,0.05,5000,1.0,1.025,4
4,22,1,detmle,1.0,1.0,0.05,5000,1.0,1.025,4
4,23,1,detmle,1.0,1.0,0.05,5000,1.0,1.025,4
4,24,1,detmle,1.0,1.0,0.05,5000,1.0,1.025,4
4,25,1,detmle,1.0,1.0,0.05,5000,1.0,1.025,3
4,26,1,detmle,1.0,1.0,0.05,5000,1.0,1.025,3
4,27,1,detmle,1.0,1.0,0.05,5000,1.0,1.025,4
4,28,1,detmle,1.0,1.0,0.05,5000,1.0,1.025,3
4,29,1,detmle,1.0,1.0,0.05,5000,1.0,1.025,4
4,30,1,detmle,1.0,1.0,0.05,5000,1.0,1.025,4
4,31,1,detmle,1.0,1.0,0.05,5000,1.0,1.025,3
4,32,1,detmle,1.0,1.0,0.05,5000,1.0,1.025,4
4,33,1,detmle,1.0,1.0,0.05,5000,1.0,1.025,3
4,34,1,detmle,1.0,1.0,0.05,5000,1.0,1.025,4
4,35,1,detmle,1.0,1.0,0.05,5000,1.0,1.025,4
4,36,1,detmle,1.0,1.0,0.05,5000,1.0,1.025,4
4,37,1,detmle,1.0,1.0,0.05,5000,1.0,1.025,3
4,38,1,detmle,1.0,1.0,0.05,5000,1.0,1.025,3
4,39,1,detmle,1.0,1.0,0.05,5000,1.0,1.025,3
4,40,1,detmle,1.0,1.0,0.05,5000,1.0,1.025,3
4,41,1,detmle,1.0,1.0,0.05,5000,1.0,1.025,4
4,42,1,detmle,1.0,1.0,0.05,5000,1.0,1.025,3
4,43,1,detmle,1.0,1.0,0.05,5000,1.0,1.025,3
4,44,1,detmle,1.0,1.0,0.05,5000,1.0,1.025,4
4,45,1,detmle,1.0,1.0,0.05,5000,1.0,1.025,4
4,46,1,detmle,1.0,1.0,0.05,5000,1.0,1.025,4
4,47,1,detmle,1.0,1.0,0.05,5000,1.0,1.025,3
4,48,1,detmle,1.0,1.0,0.05,5000,1.0,1.025,3
4,49,1,detmle,1.0,1.0,0.05,5000,1.0,1.025,4
4,50,1,detmle,1.0,1.0,0.05,5000,1.0,1.025,4
4,51,1,detmle,1.0,1.0,0.05,5000,1.0,1.025,4
4,52,1,detmle,1.0,1.0,0.05,5000,1.0,1.025,3
4,53,1,detmle,1.0,1.0,0.05,5000,1.0,1.025,4
4,54,1,detmle,1.0,1.0,0.05,5000,1.0,1.025,4
4,55,1,detmle,1.0,1.0,0.05,5000,1.0,1.025,3
4,56,1,detmle,1.0,1.0,0.05,5000,1.0,1.025,3
4,57,1,detmle,1.0,1.0,0.05,5000,1.0,1.025,3
4,58,1,detmle,1.0,1.0,0.05,5000,1.0,1.025,3
4,59,1,detmle,1.0,1.0,0.05,5000,1.0,1.025,4
4,60,1,detmle,1.0,1.0,0.05,5000,1.0,1.025,3
4,61,1,detmle,1.0,1.0,0.05,5000,1.0,1.025,3
4,62,1,detmle,1.0,1.0,0.05,5000,1.0,1.025,4
4,63,1,detmle,1.0,1.0,0.05,5000,1.0,1.025,3
4,64,1,detmle,1.0,1.0,0.05,5000,1.0,1.025,3
4,65,1,detmle,1.0,1.0,0.05,5000,1.0,1.025,4
4,66,1,detmle,1.0,1.0,0.05,5000,1.0,1.025,3
4,67,1,detmle,1.0,1.0,0.05,5000,1.0,1.025,4
4,68,1,detmle,1.0,1.0,0.05,5000,1.0,1.025,4
4,69,1,detmle,1.0,1.0,0.05,5000,1.0,1.025,3
4,70,1,detmle,1.0,1.0,0.05,5000,1.0,1.025,3
4,71,1,detmle,1.0,1.0,0.05,5000,1.0,1.025,4
4,72,1,detmle,1.0,1.0,0.05,5000,1.0,1.025,4
4,73,1,detmle,1.0,1.0,0.05,5000,1.0,1.025,3
4,74,1,detmle,1.0,1.0,0.05,5000,1.0,1.025,3
4,75,1,detmle,1.0,1.0,0.05,5000,1.0,1.025,3
4,76,1,detmle,1.0,1.0,0.05,5000,1.0,1.025,4
4,77,1,detmle,1.0,1.0,0.05,5000,1.0,1.025,3
4,78,1,detmle,1.0,1.0,0.05,5000,1.0,1.025,2
4,79,1,detmle,1.0,1.0,0.05,5000,1.0,1.025,3
4,80,1,detmle,1.0,1.0,0.05,5000,1.0,1.025,4
4,81,1,detmle,1.0,1.0,0.05,5000,1.0,1.025,3
4,82,1,detmle,1.0,1.0,0.05,5000,1.0,1.025,4
4,83,1,detmle,1.0,1.0,0.05,5000,1.0,1.025,3
4,84,1,detmle,1.0,1.0,0.05,5000,1.0,1.025,3
4,85,1,detmle,1.0,1.0,0.05,5000,1.0,1.025,4
4,86,1,detmle,1.0,1.0,0.05,5000,1.0,1.025,4
4,87,1,detmle,1.0,1.0,0.05,5000,1.0,1.025,3
4,88,1,detmle,1.0,1.0,0.05,5000,1.0,1.025,4
4,89,1,detmle,1.0,1.0,0.05,5000,1.0,1.025,3
4,90,1,detmle,1.0,1.0,0.05,5000,1.0,1.025,4
4,91,1,detmle,1.0,1.0,0.05,5000,1.0,1.025,3
4,92,1,detmle,1.0,1.0,0.05,5000,1.0,1.025,3
4,93,1,detmle,1.0,1.0,0.05,5000,1.0,1.025,4
4,94,1,detmle,1.0,1.0,0.05,5000,1.0,1.025,4
4,95,1,detmle,1.0,1.0,0.05,5000,1.0,1.025,3
4,96,1,detmle,1.0,1.0,0.05,5000,1.0,1.025,3
4,97,1,detmle,1.0,1.0,0.05,5000,1.0,1.025,3
4,98,1,detmle,1.0,1.0,0.05,5000,1.0,1.025,4
4,99,1,detmle,1.0,1.0,0.05,5000,1.0,1.025,3
4,100,1,detmle,1.0,1.0,0.05,5000,1.0,1.025,4
4,101,1,detmle,1.0,1.0,0.05,5000,1.0,1.025,4
4,102,1,detmle,1.0,1.0,0.05,5000,1.0,1.025,3
4,103,1,detmle,1.0,1.0,0.05,5000,1.0,1.025,4
4,104,1,detmle,1.0,1.0,0.05,5000,1.0,1.025,4
4,105,1,detmle,1.0,1.0,0.05,5000,1.0,1.025,3
4,106,1,detmle,1.0,1.0,0.05,5000,1.0,1.025,4
4,107,1,detmle,1.0,1.0,0.05,5000,1.0,1.025,3
4,108,1,detmle,1.0,1.0,0.05,5000,1.0,1.025,3
4,109,1,detmle,1.0,1.0,0.05,5000,1.0,1.025,3
4,110,1,detmle,1.0,1.0,0.05,5000,1.0,1.025,4
4,111,1,detmle,1.0,1.0,0.05,5000,1.0,1.025,4
4,112,1,detmle,1.0,1.0,0.05,5000,1.0,1.025,4
4,113,1,detmle,1.0,1.0,0.05,5000,1.0,1.025,4
4,114,1,detmle,1.0,1.0,0.05,5000,1.0,1.025,4
4,115,1,detmle,1.0,1.0,0.05,5000,1.0,1.025,3
4,116,1,detmle,1.0,1.0,0.05,5000,1.0,1.025,4
4,117,1,detmle,1.0,1.0,0.05,5000,1.0,1.025,3
4,118,1,detmle,1.0,1.0,0.05,5000,1.0,1.025,3
4,119,1,detmle,1.0,1.0,0.05,5000,1.0,1.025,4
4,120,1,detmle,1.0,1.0,0.05,5000,1.0,1.025,4
4,121,1,detmle,1.0,1.0,0.05,5000,1.0,1.025,4
4,122,1,detmle,1.0,1.0,0.05,5000,1.0,1.025,4
4,123,1,detmle,1.0,1.0,0.05,5000,1.0,1.025,3
4,124,1,detmle,1.0,1.0,0.05,5000,1.0,1.025,4
4,125,1,detmle,1.0,1.0,0.05,5000,1.0,1.025,4
4,126,1,detmle,1.0,1.0,0.05,5000,1.0,1.025,3
4,127,1,detmle,1.0,1.0,0.05,5000,1.0,1.025,4
4,128,1,detmle,1.0,1.0,0.05,5000,1.0,1.025,4
4,129,1,detmle,1.0,1.0,0.05,5000,1.0,1.025,4
4,130,1,detmle,1.0,1.0,0.05,5000,1.0,1.025,3
4,131,1,detmle,1.0,1.0,0.05,5000,1.0,1.025,3
4,132,1,detmle,1.0,1.0,0.05,5000,1.0,1.025,4
4,133,1,detmle,1.0,1.0,0.05,5000,1.0,1.025,3
4,134,1,detmle,1.0,1.0,0.05,5000,1.0,1.025,4
4,135,1,detmle,1.0,1.0,0.05,5000,1.0,1.025,4
4,136,1,detmle,1.0,1.0,0.05,5000,1.0,1.025,3
4,137,1,detmle,1.0,1.0,0.05,5000,1.0,1.025,3
4,138,1,detmle,1.0,1.0,0.05,5000,1.0,1.025,4
4,139,1,detmle,1.0,1.0,0.05,5000,1.0,1.025,4
4,140,1,detmle,1.0,1.0,0.05,5000,1.0,1.025,4
4,141,1,detmle,1.0,1.0,0.05,5000,1.0,1.025,4
4,142,1,detmle,1.0,1.0,0.05,5000,1.0,1.025,3
4,143,1,detmle,1.0,1.0,0.05,5000,1.0,1.025,4
4,144,1,detmle,1.0,1.0,0.05,5000,1.0,1.025,3
4,145,1,detmle,1.0,1.0,0.05,5000,1.0,1.025,3
4,146,1,detmle,1.0,1.0,0.05,5000,1.0,1.025,3
4,147,1,detmle,1.0,1.0,0.05,5000,1.0,1.025,3
4,148,1,detmle,1.0,1.0,0.05,5000,1.0,1.025,4
4,149,1,detmle,1.0,1.0,0.05,5000,1.0,1.025,3
4,150,1,detmle,1.0,1.0,0.05,5000,1.0,1.025,4
4,151,1,detmle,1.0,1.0,0.05,5000,1.0,1.025,3
4,152,1,detmle,1.0,1.0,0.05,5000,1.0,1.025,4
4,153,1,detmle,1.0,1.0,0.05,5000,1.0,1.025,3
4,154,1,detmle,1.0,1.0,0.05,5000,1.0,1.025,3
4,155,1,detmle,1.0,1.0,0.05,5000,1.0,1.025,4
4,156,1,detmle,1.0,1.0,0.05,5000,1.0,1.025,4
4,157,1,detmle,1.0,1.0,0.05,5000,1.0,1.025,3
4,158,1,detmle,1.0,1.0,0.05,5000,1.0,1.025,3
4,159,1,detmle,1.0,1.0,0.05,5000,1.0,1.025,4
4,160,1,detmle,1.0,1.0,0.05,5000,1.0,1.025,4
4,161,1,detmle,1.0,1.0,0.05,5000,1.0,1.025,4
4,162,1,detmle,1.0,1.0,0.05,5000,1.0,1.025,3
4,163,1,detmle,1.0,1.0,0.05,5000,1.0,1.025,3
4,164,1,detmle,1.0,1.0,0.05,5000,1.0,1.025,4
4,165,1,detmle,1.0,1.0,0.05,5000,1.0,1.025,4
4,166,1,detmle,1.0,1.0,0.05,5000,1.0,1.025,3
4,167,1,detmle,1.0,1.0,0.05,5000,1.0,1.025,3
4,168,1,detmle,1.0,1.0,0.05,5000,1.0,1.025,4
4,169,1,detmle,1.0,1.0,0.05,5000,1.0,1.025,4
4,170,1,detmle,1.0,1.0,0.05,5000,1.0,1.025,3
4,171,1,detmle,1.0,1.0,0.05,5000,1.0,1.025,3
4,172,1,detmle,1.0,1.0,0.05,5000,1.0,1.025,3
4,173,1,detmle,1.0,1.0,0.05,5000,1.0,1.025,3
4,174,1,detmle,1.0,1.0,0.05,5000,1.0,1.025,3
4,175,1,detmle,1.0,1.0,0.05,5000,1.0,1.025,4
4,176,1,detmle,1.0,1.0,0.05,5000,1.0,1.025,3
4,177,1,detmle,1.0,1.0,0.05,5000,1.0,1.025,3
4,178,1,detmle,1.0,1.0,0.05,5000,1.0,1.025,3
4,179,1,detmle,1.0,1.0,0.05,5000,1.0,1.025,4
4,180,1,detmle,1.0,1.0,0.05,5000,1.0,1.025,4
4,181,1,detmle,1.0,1.0,0.05,5000,1.0,1.025,4
4,182,1,detmle,1.0,1.0,0.05,5000,1.0,1.025,3
4,183,1,detmle,1.0,1.0,0.05,5000,1.0,1.025,4
4,184,1,detmle,1.0,1.0,0.05,5000,1.0,1.025,3
4,185,1,detmle,1.0,1.0,0.05,5000,1.0,1.025,3
4,186,1,detmle,1.0,1.0,0.05,5000,1.0,1.025,4
4,187,1,detmle,1.0,1.0,0.05,5000,1.0,1.025,4
4,188,1,detmle,1.0,1.0,0.05,5000,1.0,1.025,4
4,189,1,detmle,1.0,1.0,0.05,5000,1.0,1.025,3
4,190,1,detmle,1.0,1.0,0.05,5000,1.0,1.025,3
4,191,1,detmle,1.0,1.0,0.05,5000,1.0,1.025,4
4,192,1,detmle,1.0,1.0,0.05,5000,1.0,1.025,3
4,193,1,detmle,1.0,1.0,0.05,5000,1.0,1.025,4
4,194,1,detmle,1.0,1.0,0.05,5000,1.0,1.025,3
4,195,1,detmle,1.0,1.0,0.05,5000,1.0,1.025,4
4,196,1,detmle,1.0,1.0,0.05,5000,1.0,1.025,4
4,197,1,detmle,1.0,1.0,0.05,5000,1.0,1.025,3
4,198,1,detmle,1.0,1.0,0.05,5000,1.0,1.025,3
4,199,1,detmle,1.0,1.0,0.05,5000,1.0,1.025,3
4,200,1,detmle,1.0,1.0,0.05,5000,1.0,1.025,4
4,1,1,detmle,1.0,1.0,0.05,5000,1.0,1.05,3
4,2,1,detmle,1.0,1.0,0.05,5000,1.0,1.05,3
4,3,1,detmle,1.0,1.0,0.05,5000,1.0,1.05,4
4,4,1,detmle,1.0,1.0,0.05,5000,1.0,1.05,3
4,5,1,detmle,1.0,1.0,0.05,5000,1.0,1.05,3
4,6,1,detmle,1.0,1.0,0.05,5000,1.0,1.05,3
4,7,1,detmle,1.0,1.0,0.05,5000,1.0,1.05,3
4,8,1,detmle,1.0,1.0,0.05,5000,1.0,1.05,4
4,9,1,detmle,1.0,1.0,0.05,5000,1.0,1.05,4
4,10,1,detmle,1.0,1.0,0.05,5000,1.0,1.05,3
4,11,1,detmle,1.0,1.0,0.05,5000,1.0,1.05,4
4,12,1,detmle,1.0,1.0,0.05,5000,1.0,1.05,4
4,13,1,detmle,1.0,1.0,0.05,5000,1.0,1.05,4
4,14,1,detmle,1.0,1.0,0.05,5000,1.0,1.05,4
4,15,1,detmle,1.0,1.0,0.05,5000,1.0,1.05,4
4,16,1,detmle,1.0,1.0,0.05,5000,1.0,1.05,4
4,17,1,detmle,1.0,1.0,0.05,5000,1.0,1.05,4
4,18,1,detmle,1.0,1.0,0.05,5000,1.0,1.05,4
4,19,1,detmle,1.0,1.0,0.05,5000,1.0,1.05,3
4,20,1,detmle,1.0,1.0,0.05,5000,1.0,1.05,3
4,21,1,detmle,1.0,1.0,0.05,5000,1.0,1.05,4
4,22,1,detmle,1.0,1.0,0.05,5000,1.0,1.05,4
4,23,1,detmle,1.0,1.0,0.05,5000,1.0,1.05,4
4,24,1,detmle,1.0,1.0,0.05,5000,1.0,1.05,4
4,25,1,detmle,1.0,1.0,0.05,5000,1.0,1.05,3
4,26,1,detmle,1.0,1.0,0.05,5000,1.0,1.05,3
4,27,1,detmle,1.0,1.0,0.05,5000,1.0,1.05,4
4,28,1,detmle,1.0,1.0,0.05,5000,1.0,1.05,3
4,29,1,detmle,1.0,1.0,0.05,5000,1.0,1.05,4
4,30,1,detmle,1.0,1.0,0.05,5000,1.0,1.05,4
4,31,1,detmle,1.0,1.0,0.05,5000,1.0,1.05,3
4,32,1,detmle,1.0,1.0,0.05,5000,1.0,1.05,4
4,33,1,detmle,1.0,1.0,0.05,5000,1.0,1.05,3
4,34,1,detmle,1.0,1.0,0.05,5000,1.0,1.05,4
4,35,1,detmle,1.0,1.0,0.05,5000,1.0,1.05,3
4,36,1,detmle,1.0,1.0,0.05,5000,1.0,1.05,4
4,37,1,detmle,1.0,1.0,0.05,5000,1.0,1.05,3
4,38,1,detmle,1.0,1.0,0.05,5000,1.0,1.05,3
4,39,1,detmle,1.0,1.0,0.05,5000,1.0,1.05,3
4,40,1,detmle,1.0,1.0,0.05,5000,1.0,1.05,3
4,41,1,detmle,1.0,1.0,0.05,5000,1.0,1.05,3
4,42,1,detmle,1.0,1.0,0.05,5000,1.0,1.05,3
4,43,1,detmle,1.0,1.0,0.05,5000,1.0,1.05,3
4,44,1,detmle,1.0,1.0,0.05,5000,1.0,1.05,4
4,45,1,detmle,1.0,1.0,0.05,5000,1.0,1.05,4
4,46,1,detmle,1.0,1.0,0.05,5000,1.0,1.05,3
4,47,1,detmle,1.0,1.0,0.05,5000,1.0,1.05,3
4,48,1,detmle,1.0,1.0,0.05,5000,1.0,1.05,3
4,49,1,detmle,1.0,1.0,0.05,5000,1.0,1.05,4
4,50,1,detmle,1.0,1.0,0.05,5000,1.0,1.05,4
4,51,1,detmle,1.0,1.0,0.05,5000,1.0,1.05,4
4,52,1,detmle,1.0,1.0,0.05,5000,1.0,1.05,3
4,53,1,detmle,1.0,1.0,0.05,5000,1.0,1.05,4
4,54,1,detmle,1.0,1.0,0.05,5000,1.0,1.05,4
4,55,1,detmle,1.0,1.0,0.05,5000,1.0,1.05,3
4,56,1,detmle,1.0,1.0,0.05,5000,1.0,1.05,3
4,57,1,detmle,1.0,1.0,0.05,5000,1.0,1.05,3
4,58,1,detmle,1.0,1.0,0.05,5000,1.0,1.05,3
4,59,1,detmle,1.0,1.0,0.05,5000,1.0,1.05,4
4,60,1,detmle,1.0,1.0,0.05,5000,1.0,1.05,3
4,61,1,detmle,1.0,1.0,0.05,5000,1.0,1.05,3
4,62,1,detmle,1.0,1.0,0.05,5000,1.0,1.05,4
4,63,1,detmle,1.0,1.0,0.05,5000,1.0,1.05,3
4,64,1,detmle,1.0,1.0,0.05,5000,1.0,1.05,3
4,65,1,detmle,1.0,1.0,0.05,5000,1.0,1.05,4
4,66,1,detmle,1.0,1.0,0.05,5000,1.0,1.05,3
4,67,1,detmle,1.0,1.0,0.05,5000,1.0,1.05,3
4,68,1,detmle,1.0,1.0,0.05,5000,1.0,1.05,4
4,69,1,detmle,1.0,1.0,0.05,5000,1.0,1.05,3
4,70,1,detmle,1.0,1.0,0.05,5000,1.0,1.05,3
4,71,1,detmle,1.0,1.0,0.05,5000,1.0,1.05,4
4,72,1,detmle,1.0,1.0,0.05,5000,1.0,1.05,4
4,73,1,detmle,1.0,1.0,0.05,5000,1.0,1.05,3
4,74,1,detmle,1.0,1.0,0.05,5000,1.0,1.05,3
4,75,1,detmle,1.0,1.0,0.05,5000,1.0,1.05,3
4,76,1,detmle,1.0,1.0,0.05,5000,1.0,1.05,4
4,77,1,detmle,1.0,1.0,0.05,5000,1.0,1.05,3
4,78,1,detmle,1.0,1.0,0.05,5000,1.0,1.05,2
4,79,1,detmle,1.0,1.0,0.05,5000,1.0,1.05,3
4,80,1,detmle,1.0,1.0,0.05,5000,1.0,1.05,4
4,81,1,detmle,1.0,1.0,0.05,5000,1.0,1.05,3
4,82,1,detmle,1.0,1.0,0.05,5000,1.0,1.05,4
4,83,1,detmle,1.0,1.0,0.05,5000,1.0,1.05,3
4,84,1,detmle,1.0,1.0,0.05,5000,1.0,1.05,3
4,85,1,detmle,1.0,1.0,0.05,5000,1.0,1.05,4
4,86,1,detmle,1.0,1.0,0.05,5000,1.0,1.05,4
4,87,1,detmle,1.0,1.0,0.05,5000,1.0,1.05,3
4,88,1,detmle,1.0,1.0,0.05,5000,1.0,1.05,4
4,89,1,detmle,1.0,1.0,0.05,5000,1.0,1.05,3
4,90,1,detmle,1.0,1.0,0.05,5000,1.0,1.05,4
4,91,1,detmle,1.0,1.0,0.05,5000,1.0,1.05,3
4,92,1,detmle,1.0,1.0,0.05,5000,1.0,1.05,3
4,93,1,detmle,1.0,1.0,0.05,5000,1.0,1.05,4
4,94,1,detmle,1.0,1.0,0.05,5000,1.0,1.05,4
4,95,1,detmle,1.0,1.0,0.05,5000,1.0,1.05,3
4,96,1,detmle,1.0,1.0,0.05,5000,1.0,1.05,3
4,97,1,detmle,1.0,1.0,0.05,5000,1.0,1.05,3
4,98,1,detmle,1.0,1.0,0.05,5000,1.0,1.05,4
4,99,1,detmle,1.0,1.0,0.05,5000,1.0,1.05,3
4,100,1,detmle,1.0,1.0,0.05,5000,1.0,1.05,4
4,101,1,detmle,1.0,1.0,0.05,5000,1.0,1.05,4
4,102,1,detmle,1.0,1.0,0.05,5000,1.0,1.05,3
4,103,1,detmle,1.0,1.0,0.05,5000,1.0,1.05,4
4,104,1,detmle,1.0,1.0,0.05,5000,1.0,1.05,4
4,105,1,detmle,1.0,1.0,0.05,5000,1.0,1.05,3
4,106,1,detmle,1.0,1.0,0.05,5000,1.0,1.05,4
4,107,1,detmle,1.0,1.0,0.05,5000,1.0,1.05,3
4,108,1,detmle,1.0,1.0,0.05,5000,1.0,1.05,3
4,109,1,detmle,1.0,1.0,0.05,5000,1.0,1.05,3
4,110,1,detmle,1.0,1.0,0.05,5000,1.0,1.05,4
4,111,1,detmle,1.0,1.0,0.05,5000,1.0,1.05,4
4,112,1,detmle,1.0,1.0,0.05,5000,1.0,1.05,4
4,113,1,detmle,1.0,1.0,0.05,5000,1.0,1.05,4
4,114,1,detmle,1.0,1.0,0.05,5000,1.0,1.05,4
4,115,1,detmle,1.0,1.0,0.05,5000,1.0,1.05,3
4,116,1,detmle,1.0,1.0,0.05,5000,1.0,1.05,4
4,117,1,detmle,1.0,1.0,0.05,5000,1.0,1.05,3
4,118,1,detmle,1.0,1.0,0.05,5000,1.0,1.05,3
4,119,1,detmle,1.0,1.0,0.05,5000,1.0,1.05,4
4,120,1,detmle,1.0,1.0,0.05,5000,1.0,1.05,4
4,121,1,detmle,1.0,1.0,0.05,5000,1.0,1.05,4
4,122,1,detmle,1.0,1.0,0.05,5000,1.0,1.05,4
4,123,1,detmle,1.0,1.0,0.05,5000,1.0,1.05,3
4,124,1,detmle,1.0,1.0,0.05,5000,1.0,1.05,4
4,125,1,detmle,1.0,1.0,0.05,5000,1.0,1.05,4
4,126,1,detmle,1.0,1.0,0.05,5000,1.0,1.05,3
4,127,1,detmle,1.0,1.0,0.05,5000,1.0,1.05,4
4,128,1,detmle,1.0,1.0,0.05,5000,1.0,1.05,4
4,129,1,detmle,1.0,1.0,0.05,5000,1.0,1.05,4
4,130,1,detmle,1.0,1.0,0.05,5000,1.0,1.05,3
4,131,1,detmle,1.0,1.0,0.05,5000,1.0,1.05,3
4,132,1,detmle,1.0,1.0,0.05,5000,1.0,1.05,4
4,133,1,detmle,1.0,1.0,0.05,5000,1.0,1.05,3
4,134,1,detmle,1.0,1.0,0.05,5000,1.0,1.05,4
4,135,1,detmle,1.0,1.0,0.05,5000,1.0,1.05,4
4,136,1,detmle,1.0,1.0,0.05,5000,1.0,1.05,4
4,137,1,detmle,1.0,1.0,0.05,5000,1.0,1.05,3
4,138,1,detmle,1.0,1.0,0.05,5000,1.0,1.05,4
4,139,1,detmle,1.0,1.0,0.05,5000,1.0,1.05,4
4,140,1,detmle,1.0,1.0,0.05,5000,1.0,1.05,4
4,141,1,detmle,1.0,1.0,0.05,5000,1.0,1.05,4
4,142,1,detmle,1.0,1.0,0.05,5000,1.0,1.05,3
4,143,1,detmle,1.0,1.0,0.05,5000,1.0,1.05,4
4,144,1,detmle,1.0,1.0,0.05,5000,1.0,1.05,3
4,145,1,detmle,1.0,1.0,0.05,5000,1.0,1.05,3
4,146,1,detmle,1.0,1.0,0.05,5000,1.0,1.05,3
4,147,1,detmle,1.0,1.0,0.05,5000,1.0,1.05,3
4,148,1,detmle,1.0,1.0,0.05,5000,1.0,1.05,4
4,149,1,detmle,1.0,1.0,0.05,5000,1.0,1.05,3
4,150,1,detmle,1.0,1.0,0.05,5000,1.0,1.05,4
4,151,1,detmle,1.0,1.0,0.05,5000,1.0,1.05,3
4,152,1,detmle,1.0,1.0,0.05,5000,1.0,1.05,3
4,153,1,detmle,1.0,1.0,0.05,5000,1.0,1.05,3
4,154,1,detmle,1.0,1.0,0.05,5000,1.0,1.05,3
4,155,1,detmle,1.0,1.0,0.05,5000,1.0,1.05,4
4,156,1,detmle,1.0,1.0,0.05,5000,1.0,1.05,3
4,157,1,detmle,1.0,1.0,0.05,5000,1.0,1.05,3
4,158,1,detmle,1.0,1.0,0.05,5000,1.0,1.05,3
4,159,1,detmle,1.0,1.0,0.05,5000,1.0,1.05,4
4,160,1,detmle,1.0,1.0,0.05,5000,1.0,1.05,4
4,161,1,detmle,1.0,1.0,0.05,5000,1.0,1.05,3
4,162,1,detmle,1.0,1.0,0.05,5000,1.0,1.05,3
4,163,1,detmle,1.0,1.0,0.05,5000,1.0,1.05,3
4,164,1,detmle,1.0,1.0,0.05,5000,1.0,1.05,3
4,165,1,detmle,1.0,1.0,0.05,5000,1.0,1.05,4
4,166,1,detmle,1.0,1.0,0.05,5000,1.0,1.05,3
4,167,1,detmle,1.0,1.0,0.05,5000,1.0,1.05,3
4,168,1,detmle,1.0,1.0,0.05,5000,1.0,1.05,4
4,169,1,detmle,1.0,1.0,0.05,5000,1.0,1.05,4
4,170,1,detmle,1.0,1.0,0.05,5000,1.0,1.05,3
4,171,1,detmle,1.0,1.0,0.05,5000,1.0,1.05,3
4,172,1,detmle,1.0,1.0,0.05,5000,1.0,1.05,3
4,173,1,detmle,1.0,1.0,0.05,5000,1.0,1.05,3
4,174,1,detmle,1.0,1.0,0.05,5000,1.0,1.05,3
4,175,1,detmle,1.0,1.0,0.05,5000,1.0,1.05,4
4,176,1,detmle,1.0,1.0,0.05,5000,1.0,1.05,3
4,177,1,detmle,1.0,1.0,0.05,5000,1.0,1.05,3
4,178,1,detmle,1.0,1.0,0.05,5000,1.0,1.05,3
4,179,1,detmle,1.0,1.0,0.05,5000,1.0,1.05,3
4,180,1,detmle,1.0,1.0,0.05,5000,1.0,1.05,3
4,181,1,detmle,1.0,1.0,0.05,5000,1.0,1.05,4
4,182,1,detmle,1.0,1.0,0.05,5000,1.0,1.05,3
4,183,1,detmle,1.0,1.0,0.05,5000,1.0,1.05,4
4,184,1,detmle,1.0,1.0,0.05,5000,1.0,1.05,3
4,185,1,detmle,1.0,1.0,0.05,5000,1.0,1.05,3
4,186,1,detmle,1.0,1.0,0.05,5000,1.0,1.05,4
4,187,1,detmle,1.0,1.0,0.05,5000,1.0,1.05,4
4,188,1,detmle,1.0,1.0,0.05,5000,1.0,1.05,4
4,189,1,detmle,1.0,1.0,0.05,5000,1.0,1.05,3
4,190,1,detmle,1.0,1.0,0.05,5000,1.0,1.05,3
4,191,1,detmle,1.0,1.0,0.05,5000,1.0,1.05,4
4,192,1,detmle,1.0,1.0,0.05,5000,1.0,1.05,3
4,193,1,detmle,1.0,1.0,0.05,5000,1.0,1.05,3
4,194,1,detmle,1.0,1.0,0.05,5000,1.0,1.05,3
4,195,1,detmle,1.0,1.0,0.05,5000,1.0,1.05,4
4,196,1,detmle,1.0,1.0,0.05,5000,1.0,1.05,4
4,197,1,detmle,1.0,1.0,0.05,5000,1.0,1.05,3
4,198,1,detmle,1.0,1.0,0.05,5000,1.0,1.05,3
4,199,1,detmle,1.0,1.0,0.05,5000,1.0,1.05,3
4,200,1,detmle,1.0,1.0,0.05,5000,1.0,1.05,4
4,1,1,detmle,1.0,1.0,0.05,5000,1.0,1.075,3
4,2,1,detmle,1.0,1.0,0.05,5000,1.0,1.075,3
4,3,1,detmle,1.0,1.0,0.05,5000,1.0,1.075,4
4,4,1,detmle,1.0,1.0,0.05,5000,1.0,1.075,3
4,5,1,detmle,1.0,1.0,0.05,5000,1.0,1.075,3
4,6,1,detmle,1.0,1.0,0.05,5000,1.0,1.075,3
4,7,1,detmle,1.0,1.0,0.05,5000,1.0,1.075,3
4,8,1,detmle,1.0,1.0,0.05,5000,1.0,1.075,4
4,9,1,detmle,1.0,1.0,0.05,5000,1.0,1.075,4
4,10,1,detmle,1.0,1.0,0.05,5000,1.0,1.075,3
4,11,1,detmle,1.0,1.0,0.05,5000,1.0,1.075,4
4,12,1,detmle,1.0,1.0,0.05,5000,1.0,1.075,3
4,13,1,detmle,1.0,1.0,0.05,5000,1.0,1.075,4
4,14,1,detmle,1.0,1.0,0.05,5000,1.0,1.075,4
4,15,1,detmle,1.0,1.0,0.05,5000,1.0,1.075,4
4,16,1,detmle,1.0,1.0,0.05,5000,1.0,1.075,4
4,17,1,detmle,1.0,1.0,0.05,5000,1.0,1.075,4
4,18,1,detmle,1.0,1.0,0.05,5000,1.0,1.075,4
4,19,1,detmle,1.0,1.0,0.05,5000,1.0,1.075,3
4,20,1,detmle,1.0,1.0,0.05,5000,1.0,1.075,3
4,21,1,detmle,1.0,1.0,0.05,5000,1.0,1.075,4
4,22,1,detmle,1.0,1.0,0.05,5000,1.0,1.075,4
4,23,1,detmle,1.0,1.0,0.05,5000,1.0,1.075,4
4,24,1,detmle,1.0,1.0,0.05,5000,1.0,1.075,4
4,25,1,detmle,1.0,1.0,0.05,5000,1.0,1.075,3
4,26,1,detmle,1.0,1.0,0.05,5000,1.0,1.075,3
4,27,1,detmle,1.0,1.0,0.05,5000,1.0,1.075,4
4,28,1,detmle,1.0,1.0,0.05,5000,1.0,1.075,3
4,29,1,detmle,1.0,1.0,0.05,5000,1.0,1.075,4
4,30,1,detmle,1.0,1.0,0.05,5000,1.0,1.075,4
4,31,1,detmle,1.0,1.0,0.05,5000,1.0,1.075,3
4,32,1,detmle,1.0,1.0,0.05,5000,1.0,1.075,4
4,33,1,detmle,1.0,1.0,0.05,5000,1.0,1.075,3
4,34,1,detmle,1.0,1.0,0.05,5000,1.0,1.075,4
4,35,1,detmle,1.0,1.0,0.05,5000,1.0,1.075,3
4,36,1,detmle,1.0,1.0,0.05,5000,1.0,1.075,4
4,37,1,detmle,1.0,1.0,0.05,5000,1.0,1.075,3
4,38,1,detmle,1.0,1.0,0.05,5000,1.0,1.075,3
4,39,1,detmle,1.0,1.0,0.05,5000,1.0,1.075,3
4,40,1,detmle,1.0,1.0,0.05,5000,1.0,1.075,3
4,41,1,detmle,1.0,1.0,0.05,5000,1.0,1.075,3
4,42,1,detmle,1.0,1.0,0.05,5000,1.0,1.075,3
4,43,1,detmle,1.0,1.0,0.05,5000,1.0,1.075,3
4,44,1,detmle,1.0,1.0,0.05,5000,1.0,1.075,3
4,45,1,detmle,1.0,1.0,0.05,5000,1.0,1.075,4
4,46,1,detmle,1.0,1.0,0.05,5000,1.0,1.075,3
4,47,1,detmle,1.0,1.0,0.05,5000,1.0,1.075,3
4,48,1,detmle,1.0,1.0,0.05,5000,1.0,1.075,3
4,49,1,detmle,1.0,1.0,0.05,5000,1.0,1.075,4
4,50,1,detmle,1.0,1.0,0.05,5000,1.0,1.075,4
4,51,1,detmle,1.0,1.0,0.05,5000,1.0,1.075,4
4,52,1,detmle,1.0,1.0,0.05,5000,1.0,1.075,3
4,53,1,detmle,1.0,1.0,0.05,5000,1.0,1.075,4
4,54,1,detmle,1.0,1.0,0.05,5000,1.0,1.075,4
4,55,1,detmle,1.0,1.0,0.05,5000,1.0,1.075,3
4,56,1,detmle,1.0,1.0,0.05,5000,1.0,1.075,3
4,57,1,detmle,1.0,1.0,0.05,5000,1.0,1.075,3
4,58,1,detmle,1.0,1.0,0.05,5000,1.0,1.075,3
4,59,1,detmle,1.0,1.0,0.05,5000,1.0,1.075,4
4,60,1,detmle,1.0,1.0,0.05,5000,1.0,1.075,3
4,61,1,detmle,1.0,1.0,0.05,5000,1.0,1.075,3
4,62,1,detmle,1.0,1.0,0.05,5000,1.0,1.075,3
4,63,1,detmle,1.0,1.0,0.05,5000,1.0,1.075,3
4,64,1,detmle,1.0,1.0,0.05,5000,1.0,1.075,3
4,65,1,detmle,1.0,1.0,0.05,5000,1.0,1.075,4
4,66,1,detmle,1.0,1.0,0.05,5000,1.0,1.075,3
4,67,1,detmle,1.0,1.0,0.05,5000,1.0,1.075,3
4,68,1,detmle,1.0,1.0,0.05,5000,1.0,1.075,4
4,69,1,detmle,1.0,1.0,0.05,5000,1.0,1.075,3
4,70,1,detmle,1.0,1.0,0.05,5000,1.0,1.075,3
4,71,1,detmle,1.0,1.0,0.05,5000,1.0,1.075,4
4,72,1,detmle,1.0,1.0,0.05,5000,1.0,1.075,4
4,73,1,detmle,1.0,1.0,0.05,5000,1.0,1.075,3
4,74,1,detmle,1.0,1.0,0.05,5000,1.0,1.075,3
4,75,1,detmle,1.0,1.0,0.05,5000,1.0,1.075,3
4,76,1,detmle,1.0,1.0,0.05,5000,1.0,1.075,4
4,77,1,detmle,1.0,1.0,0.05,5000,1.0,1.075,3
4,78,1,detmle,1.0,1.0,0.05,5000,1.0,1.075,2
4,79,1,detmle,1.0,1.0,0.05,5000,1.0,1.075,3
4,80,1,detmle,1.0,1.0,0.05,5000,1.0,1.075,4
4,81,1,detmle,1.0,1.0,0.05,5000,1.0,1.075,3
4,82,1,detmle,1.0,1.0,0.05,5000,1.0,1.075,4
4,83,1,detmle,1.0,1.0,0.05,5000,1.0,1.075,3
4,84,1,detmle,1.0,1.0,0.05,5000,1.0,1.075,3
4,85,1,detmle,1.0,1.0,0.05,5000,1.0,1.075,4
4,86,1,detmle,1.0,1.0,0.05,5000,1.0,1.075,4
4,87,1,detmle,1.0,1.0,0.05,5000,1.0,1.075,3
4,88,1,detmle,1.0,1.0,0.05,5000,1.0,1.075,4
4,89,1,detmle,1.0,1.0,0.05,5000,1.0,1.075,3
4,90,1,detmle,1.0,1.0,0.05,5000,1.0,1.075,4
4,91,1,detmle,1.0,1.0,0.05,5000,1.0,1.075,3
4,92,1,detmle,1.0,1.0,0.05,5000,1.0,1.075,3
4,93,1,detmle,1.0,1.0,0.05,5000,1.0,1.075,4
4,94,1,detmle,1.0,1.0,0.05,5000,1.0,1.075,4
4,95,1,detmle,1.0,1.0,0.05,5000,1.0,1.075,3
4,96,1,detmle,1.0,1.0,0.05,5000,1.0,1.075,3
4,97,1,detmle,1.0,1.0,0.05,5000,1.0,1.075,3
4,98,1,detmle,1.0,1.0,0.05,5000,1.0,1.075,4
4,99,1,detmle,1.0,1.0,0.05,5000,1.0,1.075,3
4,100,1,detmle,1.0,1.0,0.05,5000,1.0,1.075,4
4,101,1,detmle,1.0,1.0,0.05,5000,1.0,1.075,4
4,102,1,detmle,1.0,1.0,0.05,5000,1.0,1.075,3
4,103,1,detmle,1.0,1.0,0.05,5000,1.0,1.075,4
4,104,1,detmle,1.0,1.0,0.05,5000,1.0,1.075,4
4,105,1,detmle,1.0,1.0,0.05,5000,1.0,1.075,3
4,106,1,detmle,1.0,1.0,0.05,5000,1.0,1.075,4
4,107,1,detmle,1.0,1.0,0.05,5000,1.0,1.075,3
4,108,1,detmle,1.0,1.0,0.05,5000,1.0,1.075,3
4,109,1,detmle,1.0,1.0,0.05,5000,1.0,1.075,3
4,110,1,detmle,1.0,1.0,0.05,5000,1.0,1.075,4
4,111,1,detmle,1.0,1.0,0.05,5000,1.0,1.075,4
4,112,1,detmle,1.0,1.0,0.05,5000,1.0,1.075,4
4,113,1,detmle,1.0,1.0,0.05,5000,1.0,1.075,4
4,114,1,detmle,1.0,1.0,0.05,5000,1.0,1.075,4
4,115,1,detmle,1.0,1.0,0.05,5000,1.0,1.075,3
4,116,1,detmle,1.0,1.0,0.05,5000,1.0,1.075,4
4,117,1,detmle,1.0,1.0,0.05,5000,1.0,1.075,3
4,118,1,detmle,1.0,1.0,0.05,5000,1.0,1.075,3
4,119,1,detmle,1.0,1.0,0.05,5000,1.0,1.075,4
4,120,1,detmle,1.0,1.0,0.05,5000,1.0,1.075,4
4,121,1,detmle,1.0,1.0,0.05,5000,1.0,1.075,4
4,122,1,detmle,1.0,1.0,0.05,5000,1.0,1.075,3
4,123,1,detmle,1.0,1.0,0.05,5000,1.0,1.075,3
4,124,1,detmle,1.0,1.0,0.05,5000,1.0,1.075,4
4,125,1,detmle,1.0,1.0,0.05,5000,1.0,1.075,4
4,126,1,detmle,1.0,1.0,0.05,5000,1.0,1.075,3
4,127,1,detmle,1.0,1.0,0.05,5000,1.0,1.075,4
4,128,1,detmle,1.0,1.0,0.05,5000,1.0,1.075,4
4,129,1,detmle,1.0,1.0,0.05,5000,1.0,1.075,4
4,130,1,detmle,1.0,1.0,0.05,5000,1.0,1.075,3
4,131,1,detmle,1.0,1.0,0.05,5000,1.0,1.075,3
4,132,1,detmle,1.0,1.0,0.05,5000,1.0,1.075,4
4,133,1,detmle,1.0,1.0,0.05,5000,1.0,1.075,3
4,134,1,detmle,1.0,1.0,0.05,5000,1.0,1.075,4
4,135,1,detmle,1.0,1.0,0.05,5000,1.0,1.075,4
4,136,1,detmle,1.0,1.0,0.05,5000,1.0,1.075,3
4,137,1,detmle,1.0,1.0,0.05,5000,1.0,1.075,3
4,138,1,detmle,1.0,1.0,0.05,5000,1.0,1.075,4
4,139,1,detmle,1.0,1.0,0.05,5000,1.0,1.075,3
4,140,1,detmle,1.0,1.0,0.05,5000,1.0,1.075,4
4,141,1,detmle,1.0,1.0,0.05,5000,1.0,1.075,4
4,142,1,detmle,1.0,1.0,0.05,5000,1.0,1.075,3
4,143,1,detmle,1.0,1.0,0.05,5000,1.0,1.075,3
4,144,1,detmle,1.0,1.0,0.05,5000,1.0,1.075,3
4,145,1,detmle,1.0,1.0,0.05,5000,1.0,1.075,3
4,146,1,detmle,1.0,1.0,0.05,5000,1.0,1.075,3
4,147,1,detmle,1.0,1.0,0.05,5000,1.0,1.075,3
4,148,1,detmle,1.0,1.0,0.05,5000,1.0,1.075,4
4,149,1,detmle,1.0,1.0,0.05,5000,1.0,1.075,3
4,150,1,detmle,1.0,1.0,0.05,5000,1.0,1.075,3
4,151,1,detmle,1.0,1.0,0.05,5000,1.0,1.075,3
4,152,1,detmle,1.0,1.0,0.05,5000,1.0,1.075,3
4,153,1,detmle,1.0,1.0,0.05,5000,1.0,1.075,3
4,154,1,detmle,1.0,1.0,0.05,5000,1.0,1.075,3
4,155,1,detmle,1.0,1.0,0.05,5000,1.0,1.075,4
4,156,1,detmle,1.0,1.0,0.05,5000,1.0,1.075,3
4,157,1,detmle,1.0,1.0,0.05,5000,1.0,1.075,3
4,158,1,detmle,1.0,1.0,0.05,5000,1.0,1.075,3
4,159,1,detmle,1.0,1.0,0.05,5000,1.0,1.075,4
4,160,1,detmle,1.0,1.0,0.05,5000,1.0,1.075,4
4,161,1,detmle,1.0,1.0,0.05,5000,1.0,1.075,3
4,162,1,detmle,1.0,1.0,0.05,5000,1.0,1.075,3
4,163,1,detmle,1.0,1.0,0.05,5000,1.0,1.075,3
4,164,1,detmle,1.0,1.0,0.05,5000,1.0,1.075,3
4,165,1,detmle,1.0,1.0,0.05,5000,1.0,1.075,4
4,166,1,detmle,1.0,1.0,0.05,5000,1.0,1.075,3
4,167,1,detmle,1.0,1.0,0.05,5000,1.0,1.075,3
4,168,1,detmle,1.0,1.0,0.05,5000,1.0,1.075,4
4,169,1,detmle,1.0,1.0,0.05,5000,1.0,1.075,4
4,170,1,detmle,1.0,1.0,0.05,5000,1.0,1.075,3
4,171,1,detmle,1.0,1.0,0.05,5000,1.0,1.075,3
4,172,1,detmle,1.0,1.0,0.05,5000,1.0,1.075,3
4,173,1,detmle,1.0,1.0,0.05,5000,1.0,1.075,3
4,174,1,detmle,1.0,1.0,0.05,5000,1.0,1.075,3
4,175,1,detmle,1.0,1.0,0.05,5000,1.0,1.075,4
4,176,1,detmle,1.0,1.0,0.05,5000,1.0,1.075,3
4,177,1,detmle,1.0,1.0,0.05,5000,1.0,1.075,3
4,178,1,detmle,1.0,1.0,0.05,5000,1.0,1.075,3
4,179,1,detmle,1.0,1.0,0.05,5000,1.0,1.075,3
4,180,1,detmle,1.0,1.0,0.05,5000,1.0,1.075,3
4,181,1,detmle,1.0,1.0,0.05,5000,1.0,1.075,4
4,182,1,detmle,1.0,1.0,0.05,5000,1.0,1.075,3
4,183,1,detmle,1.0,1.0,0.05,5000,1.0,1.075,4
4,184,1,detmle,1.0,1.0,0.05,5000,1.0,1.075,3
4,185,1,detmle,1.0,1.0,0.05,5000,1.0,1.075,3
4,186,1,detmle,1.0,1.0,0.05,5000,1.0,1.075,4
4,187,1,detmle,1.0,1.0,0.05,5000,1.0,1.075,4
4,188,1,detmle,1.0,1.0,0.05,5000,1.0,1.075,3
4,189,1,detmle,1.0,1.0,0.05,5000,1.0,1.075,3
4,190,1,detmle,1.0,1.0,0.05,5000,1.0,1.075,3
4,191,1,detmle,1.0,1.0,0.05,5000,1.0,1.075,4
4,192,1,detmle,1.0,1.0,0.05,5000,1.0,1.075,3
4,193,1,detmle,1.0,1.0,0.05,5000,1.0,1.075,3
4,194,1,detmle,1.0,1.0,0.05,5000,1.0,1.075,3
4,195,1,detmle,1.0,1.0,0.05,5000,1.0,1.075,4
4,196,1,detmle,1.0,1.0,0.05,5000,1.0,1.075,4
4,197,1,detmle,1.0,1.0,0.05,5000,1.0,1.075,3
4,198,1,detmle,1.0,1.0,0.05,5000,1.0,1.075,3
4,199,1,detmle,1.0,1.0,0.05,5000,1.0,1.075,3
4,200,1,detmle,1.0,1.0,0.05,5000,1.0,1.075,4
4,1,1,detmle,1.0,1.0,0.05,5000,1.0,1.1,3
4,2,1,detmle,1.0,1.0,0.05,5000,1.0,1.1,3
4,3,1,detmle,1.0,1.0,0.05,5000,1.0,1.1,4
4,4,1,detmle,1.0,1.0,0.05,5000,1.0,1.1,3
4,5,1,detmle,1.0,1.0,0.05,5000,1.0,1.1,3
4,6,1,detmle,1.0,1.0,0.05,5000,1.0,1.1,3
4,7,1,detmle,1.0,1.0,0.05,5000,1.0,1.1,3
4,8,1,detmle,1.0,1.0,0.05,5000,1.0,1.1,4
4,9,1,detmle,1.0,1.0,0.05,5000,1.0,1.1,4
4,10,1,detmle,1.0,1.0,0.05,5000,1.0,1.1,3
4,11,1,detmle,1.0,1.0,0.05,5000,1.0,1.1,4
4,12,1,detmle,1.0,1.0,0.05,5000,1.0,1.1,3
4,13,1,detmle,1.0,1.0,0.05,5000,1.0,1.1,4
4,14,1,detmle,1.0,1.0,0.05,5000,1.0,1.1,4
4,15,1,detmle,1.0,1.0,0.05,5000,1.0,1.1,4
4,16,1,detmle,1.0,1.0,0.05,5000,1.0,1.1,4
4,17,1,detmle,1.0,1.0,0.05,5000,1.0,1.1,4
4,18,1,detmle,1.0,1.0,0.05,5000,1.0,1.1,4
4,19,1,detmle,1.0,1.0,0.05,5000,1.0,1.1,3
4,20,1,detmle,1.0,1.0,0.05,5000,1.0,1.1,3
4,21,1,detmle,1.0,1.0,0.05,5000,1.0,1.1,4
4,22,1,detmle,1.0,1.0,0.05,5000,1.0,1.1,4
4,23,1,detmle,1.0,1.0,0.05,5000,1.0,1.1,4
4,24,1,detmle,1.0,1.0,0.05,5000,1.0,1.1,4
4,25,1,detmle,1.0,1.0,0.05,5000,1.0,1.1,3
4,26,1,detmle,1.0,1.0,0.05,5000,1.0,1.1,3
4,27,1,detmle,1.0,1.0,0.05,5000,1.0,1.1,4
4,28,1,detmle,1.0,1.0,0.05,5000,1.0,1.1,3
4,29,1,detmle,1.0,1.0,0.05,5000,1.0,1.1,4
4,30,1,detmle,1.0,1.0,0.05,5000,1.0,1.1,4
4,31,1,detmle,1.0,1.0,0.05,5000,1.0,1.1,3
4,32,1,detmle,1.0,1.0,0.05,5000,1.0,1.1,4
4,33,1,detmle,1.0,1.0,0.05,5000,1.0,1.1,3
4,34,1,detmle,1.0,1.0,0.05,5000,1.0,1.1,4
4,35,1,detmle,1.0,1.0,0.05,5000,1.0,1.1,3
4,36,1,detmle,1.0,1.0,0.05,5000,1.0,1.1,4
4,37,1,detmle,1.0,1.0,0.05,5000,1.0,1.1,3
4,38,1,detmle,1.0,1.0,0.05,5000,1.0,1.1,3
4,39,1,detmle,1.0,1.0,0.05,5000,1.0,1.1,3
4,40,1,detmle,1.0,1.0,0.05,5000,1.0,1.1,3
4,41,1,detmle,1.0,1.0,0.05,5000,1.0,1.1,3
4,42,1,detmle,1.0,1.0,0.05,5000,1.0,1.1,3
4,43,1,detmle,1.0,1.0,0.05,5000,1.0,1.1,3
4,44,1,detmle,1.0,1.0,0.05,5000,1.0,1.1,3
4,45,1,detmle,1.0,1.0,0.05,5000,1.0,1.1,4
4,46,1,detmle,1.0,1.0,0.05,5000,1.0,1.1,3
4,47,1,detmle,1.0,1.0,0.05,5000,1.0,1.1,3
4,48,1,detmle,1.0,1.0,0.05,5000,1.0,1.1,3
4,49,1,detmle,1.0,1.0,0.05,5000,1.0,1.1,4
4,50,1,detmle,1.0,1.0,0.05,5000,1.0,1.1,4
4,51,1,detmle,1.0,1.0,0.05,5000,1.0,1.1,4
4,52,1,detmle,1.0,1.0,0.05,5000,1.0,1.1,3
4,53,1,detmle,1.0,1.0,0.05,5000,1.0,1.1,4
4,54,1,detmle,1.0,1.0,0.05,5000,1.0,1.1,4
4,55,1,detmle,1.0,1.0,0.05,5000,1.0,1.1,3
4,56,1,detmle,1.0,1.0,0.05,5000,1.0,1.1,3
4,57,1,detmle,1.0,1.0,0.05,5000,1.0,1.1,3
4,58,1,detmle,1.0,1.0,0.05,5000,1.0,1.1,3
4,59,1,detmle,1.0,1.0,0.05,5000,1.0,1.1,4
4,60,1,detmle,1.0,1.0,0.05,5000,1.0,1.1,3
4,61,1,detmle,1.0,1.0,0.05,5000,1.0,1.1,3
4,62,1,detmle,1.0,1.0,0.05,5000,1.0,1.1,3
4,63,1,detmle,1.0,1.0,0.05,5000,1.0,1.1,3
4,64,1,detmle,1.0,1.0,0.05,5000,1.0,1.1,3
4,65,1,detmle,1.0,1.0,0.05,5000,1.0,1.1,4
4,66,1,detmle,1.0,1.0,0.05,5000,1.0,1.1,3
4,67,1,detmle,1.0,1.0,0.05,5000,1.0,1.1,3
4,68,1,detmle,1.0,1.0,0.05,5000,1.0,1.1,4
4,69,1,detmle,1.0,1.0,0.05,5000,1.0,1.1,3
4,70,1,detmle,1.0,1.0,0.05,5000,1.0,1.1,3
4,71,1,detmle,1.0,1.0,0.05,5000,1.0,1.1,4
4,72,1,detmle,1.0,1.0,0.05,5000,1.0,1.1,4
4,73,1,detmle,1.0,1.0,0.05,5000,1.0,1.1,3
4,74,1,detmle,1.0,1.0,0.05,5000,1.0,1.1,3
4,75,1,detmle,1.0,1.0,0.05,5000,1.0,1.1,3
4,76,1,detmle,1.0,1.0,0.05,5000,1.0,1.1,4
4,77,1,detmle,1.0,1.0,0.05,5000,1.0,1.1,3
4,78,1,detmle,1.0,1.0,0.05,5000,1.0,1.1,2
4,79,1,detmle,1.0,1.0,0.05,5000,1.0,1.1,3
4,80,1,detmle,1.0,1.0,0.05,5000,1.0,1.1,4
4,81,1,detmle,1.0,1.0,0.05,5000,1.0,1.1,3
4,82,1,detmle,1.0,1.0,0.05,5000,1.0,1.1,4
4,83,1,detmle,1.0,1.0,0.05,5000,1.0,1.1,3
4,84,1,detmle,1.0,1.0,0.05,5000,1.0,1.1,3
4,85,1,detmle,1.0,1.0,0.05,5000,1.0,1.1,4
4,86,1,detmle,1.0,1.0,0.05,5000,1.0,1.1,4
4,87,1,detmle,1.0,1.0,0.05,5000,1.0,1.1,3
4,88,1,detmle,1.0,1.0,0.05,5000,1.0,1.1,4
4,89,1,detmle,1.0,1.0,0.05,5000,1.0,1.1,3
4,90,1,detmle,1.0,1.0,0.05,5000,1.0,1.1,4
4,91,1,detmle,1.0,1.0,0.05,5000,1.0,1.1,3
4,92,1,detmle,1.0,1.0,0.05,5000,1.0,1.1,3
4,93,1,detmle,1.0,1.0,0.05,5000,1.0,1.1,4
4,94,1,detmle,1.0,1.0,0.05,5000,1.0,1.1,4
4,95,1,detmle,1.0,1.0,0.05,5000,1.0,1.1,3
4,96,1,detmle,1.0,1.0,0.05,5000,1.0,1.1,3
4,97,1,detmle,1.0,1.0,0.05,5000,1.0,1.1,3
4,98,1,detmle,1.0,1.0,0.05,5000,1.0,1.1,4
4,99,1,detmle,1.0,1.0,0.05,5000,1.0,1.1,3
4,100,1,detmle,1.0,1.0,0.05,5000,1.0,1.1,4
4,101,1,detmle,1.0,1.0,0.05,5000,1.0,1.1,4
4,102,1,detmle,1.0,1.0,0.05,5000,1.0,1.1,3
4,103,1,detmle,1.0,1.0,0.05,5000,1.0,1.1,4
4,104,1,detmle,1.0,1.0,0.05,5000,1.0,1.1,4
4,105,1,detmle,1.0,1.0,0.05,5000,1.0,1.1,3
4,106,1,detmle,1.0,1.0,0.05,5000,1.0,1.1,4
4,107,1,detmle,1.0,1.0,0.05,5000,1.0,1.1,3
4,108,1,detmle,1.0,1.0,0.05,5000,1.0,1.1,3
4,109,1,detmle,1.0,1.0,0.05,5000,1.0,1.1,3
4,110,1,detmle,1.0,1.0,0.05,5000,1.0,1.1,3
4,111,1,detmle,1.0,1.0,0.05,5000,1.0,1.1,3
4,112,1,detmle,1.0,1.0,0.05,5000,1.0,1.1,3
4,113,1,detmle,1.0,1.0,0.05,5000,1.0,1.1,4
4,114,1,detmle,1.0,1.0,0.05,5000,1.0,1.1,4
4,115,1,detmle,1.0,1.0,0.05,5000,1.0,1.1,3
4,116,1,detmle,1.0,1.0,0.05,5000,1.0,1.1,4
4,117,1,detmle,1.0,1.0,0.05,5000,1.0,1.1,3
4,118,1,detmle,1.0,1.0,0.05,5000,1.0,1.1,3
4,119,1,detmle,1.0,1.0,0.05,5000,1.0,1.1,4
4,120,1,detmle,1.0,1.0,0.05,5000,1.0,1.1,4
4,121,1,detmle,1.0,1.0,0.05,5000,1.0,1.1,4
4,122,1,detmle,1.0,1.0,0.05,5000,1.0,1.1,3
4,123,1,detmle,1.0,1.0,0.05,5000,1.0,1.1,3
4,124,1,detmle,1.0,1.0,0.05,5000,1.0,1.1,4
4,125,1,detmle,1.0,1.0,0.05,5000,1.0,1.1,3
4,126,1,detmle,1.0,1.0,0.05,5000,1.0,1.1,3
4,127,1,detmle,1.0,1.0,0.05,5000,1.0,1.1,3
4,128,1,detmle,1.0,1.0,0.05,5000,1.0,1.1,4
4,129,1,detmle,1.0,1.0,0.05,5000,1.0,1.1,4
4,130,1,detmle,1.0,1.0,0.05,5000,1.0,1.1,3
4,131,1,detmle,1.0,1.0,0.05,5000,1.0,1.1,3
4,132,1,detmle,1.0,1.0,0.05,5000,1.0,1.1,4
4,133,1,detmle,1.0,1.0,0.05,5000,1.0,1.1,3
4,134,1,detmle,1.0,1.0,0.05,5000,1.0,1.1,4
4,135,1,detmle,1.0,1.0,0.05,5000,1.0,1.1,4
4,136,1,detmle,1.0,1.0,0.05,5000,1.0,1.1,3
4,137,1,detmle,1.0,1.0,0.05,5000,1.0,1.1,3
4,138,1,detmle,1.0,1.0,0.05,5000,1.0,1.1,4
4,139,1,detmle,1.0,1.0,0.05,5000,1.0,1.1,3
4,140,1,detmle,1.0,1.0,0.05,5000,1.0,1.1,4
4,141,1,detmle,1.0,1.0,0.05,5000,1.0,1.1,4
4,142,1,detmle,1.0,1.0,0.05,5000,1.0,1.1,3
4,143,1,detmle,1.0,1.0,0.05,5000,1.0,1.1,3
4,144,1,detmle,1.0,1.0,0.05,5000,1.0,1.1,3
4,145,1,detmle,1.0,1.0,0.05,5000,1.0,1.1,3
4,146,1,detmle,1.0,1.0,0.05,5000,1.0,1.1,3
4,147,1,detmle,1.0,1.0,0.05,5000,1.0,1.1,3
4,148,1,detmle,1.0,1.0,0.05,5000,1.0,1.1,4
4,149,1,detmle,1.0,1.0,0.05,5000,1.0,1.1,3
4,150,1,detmle,1.0,1.0,0.05,5000,1.0,1.1,3
4,151,1,detmle,1.0,1.0,0.05,5000,1.0,1.1,3
4,152,1,detmle,1.0,1.0,0.05,5000,1.0,1.1,3
4,153,1,detmle,1.0,1.0,0.05,5000,1.0,1.1,3
4,154,1,detmle,1.0,1.0,0.05,5000,1.0,1.1,3
4,155,1,detmle,1.0,1.0,0.05,5000,1.0,1.1,4
4,156,1,detmle,1.0,1.0,0.05,5000,1.0,1.1,3
4,157,1,detmle,1.0,1.0,0.05,5000,1.0,1.1,3
4,158,1,detmle,1.0,1.0,0.05,5000,1.0,1.1,3
4,159,1,detmle,1.0,1.0,0.05,5000,1.0,1.1,4
4,160,1,detmle,1.0,1.0,0.05,5000,1.0,1.1,4
4,161,1,detmle,1.0,1.0,0.05,5000,1.0,1.1,3
4,162,1,detmle,1.0,1.0,0.05,5000,1.0,1.1,3
4,163,1,detmle,1.0,1.0,0.05,5000,1.0,1.1,3
4,164,1,detmle,1.0,1.0,0.05,5000,1.0,1.1,3
4,165,1,detmle,1.0,1.0,0.05,5000,1.0,1.1,4
4,166,1,detmle,1.0,1.0,0.05,5000,1.0,1.1,3
4,167,1,detmle,1.0,1.0,0.05,5000,1.0,1.1,3
4,168,1,detmle,1.0,1.0,0.05,5000,1.0,1.1,3
4,169,1,detmle,1.0,1.0,0.05,5000,1.0,1.1,4
4,170,1,detmle,1.0,1.0,0.05,5000,1.0,1.1,3
4,171,1,detmle,1.0,1.0,0.05,5000,1.0,1.1,3
4,172,1,detmle,1.0,1.0,0.05,5000,1.0,1.1,3
4,173,1,detmle,1.0,1.0,0.05,5000,1.0,1.1,3
4,174,1,detmle,1.0,1.0,0.05,5000,1.0,1.1,3
4,175,1,detmle,1.0,1.0,0.05,5000,1.0,1.1,4
4,176,1,detmle,1.0,1.0,0.05,5000,1.0,1.1,3
4,177,1,detmle,1.0,1.0,0.05,5000,1.0,1.1,3
4,178,1,detmle,1.0,1.0,0.05,5000,1.0,1.1,3
4,179,1,detmle,1.0,1.0,0.05,5000,1.0,1.1,3
4,180,1,detmle,1.0,1.0,0.05,5000,1.0,1.1,3
4,181,1,detmle,1.0,1.0,0.05,5000,1.0,1.1,4
4,182,1,detmle,1.0,1.0,0.05,5000,1.0,1.1,3
4,183,1,detmle,1.0,1.0,0.05,5000,1.0,1.1,3
4,184,1,detmle,1.0,1.0,0.05,5000,1.0,1.1,3
4,185,1,detmle,1.0,1.0,0.05,5000,1.0,1.1,3
4,186,1,detmle,1.0,1.0,0.05,5000,1.0,1.1,4
4,187,1,detmle,1.0,1.0,0.05,5000,1.0,1.1,4
4,188,1,detmle,1.0,1.0,0.05,5000,1.0,1.1,3
4,189,1,detmle,1.0,1.0,0.05,5000,1.0,1.1,3
4,190,1,detmle,1.0,1.0,0.05,5000,1.0,1.1,3
4,191,1,detmle,1.0,1.0,0.05,5000,1.0,1.1,4
4,192,1,detmle,1.0,1.0,0.05,5000,1.0,1.1,3
4,193,1,detmle,1.0,1.0,0.05,5000,1.0,1.1,3
4,194,1,detmle,1.0,1.0,0.05,5000,1.0,1.1,3
4,195,1,detmle,1.0,1.0,0.05,5000,1.0,1.1,4
4,196,1,detmle,1.0,1.0,0.05,5000,1.0,1.1,4
4,197,1,detmle,1.0,1.0,0.05,5000,1.0,1.1,3
4,198,1,detmle,1.0,1.0,0.05,5000,1.0,1.1,3
4,199,1,detmle,1.0,1.0,0.05,5000,1.0,1.1,3
4,200,1,detmle,1.0,1.0,0.05,5000,1.0,1.1,3
2,1,1,mle,1.0,1.0,0.05,5000,1.0,1.0,1
2,2,1,mle,1.0,1.0,0.05,5000,1.0,1.0,3
2,3,1,mle,1.0,1.0,0.05,5000,1.0,1.0,5
2,4,1,mle,1.0,1.0,0.05,5000,1.0,1.0,13
2,5,1,mle,1.0,1.0,0.05,5000,1.0,1.0,8
2,6,1,mle,1.0,1.0,0.05,5000,1.0,1.0,3
2,7,1,mle,1.0,1.0,0.05,5000,1.0,1.0,1
2,8,1,mle,1.0,1.0,0.05,5000,1.0,1.0,3
2,9,1,mle,1.0,1.0,0.05,5000,1.0,1.0,3
2,10,1,mle,1.0,1.0,0.05,5000,1.0,1.0,5
2,11,1,mle,1.0,1.0,0.05,5000,1.0,1.0,9
2,12,1,mle,1.0,1.0,0.05,5000,1.0,1.0,7
2,13,1,mle,1.0,1.0,0.05,5000,1.0,1.0,3
2,14,1,mle,1.0,1.0,0.05,5000,1.0,1.0,3
2,15,1,mle,1.0,1.0,0.05,5000,1.0,1.0,3
2,16,1,mle,1.0,1.0,0.05,5000,1.0,1.0,3
2,17,1,mle,1.0,1.0,0.05,5000,1.0,1.0,3
2,18,1,mle,1.0,1.0,0.05,5000,1.0,1.0,3
2,19,1,mle,1.0,1.0,0.05,5000,1.0,1.0,3
2,20,1,mle,1.0,1.0,0.05,5000,1.0,1.0,3
2,21,1,mle,1.0,1.0,0.05,5000,1.0,1.0,9
2,22,1,mle,1.0,1.0,0.05,5000,1.0,1.0,3
2,23,1,mle,1.0,1.0,0.05,5000,1.0,1.0,3
2,24,1,mle,1.0,1.0,0.05,5000,1.0,1.0,3
2,25,1,mle,1.0,1.0,0.05,5000,1.0,1.0,3
2,26,1,mle,1.0,1.0,0.05,5000,1.0,1.0,5
2,27,1,mle,1.0,1.0,0.05,5000,1.0,1.0,6
2,28,1,mle,1.0,1.0,0.05,5000,1.0,1.0,3
2,29,1,mle,1.0,1.0,0.05,5000,1.0,1.0,3
2,30,1,mle,1.0,1.0,0.05,5000,1.0,1.0,3
2,31,1,mle,1.0,1.0,0.05,5000,1.0,1.0,3
2,32,1,mle,1.0,1.0,0.05,5000,1.0,1.0,7
2,33,1,mle,1.0,1.0,0.05,5000,1.0,1.0,7
2,34,1,mle,1.0,1.0,0.05,5000,1.0,1.0,5
2,35,1,mle,1.0,1.0,0.05,5000,1.0,1.0,9
2,36,1,mle,1.0,1.0,0.05,5000,1.0,1.0,5
2,37,1,mle,1.0,1.0,0.05,5000,1.0,1.0,8
2,38,1,mle,1.0,1.0,0.05,5000,1.0,1.0,6
2,39,1,mle,1.0,1.0,0.05,5000,1.0,1.0,8
2,40,1,mle,1.0,1.0,0.05,5000,1.0,1.0,5
2,41,1,mle,1.0,1.0,0.05,5000,1.0,1.0,5
2,42,1,mle,1.0,1.0,0.05,5000,1.0,1.0,3
2,43,1,mle,1.0,1.0,0.05,5000,1.0,1.0,6
2,44,1,mle,1.0,1.0,0.05,5000,1.0,1.0,8
2,45,1,mle,1.0,1.0,0.05,5000,1.0,1.0,5
2,46,1,mle,1.0,1.0,0.05,5000,1.0,1.0,3
2,47,1,mle,1.0,1.0,0.05,5000,1.0,1.0,3
2,48,1,mle,1.0,1.0,0.05,5000,1.0,1.0,8
2,49,1,mle,1.0,1.0,0.05,5000,1.0,1.0,3
2,50,1,mle,1.0,1.0,0.05,5000,1.0,1.0,3
2,51,1,mle,1.0,1.0,0.05,5000,1.0,1.0,3
2,52,1,mle,1.0,1.0,0.05,5000,1.0,1.0,6
2,53,1,mle,1.0,1.0,0.05,5000,1.0,1.0,5
2,54,1,mle,1.0,1.0,0.05,5000,1.0,1.0,20
2,55,1,mle,1.0,1.0,0.05,5000,1.0,1.0,8
2,56,1,mle,1.0,1.0,0.05,5000,1.0,1.0,5
2,57,1,mle,1.0,1.0,0.05,5000,1.0,1.0,9
2,58,1,mle,1.0,1.0,0.05,5000,1.0,1.0,3
2,59,1,mle,1.0,1.0,0.05,5000,1.0,1.0,3
2,60,1,mle,1.0,1.0,0.05,5000,1.0,1.0,3
2,61,1,mle,1.0,1.0,0.05,5000,1.0,1.0,3
2,62,1,mle,1.0,1.0,0.05,5000,1.0,1.0,6
2,63,1,mle,1.0,1.0,0.05,5000,1.0,1.0,3
2,64,1,mle,1.0,1.0,0.05,5000,1.0,1.0,6
2,65,1,mle,1.0,1.0,0.05,5000,1.0,1.0,3
2,66,1,mle,1.0,1.0,0.05,5000,1.0,1.0,3
2,67,1,mle,1.0,1.0,0.05,5000,1.0,1.0,4
2,68,1,mle,1.0,1.0,0.05,5000,1.0,1.0,8
2,69,1,mle,1.0,1.0,0.05,5000,1.0,1.0,11
2,70,1,mle,1.0,1.0,0.05,5000,1.0,1.0,3
2,71,1,mle,1.0,1.0,0.05,5000,1.0,1.0,12
2,72,1,mle,1.0,1.0,0.05,5000,1.0,1.0,5
2,73,1,mle,1.0,1.0,0.05,5000,1.0,1.0,1
2,74,1,mle,1.0,1.0,0.05,5000,1.0,1.0,10
2,75,1,mle,1.0,1.0,0.05,5000,1.0,1.0,7
2,76,1,mle,1.0,1.0,0.05,5000,1.0,1.0,5
2,77,1,mle,1.0,1.0,0.05,5000,1.0,1.0,3
2,78,1,mle,1.0,1.0,0.05,5000,1.0,1.0,8
2,79,1,mle,1.0,1.0,0.05,5000,1.0,1.0,3
2,80,1,mle,1.0,1.0,0.05,5000,1.0,1.0,6
2,81,1,mle,1.0,1.0,0.05,5000,1.0,1.0,3
2,82,1,mle,1.0,1.0,0.05,5000,1.0,1.0,3
2,83,1,mle,1.0,1.0,0.05,5000,1.0,1.0,5
2,84,1,mle,1.0,1.0,0.05,5000,1.0,1.0,16
2,85,1,mle,1.0,1.0,0.05,5000,1.0,1.0,3
2,86,1,mle,1.0,1.0,0.05,5000,1.0,1.0,19
2,87,1,mle,1.0,1.0,0.05,5000,1.0,1.0,5
2,88,1,mle,1.0,1.0,0.05,5000,1.0,1.0,3
2,89,1,mle,1.0,1.0,0.05,5000,1.0,1.0,3
2,90,1,mle,1.0,1.0,0.05,5000,1.0,1.0,3
2,91,1,mle,1.0,1.0,0.05,5000,1.0,1.0,3
2,92,1,mle,1.0,1.0,0.05,5000,1.0,1.0,1
2,93,1,mle,1.0,1.0,0.05,5000,1.0,1.0,5
2,94,1,mle,1.0,1.0,0.05,5000,1.0,1.0,7
2,95,1,mle,1.0,1.0,0.05,5000,1.0,1.0,12
2,96,1,mle,1.0,1.0,0.05,5000,1.0,1.0,3
2,97,1,mle,1.0,1.0,0.05,5000,1.0,1.0,8
2,98,1,mle,1.0,1.0,0.05,5000,1.0,1.0,8
2,99,1,mle,1.0,1.0,0.05,5000,1.0,1.0,4
2,100,1,mle,1.0,1.0,0.05,5000,1.0,1.0,5
2,101,1,mle,1.0,1.0,0.05,5000,1.0,1.0,3
2,102,1,mle,1.0,1.0,0.05,5000,1.0,1.0,5
2,103,1,mle,1.0,1.0,0.05,5000,1.0,1.0,8
2,104,1,mle,1.0,1.0,0.05,5000,1.0,1.0,5
2,105,1,mle,1.0,1.0,0.05,5000,1.0,1.0,8
2,106,1,mle,1.0,1.0,0.05,5000,1.0,1.0,19
2,107,1,mle,1.0,1.0,0.05,5000,1.0,1.0,1
2,108,1,mle,1.0,1.0,0.05,5000,1.0,1.0,8
2,109,1,mle,1.0,1.0,0.05,5000,1.0,1.0,4
2,110,1,mle,1.0,1.0,0.05,5000,1.0,1.0,3
2,111,1,mle,1.0,1.0,0.05,5000,1.0,1.0,3
2,112,1,mle,1.0,1.0,0.05,5000,1.0,1.0,6
2,113,1,mle,1.0,1.0,0.05,5000,1.0,1.0,3
2,114,1,mle,1.0,1.0,0.05,5000,1.0,1.0,21
2,115,1,mle,1.0,1.0,0.05,5000,1.0,1.0,18
2,116,1,mle,1.0,1.0,0.05,5000,1.0,1.0,3
2,117,1,mle,1.0,1.0,0.05,5000,1.0,1.0,8
2,118,1,mle,1.0,1.0,0.05,5000,1.0,1.0,4
2,119,1,mle,1.0,1.0,0.05,5000,1.0,1.0,3
2,120,1,mle,1.0,1.0,0.05,5000,1.0,1.0,3
2,121,1,mle,1.0,1.0,0.05,5000,1.0,1.0,5
2,122,1,mle,1.0,1.0,0.05,5000,1.0,1.0,18
2,123,1,mle,1.0,1.0,0.05,5000,1.0,1.0,15
2,124,1,mle,1.0,1.0,0.05,5000,1.0,1.0,10
2,125,1,mle,1.0,1.0,0.05,5000,1.0,1.0,15
2,126,1,mle,1.0,1.0,0.05,5000,1.0,1.0,19
2,127,1,mle,1.0,1.0,0.05,5000,1.0,1.0,17
2,128,1,mle,1.0,1.0,0.05,5000,1.0,1.0,8
2,129,1,mle,1.0,1.0,0.05,5000,1.0,1.0,3
2,130,1,mle,1.0,1.0,0.05,5000,1.0,1.0,3
2,131,1,mle,1.0,1.0,0.05,5000,1.0,1.0,15
2,132,1,mle,1.0,1.0,0.05,5000,1.0,1.0,9
2,133,1,mle,1.0,1.0,0.05,5000,1.0,1.0,3
2,134,1,mle,1.0,1.0,0.05,5000,1.0,1.0,3
2,135,1,mle,1.0,1.0,0.05,5000,1.0,1.0,5
2,136,1,mle,1.0,1.0,0.05,5000,1.0,1.0,3
2,137,1,mle,1.0,1.0,0.05,5000,1.0,1.0,3
2,138,1,mle,1.0,1.0,0.05,5000,1.0,1.0,5
2,139,1,mle,1.0,1.0,0.05,5000,1.0,1.0,3
2,140,1,mle,1.0,1.0,0.05,5000,1.0,1.0,3
2,141,1,mle,1.0,1.0,0.05,5000,1.0,1.0,5
2,142,1,mle,1.0,1.0,0.05,5000,1.0,1.0,15
2,143,1,mle,1.0,1.0,0.05,5000,1.0,1.0,11
2,144,1,mle,1.0,1.0,0.05,5000,1.0,1.0,5
2,145,1,mle,1.0,1.0,0.05,5000,1.0,1.0,1
2,146,1,mle,1.0,1.0,0.05,5000,1.0,1.0,5
2,147,1,mle,1.0,1.0,0.05,5000,1.0,1.0,8
2,148,1,mle,1.0,1.0,0.05,5000,1.0,1.0,3
2,149,1,mle,1.0,1.0,0.05,5000,1.0,1.0,8
2,150,1,mle,1.0,1.0,0.05,5000,1.0,1.0,6
2,151,1,mle,1.0,1.0,0.05,5000,1.0,1.0,18
2,152,1,mle,1.0,1.0,0.05,5000,1.0,1.0,3
2,153,1,mle,1.0,1.0,0.05,5000,1.0,1.0,10
2,154,1,mle,1.0,1.0,0.05,5000,1.0,1.0,3
2,155,1,mle,1.0,1.0,0.05,5000,1.0,1.0,3
2,156,1,mle,1.0,1.0,0.05,5000,1.0,1.0,5
2,157,1,mle,1.0,1.0,0.05,5000,1.0,1.0,3
2,158,1,mle,1.0,1.0,0.05,5000,1.0,1.0,3
2,159,1,mle,1.0,1.0,0.05,5000,1.0,1.0,5
2,160,1,mle,1.0,1.0,0.05,5000,1.0,1.0,6
2,161,1,mle,1.0,1.0,0.05,5000,1.0,1.0,4
2,162,1,mle,1.0,1.0,0.05,5000,1.0,1.0,4
2,163,1,mle,1.0,1.0,0.05,5000,1.0,1.0,1
2,164,1,mle,1.0,1.0,0.05,5000,1.0,1.0,5
2,165,1,mle,1.0,1.0,0.05,5000,1.0,1.0,3
2,166,1,mle,1.0,1.0,0.05,5000,1.0,1.0,5
2,167,1,mle,1.0,1.0,0.05,5000,1.0,1.0,3
2,168,1,mle,1.0,1.0,0.05,5000,1.0,1.0,3
2,169,1,mle,1.0,1.0,0.05,5000,1.0,1.0,3
2,170,1,mle,1.0,1.0,0.05,5000,1.0,1.0,6
2,171,1,mle,1.0,1.0,0.05,5000,1.0,1.0,1
2,172,1,mle,1.0,1.0,0.05,5000,1.0,1.0,3
2,173,1,mle,1.0,1.0,0.05,5000,1.0,1.0,3
2,174,1,mle,1.0,1.0,0.05,5000,1.0,1.0,5
2,175,1,mle,1.0,1.0,0.05,5000,1.0,1.0,6
2,176,1,mle,1.0,1.0,0.05,5000,1.0,1.0,7
2,177,1,mle,1.0,1.0,0.05,5000,1.0,1.0,6
2,178,1,mle,1.0,1.0,0.05,5000,1.0,1.0,9
2,179,1,mle,1.0,1.0,0.05,5000,1.0,1.0,5
2,180,1,mle,1.0,1.0,0.05,5000,1.0,1.0,3
2,181,1,mle,1.0,1.0,0.05,5000,1.0,1.0,3
2,182,1,mle,1.0,1.0,0.05,5000,1.0,1.0,6
2,183,1,mle,1.0,1.0,0.05,5000,1.0,1.0,6
2,184,1,mle,1.0,1.0,0.05,5000,1.0,1.0,9
2,185,1,mle,1.0,1.0,0.05,5000,1.0,1.0,25
2,186,1,mle,1.0,1.0,0.05,5000,1.0,1.0,3
2,187,1,mle,1.0,1.0,0.05,5000,1.0,1.0,5
2,188,1,mle,1.0,1.0,0.05,5000,1.0,1.0,3
2,189,1,mle,1.0,1.0,0.05,5000,1.0,1.0,8
2,190,1,mle,1.0,1.0,0.05,5000,1.0,1.0,5
2,191,1,mle,1.0,1.0,0.05,5000,1.0,1.0,9
2,192,1,mle,1.0,1.0,0.05,5000,1.0,1.0,11
2,193,1,mle,1.0,1.0,0.05,5000,1.0,1.0,5
2,194,1,mle,1.0,1.0,0.05,5000,1.0,1.0,4
2,195,1,mle,1.0,1.0,0.05,5000,1.0,1.0,3
2,196,1,mle,1.0,1.0,0.05,5000,1.0,1.0,12
2,197,1,mle,1.0,1.0,0.05,5000,1.0,1.0,4
2,198,1,mle,1.0,1.0,0.05,5000,1.0,1.0,5
2,199,1,mle,1.0,1.0,0.05,5000,1.0,1.0,11
2,200,1,mle,1.0,1.0,0.05,5000,1.0,1.0,3
2,1,1,mle,1.0,1.0,0.05,5000,1.0,1.025,1
2,2,1,mle,1.0,1.0,0.05,5000,1.0,1.025,6
2,3,1,mle,1.0,1.0,0.05,5000,1.0,1.025,3
2,4,1,mle,1.0,1.0,0.05,5000,1.0,1.025,3
2,5,1,mle,1.0,1.0,0.05,5000,1.0,1.025,3
2,6,1,mle,1.0,1.0,0.05,5000,1.0,1.025,6
2,7,1,mle,1.0,1.0,0.05,5000,1.0,1.025,1
2,8,1,mle,1.0,1.0,0.05,5000,1.0,1.025,39
2,9,1,mle,1.0,1.0,0.05,5000,1.0,1.025,5
2,10,1,mle,1.0,1.0,0.05,5000,1.0,1.025,12
2,11,1,mle,1.0,1.0,0.05,5000,1.0,1.025,17
2,12,1,mle,1.0,1.0,0.05,5000,1.0,1.025,4
2,13,1,mle,1.0,1.0,0.05,5000,1.0,1.025,8
2,14,1,mle,1.0,1.0,0.05,5000,1.0,1.025,3
2,15,1,mle,1.0,1.0,0.05,5000,1.0,1.025,5
2,16,1,mle,1.0,1.0,0.05,5000,1.0,1.025,3
2,17,1,mle,1.0,1.0,0.05,5000,1.0,1.025,12
2,18,1,mle,1.0,1.0,0.05,5000,1.0,1.025,3
2,19,1,mle,1.0,1.0,0.05,5000,1.0,1.025,3
2,20,1,mle,1.0,1.0,0.05,5000,1.0,1.025,3
2,21,1,mle,1.0,1.0,0.05,5000,1.0,1.025,12
2,22,1,mle,1.0,1.0,0.05,5000,1.0,1.025,3
2,23,1,mle,1.0,1.0,0.05,5000,1.0,1.025,3
2,24,1,mle,1.0,1.0,0.05,5000,1.0,1.025,28
2,25,1,mle,1.0,1.0,0.05,5000,1.0,1.025,3
2,26,1,mle,1.0,1.0,0.05,5000,1.0,1.025,3
2,27,1,mle,1.0,1.0,0.05,5000,1.0,1.025,7
2,28,1,mle,1.0,1.0,0.05,5000,1.0,1.025,3
2,29,1,mle,1.0,1.0,0.05,5000,1.0,1.025,5
2,30,1,mle,1.0,1.0,0.05,5000,1.0,1.025,3
2,31,1,mle,1.0,1.0,0.05,5000,1.0,1.025,12
2,32,1,mle,1.0,1.0,0.05,5000,1.0,1.025,3
2,33,1,mle,1.0,1.0,0.05,5000,1.0,1.025,12
2,34,1,mle,1.0,1.0,0.05,5000,1.0,1.025,3
2,35,1,mle,1.0,1.0,0.05,5000,1.0,1.025,18
2,36,1,mle,1.0,1.0,0.05,5000,1.0,1.025,3
2,37,1,mle,1.0,1.0,0.05,5000,1.0,1.025,13
2,38,1,mle,1.0,1.0,0.05,5000,1.0,1.025,4
2,39,1,mle,1.0,1.0,0.05,5000,1.0,1.025,7
2,40,1,mle,1.0,1.0,0.05,5000,1.0,1.025,7
2,41,1,mle,1.0,1.0,0.05,5000,1.0,1.025,6
2,42,1,mle,1.0,1.0,0.05,5000,1.0,1.025,6
2,43,1,mle,1.0,1.0,0.05,5000,1.0,1.025,11
2,44,1,mle,1.0,1.0,0.05,5000,1.0,1.025,19
2,45,1,mle,1.0,1.0,0.05,5000,1.0,1.025,8
2,46,1,mle,1.0,1.0,0.05,5000,1.0,1.025,3
2,47,1,mle,1.0,1.0,0.05,5000,1.0,1.025,3
2,48,1,mle,1.0,1.0,0.05,5000,1.0,1.025,5
2,49,1,mle,1.0,1.0,0.05,5000,1.0,1.025,3
2,50,1,mle,1.0,1.0,0.05,5000,1.0,1.025,3
2,51,1,mle,1.0,1.0,0.05,5000,1.0,1.025,3
2,52,1,mle,1.0,1.0,0.05,5000,1.0,1.025,3
2,53,1,mle,1.0,1.0,0.05,5000,1.0,1.025,9
2,54,1,mle,1.0,1.0,0.05,5000,1.0,1.025,3
2,55,1,mle,1.0,1.0,0.05,5000,1.0,1.025,17
2,56,1,mle,1.0,1.0,0.05,5000,1.0,1.025,3
2,57,1,mle,1.0,1.0,0.05,5000,1.0,1.025,3
2,58,1,mle,1.0,1.0,0.05,5000,1.0,1.025,18
2,59,1,mle,1.0,1.0,0.05,5000,1.0,1.025,5
2,60,1,mle,1.0,1.0,0.05,5000,1.0,1.025,5
2,61,1,mle,1.0,1.0,0.05,5000,1.0,1.025,3
2,62,1,mle,1.0,1.0,0.05,5000,1.0,1.025,5
2,63,1,mle,1.0,1.0,0.05,5000,1.0,1.025,3
2,64,1,mle,1.0,1.0,0.05,5000,1.0,1.025,3
2,65,1,mle,1.0,1.0,0.05,5000,1.0,1.025,12
2,66,1,mle,1.0,1.0,0.05,5000,1.0,1.025,3
2,67,1,mle,1.0,1.0,0.05,5000,1.0,1.025,5
2,68,1,mle,1.0,1.0,0.05,5000,1.0,1.025,3
2,69,1,mle,1.0,1.0,0.05,5000,1.0,1.025,9
2,70,1,mle,1.0,1.0,0.05,5000,1.0,1.025,11
2,71,1,mle,1.0,1.0,0.05,5000,1.0,1.025,3
2,72,1,mle,1.0,1.0,0.05,5000,1.0,1.025,3
2,73,1,mle,1.0,1.0,0.05,5000,1.0,1.025,1
2,74,1,mle,1.0,1.0,0.05,5000,1.0,1.025,7
2,75,1,mle,1.0,1.0,0.05,5000,1.0,1.025,5
2,76,1,mle,1.0,1.0,0.05,5000,1.0,1.025,3
2,77,1,mle,1.0,1.0,0.05,5000,1.0,1.025,9
2,78,1,mle,1.0,1.0,0.05,5000,1.0,1.025,7
2,79,1,mle,1.0,1.0,0.05,5000,1.0,1.025,3
2,80,1,mle,1.0,1.0,0.05,5000,1.0,1.025,3
2,81,1,mle,1.0,1.0,0.05,5000,1.0,1.025,17
2,82,1,mle,1.0,1.0,0.05,5000,1.0,1.025,3
2,83,1,mle,1.0,1.0,0.05,5000,1.0,1.025,3
2,84,1,mle,1.0,1.0,0.05,5000,1.0,1.025,7
2,85,1,mle,1.0,1.0,0.05,5000,1.0,1.025,23
2,86,1,mle,1.0,1.0,0.05,5000,1.0,1.025,3
2,87,1,mle,1.0,1.0,0.05,5000,1.0,1.025,3
2,88,1,mle,1.0,1.0,0.05,5000,1.0,1.025,3
2,89,1,mle,1.0,1.0,0.05,5000,1.0,1.025,13
2,90,1,mle,1.0,1.0,0.05,5000,1.0,1.025,3
2,91,1,mle,1.0,1.0,0.05,5000,1.0,1.025,5
2,92,1,mle,1.0,1.0,0.05,5000,1.0,1.025,1
2,93,1,mle,1.0,1.0,0.05,5000,1.0,1.025,3
2,94,1,mle,1.0,1.0,0.05,5000,1.0,1.025,3
2,95,1,mle,1.0,1.0,0.05,5000,1.0,1.025,17
2,96,1,mle,1.0,1.0,0.05,5000,1.0,1.025,3
2,97,1,mle,1.0,1.0,0.05,5000,1.0,1.025,3
2,98,1,mle,1.0,1.0,0.05,5000,1.0,1.025,7
2,99,1,mle,1.0,1.0,0.05,5000,1.0,1.025,10
2,100,1,mle,1.0,1.0,0.05,5000,1.0,1.025,3
2,101,1,mle,1.0,1.0,0.05,5000,1.0,1.025,6
2,102,1,mle,1.0,1.0,0.05,5000,1.0,1.025,4
2,103,1,mle,1.0,1.0,0.05,5000,1.0,1.025,3
2,104,1,mle,1.0,1.0,0.05,5000,1.0,1.025,8
2,105,1,mle,1.0,1.0,0.05,5000,1.0,1.025,23
2,106,1,mle,1.0,1.0,0.05,5000,1.0,1.025,3
2,107,1,mle,1.0,1.0,0.05,5000,1.0,1.025,1
2,108,1,mle,1.0,1.0,0.05,5000,1.0,1.025,10
2,109,1,mle,1.0,1.0,0.05,5000,1.0,1.025,8
2,110,1,mle,1.0,1.0,0.05,5000,1.0,1.025,3
2,111,1,mle,1.0,1.0,0.05,5000,1.0,1.025,3
2,112,1,mle,1.0,1.0,0.05,5000,1.0,1.025,3
2,113,1,mle,1.0,1.0,0.05,5000,1.0,1.025,19
2,114,1,mle,1.0,1.0,0.05,5000,1.0,1.025,3
2,115,1,mle,1.0,1.0,0.05,5000,1.0,1.025,3
2,116,1,mle,1.0,1.0,0.05,5000,1.0,1.025,3
2,117,1,mle,1.0,1.0,0.05,5000,1.0,1.025,8
2,118,1,mle,1.0,1.0,0.05,5000,1.0,1.025,11
2,119,1,mle,1.0,1.0,0.05,5000,1.0,1.025,5
2,120,1,mle,1.0,1.0,0.05,5000,1.0,1.025,3
2,121,1,mle,1.0,1.0,0.05,5000,1.0,1.025,3
2,122,1,mle,1.0,1.0,0.05,5000,1.0,1.025,3
2,123,1,mle,1.0,1.0,0.05,5000,1.0,1.025,3
2,124,1,mle,1.0,1.0,0.05,5000,1.0,1.025,16
2,125,1,mle,1.0,1.0,0.05,5000,1.0,1.025,3
2,126,1,mle,1.0,1.0,0.05,5000,1.0,1.025,3
2,127,1,mle,1.0,1.0,0.05,5000,1.0,1.025,5
2,128,1,mle,1.0,1.0,0.05,5000,1.0,1.025,12
2,129,1,mle,1.0,1.0,0.05,5000,1.0,1.025,9
2,130,1,mle,1.0,1.0,0.05,5000,1.0,1.025,15
2,131,1,mle,1.0,1.0,0.05,5000,1.0,1.025,9
2,132,1,mle,1.0,1.0,0.05,5000,1.0,1.025,3
2,133,1,mle,1.0,1.0,0.05,5000,1.0,1.025,3
2,134,1,mle,1.0,1.0,0.05,5000,1.0,1.025,3
2,135,1,mle,1.0,1.0,0.05,5000,1.0,1.025,3
2,136,1,mle,1.0,1.0,0.05,5000,1.0,1.025,3
2,137,1,mle,1.0,1.0,0.05,5000,1.0,1.025,6
2,138,1,mle,1.0,1.0,0.05,5000,1.0,1.025,3
2,139,1,mle,1.0,1.0,0.05,5000,1.0,1.025,3
2,140,1,mle,1.0,1.0,0.05,5000,1.0,1.025,3
2,141,1,mle,1.0,1.0,0.05,5000,1.0,1.025,5
2,142,1,mle,1.0,1.0,0.05,5000,1.0,1.025,11
2,143,1,mle,1.0,1.0,0.05,5000,1.0,1.025,10
2,144,1,mle,1.0,1.0,0.05,5000,1.0,1.025,5
2,145,1,mle,1.0,1.0,0.05,5000,1.0,1.025,1
2,146,1,mle,1.0,1.0,0.05,5000,1.0,1.025,9
2,147,1,mle,1.0,1.0,0.05,5000,1.0,1.025,21
2,148,1,mle,1.0,1.0,0.05,5000,1.0,1.025,5
2,149,1,mle,1.0,1.0,0.05,5000,1.0,1.025,8
2,150,1,mle,1.0,1.0,0.05,5000,1.0,1.025,8
2,151,1,mle,1.0,1.0,0.05,5000,1.0,1.025,3
2,152,1,mle,1.0,1.0,0.05,5000,1.0,1.025,3
2,153,1,mle,1.0,1.0,0.05,5000,1.0,1.025,7
2,154,1,mle,1.0,1.0,0.05,5000,1.0,1.025,17
2,155,1,mle,1.0,1.0,0.05,5000,1.0,1.025,3
2,156,1,mle,1.0,1.0,0.05,5000,1.0,1.025,8
2,157,1,mle,1.0,1.0,0.05,5000,1.0,1.025,26
2,158,1,mle,1.0,1.0,0.05,5000,1.0,1.025,6
2,159,1,mle,1.0,1.0,0.05,5000,1.0,1.025,6
2,160,1,mle,1.0,1.0,0.05,5000,1.0,1.025,20
2,161,1,mle,1.0,1.0,0.05,5000,1.0,1.025,5
2,162,1,mle,1.0,1.0,0.05,5000,1.0,1.025,5
2,163,1,mle,1.0,1.0,0.05,5000,1.0,1.025,1
2,164,1,mle,1.0,1.0,0.05,5000,1.0,1.025,3
2,165,1,mle,1.0,1.0,0.05,5000,1.0,1.025,3
2,166,1,mle,1.0,1.0,0.05,5000,1.0,1.025,6
2,167,1,mle,1.0,1.0,0.05,5000,1.0,1.025,13
2,168,1,mle,1.0,1.0,0.05,5000,1.0,1.025,3
2,169,1,mle,1.0,1.0,0.05,5000,1.0,1.025,5
2,170,1,mle,1.0,1.0,0.05,5000,1.0,1.025,7
2,171,1,mle,1.0,1.0,0.05,5000,1.0,1.025,1
2,172,1,mle,1.0,1.0,0.05,5000,1.0,1.025,8
2,173,1,mle,1.0,1.0,0.05,5000,1.0,1.025,5
2,174,1,mle,1.0,1.0,0.05,5000,1.0,1.025,5
2,175,1,mle,1.0,1.0,0.05,5000,1.0,1.025,14
2,176,1,mle,1.0,1.0,0.05,5000,1.0,1.025,5
2,177,1,mle,1.0,1.0,0.05,5000,1.0,1.025,3
2,178,1,mle,1.0,1.0,0.05,5000,1.0,1.025,3
2,179,1,mle,1.0,1.0,0.05,5000,1.0,1.025,7
2,180,1,mle,1.0,1.0,0.05,5000,1.0,1.025,5
2,181,1,mle,1.0,1.0,0.05,5000,1.0,1.025,3
2,182,1,mle,1.0,1.0,0.05,5000,1.0,1.025,3
2,183,1,mle,1.0,1.0,0.05,5000,1.0,1.025,5
2,184,1,mle,1.0,1.0,0.05,5000,1.0,1.025,3
2,185,1,mle,1.0,1.0,0.05,5000,1.0,1.025,5
2,186,1,mle,1.0,1.0,0.05,5000,1.0,1.025,7
2,187,1,mle,1.0,1.0,0.05,5000,1.0,1.025,5
2,188,1,mle,1.0,1.0,0.05,5000,1.0,1.025,3
2,189,1,mle,1.0,1.0,0.05,5000,1.0,1.025,11
2,190,1,mle,1.0,1.0,0.05,5000,1.0,1.025,5
2,191,1,mle,1.0,1.0,0.05,5000,1.0,1.025,11
2,192,1,mle,1.0,1.0,0.05,5000,1.0,1.025,6
2,193,1,mle,1.0,1.0,0.05,5000,1.0,1.025,4
2,194,1,mle,1.0,1.0,0.05,5000,1.0,1.025,17
2,195,1,mle,1.0,1.0,0.05,5000,1.0,1.025,7
2,196,1,mle,1.0,1.0,0.05,5000,1.0,1.025,8
2,197,1,mle,1.0,1.0,0.05,5000,1.0,1.025,9
2,198,1,mle,1.0,1.0,0.05,5000,1.0,1.025,3
2,199,1,mle,1.0,1.0,0.05,5000,1.0,1.025,6
2,200,1,mle,1.0,1.0,0.05,5000,1.0,1.025,3
2,1,1,mle,1.0,1.0,0.05,5000,1.0,1.05,1
2,2,1,mle,1.0,1.0,0.05,5000,1.0,1.05,3
2,3,1,mle,1.0,1.0,0.05,5000,1.0,1.05,6
2,4,1,mle,1.0,1.0,0.05,5000,1.0,1.05,3
2,5,1,mle,1.0,1.0,0.05,5000,1.0,1.05,5
2,6,1,mle,1.0,1.0,0.05,5000,1.0,1.05,3
2,7,1,mle,1.0,1.0,0.05,5000,1.0,1.05,1
2,8,1,mle,1.0,1.0,0.05,5000,1.0,1.05,5
2,9,1,mle,1.0,1.0,0.05,5000,1.0,1.05,27
2,10,1,mle,1.0,1.0,0.05,5000,1.0,1.05,5
2,11,1,mle,1.0,1.0,0.05,5000,1.0,1.05,3
2,12,1,mle,1.0,1.0,0.05,5000,1.0,1.05,4
2,13,1,mle,1.0,1.0,0.05,5000,1.0,1.05,3
2,14,1,mle,1.0,1.0,0.05,5000,1.0,1.05,3
2,15,1,mle,1.0,1.0,0.05,5000,1.0,1.05,8
2,16,1,mle,1.0,1.0,0.05,5000,1.0,1.05,8
2,17,1,mle,1.0,1.0,0.05,5000,1.0,1.05,3
2,18,1,mle,1.0,1.0,0.05,5000,1.0,1.05,18
2,19,1,mle,1.0,1.0,0.05,5000,1.0,1.05,11
2,20,1,mle,1.0,1.0,0.05,5000,1.0,1.05,3
2,21,1,mle,1.0,1.0,0.05,5000,1.0,1.05,14
2,22,1,mle,1.0,1.0,0.05,5000,1.0,1.05,7
2,23,1,mle,1.0,1.0,0.05,5000,1.0,1.05,3
2,24,1,mle,1.0,1.0,0.05,5000,1.0,1.05,3
2,25,1,mle,1.0,1.0,0.05,5000,1.0,1.05,22
2,26,1,mle,1.0,1.0,0.05,5000,1.0,1.05,3
2,27,1,mle,1.0,1.0,0.05,5000,1.0,1.05,4
2,28,1,mle,1.0,1.0,0.05,5000,1.0,1.05,3
2,29,1,mle,1.0,1.0,0.05,5000,1.0,1.05,7
2,30,1,mle,1.0,1.0,0.05,5000,1.0,1.05,3
2,31,1,mle,1.0,1.0,0.05,5000,1.0,1.05,15
2,32,1,mle,1.0,1.0,0.05,5000,1.0,1.05,3
2,33,1,mle,1.0,1.0,0.05,5000,1.0,1.05,12
2,34,1,mle,1.0,1.0,0.05,5000,1.0,1.05,3
2,35,1,mle,1.0,1.0,0.05,5000,1.0,1.05,5
2,36,1,mle,1.0,1.0,0.05,5000,1.0,1.05,3
2,37,1,mle,1.0,1.0,0.05,5000,1.0,1.05,15
2,38,1,mle,1.0,1.0,0.05,5000,1.0,1.05,9
2,39,1,mle,1.0,1.0,0.05,5000,1.0,1.05,3
2,40,1,mle,1.0,1.0,0.05,5000,1.0,1.05,3
2,41,1,mle,1.0,1.0,0.05,5000,1.0,1.05,3
2,42,1,mle,1.0,1.0,0.05,5000,1.0,1.05,6
2,43,1,mle,1.0,1.0,0.05,5000,1.0,1.05,11
2,44,1,mle,1.0,1.0,0.05,5000,1.0,1.05,5
2,45,1,mle,1.0,1.0,0.05,5000,1.0,1.05,10
2,46,1,mle,1.0,1.0,0.05,5000,1.0,1.05,8
2,47,1,mle,1.0,1.0,0.05,5000,1.0,1.05,3
2,48,1,mle,1.0,1.0,0.05,5000,1.0,1.05,5
2,49,1,mle,1.0,1.0,0.05,5000,1.0,1.05,7
2,50,1,mle,1.0,1.0,0.05,5000,1.0,1.05,5
2,51,1,mle,1.0,1.0,0.05,5000,1.0,1.05,3
2,52,1,mle,1.0,1.0,0.05,5000,1.0,1.05,3
2,53,1,mle,1.0,1.0,0.05,5000,1.0,1.05,6
2,54,1,mle,1.0,1.0,0.05,5000,1.0,1.05,3
2,55,1,mle,1.0,1.0,0.05,5000,1.0,1.05,14
2,56,1,mle,1.0,1.0,0.05,5000,1.0,1.05,3
2,57,1,mle,1.0,1.0,0.05,5000,1.0,1.05,6
2,58,1,mle,1.0,1.0,0.05,5000,1.0,1.05,12
2,59,1,mle,1.0,1.0,0.05,5000,1.0,1.05,3
2,60,1,mle,1.0,1.0,0.05,5000,1.0,1.05,3
2,61,1,mle,1.0,1.0,0.05,5000,1.0,1.05,3
2,62,1,mle,1.0,1.0,0.05,5000,1.0,1.05,5
2,63,1,mle,1.0,1.0,0.05,5000,1.0,1.05,5
2,64,1,mle,1.0,1.0,0.05,5000,1.0,1.05,3
2,65,1,mle,1.0,1.0,0.05,5000,1.0,1.05,3
2,66,1,mle,1.0,1.0,0.05,5000,1.0,1.05,3
2,67,1,mle,1.0,1.0,0.05,5000,1.0,1.05,6
2,68,1,mle,1.0,1.0,0.05,5000,1.0,1.05,3
2,69,1,mle,1.0,1.0,0.05,5000,1.0,1.05,41
2,70,1,mle,1.0,1.0,0.05,5000,1.0,1.05,5
2,71,1,mle,1.0,1.0,0.05,5000,1.0,1.05,3
2,72,1,mle,1.0,1.0,0.05,5000,1.0,1.05,3
2,73,1,mle,1.0,1.0,0.05,5000,1.0,1.05,1
2,74,1,mle,1.0,1.0,0.05,5000,1.0,1.05,5
2,75,1,mle,1.0,1.0,0.05,5000,1.0,1.05,6
2,76,1,mle,1.0,1.0,0.05,5000,1.0,1.05,5
2,77,1,mle,1.0,1.0,0.05,5000,1.0,1.05,3
2,78,1,mle,1.0,1.0,0.05,5000,1.0,1.05,5
2,79,1,mle,1.0,1.0,0.05,5000,1.0,1.05,15
2,80,1,mle,1.0,1.0,0.05,5000,1.0,1.05,3
2,81,1,mle,1.0,1.0,0.05,5000,1.0,1.05,1
2,82,1,mle,1.0,1.0,0.05,5000,1.0,1.05,5
2,83,1,mle,1.0,1.0,0.05,5000,1.0,1.05,3
2,84,1,mle,1.0,1.0,0.05,5000,1.0,1.05,3
2,85,1,mle,1.0,1.0,0.05,5000,1.0,1.05,3
2,86,1,mle,1.0,1.0,0.05,5000,1.0,1.05,3
2,87,1,mle,1.0,1.0,0.05,5000,1.0,1.05,3
2,88,1,mle,1.0,1.0,0.05,5000,1.0,1.05,7
2,89,1,mle,1.0,1.0,0.05,5000,1.0,1.05,3
2,90,1,mle,1.0,1.0,0.05,5000,1.0,1.05,6
2,91,1,mle,1.0,1.0,0.05,5000,1.0,1.05,8
2,92,1,mle,1.0,1.0,0.05,5000,1.0,1.05,1
2,93,1,mle,1.0,1.0,0.05,5000,1.0,1.05,3
2,94,1,mle,1.0,1.0,0.05,5000,1.0,1.05,3
2,95,1,mle,1.0,1.0,0.05,5000,1.0,1.05,5
2,96,1,mle,1.0,1.0,0.05,5000,1.0,1.05,5
2,97,1,mle,1.0,1.0,0.05,5000,1.0,1.05,3
2,98,1,mle,1.0,1.0,0.05,5000,1.0,1.05,4
2,99,1,mle,1.0,1.0,0.05,5000,1.0,1.05,10
2,100,1,mle,1.0,1.0,0.05,5000,1.0,1.05,9
2,101,1,mle,1.0,1.0,0.05,5000,1.0,1.05,3
2,102,1,mle,1.0,1.0,0.05,5000,1.0,1.05,4
2,103,1,mle,1.0,1.0,0.05,5000,1.0,1.05,7
2,104,1,mle,1.0,1.0,0.05,5000,1.0,1.05,6
2,105,1,mle,1.0,1.0,0.05,5000,1.0,1.05,3
2,106,1,mle,1.0,1.0,0.05,5000,1.0,1.05,9
2,107,1,mle,1.0,1.0,0.05,5000,1.0,1.05,1
2,108,1,mle,1.0,1.0,0.05,5000,1.0,1.05,6
2,109,1,mle,1.0,1.0,0.05,5000,1.0,1.05,7
2,110,1,mle,1.0,1.0,0.05,5000,1.0,1.05,10
2,111,1,mle,1.0,1.0,0.05,5000,1.0,1.05,10
2,112,1,mle,1.0,1.0,0.05,5000,1.0,1.05,3
2,113,1,mle,1.0,1.0,0.05,5000,1.0,1.05,3
2,114,1,mle,1.0,1.0,0.05,5000,1.0,1.05,3
2,115,1,mle,1.0,1.0,0.05,5000,1.0,1.05,3
2,116,1,mle,1.0,1.0,0.05,5000,1.0,1.05,5
2,117,1,mle,1.0,1.0,0.05,5000,1.0,1.05,3
2,118,1,mle,1.0,1.0,0.05,5000,1.0,1.05,5
2,119,1,mle,1.0,1.0,0.05,5000,1.0,1.05,3
2,120,1,mle,1.0,1.0,0.05,5000,1.0,1.05,3
2,121,1,mle,1.0,1.0,0.05,5000,1.0,1.05,3
2,122,1,mle,1.0,1.0,0.05,5000,1.0,1.05,5
2,123,1,mle,1.0,1.0,0.05,5000,1.0,1.05,5
2,124,1,mle,1.0,1.0,0.05,5000,1.0,1.05,8
2,125,1,mle,1.0,1.0,0.05,5000,1.0,1.05,3
2,126,1,mle,1.0,1.0,0.05,5000,1.0,1.05,3
2,127,1,mle,1.0,1.0,0.05,5000,1.0,1.05,5
2,128,1,mle,1.0,1.0,0.05,5000,1.0,1.05,5
2,129,1,mle,1.0,1.0,0.05,5000,1.0,1.05,10
2,130,1,mle,1.0,1.0,0.05,5000,1.0,1.05,5
2,131,1,mle,1.0,1.0,0.05,5000,1.0,1.05,3
2,132,1,mle,1.0,1.0,0.05,5000,1.0,1.05,3
2,133,1,mle,1.0,1.0,0.05,5000,1.0,1.05,3
2,134,1,mle,1.0,1.0,0.05,5000,1.0,1.05,5
2,135,1,mle,1.0,1.0,0.05,5000,1.0,1.05,3
2,136,1,mle,1.0,1.0,0.05,5000,1.0,1.05,3
2,137,1,mle,1.0,1.0,0.05,5000,1.0,1.05,6
2,138,1,mle,1.0,1.0,0.05,5000,1.0,1.05,11
2,139,1,mle,1.0,1.0,0.05,5000,1.0,1.05,10
2,140,1,mle,1.0,1.0,0.05,5000,1.0,1.05,6
2,141,1,mle,1.0,1.0,0.05,5000,1.0,1.05,3
2,142,1,mle,1.0,1.0,0.05,5000,1.0,1.05,3
2,143,1,mle,1.0,1.0,0.05,5000,1.0,1.05,6
2,144,1,mle,1.0,1.0,0.05,5000,1.0,1.05,3
2,145,1,mle,1.0,1.0,0.05,5000,1.0,1.05,1
2,146,1,mle,1.0,1.0,0.05,5000,1.0,1.05,5
2,147,1,mle,1.0,1.0,0.05,5000,1.0,1.05,15
2,148,1,mle,1.0,1.0,0.05,5000,1.0,1.05,3
2,149,1,mle,1.0,1.0,0.05,5000,1.0,1.05,8
2,150,1,mle,1.0,1.0,0.05,5000,1.0,1.05,8
2,151,1,mle,1.0,1.0,0.05,5000,1.0,1.05,5
2,152,1,mle,1.0,1.0,0.05,5000,1.0,1.05,7
2,153,1,mle,1.0,1.0,0.05,5000,1.0,1.05,3
2,154,1,mle,1.0,1.0,0.05,5000,1.0,1.05,18
2,155,1,mle,1.0,1.0,0.05,5000,1.0,1.05,3
2,156,1,mle,1.0,1.0,0.05,5000,1.0,1.05,3
2,157,1,mle,1.0,1.0,0.05,5000,1.0,1.05,3
2,158,1,mle,1.0,1.0,0.05,5000,1.0,1.05,5
2,159,1,mle,1.0,1.0,0.05,5000,1.0,1.05,5
2,160,1,mle,1.0,1.0,0.05,5000,1.0,1.05,3
2,161,1,mle,1.0,1.0,0.05,5000,1.0,1.05,5
2,162,1,mle,1.0,1.0,0.05,5000,1.0,1.05,8
2,163,1,mle,1.0,1.0,0.05,5000,1.0,1.05,1
2,164,1,mle,1.0,1.0,0.05,5000,1.0,1.05,10
2,165,1,mle,1.0,1.0,0.05,5000,1.0,1.05,3
2,166,1,mle,1.0,1.0,0.05,5000,1.0,1.05,8
2,167,1,mle,1.0,1.0,0.05,5000,1.0,1.05,25
2,168,1,mle,1.0,1.0,0.05,5000,1.0,1.05,6
2,169,1,mle,1.0,1.0,0.05,5000,1.0,1.05,3
2,170,1,mle,1.0,1.0,0.05,5000,1.0,1.05,10
2,171,1,mle,1.0,1.0,0.05,5000,1.0,1.05,1
2,172,1,mle,1.0,1.0,0.05,5000,1.0,1.05,7
2,173,1,mle,1.0,1.0,0.05,5000,1.0,1.05,5
2,174,1,mle,1.0,1.0,0.05,5000,1.0,1.05,12
2,175,1,mle,1.0,1.0,0.05,5000,1.0,1.05,9
2,176,1,mle,1.0,1.0,0.05,5000,1.0,1.05,3
2,177,1,mle,1.0,1.0,0.05,5000,1.0,1.05,5
2,178,1,mle,1.0,1.0,0.05,5000,1.0,1.05,3
2,179,1,mle,1.0,1.0,0.05,5000,1.0,1.05,5
2,180,1,mle,1.0,1.0,0.05,5000,1.0,1.05,8
2,181,1,mle,1.0,1.0,0.05,5000,1.0,1.05,3
2,182,1,mle,1.0,1.0,0.05,5000,1.0,1.05,3
2,183,1,mle,1.0,1.0,0.05,5000,1.0,1.05,3
2,184,1,mle,1.0,1.0,0.05,5000,1.0,1.05,3
2,185,1,mle,1.0,1.0,0.05,5000,1.0,1.05,12
2,186,1,mle,1.0,1.0,0.05,5000,1.0,1.05,3
2,187,1,mle,1.0,1.0,0.05,5000,1.0,1.05,3
2,188,1,mle,1.0,1.0,0.05,5000,1.0,1.05,3
2,189,1,mle,1.0,1.0,0.05,5000,1.0,1.05,8
2,190,1,mle,1.0,1.0,0.05,5000,1.0,1.05,3
2,191,1,mle,1.0,1.0,0.05,5000,1.0,1.05,4
2,192,1,mle,1.0,1.0,0.05,5000,1.0,1.05,3
2,193,1,mle,1.0,1.0,0.05,5000,1.0,1.05,5
2,194,1,mle,1.0,1.0,0.05,5000,1.0,1.05,5
2,195,1,mle,1.0,1.0,0.05,5000,1.0,1.05,6
2,196,1,mle,1.0,1.0,0.05,5000,1.0,1.05,6
2,197,1,mle,1.0,1.0,0.05,5000,1.0,1.05,4
2,198,1,mle,1.0,1.0,0.05,5000,1.0,1.05,6
2,199,1,mle,1.0,1.0,0.05,5000,1.0,1.05,6
2,200,1,mle,1.0,1.0,0.05,5000,1.0,1.05,3
2,1,1,mle,1.0,1.0,0.05,5000,1.0,1.075,1
2,2,1,mle,1.0,1.0,0.05,5000,1.0,1.075,5
2,3,1,mle,1.0,1.0,0.05,5000,1.0,1.075,5
2,4,1,mle,1.0,1.0,0.05,5000,1.0,1.075,3
2,5,1,mle,1.0,1.0,0.05,5000,1.0,1.075,3
2,6,1,mle,1.0,1.0,0.05,5000,1.0,1.075,3
2,7,1,mle,1.0,1.0,0.05,5000,1.0,1.075,1
2,8,1,mle,1.0,1.0,0.05,5000,1.0,1.075,3
2,9,1,mle,1.0,1.0,0.05,5000,1.0,1.075,3
2,10,1,mle,1.0,1.0,0.05,5000,1.0,1.075,5
2,11,1,mle,1.0,1.0,0.05,5000,1.0,1.075,16
2,12,1,mle,1.0,1.0,0.05,5000,1.0,1.075,4
2,13,1,mle,1.0,1.0,0.05,5000,1.0,1.075,3
2,14,1,mle,1.0,1.0,0.05,5000,1.0,1.075,6
2,15,1,mle,1.0,1.0,0.05,5000,1.0,1.075,3
2,16,1,mle,1.0,1.0,0.05,5000,1.0,1.075,6
2,17,1,mle,1.0,1.0,0.05,5000,1.0,1.075,5
2,18,1,mle,1.0,1.0,0.05,5000,1.0,1.075,7
2,19,1,mle,1.0,1.0,0.05,5000,1.0,1.075,7
2,20,1,mle,1.0,1.0,0.05,5000,1.0,1.075,3
2,21,1,mle,1.0,1.0,0.05,5000,1.0,1.075,9
2,22,1,mle,1.0,1.0,0.05,5000,1.0,1.075,10
2,23,1,mle,1.0,1.0,0.05,5000,1.0,1.075,3
2,24,1,mle,1.0,1.0,0.05,5000,1.0,1.075,3
2,25,1,mle,1.0,1.0,0.05,5000,1.0,1.075,9
2,26,1,mle,1.0,1.0,0.05,5000,1.0,1.075,3
2,27,1,mle,1.0,1.0,0.05,5000,1.0,1.075,8
2,28,1,mle,1.0,1.0,0.05,5000,1.0,1.075,3
2,29,1,mle,1.0,1.0,0.05,5000,1.0,1.075,5
2,30,1,mle,1.0,1.0,0.05,5000,1.0,1.075,3
2,31,1,mle,1.0,1.0,0.05,5000,1.0,1.075,3
2,32,1,mle,1.0,1.0,0.05,5000,1.0,1.075,3
2,33,1,mle,1.0,1.0,0.05,5000,1.0,1.075,8
2,34,1,mle,1.0,1.0,0.05,5000,1.0,1.075,3
2,35,1,mle,1.0,1.0,0.05,5000,1.0,1.075,4
2,36,1,mle,1.0,1.0,0.05,5000,1.0,1.075,3
2,37,1,mle,1.0,1.0,0.05,5000,1.0,1.075,6
2,38,1,mle,1.0,1.0,0.05,5000,1.0,1.075,11
2,39,1,mle,1.0,1.0,0.05,5000,1.0,1.075,3
2,40,1,mle,1.0,1.0,0.05,5000,1.0,1.075,3
2,41,1,mle,1.0,1.0,0.05,5000,1.0,1.075,3
2,42,1,mle,1.0,1.0,0.05,5000,1.0,1.075,5
2,43,1,mle,1.0,1.0,0.05,5000,1.0,1.075,8
2,44,1,mle,1.0,1.0,0.05,5000,1.0,1.075,3
2,45,1,mle,1.0,1.0,0.05,5000,1.0,1.075,5
2,46,1,mle,1.0,1.0,0.05,5000,1.0,1.075,5
2,47,1,mle,1.0,1.0,0.05,5000,1.0,1.075,5
2,48,1,mle,1.0,1.0,0.05,5000,1.0,1.075,3
2,49,1,mle,1.0,1.0,0.05,5000,1.0,1.075,12
2,50,1,mle,1.0,1.0,0.05,5000,1.0,1.075,3
2,51,1,mle,1.0,1.0,0.05,5000,1.0,1.075,3
2,52,1,mle,1.0,1.0,0.05,5000,1.0,1.075,3
2,53,1,mle,1.0,1.0,0.05,5000,1.0,1.075,3
2,54,1,mle,1.0,1.0,0.05,5000,1.0,1.075,3
2,55,1,mle,1.0,1.0,0.05,5000,1.0,1.075,3
2,56,1,mle,1.0,1.0,0.05,5000,1.0,1.075,5
2,57,1,mle,1.0,1.0,0.05,5000,1.0,1.075,5
2,58,1,mle,1.0,1.0,0.05,5000,1.0,1.075,3
2,59,1,mle,1.0,1.0,0.05,5000,1.0,1.075,3
2,60,1,mle,1.0,1.0,0.05,5000,1.0,1.075,3
2,61,1,mle,1.0,1.0,0.05,5000,1.0,1.075,3
2,62,1,mle,1.0,1.0,0.05,5000,1.0,1.075,4
2,63,1,mle,1.0,1.0,0.05,5000,1.0,1.075,5
2,64,1,mle,1.0,1.0,0.05,5000,1.0,1.075,3
2,65,1,mle,1.0,1.0,0.05,5000,1.0,1.075,3
2,66,1,mle,1.0,1.0,0.05,5000,1.0,1.075,3
2,67,1,mle,1.0,1.0,0.05,5000,1.0,1.075,5
2,68,1,mle,1.0,1.0,0.05,5000,1.0,1.075,12
2,69,1,mle,1.0,1.0,0.05,5000,1.0,1.075,3
2,70,1,mle,1.0,1.0,0.05,5000,1.0,1.075,3
2,71,1,mle,1.0,1.0,0.05,5000,1.0,1.075,11
2,72,1,mle,1.0,1.0,0.05,5000,1.0,1.075,3
2,73,1,mle,1.0,1.0,0.05,5000,1.0,1.075,1
2,74,1,mle,1.0,1.0,0.05,5000,1.0,1.075,3
2,75,1,mle,1.0,1.0,0.05,5000,1.0,1.075,3
2,76,1,mle,1.0,1.0,0.05,5000,1.0,1.075,3
2,77,1,mle,1.0,1.0,0.05,5000,1.0,1.075,3
2,78,1,mle,1.0,1.0,0.05,5000,1.0,1.075,5
2,79,1,mle,1.0,1.0,0.05,5000,1.0,1.075,19
2,80,1,mle,1.0,1.0,0.05,5000,1.0,1.075,3
2,81,1,mle,1.0,1.0,0.05,5000,1.0,1.075,1
2,82,1,mle,1.0,1.0,0.05,5000,1.0,1.075,3
2,83,1,mle,1.0,1.0,0.05,5000,1.0,1.075,11
2,84,1,mle,1.0,1.0,0.05,5000,1.0,1.075,5
2,85,1,mle,1.0,1.0,0.05,5000,1.0,1.075,11
2,86,1,mle,1.0,1.0,0.05,5000,1.0,1.075,21
2,87,1,mle,1.0,1.0,0.05,5000,1.0,1.075,3
2,88,1,mle,1.0,1.0,0.05,5000,1.0,1.075,3
2,89,1,mle,1.0,1.0,0.05,5000,1.0,1.075,3
2,90,1,mle,1.0,1.0,0.05,5000,1.0,1.075,3
2,91,1,mle,1.0,1.0,0.05,5000,1.0,1.075,3
2,92,1,mle,1.0,1.0,0.05,5000,1.0,1.075,1
2,93,1,mle,1.0,1.0,0.05,5000,1.0,1.075,10
2,94,1,mle,1.0,1.0,0.05,5000,1.0,1.075,3
2,95,1,mle,1.0,1.0,0.05,5000,1.0,1.075,7
2,96,1,mle,1.0,1.0,0.05,5000,1.0,1.075,3
2,97,1,mle,1.0,1.0,0.05,5000,1.0,1.075,8
2,98,1,mle,1.0,1.0,0.05,5000,1.0,1.075,21
2,99,1,mle,1.0,1.0,0.05,5000,1.0,1.075,3
2,100,1,mle,1.0,1.0,0.05,5000,1.0,1.075,7
2,101,1,mle,1.0,1.0,0.05,5000,1.0,1.075,3
2,102,1,mle,1.0,1.0,0.05,5000,1.0,1.075,8
2,103,1,mle,1.0,1.0,0.05,5000,1.0,1.075,5
2,104,1,mle,1.0,1.0,0.05,5000,1.0,1.075,3
2,105,1,mle,1.0,1.0,0.05,5000,1.0,1.075,5
2,106,1,mle,1.0,1.0,0.05,5000,1.0,1.075,6
2,107,1,mle,1.0,1.0,0.05,5000,1.0,1.075,1
2,108,1,mle,1.0,1.0,0.05,5000,1.0,1.075,8
2,109,1,mle,1.0,1.0,0.05,5000,1.0,1.075,5
2,110,1,mle,1.0,1.0,0.05,5000,1.0,1.075,5
2,111,1,mle,1.0,1.0,0.05,5000,1.0,1.075,10
2,112,1,mle,1.0,1.0,0.05,5000,1.0,1.075,3
2,113,1,mle,1.0,1.0,0.05,5000,1.0,1.075,3
2,114,1,mle,1.0,1.0,0.05,5000,1.0,1.075,3
2,115,1,mle,1.0,1.0,0.05,5000,1.0,1.075,3
2,116,1,mle,1.0,1.0,0.05,5000,1.0,1.075,5
2,117,1,mle,1.0,1.0,0.05,5000,1.0,1.075,3
2,118,1,mle,1.0,1.0,0.05,5000,1.0,1.075,22
2,119,1,mle,1.0,1.0,0.05,5000,1.0,1.075,3
2,120,1,mle,1.0,1.0,0.05,5000,1.0,1.075,6
2,121,1,mle,1.0,1.0,0.05,5000,1.0,1.075,3
2,122,1,mle,1.0,1.0,0.05,5000,1.0,1.075,3
2,123,1,mle,1.0,1.0,0.05,5000,1.0,1.075,5
2,124,1,mle,1.0,1.0,0.05,5000,1.0,1.075,4
2,125,1,mle,1.0,1.0,0.05,5000,1.0,1.075,3
2,126,1,mle,1.0,1.0,0.05,5000,1.0,1.075,5
2,127,1,mle,1.0,1.0,0.05,5000,1.0,1.075,5
2,128,1,mle,1.0,1.0,0.05,5000,1.0,1.075,3
2,129,1,mle,1.0,1.0,0.05,5000,1.0,1.075,3
2,130,1,mle,1.0,1.0,0.05,5000,1.0,1.075,3
2,131,1,mle,1.0,1.0,0.05,5000,1.0,1.075,3
2,132,1,mle,1.0,1.0,0.05,5000,1.0,1.075,3
2,133,1,mle,1.0,1.0,0.05,5000,1.0,1.075,3
2,134,1,mle,1.0,1.0,0.05,5000,1.0,1.075,3
2,135,1,mle,1.0,1.0,0.05,5000,1.0,1.075,10
2,136,1,mle,1.0,1.0,0.05,5000,1.0,1.075,3
2,137,1,mle,1.0,1.0,0.05,5000,1.0,1.075,5
2,138,1,mle,1.0,1.0,0.05,5000,1.0,1.075,10
2,139,1,mle,1.0,1.0,0.05,5000,1.0,1.075,3
2,140,1,mle,1.0,1.0,0.05,5000,1.0,1.075,3
2,141,1,mle,1.0,1.0,0.05,5000,1.0,1.075,3
2,142,1,mle,1.0,1.0,0.05,5000,1.0,1.075,3
2,143,1,mle,1.0,1.0,0.05,5000,1.0,1.075,4
2,144,1,mle,1.0,1.0,0.05,5000,1.0,1.075,50
2,145,1,mle,1.0,1.0,0.05,5000,1.0,1.075,1
2,146,1,mle,1.0,1.0,0.05,5000,1.0,1.075,3
2,147,1,mle,1.0,1.0,0.05,5000,1.0,1.075,3
2,148,1,mle,1.0,1.0,0.05,5000,1.0,1.075,5
2,149,1,mle,1.0,1.0,0.05,5000,1.0,1.075,5
2,150,1,mle,1.0,1.0,0.05,5000,1.0,1.075,3
2,151,1,mle,1.0,1.0,0.05,5000,1.0,1.075,5
2,152,1,mle,1.0,1.0,0.05,5000,1.0,1.075,3
2,153,1,mle,1.0,1.0,0.05,5000,1.0,1.075,6
2,154,1,mle,1.0,1.0,0.05,5000,1.0,1.075,5
2,155,1,mle,1.0,1.0,0.05,5000,1.0,1.075,5
2,156,1,mle,1.0,1.0,0.05,5000,1.0,1.075,5
2,157,1,mle,1.0,1.0,0.05,5000,1.0,1.075,3
2,158,1,mle,1.0,1.0,0.05,5000,1.0,1.075,3
2,159,1,mle,1.0,1.0,0.05,5000,1.0,1.075,7
2,160,1,mle,1.0,1.0,0.05,5000,1.0,1.075,5
2,161,1,mle,1.0,1.0,0.05,5000,1.0,1.075,3
2,162,1,mle,1.0,1.0,0.05,5000,1.0,1.075,5
2,163,1,mle,1.0,1.0,0.05,5000,1.0,1.075,1
2,164,1,mle,1.0,1.0,0.05,5000,1.0,1.075,3
2,165,1,mle,1.0,1.0,0.05,5000,1.0,1.075,3
2,166,1,mle,1.0,1.0,0.05,5000,1.0,1.075,3
2,167,1,mle,1.0,1.0,0.05,5000,1.0,1.075,3
2,168,1,mle,1.0,1.0,0.05,5000,1.0,1.075,3
2,169,1,mle,1.0,1.0,0.05,5000,1.0,1.075,3
2,170,1,mle,1.0,1.0,0.05,5000,1.0,1.075,6
2,171,1,mle,1.0,1.0,0.05,5000,1.0,1.075,1
2,172,1,mle,1.0,1.0,0.05,5000,1.0,1.075,6
2,173,1,mle,1.0,1.0,0.05,5000,1.0,1.075,5
2,174,1,mle,1.0,1.0,0.05,5000,1.0,1.075,3
2,175,1,mle,1.0,1.0,0.05,5000,1.0,1.075,5
2,176,1,mle,1.0,1.0,0.05,5000,1.0,1.075,6
2,177,1,mle,1.0,1.0,0.05,5000,1.0,1.075,8
2,178,1,mle,1.0,1.0,0.05,5000,1.0,1.075,3
2,179,1,mle,1.0,1.0,0.05,5000,1.0,1.075,8
2,180,1,mle,1.0,1.0,0.05,5000,1.0,1.075,3
2,181,1,mle,1.0,1.0,0.05,5000,1.0,1.075,3
2,182,1,mle,1.0,1.0,0.05,5000,1.0,1.075,3
2,183,1,mle,1.0,1.0,0.05,5000,1.0,1.075,8
2,184,1,mle,1.0,1.0,0.05,5000,1.0,1.075,3
2,185,1,mle,1.0,1.0,0.05,5000,1.0,1.075,5
2,186,1,mle,1.0,1.0,0.05,5000,1.0,1.075,12
2,187,1,mle,1.0,1.0,0.05,5000,1.0,1.075,7
2,188,1,mle,1.0,1.0,0.05,5000,1.0,1.075,3
2,189,1,mle,1.0,1.0,0.05,5000,1.0,1.075,6
2,190,1,mle,1.0,1.0,0.05,5000,1.0,1.075,5
2,191,1,mle,1.0,1.0,0.05,5000,1.0,1.075,18
2,192,1,mle,1.0,1.0,0.05,5000,1.0,1.075,3
2,193,1,mle,1.0,1.0,0.05,5000,1.0,1.075,4
2,194,1,mle,1.0,1.0,0.05,5000,1.0,1.075,7
2,195,1,mle,1.0,1.0,0.05,5000,1.0,1.075,3
2,196,1,mle,1.0,1.0,0.05,5000,1.0,1.075,3
2,197,1,mle,1.0,1.0,0.05,5000,1.0,1.075,5
2,198,1,mle,1.0,1.0,0.05,5000,1.0,1.075,19
2,199,1,mle,1.0,1.0,0.05,5000,1.0,1.075,7
2,200,1,mle,1.0,1.0,0.05,5000,1.0,1.075,3
2,1,1,mle,1.0,1.0,0.05,5000,1.0,1.1,1
2,2,1,mle,1.0,1.0,0.05,5000,1.0,1.1,3
2,3,1,mle,1.0,1.0,0.05,5000,1.0,1.1,3
2,4,1,mle,1.0,1.0,0.05,5000,1.0,1.1,3
2,5,1,mle,1.0,1.0,0.05,5000,1.0,1.1,3
2,6,1,mle,1.0,1.0,0.05,5000,1.0,1.1,3
2,7,1,mle,1.0,1.0,0.05,5000,1.0,1.1,1
2,8,1,mle,1.0,1.0,0.05,5000,1.0,1.1,3
2,9,1,mle,1.0,1.0,0.05,5000,1.0,1.1,3
2,10,1,mle,1.0,1.0,0.05,5000,1.0,1.1,5
2,11,1,mle,1.0,1.0,0.05,5000,1.0,1.1,3
2,12,1,mle,1.0,1.0,0.05,5000,1.0,1.1,5
2,13,1,mle,1.0,1.0,0.05,5000,1.0,1.1,8
2,14,1,mle,1.0,1.0,0.05,5000,1.0,1.1,3
2,15,1,mle,1.0,1.0,0.05,5000,1.0,1.1,3
2,16,1,mle,1.0,1.0,0.05,5000,1.0,1.1,10
2,17,1,mle,1.0,1.0,0.05,5000,1.0,1.1,15
2,18,1,mle,1.0,1.0,0.05,5000,1.0,1.1,3
2,19,1,mle,1.0,1.0,0.05,5000,1.0,1.1,3
2,20,1,mle,1.0,1.0,0.05,5000,1.0,1.1,3
2,21,1,mle,1.0,1.0,0.05,5000,1.0,1.1,6
2,22,1,mle,1.0,1.0,0.05,5000,1.0,1.1,3
2,23,1,mle,1.0,1.0,0.05,5000,1.0,1.1,3
2,24,1,mle,1.0,1.0,0.05,5000,1.0,1.1,5
2,25,1,mle,1.0,1.0,0.05,5000,1.0,1.1,9
2,26,1,mle,1.0,1.0,0.05,5000,1.0,1.1,5
2,27,1,mle,1.0,1.0,0.05,5000,1.0,1.1,5
2,28,1,mle,1.0,1.0,0.05,5000,1.0,1.1,5
2,29,1,mle,1.0,1.0,0.05,5000,1.0,1.1,3
2,30,1,mle,1.0,1.0,0.05,5000,1.0,1.1,3
2,31,1,mle,1.0,1.0,0.05,5000,1.0,1.1,3
2,32,1,mle,1.0,1.0,0.05,5000,1.0,1.1,8
2,33,1,mle,1.0,1.0,0.05,5000,1.0,1.1,3
2,34,1,mle,1.0,1.0,0.05,5000,1.0,1.1,9
2,35,1,mle,1.0,1.0,0.05,5000,1.0,1.1,4
2,36,1,mle,1.0,1.0,0.05,5000,1.0,1.1,3
2,37,1,mle,1.0,1.0,0.05,5000,1.0,1.1,8
2,38,1,mle,1.0,1.0,0.05,5000,1.0,1.1,18
2,39,1,mle,1.0,1.0,0.05,5000,1.0,1.1,3
2,40,1,mle,1.0,1.0,0.05,5000,1.0,1.1,5
2,41,1,mle,1.0,1.0,0.05,5000,1.0,1.1,3
2,42,1,mle,1.0,1.0,0.05,5000,1.0,1.1,3
2,43,1,mle,1.0,1.0,0.05,5000,1.0,1.1,6
2,44,1,mle,1.0,1.0,0.05,5000,1.0,1.1,3
2,45,1,mle,1.0,1.0,0.05,5000,1.0,1.1,3
2,46,1,mle,1.0,1.0,0.05,5000,1.0,1.1,3
2,47,1,mle,1.0,1.0,0.05,5000,1.0,1.1,7
2,48,1,mle,1.0,1.0,0.05,5000,1.0,1.1,8
2,49,1,mle,1.0,1.0,0.05,5000,1.0,1.1,3
2,50,1,mle,1.0,1.0,0.05,5000,1.0,1.1,9
2,51,1,mle,1.0,1.0,0.05,5000,1.0,1.1,3
2,52,1,mle,1.0,1.0,0.05,5000,1.0,1.1,3
2,53,1,mle,1.0,1.0,0.05,5000,1.0,1.1,5
2,54,1,mle,1.0,1.0,0.05,5000,1.0,1.1,3
2,55,1,mle,1.0,1.0,0.05,5000,1.0,1.1,3
2,56,1,mle,1.0,1.0,0.05,5000,1.0,1.1,3
2,57,1,mle,1.0,1.0,0.05,5000,1.0,1.1,3
2,58,1,mle,1.0,1.0,0.05,5000,1.0,1.1,3
2,59,1,mle,1.0,1.0,0.05,5000,1.0,1.1,17
2,60,1,mle,1.0,1.0,0.05,5000,1.0,1.1,3
2,61,1,mle,1.0,1.0,0.05,5000,1.0,1.1,14
2,62,1,mle,1.0,1.0,0.05,5000,1.0,1.1,5
2,63,1,mle,1.0,1.0,0.05,5000,1.0,1.1,5
2,64,1,mle,1.0,1.0,0.05,5000,1.0,1.1,11
2,65,1,mle,1.0,1.0,0.05,5000,1.0,1.1,3
2,66,1,mle,1.0,1.0,0.05,5000,1.0,1.1,3
2,67,1,mle,1.0,1.0,0.05,5000,1.0,1.1,3
2,68,1,mle,1.0,1.0,0.05,5000,1.0,1.1,3
2,69,1,mle,1.0,1.0,0.05,5000,1.0,1.1,8
2,70,1,mle,1.0,1.0,0.05,5000,1.0,1.1,8
2,71,1,mle,1.0,1.0,0.05,5000,1.0,1.1,3
2,72,1,mle,1.0,1.0,0.05,5000,1.0,1.1,3
2,73,1,mle,1.0,1.0,0.05,5000,1.0,1.1,1
2,74,1,mle,1.0,1.0,0.05,5000,1.0,1.1,9
2,75,1,mle,1.0,1.0,0.05,5000,1.0,1.1,3
2,76,1,mle,1.0,1.0,0.05,5000,1.0,1.1,6
2,77,1,mle,1.0,1.0,0.05,5000,1.0,1.1,8
2,78,1,mle,1.0,1.0,0.05,5000,1.0,1.1,25
2,79,1,mle,1.0,1.0,0.05,5000,1.0,1.1,8
2,80,1,mle,1.0,1.0,0.05,5000,1.0,1.1,8
2,81,1,mle,1.0,1.0,0.05,5000,1.0,1.1,1
2,82,1,mle,1.0,1.0,0.05,5000,1.0,1.1,3
2,83,1,mle,1.0,1.0,0.05,5000,1.0,1.1,5
2,84,1,mle,1.0,1.0,0.05,5000,1.0,1.1,6
2,85,1,mle,1.0,1.0,0.05,5000,1.0,1.1,3
2,86,1,mle,1.0,1.0,0.05,5000,1.0,1.1,7
2,87,1,mle,1.0,1.0,0.05,5000,1.0,1.1,5
2,88,1,mle,1.0,1.0,0.05,5000,1.0,1.1,5
2,89,1,mle,1.0,1.0,0.05,5000,1.0,1.1,3
2,90,1,mle,1.0,1.0,0.05,5000,1.0,1.1,3
2,91,1,mle,1.0,1.0,0.05,5000,1.0,1.1,3
2,92,1,mle,1.0,1.0,0.05,5000,1.0,1.1,1
2,93,1,mle,1.0,1.0,0.05,5000,1.0,1.1,8
2,94,1,mle,1.0,1.0,0.05,5000,1.0,1.1,7
2,95,1,mle,1.0,1.0,0.05,5000,1.0,1.1,3
2,96,1,mle,1.0,1.0,0.05,5000,1.0,1.1,3
2,97,1,mle,1.0,1.0,0.05,5000,1.0,1.1,3
2,98,1,mle,1.0,1.0,0.05,5000,1.0,1.1,16
2,99,1,mle,1.0,1.0,0.05,5000,1.0,1.1,3
2,100,1,mle,1.0,1.0,0.05,5000,1.0,1.1,5
2,101,1,mle,1.0,1.0,0.05,5000,1.0,1.1,3
2,102,1,mle,1.0,1.0,0.05,5000,1.0,1.1,3
2,103,1,mle,1.0,1.0,0.05,5000,1.0,1.1,3
2,104,1,mle,1.0,1.0,0.05,5000,1.0,1.1,3
2,105,1,mle,1.0,1.0,0.05,5000,1.0,1.1,6
2,106,1,mle,1.0,1.0,0.05,5000,1.0,1.1,3
2,107,1,mle,1.0,1.0,0.05,5000,1.0,1.1,1
2,108,1,mle,1.0,1.0,0.05,5000,1.0,1.1,4
2,109,1,mle,1.0,1.0,0.05,5000,1.0,1.1,8
2,110,1,mle,1.0,1.0,0.05,5000,1.0,1.1,10
2,111,1,mle,1.0,1.0,0.05,5000,1.0,1.1,15
2,112,1,mle,1.0,1.0,0.05,5000,1.0,1.1,3
2,113,1,mle,1.0,1.0,0.05,5000,1.0,1.1,3
2,114,1,mle,1.0,1.0,0.05,5000,1.0,1.1,3
2,115,1,mle,1.0,1.0,0.05,5000,1.0,1.1,6
2,116,1,mle,1.0,1.0,0.05,5000,1.0,1.1,3
2,117,1,mle,1.0,1.0,0.05,5000,1.0,1.1,3
2,118,1,mle,1.0,1.0,0.05,5000,1.0,1.1,5
2,119,1,mle,1.0,1.0,0.05,5000,1.0,1.1,3
2,120,1,mle,1.0,1.0,0.05,5000,1.0,1.1,3
2,121,1,mle,1.0,1.0,0.05,5000,1.0,1.1,3
2,122,1,mle,1.0,1.0,0.05,5000,1.0,1.1,3
2,123,1,mle,1.0,1.0,0.05,5000,1.0,1.1,3
2,124,1,mle,1.0,1.0,0.05,5000,1.0,1.1,4
2,125,1,mle,1.0,1.0,0.05,5000,1.0,1.1,9
2,126,1,mle,1.0,1.0,0.05,5000,1.0,1.1,6
2,127,1,mle,1.0,1.0,0.05,5000,1.0,1.1,3
2,128,1,mle,1.0,1.0,0.05,5000,1.0,1.1,3
2,129,1,mle,1.0,1.0,0.05,5000,1.0,1.1,3
2,130,1,mle,1.0,1.0,0.05,5000,1.0,1.1,3
2,131,1,mle,1.0,1.0,0.05,5000,1.0,1.1,3
2,132,1,mle,1.0,1.0,0.05,5000,1.0,1.1,5
2,133,1,mle,1.0,1.0,0.05,5000,1.0,1.1,3
2,134,1,mle,1.0,1.0,0.05,5000,1.0,1.1,3
2,135,1,mle,1.0,1.0,0.05,5000,1.0,1.1,9
2,136,1,mle,1.0,1.0,0.05,5000,1.0,1.1,3
2,137,1,mle,1.0,1.0,0.05,5000,1.0,1.1,3
2,138,1,mle,1.0,1.0,0.05,5000,1.0,1.1,3
2,139,1,mle,1.0,1.0,0.05,5000,1.0,1.1,5
2,140,1,mle,1.0,1.0,0.05,5000,1.0,1.1,6
2,141,1,mle,1.0,1.0,0.05,5000,1.0,1.1,5
2,142,1,mle,1.0,1.0,0.05,5000,1.0,1.1,5
2,143,1,mle,1.0,1.0,0.05,5000,1.0,1.1,5
2,144,1,mle,1.0,1.0,0.05,5000,1.0,1.1,5
2,145,1,mle,1.0,1.0,0.05,5000,1.0,1.1,1
2,146,1,mle,1.0,1.0,0.05,5000,1.0,1.1,3
2,147,1,mle,1.0,1.0,0.05,5000,1.0,1.1,7
2,148,1,mle,1.0,1.0,0.05,5000,1.0,1.1,3
2,149,1,mle,1.0,1.0,0.05,5000,1.0,1.1,3
2,150,1,mle,1.0,1.0,0.05,5000,1.0,1.1,19
2,151,1,mle,1.0,1.0,0.05,5000,1.0,1.1,6
2,152,1,mle,1.0,1.0,0.05,5000,1.0,1.1,7
2,153,1,mle,1.0,1.0,0.05,5000,1.0,1.1,9
2,154,1,mle,1.0,1.0,0.05,5000,1.0,1.1,3
2,155,1,mle,1.0,1.0,0.05,5000,1.0,1.1,3
2,156,1,mle,1.0,1.0,0.05,5000,1.0,1.1,3
2,157,1,mle,1.0,1.0,0.05,5000,1.0,1.1,5
2,158,1,mle,1.0,1.0,0.05,5000,1.0,1.1,5
2,159,1,mle,1.0,1.0,0.05,5000,1.0,1.1,11
2,160,1,mle,1.0,1.0,0.05,5000,1.0,1.1,5
2,161,1,mle,1.0,1.0,0.05,5000,1.0,1.1,3
2,162,1,mle,1.0,1.0,0.05,5000,1.0,1.1,11
2,163,1,mle,1.0,1.0,0.05,5000,1.0,1.1,1
2,164,1,mle,1.0,1.0,0.05,5000,1.0,1.1,8
2,165,1,mle,1.0,1.0,0.05,5000,1.0,1.1,3
2,166,1,mle,1.0,1.0,0.05,5000,1.0,1.1,12
2,167,1,mle,1.0,1.0,0.05,5000,1.0,1.1,5
2,168,1,mle,1.0,1.0,0.05,5000,1.0,1.1,3
2,169,1,mle,1.0,1.0,0.05,5000,1.0,1.1,8
2,170,1,mle,1.0,1.0,0.05,5000,1.0,1.1,11
2,171,1,mle,1.0,1.0,0.05,5000,1.0,1.1,1
2,172,1,mle,1.0,1.0,0.05,5000,1.0,1.1,3
2,173,1,mle,1.0,1.0,0.05,5000,1.0,1.1,3
2,174,1,mle,1.0,1.0,0.05,5000,1.0,1.1,3
2,175,1,mle,1.0,1.0,0.05,5000,1.0,1.1,3
2,176,1,mle,1.0,1.0,0.05,5000,1.0,1.1,3
2,177,1,mle,1.0,1.0,0.05,5000,1.0,1.1,3
2,178,1,mle,1.0,1.0,0.05,5000,1.0,1.1,8
2,179,1,mle,1.0,1.0,0.05,5000,1.0,1.1,5
2,180,1,mle,1.0,1.0,0.05,5000,1.0,1.1,8
2,181,1,mle,1.0,1.0,0.05,5000,1.0,1.1,7
2,182,1,mle,1.0,1.0,0.05,5000,1.0,1.1,3
2,183,1,mle,1.0,1.0,0.05,5000,1.0,1.1,3
2,184,1,mle,1.0,1.0,0.05,5000,1.0,1.1,6
2,185,1,mle,1.0,1.0,0.05,5000,1.0,1.1,3
2,186,1,mle,1.0,1.0,0.05,5000,1.0,1.1,3
2,187,1,mle,1.0,1.0,0.05,5000,1.0,1.1,3
2,188,1,mle,1.0,1.0,0.05,5000,1.0,1.1,3
2,189,1,mle,1.0,1.0,0.05,5000,1.0,1.1,11
2,190,1,mle,1.0,1.0,0.05,5000,1.0,1.1,3
2,191,1,mle,1.0,1.0,0.05,5000,1.0,1.1,4
2,192,1,mle,1.0,1.0,0.05,5000,1.0,1.1,3
2,193,1,mle,1.0,1.0,0.05,5000,1.0,1.1,5
2,194,1,mle,1.0,1.0,0.05,5000,1.0,1.1,3
2,195,1,mle,1.0,1.0,0.05,5000,1.0,1.1,8
2,196,1,mle,1.0,1.0,0.05,5000,1.0,1.1,3
2,197,1,mle,1.0,1.0,0.05,5000,1.0,1.1,4
2,198,1,mle,1.0,1.0,0.05,5000,1.0,1.1,3
2,199,1,mle,1.0,1.0,0.05,5000,1.0,1.1,4
2,200,1,mle,1.0,1.0,0.05,5000,1.0,1.1,7
3,1,1,mle,1.0,1.0,0.05,5000,1.0,1.0,15
3,2,1,mle,1.0,1.0,0.05,5000,1.0,1.0,7
3,3,1,mle,1.0,1.0,0.05,5000,1.0,1.0,7
3,4,1,mle,1.0,1.0,0.05,5000,1.0,1.0,4
3,5,1,mle,1.0,1.0,0.05,5000,1.0,1.0,4
3,6,1,mle,1.0,1.0,0.05,5000,1.0,1.0,43
3,7,1,mle,1.0,1.0,0.05,5000,1.0,1.0,19
3,8,1,mle,1.0,1.0,0.05,5000,1.0,1.0,4
3,9,1,mle,1.0,1.0,0.05,5000,1.0,1.0,8
3,10,1,mle,1.0,1.0,0.05,5000,1.0,1.0,10
3,11,1,mle,1.0,1.0,0.05,5000,1.0,1.0,8
3,12,1,mle,1.0,1.0,0.05,5000,1.0,1.0,11
3,13,1,mle,1.0,1.0,0.05,5000,1.0,1.0,4
3,14,1,mle,1.0,1.0,0.05,5000,1.0,1.0,44
3,15,1,mle,1.0,1.0,0.05,5000,1.0,1.0,9
3,16,1,mle,1.0,1.0,0.05,5000,1.0,1.0,14
3,17,1,mle,1.0,1.0,0.05,5000,1.0,1.0,11
3,18,1,mle,1.0,1.0,0.05,5000,1.0,1.0,7
3,19,1,mle,1.0,1.0,0.05,5000,1.0,1.0,32
3,20,1,mle,1.0,1.0,0.05,5000,1.0,1.0,50
3,21,1,mle,1.0,1.0,0.05,5000,1.0,1.0,15
3,22,1,mle,1.0,1.0,0.05,5000,1.0,1.0,30
3,23,1,mle,1.0,1.0,0.05,5000,1.0,1.0,4
3,24,1,mle,1.0,1.0,0.05,5000,1.0,1.0,24
3,25,1,mle,1.0,1.0,0.05,5000,1.0,1.0,7
3,26,1,mle,1.0,1.0,0.05,5000,1.0,1.0,17
3,27,1,mle,1.0,1.0,0.05,5000,1.0,1.0,134
3,28,1,mle,1.0,1.0,0.05,5000,1.0,1.0,17
3,29,1,mle,1.0,1.0,0.05,5000,1.0,1.0,4
3,30,1,mle,1.0,1.0,0.05,5000,1.0,1.0,187
3,31,1,mle,1.0,1.0,0.05,5000,1.0,1.0,17
3,32,1,mle,1.0,1.0,0.05,5000,1.0,1.0,26
3,33,1,mle,1.0,1.0,0.05,5000,1.0,1.0,13
3,34,1,mle,1.0,1.0,0.05,5000,1.0,1.0,19
3,35,1,mle,1.0,1.0,0.05,5000,1.0,1.0,16
3,36,1,mle,1.0,1.0,0.05,5000,1.0,1.0,6
3,37,1,mle,1.0,1.0,0.05,5000,1.0,1.0,10
3,38,1,mle,1.0,1.0,0.05,5000,1.0,1.0,9
3,39,1,mle,1.0,1.0,0.05,5000,1.0,1.0,17
3,40,1,mle,1.0,1.0,0.05,5000,1.0,1.0,5
3,41,1,mle,1.0,1.0,0.05,5000,1.0,1.0,5
3,42,1,mle,1.0,1.0,0.05,5000,1.0,1.0,14
3,43,1,mle,1.0,1.0,0.05,5000,1.0,1.0,7
3,44,1,mle,1.0,1.0,0.05,5000,1.0,1.0,27
3,45,1,mle,1.0,1.0,0.05,5000,1.0,1.0,4
3,46,1,mle,1.0,1.0,0.05,5000,1.0,1.0,26
3,47,1,mle,1.0,1.0,0.05,5000,1.0,1.0,46
3,48,1,mle,1.0,1.0,0.05,5000,1.0,1.0,217
3,49,1,mle,1.0,1.0,0.05,5000,1.0,1.0,70
3,50,1,mle,1.0,1.0,0.05,5000,1.0,1.0,11
3,51,1,mle,1.0,1.0,0.05,5000,1.0,1.0,9
3,52,1,mle,1.0,1.0,0.05,5000,1.0,1.0,4
3,53,1,mle,1.0,1.0,0.05,5000,1.0,1.0,5
3,54,1,mle,1.0,1.0,0.05,5000,1.0,1.0,182
3,55,1,mle,1.0,1.0,0.05,5000,1.0,1.0,10
3,56,1,mle,1.0,1.0,0.05,5000,1.0,1.0,12
3,57,1,mle,1.0,1.0,0.05,5000,1.0,1.0,28
3,58,1,mle,1.0,1.0,0.05,5000,1.0,1.0,13
3,59,1,mle,1.0,1.0,0.05,5000,1.0,1.0,16
3,60,1,mle,1.0,1.0,0.05,5000,1.0,1.0,56
3,61,1,mle,1.0,1.0,0.05,5000,1.0,1.0,21
3,62,1,mle,1.0,1.0,0.05,5000,1.0,1.0,6
3,63,1,mle,1.0,1.0,0.05,5000,1.0,1.0,11
3,64,1,mle,1.0,1.0,0.05,5000,1.0,1.0,6
3,65,1,mle,1.0,1.0,0.05,5000,1.0,1.0,7
3,66,1,mle,1.0,1.0,0.05,5000,1.0,1.0,6
3,67,1,mle,1.0,1.0,0.05,5000,1.0,1.0,5
3,68,1,mle,1.0,1.0,0.05,5000,1.0,1.0,8
3,69,1,mle,1.0,1.0,0.05,5000,1.0,1.0,4
3,70,1,mle,1.0,1.0,0.05,5000,1.0,1.0,8
3,71,1,mle,1.0,1.0,0.05,5000,1.0,1.0,6
3,72,1,mle,1.0,1.0,0.05,5000,1.0,1.0,5
3,73,1,mle,1.0,1.0,0.05,5000,1.0,1.0,7
3,74,1,mle,1.0,1.0,0.05,5000,1.0,1.0,10
3,75,1,mle,1.0,1.0,0.05,5000,1.0,1.0,24
3,76,1,mle,1.0,1.0,0.05,5000,1.0,1.0,17
3,77,1,mle,1.0,1.0,0.05,5000,1.0,1.0,5
3,78,1,mle,1.0,1.0,0.05,5000,1.0,1.0,22
3,79,1,mle,1.0,1.0,0.05,5000,1.0,1.0,5
3,80,1,mle,1.0,1.0,0.05,5000,1.0,1.0,38
3,81,1,mle,1.0,1.0,0.05,5000,1.0,1.0,13
3,82,1,mle,1.0,1.0,0.05,5000,1.0,1.0,8
3,83,1,mle,1.0,1.0,0.05,5000,1.0,1.0,12
3,84,1,mle,1.0,1.0,0.05,5000,1.0,1.0,19
3,85,1,mle,1.0,1.0,0.05,5000,1.0,1.0,76
3,86,1,mle,1.0,1.0,0.05,5000,1.0,1.0,6
3,87,1,mle,1.0,1.0,0.05,5000,1.0,1.0,9
3,88,1,mle,1.0,1.0,0.05,5000,1.0,1.0,9
3,89,1,mle,1.0,1.0,0.05,5000,1.0,1.0,6
3,90,1,mle,1.0,1.0,0.05,5000,1.0,1.0,67
3,91,1,mle,1.0,1.0,0.05,5000,1.0,1.0,21
3,92,1,mle,1.0,1.0,0.05,5000,1.0,1.0,9
3,93,1,mle,1.0,1.0,0.05,5000,1.0,1.0,23
3,94,1,mle,1.0,1.0,0.05,5000,1.0,1.0,63
3,95,1,mle,1.0,1.0,0.05,5000,1.0,1.0,41
3,96,1,mle,1.0,1.0,0.05,5000,1.0,1.0,4
3,97,1,mle,1.0,1.0,0.05,5000,1.0,1.0,22
3,98,1,mle,1.0,1.0,0.05,5000,1.0,1.0,6
3,99,1,mle,1.0,1.0,0.05,5000,1.0,1.0,6
3,100,1,mle,1.0,1.0,0.05,5000,1.0,1.0,50
3,101,1,mle,1.0,1.0,0.05,5000,1.0,1.0,20
3,102,1,mle,1.0,1.0,0.05,5000,1.0,1.0,8
3,103,1,mle,1.0,1.0,0.05,5000,1.0,1.0,62
3,104,1,mle,1.0,1.0,0.05,5000,1.0,1.0,64
3,105,1,mle,1.0,1.0,0.05,5000,1.0,1.0,8
3,106,1,mle,1.0,1.0,0.05,5000,1.0,1.0,62
3,107,1,mle,1.0,1.0,0.05,5000,1.0,1.0,38
3,108,1,mle,1.0,1.0,0.05,5000,1.0,1.0,9
3,109,1,mle,1.0,1.0,0.05,5000,1.0,1.0,12
3,110,1,mle,1.0,1.0,0.05,5000,1.0,1.0,38
3,111,1,mle,1.0,1.0,0.05,5000,1.0,1.0,16
3,112,1,mle,1.0,1.0,0.05,5000,1.0,1.0,22
3,113,1,mle,1.0,1.0,0.05,5000,1.0,1.0,102
3,114,1,mle,1.0,1.0,0.05,5000,1.0,1.0,26
3,115,1,mle,1.0,1.0,0.05,5000,1.0,1.0,11
3,116,1,mle,1.0,1.0,0.05,5000,1.0,1.0,12
3,117,1,mle,1.0,1.0,0.05,5000,1.0,1.0,20
3,118,1,mle,1.0,1.0,0.05,5000,1.0,1.0,13
3,119,1,mle,1.0,1.0,0.05,5000,1.0,1.0,8
3,120,1,mle,1.0,1.0,0.05,5000,1.0,1.0,11
3,121,1,mle,1.0,1.0,0.05,5000,1.0,1.0,12
3,122,1,mle,1.0,1.0,0.05,5000,1.0,1.0,43
3,123,1,mle,1.0,1.0,0.05,5000,1.0,1.0,11
3,124,1,mle,1.0,1.0,0.05,5000,1.0,1.0,6
3,125,1,mle,1.0,1.0,0.05,5000,1.0,1.0,5
3,126,1,mle,1.0,1.0,0.05,5000,1.0,1.0,9
3,127,1,mle,1.0,1.0,0.05,5000,1.0,1.0,25
3,128,1,mle,1.0,1.0,0.05,5000,1.0,1.0,23
3,129,1,mle,1.0,1.0,0.05,5000,1.0,1.0,6
3,130,1,mle,1.0,1.0,0.05,5000,1.0,1.0,7
3,131,1,mle,1.0,1.0,0.05,5000,1.0,1.0,4
3,132,1,mle,1.0,1.0,0.05,5000,1.0,1.0,93
3,133,1,mle,1.0,1.0,0.05,5000,1.0,1.0,33
3,134,1,mle,1.0,1.0,0.05,5000,1.0,1.0,21
3,135,1,mle,1.0,1.0,0.05,5000,1.0,1.0,37
3,136,1,mle,1.0,1.0,0.05,5000,1.0,1.0,4
3,137,1,mle,1.0,1.0,0.05,5000,1.0,1.0,9
3,138,1,mle,1.0,1.0,0.05,5000,1.0,1.0,113
3,139,1,mle,1.0,1.0,0.05,5000,1.0,1.0,76
3,140,1,mle,1.0,1.0,0.05,5000,1.0,1.0,31
3,141,1,mle,1.0,1.0,0.05,5000,1.0,1.0,29
3,142,1,mle,1.0,1.0,0.05,5000,1.0,1.0,23
3,143,1,mle,1.0,1.0,0.05,5000,1.0,1.0,114
3,144,1,mle,1.0,1.0,0.05,5000,1.0,1.0,5
3,145,1,mle,1.0,1.0,0.05,5000,1.0,1.0,14
3,146,1,mle,1.0,1.0,0.05,5000,1.0,1.0,38
3,147,1,mle,1.0,1.0,0.05,5000,1.0,1.0,5
3,148,1,mle,1.0,1.0,0.05,5000,1.0,1.0,8
3,149,1,mle,1.0,1.0,0.05,5000,1.0,1.0,182
3,150,1,mle,1.0,1.0,0.05,5000,1.0,1.0,21
3,151,1,mle,1.0,1.0,0.05,5000,1.0,1.0,5
3,152,1,mle,1.0,1.0,0.05,5000,1.0,1.0,128
3,153,1,mle,1.0,1.0,0.05,5000,1.0,1.0,9
3,154,1,mle,1.0,1.0,0.05,5000,1.0,1.0,25
3,155,1,mle,1.0,1.0,0.05,5000,1.0,1.0,8
3,156,1,mle,1.0,1.0,0.05,5000,1.0,1.0,8
3,157,1,mle,1.0,1.0,0.05,5000,1.0,1.0,10
3,158,1,mle,1.0,1.0,0.05,5000,1.0,1.0,19
3,159,1,mle,1.0,1.0,0.05,5000,1.0,1.0,4
3,160,1,mle,1.0,1.0,0.05,5000,1.0,1.0,6
3,161,1,mle,1.0,1.0,0.05,5000,1.0,1.0,10
3,162,1,mle,1.0,1.0,0.05,5000,1.0,1.0,21
3,163,1,mle,1.0,1.0,0.05,5000,1.0,1.0,1
3,164,1,mle,1.0,1.0,0.05,5000,1.0,1.0,4
3,165,1,mle,1.0,1.0,0.05,5000,1.0,1.0,83
3,166,1,mle,1.0,1.0,0.05,5000,1.0,1.0,9
3,167,1,mle,1.0,1.0,0.05,5000,1.0,1.0,75
3,168,1,mle,1.0,1.0,0.05,5000,1.0,1.0,212
3,169,1,mle,1.0,1.0,0.05,5000,1.0,1.0,22
3,170,1,mle,1.0,1.0,0.05,5000,1.0,1.0,20
3,171,1,mle,1.0,1.0,0.05,5000,1.0,1.0,7
3,172,1,mle,1.0,1.0,0.05,5000,1.0,1.0,11
3,173,1,mle,1.0,1.0,0.05,5000,1.0,1.0,29
3,174,1,mle,1.0,1.0,0.05,5000,1.0,1.0,13
3,175,1,mle,1.0,1.0,0.05,5000,1.0,1.0,20
3,176,1,mle,1.0,1.0,0.05,5000,1.0,1.0,119
3,177,1,mle,1.0,1.0,0.05,5000,1.0,1.0,47
3,178,1,mle,1.0,1.0,0.05,5000,1.0,1.0,54
3,179,1,mle,1.0,1.0,0.05,5000,1.0,1.0,64
3,180,1,mle,1.0,1.0,0.05,5000,1.0,1.0,9
3,181,1,mle,1.0,1.0,0.05,5000,1.0,1.0,6
3,182,1,mle,1.0,1.0,0.05,5000,1.0,1.0,20
3,183,1,mle,1.0,1.0,0.05,5000,1.0,1.0,126
3,184,1,mle,1.0,1.0,0.05,5000,1.0,1.0,12
3,185,1,mle,1.0,1.0,0.05,5000,1.0,1.0,9
3,186,1,mle,1.0,1.0,0.05,5000,1.0,1.0,30
3,187,1,mle,1.0,1.0,0.05,5000,1.0,1.0,4
3,188,1,mle,1.0,1.0,0.05,5000,1.0,1.0,39
3,189,1,mle,1.0,1.0,0.05,5000,1.0,1.0,159
3,190,1,mle,1.0,1.0,0.05,5000,1.0,1.0,11
3,191,1,mle,1.0,1.0,0.05,5000,1.0,1.0,12
3,192,1,mle,1.0,1.0,0.05,5000,1.0,1.0,56
3,193,1,mle,1.0,1.0,0.05,5000,1.0,1.0,12
3,194,1,mle,1.0,1.0,0.05,5000,1.0,1.0,99
3,195,1,mle,1.0,1.0,0.05,5000,1.0,1.0,82
3,196,1,mle,1.0,1.0,0.05,5000,1.0,1.0,22
3,197,1,mle,1.0,1.0,0.05,5000,1.0,1.0,10
3,198,1,mle,1.0,1.0,0.05,5000,1.0,1.0,6
3,199,1,mle,1.0,1.0,0.05,5000,1.0,1.0,8
3,200,1,mle,1.0,1.0,0.05,5000,1.0,1.0,5
3,1,1,mle,1.0,1.0,0.05,5000,1.0,1.025,5
3,2,1,mle,1.0,1.0,0.05,5000,1.0,1.025,22
3,3,1,mle,1.0,1.0,0.05,5000,1.0,1.025,67
3,4,1,mle,1.0,1.0,0.05,5000,1.0,1.025,10
3,5,1,mle,1.0,1.0,0.05,5000,1.0,1.025,17
3,6,1,mle,1.0,1.0,0.05,5000,1.0,1.025,14
3,7,1,mle,1.0,1.0,0.05,5000,1.0,1.025,23
3,8,1,mle,1.0,1.0,0.05,5000,1.0,1.025,14
3,9,1,mle,1.0,1.0,0.05,5000,1.0,1.025,7
3,10,1,mle,1.0,1.0,0.05,5000,1.0,1.025,5
3,11,1,mle,1.0,1.0,0.05,5000,1.0,1.025,16
3,12,1,mle,1.0,1.0,0.05,5000,1.0,1.025,8
3,13,1,mle,1.0,1.0,0.05,5000,1.0,1.025,5
3,14,1,mle,1.0,1.0,0.05,5000,1.0,1.025,29
3,15,1,mle,1.0,1.0,0.05,5000,1.0,1.025,144
3,16,1,mle,1.0,1.0,0.05,5000,1.0,1.025,8
3,17,1,mle,1.0,1.0,0.05,5000,1.0,1.025,26
3,18,1,mle,1.0,1.0,0.05,5000,1.0,1.025,37
3,19,1,mle,1.0,1.0,0.05,5000,1.0,1.025,46
3,20,1,mle,1.0,1.0,0.05,5000,1.0,1.025,21
3,21,1,mle,1.0,1.0,0.05,5000,1.0,1.025,23
3,22,1,mle,1.0,1.0,0.05,5000,1.0,1.025,13
3,23,1,mle,1.0,1.0,0.05,5000,1.0,1.025,16
3,24,1,mle,1.0,1.0,0.05,5000,1.0,1.025,14
3,25,1,mle,1.0,1.0,0.05,5000,1.0,1.025,4
3,26,1,mle,1.0,1.0,0.05,5000,1.0,1.025,24
3,27,1,mle,1.0,1.0,0.05,5000,1.0,1.025,31
3,28,1,mle,1.0,1.0,0.05,5000,1.0,1.025,12
3,29,1,mle,1.0,1.0,0.05,5000,1.0,1.025,5
3,30,1,mle,1.0,1.0,0.05,5000,1.0,1.025,78
3,31,1,mle,1.0,1.0,0.05,5000,1.0,1.025,11
3,32,1,mle,1.0,1.0,0.05,5000,1.0,1.025,100
3,33,1,mle,1.0,1.0,0.05,5000,1.0,1.025,14
3,34,1,mle,1.0,1.0,0.05,5000,1.0,1.025,75
3,35,1,mle,1.0,1.0,0.05,5000,1.0,1.025,88
3,36,1,mle,1.0,1.0,0.05,5000,1.0,1.025,190
3,37,1,mle,1.0,1.0,0.05,5000,1.0,1.025,8
3,38,1,mle,1.0,1.0,0.05,5000,1.0,1.025,7
3,39,1,mle,1.0,1.0,0.05,5000,1.0,1.025,4
3,40,1,mle,1.0,1.0,0.05,5000,1.0,1.025,12
3,41,1,mle,1.0,1.0,0.05,5000,1.0,1.025,6
3,42,1,mle,1.0,1.0,0.05,5000,1.0,1.025,21
3,43,1,mle,1.0,1.0,0.05,5000,1.0,1.025,5
3,44,1,mle,1.0,1.0,0.05,5000,1.0,1.025,49
3,45,1,mle,1.0,1.0,0.05,5000,1.0,1.025,37
3,46,1,mle,1.0,1.0,0.05,5000,1.0,1.025,8
3,47,1,mle,1.0,1.0,0.05,5000,1.0,1.025,23
3,48,1,mle,1.0,1.0,0.05,5000,1.0,1.025,110
3,49,1,mle,1.0,1.0,0.05,5000,1.0,1.025,42
3,50,1,mle,1.0,1.0,0.05,5000,1.0,1.025,24
3,51,1,mle,1.0,1.0,0.05,5000,1.0,1.025,7
3,52,1,mle,1.0,1.0,0.05,5000,1.0,1.025,57
3,53,1,mle,1.0,1.0,0.05,5000,1.0,1.025,22
3,54,1,mle,1.0,1.0,0.05,5000,1.0,1.025,62
3,55,1,mle,1.0,1.0,0.05,5000,1.0,1.025,45
3,56,1,mle,1.0,1.0,0.05,5000,1.0,1.025,8
3,57,1,mle,1.0,1.0,0.05,5000,1.0,1.025,33
3,58,1,mle,1.0,1.0,0.05,5000,1.0,1.025,7
3,59,1,mle,1.0,1.0,0.05,5000,1.0,1.025,21
3,60,1,mle,1.0,1.0,0.05,5000,1.0,1.025,10
3,61,1,mle,1.0,1.0,0.05,5000,1.0,1.025,6
3,62,1,mle,1.0,1.0,0.05,5000,1.0,1.025,4
3,63,1,mle,1.0,1.0,0.05,5000,1.0,1.025,6
3,64,1,mle,1.0,1.0,0.05,5000,1.0,1.025,4
3,65,1,mle,1.0,1.0,0.05,5000,1.0,1.025,6
3,66,1,mle,1.0,1.0,0.05,5000,1.0,1.025,15
3,67,1,mle,1.0,1.0,0.05,5000,1.0,1.025,9
3,68,1,mle,1.0,1.0,0.05,5000,1.0,1.025,12
3,69,1,mle,1.0,1.0,0.05,5000,1.0,1.025,7
3,70,1,mle,1.0,1.0,0.05,5000,1.0,1.025,6
3,71,1,mle,1.0,1.0,0.05,5000,1.0,1.025,9
3,72,1,mle,1.0,1.0,0.05,5000,1.0,1.025,67
3,73,1,mle,1.0,1.0,0.05,5000,1.0,1.025,44
3,74,1,mle,1.0,1.0,0.05,5000,1.0,1.025,5
3,75,1,mle,1.0,1.0,0.05,5000,1.0,1.025,34
3,76,1,mle,1.0,1.0,0.05,5000,1.0,1.025,34
3,77,1,mle,1.0,1.0,0.05,5000,1.0,1.025,4
3,78,1,mle,1.0,1.0,0.05,5000,1.0,1.025,18
3,79,1,mle,1.0,1.0,0.05,5000,1.0,1.025,15
3,80,1,mle,1.0,1.0,0.05,5000,1.0,1.025,18
3,81,1,mle,1.0,1.0,0.05,5000,1.0,1.025,12
3,82,1,mle,1.0,1.0,0.05,5000,1.0,1.025,70
3,83,1,mle,1.0,1.0,0.05,5000,1.0,1.025,11
3,84,1,mle,1.0,1.0,0.05,5000,1.0,1.025,14
3,85,1,mle,1.0,1.0,0.05,5000,1.0,1.025,5
3,86,1,mle,1.0,1.0,0.05,5000,1.0,1.025,24
3,87,1,mle,1.0,1.0,0.05,5000,1.0,1.025,8
3,88,1,mle,1.0,1.0,0.05,5000,1.0,1.025,24
3,89,1,mle,1.0,1.0,0.05,5000,1.0,1.025,10
3,90,1,mle,1.0,1.0,0.05,5000,1.0,1.025,5
3,91,1,mle,1.0,1.0,0.05,5000,1.0,1.025,7
3,92,1,mle,1.0,1.0,0.05,5000,1.0,1.025,4
3,93,1,mle,1.0,1.0,0.05,5000,1.0,1.025,12
3,94,1,mle,1.0,1.0,0.05,5000,1.0,1.025,17
3,95,1,mle,1.0,1.0,0.05,5000,1.0,1.025,138
3,96,1,mle,1.0,1.0,0.05,5000,1.0,1.025,50
3,97,1,mle,1.0,1.0,0.05,5000,1.0,1.025,7
3,98,1,mle,1.0,1.0,0.05,5000,1.0,1.025,14
3,99,1,mle,1.0,1.0,0.05,5000,1.0,1.025,4
3,100,1,mle,1.0,1.0,0.05,5000,1.0,1.025,10
3,101,1,mle,1.0,1.0,0.05,5000,1.0,1.025,7
3,102,1,mle,1.0,1.0,0.05,5000,1.0,1.025,7
3,103,1,mle,1.0,1.0,0.05,5000,1.0,1.025,9
3,104,1,mle,1.0,1.0,0.05,5000,1.0,1.025,11
3,105,1,mle,1.0,1.0,0.05,5000,1.0,1.025,395
3,106,1,mle,1.0,1.0,0.05,5000,1.0,1.025,5
3,107,1,mle,1.0,1.0,0.05,5000,1.0,1.025,4
3,108,1,mle,1.0,1.0,0.05,5000,1.0,1.025,12
3,109,1,mle,1.0,1.0,0.05,5000,1.0,1.025,5
3,110,1,mle,1.0,1.0,0.05,5000,1.0,1.025,144
3,111,1,mle,1.0,1.0,0.05,5000,1.0,1.025,7
3,112,1,mle,1.0,1.0,0.05,5000,1.0,1.025,42
3,113,1,mle,1.0,1.0,0.05,5000,1.0,1.025,10
3,114,1,mle,1.0,1.0,0.05,5000,1.0,1.025,26
3,115,1,mle,1.0,1.0,0.05,5000,1.0,1.025,8
3,116,1,mle,1.0,1.0,0.05,5000,1.0,1.025,29
3,117,1,mle,1.0,1.0,0.05,5000,1.0,1.025,24
3,118,1,mle,1.0,1.0,0.05,5000,1.0,1.025,12
3,119,1,mle,1.0,1.0,0.05,5000,1.0,1.025,13
3,120,1,mle,1.0,1.0,0.05,5000,1.0,1.025,4
3,121,1,mle,1.0,1.0,0.05,5000,1.0,1.025,15
3,122,1,mle,1.0,1.0,0.05,5000,1.0,1.025,20
3,123,1,mle,1.0,1.0,0.05,5000,1.0,1.025,5
3,124,1,mle,1.0,1.0,0.05,5000,1.0,1.025,8
3,125,1,mle,1.0,1.0,0.05,5000,1.0,1.025,9
3,126,1,mle,1.0,1.0,0.05,5000,1.0,1.025,9
3,127,1,mle,1.0,1.0,0.05,5000,1.0,1.025,9
3,128,1,mle,1.0,1.0,0.05,5000,1.0,1.025,5
3,129,1,mle,1.0,1.0,0.05,5000,1.0,1.025,34
3,130,1,mle,1.0,1.0,0.05,5000,1.0,1.025,11
3,131,1,mle,1.0,1.0,0.05,5000,1.0,1.025,34
3,132,1,mle,1.0,1.0,0.05,5000,1.0,1.025,38
3,133,1,mle,1.0,1.0,0.05,5000,1.0,1.025,4
3,134,1,mle,1.0,1.0,0.05,5000,1.0,1.025,23
3,135,1,mle,1.0,1.0,0.05,5000,1.0,1.025,9
3,136,1,mle,1.0,1.0,0.05,5000,1.0,1.025,4
3,137,1,mle,1.0,1.0,0.05,5000,1.0,1.025,11
3,138,1,mle,1.0,1.0,0.05,5000,1.0,1.025,188
3,139,1,mle,1.0,1.0,0.05,5000,1.0,1.025,6
3,140,1,mle,1.0,1.0,0.05,5000,1.0,1.025,81
3,141,1,mle,1.0,1.0,0.05,5000,1.0,1.025,53
3,142,1,mle,1.0,1.0,0.05,5000,1.0,1.025,6
3,143,1,mle,1.0,1.0,0.05,5000,1.0,1.025,8
3,144,1,mle,1.0,1.0,0.05,5000,1.0,1.025,7
3,145,1,mle,1.0,1.0,0.05,5000,1.0,1.025,14
3,146,1,mle,1.0,1.0,0.05,5000,1.0,1.025,56
3,147,1,mle,1.0,1.0,0.05,5000,1.0,1.025,18
3,148,1,mle,1.0,1.0,0.05,5000,1.0,1.025,5
3,149,1,mle,1.0,1.0,0.05,5000,1.0,1.025,7
3,150,1,mle,1.0,1.0,0.05,5000,1.0,1.025,10
3,151,1,mle,1.0,1.0,0.05,5000,1.0,1.025,5
3,152,1,mle,1.0,1.0,0.05,5000,1.0,1.025,7
3,153,1,mle,1.0,1.0,0.05,5000,1.0,1.025,85
3,154,1,mle,1.0,1.0,0.05,5000,1.0,1.025,10
3,155,1,mle,1.0,1.0,0.05,5000,1.0,1.025,5
3,156,1,mle,1.0,1.0,0.05,5000,1.0,1.025,80
3,157,1,mle,1.0,1.0,0.05,5000,1.0,1.025,8
3,158,1,mle,1.0,1.0,0.05,5000,1.0,1.025,9
3,159,1,mle,1.0,1.0,0.05,5000,1.0,1.025,37
3,160,1,mle,1.0,1.0,0.05,5000,1.0,1.025,6
3,161,1,mle,1.0,1.0,0.05,5000,1.0,1.025,4
3,162,1,mle,1.0,1.0,0.05,5000,1.0,1.025,40
3,163,1,mle,1.0,1.0,0.05,5000,1.0,1.025,1
3,164,1,mle,1.0,1.0,0.05,5000,1.0,1.025,114
3,165,1,mle,1.0,1.0,0.05,5000,1.0,1.025,39
3,166,1,mle,1.0,1.0,0.05,5000,1.0,1.025,11
3,167,1,mle,1.0,1.0,0.05,5000,1.0,1.025,7
3,168,1,mle,1.0,1.0,0.05,5000,1.0,1.025,9
3,169,1,mle,1.0,1.0,0.05,5000,1.0,1.025,19
3,170,1,mle,1.0,1.0,0.05,5000,1.0,1.025,7
3,171,1,mle,1.0,1.0,0.05,5000,1.0,1.025,4
3,172,1,mle,1.0,1.0,0.05,5000,1.0,1.025,37
3,173,1,mle,1.0,1.0,0.05,5000,1.0,1.025,36
3,174,1,mle,1.0,1.0,0.05,5000,1.0,1.025,13
3,175,1,mle,1.0,1.0,0.05,5000,1.0,1.025,65
3,176,1,mle,1.0,1.0,0.05,5000,1.0,1.025,25
3,177,1,mle,1.0,1.0,0.05,5000,1.0,1.025,12
3,178,1,mle,1.0,1.0,0.05,5000,1.0,1.025,6
3,179,1,mle,1.0,1.0,0.05,5000,1.0,1.025,104
3,180,1,mle,1.0,1.0,0.05,5000,1.0,1.025,47
3,181,1,mle,1.0,1.0,0.05,5000,1.0,1.025,5
3,182,1,mle,1.0,1.0,0.05,5000,1.0,1.025,15
3,183,1,mle,1.0,1.0,0.05,5000,1.0,1.025,12
3,184,1,mle,1.0,1.0,0.05,5000,1.0,1.025,18
3,185,1,mle,1.0,1.0,0.05,5000,1.0,1.025,27
3,186,1,mle,1.0,1.0,0.05,5000,1.0,1.025,17
3,187,1,mle,1.0,1.0,0.05,5000,1.0,1.025,8
3,188,1,mle,1.0,1.0,0.05,5000,1.0,1.025,7
3,189,1,mle,1.0,1.0,0.05,5000,1.0,1.025,14
3,190,1,mle,1.0,1.0,0.05,5000,1.0,1.025,5
3,191,1,mle,1.0,1.0,0.05,5000,1.0,1.025,14
3,192,1,mle,1.0,1.0,0.05,5000,1.0,1.025,34
3,193,1,mle,1.0,1.0,0.05,5000,1.0,1.025,47
3,194,1,mle,1.0,1.0,0.05,5000,1.0,1.025,6
3,195,1,mle,1.0,1.0,0.05,5000,1.0,1.025,56
3,196,1,mle,1.0,1.0,0.05,5000,1.0,1.025,15
3,197,1,mle,1.0,1.0,0.05,5000,1.0,1.025,12
3,198,1,mle,1.0,1.0,0.05,5000,1.0,1.025,16
3,199,1,mle,1.0,1.0,0.05,5000,1.0,1.025,6
3,200,1,mle,1.0,1.0,0.05,5000,1.0,1.025,14
3,1,1,mle,1.0,1.0,0.05,5000,1.0,1.05,7
3,2,1,mle,1.0,1.0,0.05,5000,1.0,1.05,37
3,3,1,mle,1.0,1.0,0.05,5000,1.0,1.05,85
3,4,1,mle,1.0,1.0,0.05,5000,1.0,1.05,7
3,5,1,mle,1.0,1.0,0.05,5000,1.0,1.05,14
3,6,1,mle,1.0,1.0,0.05,5000,1.0,1.05,68
3,7,1,mle,1.0,1.0,0.05,5000,1.0,1.05,10
3,8,1,mle,1.0,1.0,0.05,5000,1.0,1.05,46
3,9,1,mle,1.0,1.0,0.05,5000,1.0,1.05,35
3,10,1,mle,1.0,1.0,0.05,5000,1.0,1.05,14
3,11,1,mle,1.0,1.0,0.05,5000,1.0,1.05,7
3,12,1,mle,1.0,1.0,0.05,5000,1.0,1.05,4
3,13,1,mle,1.0,1.0,0.05,5000,1.0,1.05,18
3,14,1,mle,1.0,1.0,0.05,5000,1.0,1.05,19
3,15,1,mle,1.0,1.0,0.05,5000,1.0,1.05,7
3,16,1,mle,1.0,1.0,0.05,5000,1.0,1.05,5
3,17,1,mle,1.0,1.0,0.05,5000,1.0,1.05,8
3,18,1,mle,1.0,1.0,0.05,5000,1.0,1.05,6
3,19,1,mle,1.0,1.0,0.05,5000,1.0,1.05,11
3,20,1,mle,1.0,1.0,0.05,5000,1.0,1.05,13
3,21,1,mle,1.0,1.0,0.05,5000,1.0,1.05,15
3,22,1,mle,1.0,1.0,0.05,5000,1.0,1.05,116
3,23,1,mle,1.0,1.0,0.05,5000,1.0,1.05,62
3,24,1,mle,1.0,1.0,0.05,5000,1.0,1.05,17
3,25,1,mle,1.0,1.0,0.05,5000,1.0,1.05,18
3,26,1,mle,1.0,1.0,0.05,5000,1.0,1.05,25
3,27,1,mle,1.0,1.0,0.05,5000,1.0,1.05,7
3,28,1,mle,1.0,1.0,0.05,5000,1.0,1.05,30
3,29,1,mle,1.0,1.0,0.05,5000,1.0,1.05,80
3,30,1,mle,1.0,1.0,0.05,5000,1.0,1.05,47
3,31,1,mle,1.0,1.0,0.05,5000,1.0,1.05,7
3,32,1,mle,1.0,1.0,0.05,5000,1.0,1.05,28
3,33,1,mle,1.0,1.0,0.05,5000,1.0,1.05,6
3,34,1,mle,1.0,1.0,0.05,5000,1.0,1.05,61
3,35,1,mle,1.0,1.0,0.05,5000,1.0,1.05,4
3,36,1,mle,1.0,1.0,0.05,5000,1.0,1.05,14
3,37,1,mle,1.0,1.0,0.05,5000,1.0,1.05,130
3,38,1,mle,1.0,1.0,0.05,5000,1.0,1.05,4
3,39,1,mle,1.0,1.0,0.05,5000,1.0,1.05,7
3,40,1,mle,1.0,1.0,0.05,5000,1.0,1.05,61
3,41,1,mle,1.0,1.0,0.05,5000,1.0,1.05,12
3,42,1,mle,1.0,1.0,0.05,5000,1.0,1.05,27
3,43,1,mle,1.0,1.0,0.05,5000,1.0,1.05,5
3,44,1,mle,1.0,1.0,0.05,5000,1.0,1.05,8
3,45,1,mle,1.0,1.0,0.05,5000,1.0,1.05,127
3,46,1,mle,1.0,1.0,0.05,5000,1.0,1.05,150
3,47,1,mle,1.0,1.0,0.05,5000,1.0,1.05,7
3,48,1,mle,1.0,1.0,0.05,5000,1.0,1.05,7
3,49,1,mle,1.0,1.0,0.05,5000,1.0,1.05,69
3,50,1,mle,1.0,1.0,0.05,5000,1.0,1.05,8
3,51,1,mle,1.0,1.0,0.05,5000,1.0,1.05,13
3,52,1,mle,1.0,1.0,0.05,5000,1.0,1.05,4
3,53,1,mle,1.0,1.0,0.05,5000,1.0,1.05,6
3,54,1,mle,1.0,1.0,0.05,5000,1.0,1.05,60
3,55,1,mle,1.0,1.0,0.05,5000,1.0,1.05,185
3,56,1,mle,1.0,1.0,0.05,5000,1.0,1.05,9
3,57,1,mle,1.0,1.0,0.05,5000,1.0,1.05,7
3,58,1,mle,1.0,1.0,0.05,5000,1.0,1.05,13
3,59,1,mle,1.0,1.0,0.05,5000,1.0,1.05,101
3,60,1,mle,1.0,1.0,0.05,5000,1.0,1.05,8
3,61,1,mle,1.0,1.0,0.05,5000,1.0,1.05,11
3,62,1,mle,1.0,1.0,0.05,5000,1.0,1.05,4
3,63,1,mle,1.0,1.0,0.05,5000,1.0,1.05,18
3,64,1,mle,1.0,1.0,0.05,5000,1.0,1.05,215
3,65,1,mle,1.0,1.0,0.05,5000,1.0,1.05,10
3,66,1,mle,1.0,1.0,0.05,5000,1.0,1.05,11
3,67,1,mle,1.0,1.0,0.05,5000,1.0,1.05,5
3,68,1,mle,1.0,1.0,0.05,5000,1.0,1.05,108
3,69,1,mle,1.0,1.0,0.05,5000,1.0,1.05,60
3,70,1,mle,1.0,1.0,0.05,5000,1.0,1.05,11
3,71,1,mle,1.0,1.0,0.05,5000,1.0,1.05,28
3,72,1,mle,1.0,1.0,0.05,5000,1.0,1.05,26
3,73,1,mle,1.0,1.0,0.05,5000,1.0,1.05,13
3,74,1,mle,1.0,1.0,0.05,5000,1.0,1.05,56
3,75,1,mle,1.0,1.0,0.05,5000,1.0,1.05,125
3,76,1,mle,1.0,1.0,0.05,5000,1.0,1.05,4
3,77,1,mle,1.0,1.0,0.05,5000,1.0,1.05,8
3,78,1,mle,1.0,1.0,0.05,5000,1.0,1.05,17
3,79,1,mle,1.0,1.0,0.05,5000,1.0,1.05,202
3,80,1,mle,1.0,1.0,0.05,5000,1.0,1.05,16
3,81,1,mle,1.0,1.0,0.05,5000,1.0,1.05,20
3,82,1,mle,1.0,1.0,0.05,5000,1.0,1.05,4
3,83,1,mle,1.0,1.0,0.05,5000,1.0,1.05,4
3,84,1,mle,1.0,1.0,0.05,5000,1.0,1.05,23
3,85,1,mle,1.0,1.0,0.05,5000,1.0,1.05,39
3,86,1,mle,1.0,1.0,0.05,5000,1.0,1.05,8
3,87,1,mle,1.0,1.0,0.05,5000,1.0,1.05,12
3,88,1,mle,1.0,1.0,0.05,5000,1.0,1.05,25
3,89,1,mle,1.0,1.0,0.05,5000,1.0,1.05,5
3,90,1,mle,1.0,1.0,0.05,5000,1.0,1.05,26
3,91,1,mle,1.0,1.0,0.05,5000,1.0,1.05,20
3,92,1,mle,1.0,1.0,0.05,5000,1.0,1.05,12
3,93,1,mle,1.0,1.0,0.05,5000,1.0,1.05,35
3,94,1,mle,1.0,1.0,0.05,5000,1.0,1.05,4
3,95,1,mle,1.0,1.0,0.05,5000,1.0,1.05,28
3,96,1,mle,1.0,1.0,0.05,5000,1.0,1.05,7
3,97,1,mle,1.0,1.0,0.05,5000,1.0,1.05,7
3,98,1,mle,1.0,1.0,0.05,5000,1.0,1.05,6
3,99,1,mle,1.0,1.0,0.05,5000,1.0,1.05,12
3,100,1,mle,1.0,1.0,0.05,5000,1.0,1.05,27
3,101,1,mle,1.0,1.0,0.05,5000,1.0,1.05,304
3,102,1,mle,1.0,1.0,0.05,5000,1.0,1.05,12
3,103,1,mle,1.0,1.0,0.05,5000,1.0,1.05,10
3,104,1,mle,1.0,1.0,0.05,5000,1.0,1.05,73
3,105,1,mle,1.0,1.0,0.05,5000,1.0,1.05,15
3,106,1,mle,1.0,1.0,0.05,5000,1.0,1.05,6
3,107,1,mle,1.0,1.0,0.05,5000,1.0,1.05,21
3,108,1,mle,1.0,1.0,0.05,5000,1.0,1.05,4
3,109,1,mle,1.0,1.0,0.05,5000,1.0,1.05,59
3,110,1,mle,1.0,1.0,0.05,5000,1.0,1.05,25
3,111,1,mle,1.0,1.0,0.05,5000,1.0,1.05,10
3,112,1,mle,1.0,1.0,0.05,5000,1.0,1.05,5
3,113,1,mle,1.0,1.0,0.05,5000,1.0,1.05,57
3,114,1,mle,1.0,1.0,0.05,5000,1.0,1.05,21
3,115,1,mle,1.0,1.0,0.05,5000,1.0,1.05,6
3,116,1,mle,1.0,1.0,0.05,5000,1.0,1.05,29
3,117,1,mle,1.0,1.0,0.05,5000,1.0,1.05,7
3,118,1,mle,1.0,1.0,0.05,5000,1.0,1.05,6
3,119,1,mle,1.0,1.0,0.05,5000,1.0,1.05,50
3,120,1,mle,1.0,1.0,0.05,5000,1.0,1.05,22
3,121,1,mle,1.0,1.0,0.05,5000,1.0,1.05,31
3,122,1,mle,1.0,1.0,0.05,5000,1.0,1.05,4
3,123,1,mle,1.0,1.0,0.05,5000,1.0,1.05,7
3,124,1,mle,1.0,1.0,0.05,5000,1.0,1.05,5
3,125,1,mle,1.0,1.0,0.05,5000,1.0,1.05,8
3,126,1,mle,1.0,1.0,0.05,5000,1.0,1.05,11
3,127,1,mle,1.0,1.0,0.05,5000,1.0,1.05,5
3,128,1,mle,1.0,1.0,0.05,5000,1.0,1.05,4
3,129,1,mle,1.0,1.0,0.05,5000,1.0,1.05,4
3,130,1,mle,1.0,1.0,0.05,5000,1.0,1.05,7
3,131,1,mle,1.0,1.0,0.05,5000,1.0,1.05,9
3,132,1,mle,1.0,1.0,0.05,5000,1.0,1.05,64
3,133,1,mle,1.0,1.0,0.05,5000,1.0,1.05,110
3,134,1,mle,1.0,1.0,0.05,5000,1.0,1.05,53
3,135,1,mle,1.0,1.0,0.05,5000,1.0,1.05,4
3,136,1,mle,1.0,1.0,0.05,5000,1.0,1.05,18
3,137,1,mle,1.0,1.0,0.05,5000,1.0,1.05,5
3,138,1,mle,1.0,1.0,0.05,5000,1.0,1.05,94
3,139,1,mle,1.0,1.0,0.05,5000,1.0,1.05,7
3,140,1,mle,1.0,1.0,0.05,5000,1.0,1.05,23
3,141,1,mle,1.0,1.0,0.05,5000,1.0,1.05,7
3,142,1,mle,1.0,1.0,0.05,5000,1.0,1.05,8
3,143,1,mle,1.0,1.0,0.05,5000,1.0,1.05,13
3,144,1,mle,1.0,1.0,0.05,5000,1.0,1.05,27
3,145,1,mle,1.0,1.0,0.05,5000,1.0,1.05,9
3,146,1,mle,1.0,1.0,0.05,5000,1.0,1.05,16
3,147,1,mle,1.0,1.0,0.05,5000,1.0,1.05,5
3,148,1,mle,1.0,1.0,0.05,5000,1.0,1.05,10
3,149,1,mle,1.0,1.0,0.05,5000,1.0,1.05,12
3,150,1,mle,1.0,1.0,0.05,5000,1.0,1.05,9
3,151,1,mle,1.0,1.0,0.05,5000,1.0,1.05,36
3,152,1,mle,1.0,1.0,0.05,5000,1.0,1.05,5
3,153,1,mle,1.0,1.0,0.05,5000,1.0,1.05,33
3,154,1,mle,1.0,1.0,0.05,5000,1.0,1.05,36
3,155,1,mle,1.0,1.0,0.05,5000,1.0,1.05,19
3,156,1,mle,1.0,1.0,0.05,5000,1.0,1.05,15
3,157,1,mle,1.0,1.0,0.05,5000,1.0,1.05,8
3,158,1,mle,1.0,1.0,0.05,5000,1.0,1.05,6
3,159,1,mle,1.0,1.0,0.05,5000,1.0,1.05,44
3,160,1,mle,1.0,1.0,0.05,5000,1.0,1.05,14
3,161,1,mle,1.0,1.0,0.05,5000,1.0,1.05,18
3,162,1,mle,1.0,1.0,0.05,5000,1.0,1.05,97
3,163,1,mle,1.0,1.0,0.05,5000,1.0,1.05,1
3,164,1,mle,1.0,1.0,0.05,5000,1.0,1.05,9
3,165,1,mle,1.0,1.0,0.05,5000,1.0,1.05,24
3,166,1,mle,1.0,1.0,0.05,5000,1.0,1.05,25
3,167,1,mle,1.0,1.0,0.05,5000,1.0,1.05,9
3,168,1,mle,1.0,1.0,0.05,5000,1.0,1.05,71
3,169,1,mle,1.0,1.0,0.05,5000,1.0,1.05,24
3,170,1,mle,1.0,1.0,0.05,5000,1.0,1.05,29
3,171,1,mle,1.0,1.0,0.05,5000,1.0,1.05,5
3,172,1,mle,1.0,1.0,0.05,5000,1.0,1.05,94
3,173,1,mle,1.0,1.0,0.05,5000,1.0,1.05,16
3,174,1,mle,1.0,1.0,0.05,5000,1.0,1.05,4
3,175,1,mle,1.0,1.0,0.05,5000,1.0,1.05,31
3,176,1,mle,1.0,1.0,0.05,5000,1.0,1.05,22
3,177,1,mle,1.0,1.0,0.05,5000,1.0,1.05,13
3,178,1,mle,1.0,1.0,0.05,5000,1.0,1.05,81
3,179,1,mle,1.0,1.0,0.05,5000,1.0,1.05,26
3,180,1,mle,1.0,1.0,0.05,5000,1.0,1.05,5
3,181,1,mle,1.0,1.0,0.05,5000,1.0,1.05,11
3,182,1,mle,1.0,1.0,0.05,5000,1.0,1.05,15
3,183,1,mle,1.0,1.0,0.05,5000,1.0,1.05,85
3,184,1,mle,1.0,1.0,0.05,5000,1.0,1.05,10
3,185,1,mle,1.0,1.0,0.05,5000,1.0,1.05,5
3,186,1,mle,1.0,1.0,0.05,5000,1.0,1.05,20
3,187,1,mle,1.0,1.0,0.05,5000,1.0,1.05,23
3,188,1,mle,1.0,1.0,0.05,5000,1.0,1.05,41
3,189,1,mle,1.0,1.0,0.05,5000,1.0,1.05,11
3,190,1,mle,1.0,1.0,0.05,5000,1.0,1.05,8
3,191,1,mle,1.0,1.0,0.05,5000,1.0,1.05,9
3,192,1,mle,1.0,1.0,0.05,5000,1.0,1.05,4
3,193,1,mle,1.0,1.0,0.05,5000,1.0,1.05,15
3,194,1,mle,1.0,1.0,0.05,5000,1.0,1.05,14
3,195,1,mle,1.0,1.0,0.05,5000,1.0,1.05,6
3,196,1,mle,1.0,1.0,0.05,5000,1.0,1.05,15
3,197,1,mle,1.0,1.0,0.05,5000,1.0,1.05,13
3,198,1,mle,1.0,1.0,0.05,5000,1.0,1.05,88
3,199,1,mle,1.0,1.0,0.05,5000,1.0,1.05,32
3,200,1,mle,1.0,1.0,0.05,5000,1.0,1.05,24
3,1,1,mle,1.0,1.0,0.05,5000,1.0,1.075,23
3,2,1,mle,1.0,1.0,0.05,5000,1.0,1.075,7
3,3,1,mle,1.0,1.0,0.05,5000,1.0,1.075,17
3,4,1,mle,1.0,1.0,0.05,5000,1.0,1.075,9
3,5,1,mle,1.0,1.0,0.05,5000,1.0,1.075,6
3,6,1,mle,1.0,1.0,0.05,5000,1.0,1.075,29
3,7,1,mle,1.0,1.0,0.05,5000,1.0,1.075,152
3,8,1,mle,1.0,1.0,0.05,5000,1.0,1.075,8
3,9,1,mle,1.0,1.0,0.05,5000,1.0,1.075,4
3,10,1,mle,1.0,1.0,0.05,5000,1.0,1.075,9
3,11,1,mle,1.0,1.0,0.05,5000,1.0,1.075,30
3,12,1,mle,1.0,1.0,0.05,5000,1.0,1.075,4
3,13,1,mle,1.0,1.0,0.05,5000,1.0,1.075,6
3,14,1,mle,1.0,1.0,0.05,5000,1.0,1.075,66
3,15,1,mle,1.0,1.0,0.05,5000,1.0,1.075,5
3,16,1,mle,1.0,1.0,0.05,5000,1.0,1.075,26
3,17,1,mle,1.0,1.0,0.05,5000,1.0,1.075,12
3,18,1,mle,1.0,1.0,0.05,5000,1.0,1.075,14
3,19,1,mle,1.0,1.0,0.05,5000,1.0,1.075,5
3,20,1,mle,1.0,1.0,0.05,5000,1.0,1.075,10
3,21,1,mle,1.0,1.0,0.05,5000,1.0,1.075,12
3,22,1,mle,1.0,1.0,0.05,5000,1.0,1.075,16
3,23,1,mle,1.0,1.0,0.05,5000,1.0,1.075,30
3,24,1,mle,1.0,1.0,0.05,5000,1.0,1.075,11
3,25,1,mle,1.0,1.0,0.05,5000,1.0,1.075,16
3,26,1,mle,1.0,1.0,0.05,5000,1.0,1.075,6
3,27,1,mle,1.0,1.0,0.05,5000,1.0,1.075,84
3,28,1,mle,1.0,1.0,0.05,5000,1.0,1.075,35
3,29,1,mle,1.0,1.0,0.05,5000,1.0,1.075,4
3,30,1,mle,1.0,1.0,0.05,5000,1.0,1.075,109
3,31,1,mle,1.0,1.0,0.05,5000,1.0,1.075,14
3,32,1,mle,1.0,1.0,0.05,5000,1.0,1.075,28
3,33,1,mle,1.0,1.0,0.05,5000,1.0,1.075,106
3,34,1,mle,1.0,1.0,0.05,5000,1.0,1.075,5
3,35,1,mle,1.0,1.0,0.05,5000,1.0,1.075,4
3,36,1,mle,1.0,1.0,0.05,5000,1.0,1.075,92
3,37,1,mle,1.0,1.0,0.05,5000,1.0,1.075,55
3,38,1,mle,1.0,1.0,0.05,5000,1.0,1.075,21
3,39,1,mle,1.0,1.0,0.05,5000,1.0,1.075,31
3,40,1,mle,1.0,1.0,0.05,5000,1.0,1.075,88
3,41,1,mle,1.0,1.0,0.05,5000,1.0,1.075,16
3,42,1,mle,1.0,1.0,0.05,5000,1.0,1.075,14
3,43,1,mle,1.0,1.0,0.05,5000,1.0,1.075,8
3,44,1,mle,1.0,1.0,0.05,5000,1.0,1.075,21
3,45,1,mle,1.0,1.0,0.05,5000,1.0,1.075,7
3,46,1,mle,1.0,1.0,0.05,5000,1.0,1.075,7
3,47,1,mle,1.0,1.0,0.05,5000,1.0,1.075,13
3,48,1,mle,1.0,1.0,0.05,5000,1.0,1.075,5
3,49,1,mle,1.0,1.0,0.05,5000,1.0,1.075,34
3,50,1,mle,1.0,1.0,0.05,5000,1.0,1.075,20
3,51,1,mle,1.0,1.0,0.05,5000,1.0,1.075,293
3,52,1,mle,1.0,1.0,0.05,5000,1.0,1.075,17
3,53,1,mle,1.0,1.0,0.05,5000,1.0,1.075,6
3,54,1,mle,1.0,1.0,0.05,5000,1.0,1.075,30
3,55,1,mle,1.0,1.0,0.05,5000,1.0,1.075,15
3,56,1,mle,1.0,1.0,0.05,5000,1.0,1.075,51
3,57,1,mle,1.0,1.0,0.05,5000,1.0,1.075,76
3,58,1,mle,1.0,1.0,0.05,5000,1.0,1.075,15
3,59,1,mle,1.0,1.0,0.05,5000,1.0,1.075,86
3,60,1,mle,1.0,1.0,0.05,5000,1.0,1.075,29
3,61,1,mle,1.0,1.0,0.05,5000,1.0,1.075,8
3,62,1,mle,1.0,1.0,0.05,5000,1.0,1.075,4
3,63,1,mle,1.0,1.0,0.05,5000,1.0,1.075,7
3,64,1,mle,1.0,1.0,0.05,5000,1.0,1.075,14
3,65,1,mle,1.0,1.0,0.05,5000,1.0,1.075,12
3,66,1,mle,1.0,1.0,0.05,5000,1.0,1.075,11
3,67,1,mle,1.0,1.0,0.05,5000,1.0,1.075,7
3,68,1,mle,1.0,1.0,0.05,5000,1.0,1.075,11
3,69,1,mle,1.0,1.0,0.05,5000,1.0,1.075,107
3,70,1,mle,1.0,1.0,0.05,5000,1.0,1.075,5
3,71,1,mle,1.0,1.0,0.05,5000,1.0,1.075,7
3,72,1,mle,1.0,1.0,0.05,5000,1.0,1.075,12
3,73,1,mle,1.0,1.0,0.05,5000,1.0,1.075,132
3,74,1,mle,1.0,1.0,0.05,5000,1.0,1.075,21
3,75,1,mle,1.0,1.0,0.05,5000,1.0,1.075,149
3,76,1,mle,1.0,1.0,0.05,5000,1.0,1.075,4
3,77,1,mle,1.0,1.0,0.05,5000,1.0,1.075,8
3,78,1,mle,1.0,1.0,0.05,5000,1.0,1.075,5
3,79,1,mle,1.0,1.0,0.05,5000,1.0,1.075,8
3,80,1,mle,1.0,1.0,0.05,5000,1.0,1.075,137
3,81,1,mle,1.0,1.0,0.05,5000,1.0,1.075,6
3,82,1,mle,1.0,1.0,0.05,5000,1.0,1.075,13
3,83,1,mle,1.0,1.0,0.05,5000,1.0,1.075,17
3,84,1,mle,1.0,1.0,0.05,5000,1.0,1.075,9
3,85,1,mle,1.0,1.0,0.05,5000,1.0,1.075,4
3,86,1,mle,1.0,1.0,0.05,5000,1.0,1.075,5
3,87,1,mle,1.0,1.0,0.05,5000,1.0,1.075,306
3,88,1,mle,1.0,1.0,0.05,5000,1.0,1.075,10
3,89,1,mle,1.0,1.0,0.05,5000,1.0,1.075,318
3,90,1,mle,1.0,1.0,0.05,5000,1.0,1.075,67
3,91,1,mle,1.0,1.0,0.05,5000,1.0,1.075,101
3,92,1,mle,1.0,1.0,0.05,5000,1.0,1.075,80
3,93,1,mle,1.0,1.0,0.05,5000,1.0,1.075,6
3,94,1,mle,1.0,1.0,0.05,5000,1.0,1.075,52
3,95,1,mle,1.0,1.0,0.05,5000,1.0,1.075,7
3,96,1,mle,1.0,1.0,0.05,5000,1.0,1.075,8
3,97,1,mle,1.0,1.0,0.05,5000,1.0,1.075,38
3,98,1,mle,1.0,1.0,0.05,5000,1.0,1.075,29
3,99,1,mle,1.0,1.0,0.05,5000,1.0,1.075,55
3,100,1,mle,1.0,1.0,0.05,5000,1.0,1.075,4
3,101,1,mle,1.0,1.0,0.05,5000,1.0,1.075,24
3,102,1,mle,1.0,1.0,0.05,5000,1.0,1.075,7
3,103,1,mle,1.0,1.0,0.05,5000,1.0,1.075,4
3,104,1,mle,1.0,1.0,0.05,5000,1.0,1.075,4
3,105,1,mle,1.0,1.0,0.05,5000,1.0,1.075,46
3,106,1,mle,1.0,1.0,0.05,5000,1.0,1.075,48
3,107,1,mle,1.0,1.0,0.05,5000,1.0,1.075,63
3,108,1,mle,1.0,1.0,0.05,5000,1.0,1.075,7
3,109,1,mle,1.0,1.0,0.05,5000,1.0,1.075,9
3,110,1,mle,1.0,1.0,0.05,5000,1.0,1.075,6
3,111,1,mle,1.0,1.0,0.05,5000,1.0,1.075,71
3,112,1,mle,1.0,1.0,0.05,5000,1.0,1.075,45
3,113,1,mle,1.0,1.0,0.05,5000,1.0,1.075,23
3,114,1,mle,1.0,1.0,0.05,5000,1.0,1.075,5
3,115,1,mle,1.0,1.0,0.05,5000,1.0,1.075,4
3,116,1,mle,1.0,1.0,0.05,5000,1.0,1.075,24
3,117,1,mle,1.0,1.0,0.05,5000,1.0,1.075,128
3,118,1,mle,1.0,1.0,0.05,5000,1.0,1.075,22
3,119,1,mle,1.0,1.0,0.05,5000,1.0,1.075,18
3,120,1,mle,1.0,1.0,0.05,5000,1.0,1.075,5
3,121,1,mle,1.0,1.0,0.05,5000,1.0,1.075,4
3,122,1,mle,1.0,1.0,0.05,5000,1.0,1.075,21
3,123,1,mle,1.0,1.0,0.05,5000,1.0,1.075,14
3,124,1,mle,1.0,1.0,0.05,5000,1.0,1.075,6
3,125,1,mle,1.0,1.0,0.05,5000,1.0,1.075,33
3,126,1,mle,1.0,1.0,0.05,5000,1.0,1.075,43
3,127,1,mle,1.0,1.0,0.05,5000,1.0,1.075,19
3,128,1,mle,1.0,1.0,0.05,5000,1.0,1.075,119
3,129,1,mle,1.0,1.0,0.05,5000,1.0,1.075,49
3,130,1,mle,1.0,1.0,0.05,5000,1.0,1.075,5
3,131,1,mle,1.0,1.0,0.05,5000,1.0,1.075,30
3,132,1,mle,1.0,1.0,0.05,5000,1.0,1.075,17
3,133,1,mle,1.0,1.0,0.05,5000,1.0,1.075,32
3,134,1,mle,1.0,1.0,0.05,5000,1.0,1.075,7
3,135,1,mle,1.0,1.0,0.05,5000,1.0,1.075,32
3,136,1,mle,1.0,1.0,0.05,5000,1.0,1.075,4
3,137,1,mle,1.0,1.0,0.05,5000,1.0,1.075,41
3,138,1,mle,1.0,1.0,0.05,5000,1.0,1.075,309
3,139,1,mle,1.0,1.0,0.05,5000,1.0,1.075,7
3,140,1,mle,1.0,1.0,0.05,5000,1.0,1.075,74
3,141,1,mle,1.0,1.0,0.05,5000,1.0,1.075,160
3,142,1,mle,1.0,1.0,0.05,5000,1.0,1.075,6
3,143,1,mle,1.0,1.0,0.05,5000,1.0,1.075,13
3,144,1,mle,1.0,1.0,0.05,5000,1.0,1.075,4
3,145,1,mle,1.0,1.0,0.05,5000,1.0,1.075,10
3,146,1,mle,1.0,1.0,0.05,5000,1.0,1.075,15
3,147,1,mle,1.0,1.0,0.05,5000,1.0,1.075,21
3,148,1,mle,1.0,1.0,0.05,5000,1.0,1.075,14
3,149,1,mle,1.0,1.0,0.05,5000,1.0,1.075,4
3,150,1,mle,1.0,1.0,0.05,5000,1.0,1.075,17
3,151,1,mle,1.0,1.0,0.05,5000,1.0,1.075,11
3,152,1,mle,1.0,1.0,0.05,5000,1.0,1.075,9
3,153,1,mle,1.0,1.0,0.05,5000,1.0,1.075,20
3,154,1,mle,1.0,1.0,0.05,5000,1.0,1.075,7
3,155,1,mle,1.0,1.0,0.05,5000,1.0,1.075,4
3,156,1,mle,1.0,1.0,0.05,5000,1.0,1.075,11
3,157,1,mle,1.0,1.0,0.05,5000,1.0,1.075,8
3,158,1,mle,1.0,1.0,0.05,5000,1.0,1.075,9
3,159,1,mle,1.0,1.0,0.05,5000,1.0,1.075,7
3,160,1,mle,1.0,1.0,0.05,5000,1.0,1.075,62
3,161,1,mle,1.0,1.0,0.05,5000,1.0,1.075,4
3,162,1,mle,1.0,1.0,0.05,5000,1.0,1.075,5
3,163,1,mle,1.0,1.0,0.05,5000,1.0,1.075,1
3,164,1,mle,1.0,1.0,0.05,5000,1.0,1.075,5
3,165,1,mle,1.0,1.0,0.05,5000,1.0,1.075,9
3,166,1,mle,1.0,1.0,0.05,5000,1.0,1.075,7
3,167,1,mle,1.0,1.0,0.05,5000,1.0,1.075,11
3,168,1,mle,1.0,1.0,0.05,5000,1.0,1.075,27
3,169,1,mle,1.0,1.0,0.05,5000,1.0,1.075,47
3,170,1,mle,1.0,1.0,0.05,5000,1.0,1.075,5
3,171,1,mle,1.0,1.0,0.05,5000,1.0,1.075,4
3,172,1,mle,1.0,1.0,0.05,5000,1.0,1.075,17
3,173,1,mle,1.0,1.0,0.05,5000,1.0,1.075,8
3,174,1,mle,1.0,1.0,0.05,5000,1.0,1.075,5
3,175,1,mle,1.0,1.0,0.05,5000,1.0,1.075,14
3,176,1,mle,1.0,1.0,0.05,5000,1.0,1.075,26
3,177,1,mle,1.0,1.0,0.05,5000,1.0,1.075,5
3,178,1,mle,1.0,1.0,0.05,5000,1.0,1.075,23
3,179,1,mle,1.0,1.0,0.05,5000,1.0,1.075,15
3,180,1,mle,1.0,1.0,0.05,5000,1.0,1.075,6
3,181,1,mle,1.0,1.0,0.05,5000,1.0,1.075,22
3,182,1,mle,1.0,1.0,0.05,5000,1.0,1.075,36
3,183,1,mle,1.0,1.0,0.05,5000,1.0,1.075,44
3,184,1,mle,1.0,1.0,0.05,5000,1.0,1.075,10
3,185,1,mle,1.0,1.0,0.05,5000,1.0,1.075,50
3,186,1,mle,1.0,1.0,0.05,5000,1.0,1.075,44
3,187,1,mle,1.0,1.0,0.05,5000,1.0,1.075,20
3,188,1,mle,1.0,1.0,0.05,5000,1.0,1.075,233
3,189,1,mle,1.0,1.0,0.05,5000,1.0,1.075,5
3,190,1,mle,1.0,1.0,0.05,5000,1.0,1.075,30
3,191,1,mle,1.0,1.0,0.05,5000,1.0,1.075,86
3,192,1,mle,1.0,1.0,0.05,5000,1.0,1.075,50
3,193,1,mle,1.0,1.0,0.05,5000,1.0,1.075,4
3,194,1,mle,1.0,1.0,0.05,5000,1.0,1.075,10
3,195,1,mle,1.0,1.0,0.05,5000,1.0,1.075,9
3,196,1,mle,1.0,1.0,0.05,5000,1.0,1.075,38
3,197,1,mle,1.0,1.0,0.05,5000,1.0,1.075,4
3,198,1,mle,1.0,1.0,0.05,5000,1.0,1.075,16
3,199,1,mle,1.0,1.0,0.05,5000,1.0,1.075,4
3,200,1,mle,1.0,1.0,0.05,5000,1.0,1.075,4
3,1,1,mle,1.0,1.0,0.05,5000,1.0,1.1,56
3,2,1,mle,1.0,1.0,0.05,5000,1.0,1.1,4
3,3,1,mle,1.0,1.0,0.05,5000,1.0,1.1,10
3,4,1,mle,1.0,1.0,0.05,5000,1.0,1.1,21
3,5,1,mle,1.0,1.0,0.05,5000,1.0,1.1,4
3,6,1,mle,1.0,1.0,0.05,5000,1.0,1.1,34
3,7,1,mle,1.0,1.0,0.05,5000,1.0,1.1,18
3,8,1,mle,1.0,1.0,0.05,5000,1.0,1.1,6
3,9,1,mle,1.0,1.0,0.05,5000,1.0,1.1,24
3,10,1,mle,1.0,1.0,0.05,5000,1.0,1.1,41
3,11,1,mle,1.0,1.0,0.05,5000,1.0,1.1,10
3,12,1,mle,1.0,1.0,0.05,5000,1.0,1.1,11
3,13,1,mle,1.0,1.0,0.05,5000,1.0,1.1,9
3,14,1,mle,1.0,1.0,0.05,5000,1.0,1.1,12
3,15,1,mle,1.0,1.0,0.05,5000,1.0,1.1,37
3,16,1,mle,1.0,1.0,0.05,5000,1.0,1.1,33
3,17,1,mle,1.0,1.0,0.05,5000,1.0,1.1,5
3,18,1,mle,1.0,1.0,0.05,5000,1.0,1.1,15
3,19,1,mle,1.0,1.0,0.05,5000,1.0,1.1,46
3,20,1,mle,1.0,1.0,0.05,5000,1.0,1.1,11
3,21,1,mle,1.0,1.0,0.05,5000,1.0,1.1,24
3,22,1,mle,1.0,1.0,0.05,5000,1.0,1.1,84
3,23,1,mle,1.0,1.0,0.05,5000,1.0,1.1,9
3,24,1,mle,1.0,1.0,0.05,5000,1.0,1.1,25
3,25,1,mle,1.0,1.0,0.05,5000,1.0,1.1,21
3,26,1,mle,1.0,1.0,0.05,5000,1.0,1.1,13
3,27,1,mle,1.0,1.0,0.05,5000,1.0,1.1,71
3,28,1,mle,1.0,1.0,0.05,5000,1.0,1.1,19
3,29,1,mle,1.0,1.0,0.05,5000,1.0,1.1,333
3,30,1,mle,1.0,1.0,0.05,5000,1.0,1.1,148
3,31,1,mle,1.0,1.0,0.05,5000,1.0,1.1,11
3,32,1,mle,1.0,1.0,0.05,5000,1.0,1.1,15
3,33,1,mle,1.0,1.0,0.05,5000,1.0,1.1,4
3,34,1,mle,1.0,1.0,0.05,5000,1.0,1.1,36
3,35,1,mle,1.0,1.0,0.05,5000,1.0,1.1,10
3,36,1,mle,1.0,1.0,0.05,5000,1.0,1.1,20
3,37,1,mle,1.0,1.0,0.05,5000,1.0,1.1,31
3,38,1,mle,1.0,1.0,0.05,5000,1.0,1.1,5
3,39,1,mle,1.0,1.0,0.05,5000,1.0,1.1,21
3,40,1,mle,1.0,1.0,0.05,5000,1.0,1.1,6
3,41,1,mle,1.0,1.0,0.05,5000,1.0,1.1,23
3,42,1,mle,1.0,1.0,0.05,5000,1.0,1.1,7
3,43,1,mle,1.0,1.0,0.05,5000,1.0,1.1,9
3,44,1,mle,1.0,1.0,0.05,5000,1.0,1.1,13
3,45,1,mle,1.0,1.0,0.05,5000,1.0,1.1,37
3,46,1,mle,1.0,1.0,0.05,5000,1.0,1.1,18
3,47,1,mle,1.0,1.0,0.05,5000,1.0,1.1,27
3,48,1,mle,1.0,1.0,0.05,5000,1.0,1.1,4
3,49,1,mle,1.0,1.0,0.05,5000,1.0,1.1,15
3,50,1,mle,1.0,1.0,0.05,5000,1.0,1.1,32
3,51,1,mle,1.0,1.0,0.05,5000,1.0,1.1,10
3,52,1,mle,1.0,1.0,0.05,5000,1.0,1.1,5
3,53,1,mle,1.0,1.0,0.05,5000,1.0,1.1,6
3,54,1,mle,1.0,1.0,0.05,5000,1.0,1.1,8
3,55,1,mle,1.0,1.0,0.05,5000,1.0,1.1,4
3,56,1,mle,1.0,1.0,0.05,5000,1.0,1.1,5
3,57,1,mle,1.0,1.0,0.05,5000,1.0,1.1,13
3,58,1,mle,1.0,1.0,0.05,5000,1.0,1.1,40
3,59,1,mle,1.0,1.0,0.05,5000,1.0,1.1,5
3,60,1,mle,1.0,1.0,0.05,5000,1.0,1.1,5
3,61,1,mle,1.0,1.0,0.05,5000,1.0,1.1,13
3,62,1,mle,1.0,1.0,0.05,5000,1.0,1.1,4
3,63,1,mle,1.0,1.0,0.05,5000,1.0,1.1,39
3,64,1,mle,1.0,1.0,0.05,5000,1.0,1.1,16
3,65,1,mle,1.0,1.0,0.05,5000,1.0,1.1,4
3,66,1,mle,1.0,1.0,0.05,5000,1.0,1.1,7
3,67,1,mle,1.0,1.0,0.05,5000,1.0,1.1,7
3,68,1,mle,1.0,1.0,0.05,5000,1.0,1.1,4
3,69,1,mle,1.0,1.0,0.05,5000,1.0,1.1,64
3,70,1,mle,1.0,1.0,0.05,5000,1.0,1.1,8
3,71,1,mle,1.0,1.0,0.05,5000,1.0,1.1,15
3,72,1,mle,1.0,1.0,0.05,5000,1.0,1.1,55
3,73,1,mle,1.0,1.0,0.05,5000,1.0,1.1,4
3,74,1,mle,1.0,1.0,0.05,5000,1.0,1.1,8
3,75,1,mle,1.0,1.0,0.05,5000,1.0,1.1,65
3,76,1,mle,1.0,1.0,0.05,5000,1.0,1.1,6
3,77,1,mle,1.0,1.0,0.05,5000,1.0,1.1,73
3,78,1,mle,1.0,1.0,0.05,5000,1.0,1.1,9
3,79,1,mle,1.0,1.0,0.05,5000,1.0,1.1,6
3,80,1,mle,1.0,1.0,0.05,5000,1.0,1.1,44
3,81,1,mle,1.0,1.0,0.05,5000,1.0,1.1,7
3,82,1,mle,1.0,1.0,0.05,5000,1.0,1.1,15
3,83,1,mle,1.0,1.0,0.05,5000,1.0,1.1,18
3,84,1,mle,1.0,1.0,0.05,5000,1.0,1.1,21
3,85,1,mle,1.0,1.0,0.05,5000,1.0,1.1,8
3,86,1,mle,1.0,1.0,0.05,5000,1.0,1.1,56
3,87,1,mle,1.0,1.0,0.05,5000,1.0,1.1,33
3,88,1,mle,1.0,1.0,0.05,5000,1.0,1.1,20
3,89,1,mle,1.0,1.0,0.05,5000,1.0,1.1,5
3,90,1,mle,1.0,1.0,0.05,5000,1.0,1.1,5
3,91,1,mle,1.0,1.0,0.05,5000,1.0,1.1,16
3,92,1,mle,1.0,1.0,0.05,5000,1.0,1.1,236
3,93,1,mle,1.0,1.0,0.05,5000,1.0,1.1,134
3,94,1,mle,1.0,1.0,0.05,5000,1.0,1.1,11
3,95,1,mle,1.0,1.0,0.05,5000,1.0,1.1,10
3,96,1,mle,1.0,1.0,0.05,5000,1.0,1.1,31
3,97,1,mle,1.0,1.0,0.05,5000,1.0,1.1,16
3,98,1,mle,1.0,1.0,0.05,5000,1.0,1.1,10
3,99,1,mle,1.0,1.0,0.05,5000,1.0,1.1,5
3,100,1,mle,1.0,1.0,0.05,5000,1.0,1.1,77
3,101,1,mle,1.0,1.0,0.05,5000,1.0,1.1,20
3,102,1,mle,1.0,1.0,0.05,5000,1.0,1.1,7
3,103,1,mle,1.0,1.0,0.05,5000,1.0,1.1,6
3,104,1,mle,1.0,1.0,0.05,5000,1.0,1.1,4
3,105,1,mle,1.0,1.0,0.05,5000,1.0,1.1,44
3,106,1,mle,1.0,1.0,0.05,5000,1.0,1.1,75
3,107,1,mle,1.0,1.0,0.05,5000,1.0,1.1,25
3,108,1,mle,1.0,1.0,0.05,5000,1.0,1.1,10
3,109,1,mle,1.0,1.0,0.05,5000,1.0,1.1,5
3,110,1,mle,1.0,1.0,0.05,5000,1.0,1.1,67
3,111,1,mle,1.0,1.0,0.05,5000,1.0,1.1,4
3,112,1,mle,1.0,1.0,0.05,5000,1.0,1.1,29
3,113,1,mle,1.0,1.0,0.05,5000,1.0,1.1,5
3,114,1,mle,1.0,1.0,0.05,5000,1.0,1.1,14
3,115,1,mle,1.0,1.0,0.05,5000,1.0,1.1,20
3,116,1,mle,1.0,1.0,0.05,5000,1.0,1.1,10
3,117,1,mle,1.0,1.0,0.05,5000,1.0,1.1,31
3,118,1,mle,1.0,1.0,0.05,5000,1.0,1.1,7
3,119,1,mle,1.0,1.0,0.05,5000,1.0,1.1,43
3,120,1,mle,1.0,1.0,0.05,5000,1.0,1.1,29
3,121,1,mle,1.0,1.0,0.05,5000,1.0,1.1,18
3,122,1,mle,1.0,1.0,0.05,5000,1.0,1.1,26
3,123,1,mle,1.0,1.0,0.05,5000,1.0,1.1,8
3,124,1,mle,1.0,1.0,0.05,5000,1.0,1.1,9
3,125,1,mle,1.0,1.0,0.05,5000,1.0,1.1,92
3,126,1,mle,1.0,1.0,0.05,5000,1.0,1.1,21
3,127,1,mle,1.0,1.0,0.05,5000,1.0,1.1,9
3,128,1,mle,1.0,1.0,0.05,5000,1.0,1.1,43
3,129,1,mle,1.0,1.0,0.05,5000,1.0,1.1,32
3,130,1,mle,1.0,1.0,0.05,5000,1.0,1.1,5
3,131,1,mle,1.0,1.0,0.05,5000,1.0,1.1,5
3,132,1,mle,1.0,1.0,0.05,5000,1.0,1.1,5
3,133,1,mle,1.0,1.0,0.05,5000,1.0,1.1,4
3,134,1,mle,1.0,1.0,0.05,5000,1.0,1.1,18
3,135,1,mle,1.0,1.0,0.05,5000,1.0,1.1,80
3,136,1,mle,1.0,1.0,0.05,5000,1.0,1.1,7
3,137,1,mle,1.0,1.0,0.05,5000,1.0,1.1,4
3,138,1,mle,1.0,1.0,0.05,5000,1.0,1.1,4
3,139,1,mle,1.0,1.0,0.05,5000,1.0,1.1,70
3,140,1,mle,1.0,1.0,0.05,5000,1.0,1.1,11
3,141,1,mle,1.0,1.0,0.05,5000,1.0,1.1,31
3,142,1,mle,1.0,1.0,0.05,5000,1.0,1.1,28
3,143,1,mle,1.0,1.0,0.05,5000,1.0,1.1,17
3,144,1,mle,1.0,1.0,0.05,5000,1.0,1.1,4
3,145,1,mle,1.0,1.0,0.05,5000,1.0,1.1,4
3,146,1,mle,1.0,1.0,0.05,5000,1.0,1.1,40
3,147,1,mle,1.0,1.0,0.05,5000,1.0,1.1,14
3,148,1,mle,1.0,1.0,0.05,5000,1.0,1.1,5
3,149,1,mle,1.0,1.0,0.05,5000,1.0,1.1,8
3,150,1,mle,1.0,1.0,0.05,5000,1.0,1.1,21
3,151,1,mle,1.0,1.0,0.05,5000,1.0,1.1,5
3,152,1,mle,1.0,1.0,0.05,5000,1.0,1.1,21
3,153,1,mle,1.0,1.0,0.05,5000,1.0,1.1,33
3,154,1,mle,1.0,1.0,0.05,5000,1.0,1.1,4
3,155,1,mle,1.0,1.0,0.05,5000,1.0,1.1,5
3,156,1,mle,1.0,1.0,0.05,5000,1.0,1.1,12
3,157,1,mle,1.0,1.0,0.05,5000,1.0,1.1,17
3,158,1,mle,1.0,1.0,0.05,5000,1.0,1.1,5
3,159,1,mle,1.0,1.0,0.05,5000,1.0,1.1,32
3,160,1,mle,1.0,1.0,0.05,5000,1.0,1.1,4
3,161,1,mle,1.0,1.0,0.05,5000,1.0,1.1,5
3,162,1,mle,1.0,1.0,0.05,5000,1.0,1.1,7
3,163,1,mle,1.0,1.0,0.05,5000,1.0,1.1,1
3,164,1,mle,1.0,1.0,0.05,5000,1.0,1.1,47
3,165,1,mle,1.0,1.0,0.05,5000,1.0,1.1,4
3,166,1,mle,1.0,1.0,0.05,5000,1.0,1.1,25
3,167,1,mle,1.0,1.0,0.05,5000,1.0,1.1,7
3,168,1,mle,1.0,1.0,0.05,5000,1.0,1.1,29
3,169,1,mle,1.0,1.0,0.05,5000,1.0,1.1,8
3,170,1,mle,1.0,1.0,0.05,5000,1.0,1.1,20
3,171,1,mle,1.0,1.0,0.05,5000,1.0,1.1,91
3,172,1,mle,1.0,1.0,0.05,5000,1.0,1.1,48
3,173,1,mle,1.0,1.0,0.05,5000,1.0,1.1,30
3,174,1,mle,1.0,1.0,0.05,5000,1.0,1.1,4
3,175,1,mle,1.0,1.0,0.05,5000,1.0,1.1,4
3,176,1,mle,1.0,1.0,0.05,5000,1.0,1.1,5
3,177,1,mle,1.0,1.0,0.05,5000,1.0,1.1,19
3,178,1,mle,1.0,1.0,0.05,5000,1.0,1.1,5
3,179,1,mle,1.0,1.0,0.05,5000,1.0,1.1,4
3,180,1,mle,1.0,1.0,0.05,5000,1.0,1.1,9
3,181,1,mle,1.0,1.0,0.05,5000,1.0,1.1,8
3,182,1,mle,1.0,1.0,0.05,5000,1.0,1.1,25
3,183,1,mle,1.0,1.0,0.05,5000,1.0,1.1,24
3,184,1,mle,1.0,1.0,0.05,5000,1.0,1.1,35
3,185,1,mle,1.0,1.0,0.05,5000,1.0,1.1,7
3,186,1,mle,1.0,1.0,0.05,5000,1.0,1.1,45
3,187,1,mle,1.0,1.0,0.05,5000,1.0,1.1,42
3,188,1,mle,1.0,1.0,0.05,5000,1.0,1.1,51
3,189,1,mle,1.0,1.0,0.05,5000,1.0,1.1,4
3,190,1,mle,1.0,1.0,0.05,5000,1.0,1.1,7
3,191,1,mle,1.0,1.0,0.05,5000,1.0,1.1,41
3,192,1,mle,1.0,1.0,0.05,5000,1.0,1.1,9
3,193,1,mle,1.0,1.0,0.05,5000,1.0,1.1,12
3,194,1,mle,1.0,1.0,0.05,5000,1.0,1.1,70
3,195,1,mle,1.0,1.0,0.05,5000,1.0,1.1,15
3,196,1,mle,1.0,1.0,0.05,5000,1.0,1.1,23
3,197,1,mle,1.0,1.0,0.05,5000,1.0,1.1,34
3,198,1,mle,1.0,1.0,0.05,5000,1.0,1.1,4
3,199,1,mle,1.0,1.0,0.05,5000,1.0,1.1,6
3,200,1,mle,1.0,1.0,0.05,5000,1.0,1.1,11
4,1,1,mle,1.0,1.0,0.05,5000,1.0,1.0,452
4,2,1,mle,1.0,1.0,0.05,5000,1.0,1.0,296
4,3,1,mle,1.0,1.0,0.05,5000,1.0,1.0,30
4,4,1,mle,1.0,1.0,0.05,5000,1.0,1.0,145
4,5,1,mle,1.0,1.0,0.05,5000,1.0,1.0,15
4,6,1,mle,1.0,1.0,0.05,5000,1.0,1.0,124
4,7,1,mle,1.0,1.0,0.05,5000,1.0,1.0,208
4,8,1,mle,1.0,1.0,0.05,5000,1.0,1.0,112
4,9,1,mle,1.0,1.0,0.05,5000,1.0,1.0,50
4,10,1,mle,1.0,1.0,0.05,5000,1.0,1.0,15
4,11,1,mle,1.0,1.0,0.05,5000,1.0,1.0,107
4,12,1,mle,1.0,1.0,0.05,5000,1.0,1.0,80
4,13,1,mle,1.0,1.0,0.05,5000,1.0,1.0,81
4,14,1,mle,1.0,1.0,0.05,5000,1.0,1.0,32
4,15,1,mle,1.0,1.0,0.05,5000,1.0,1.0,102
4,16,1,mle,1.0,1.0,0.05,5000,1.0,1.0,155
4,17,1,mle,1.0,1.0,0.05,5000,1.0,1.0,90
4,18,1,mle,1.0,1.0,0.05,5000,1.0,1.0,69
4,19,1,mle,1.0,1.0,0.05,5000,1.0,1.0,99
4,20,1,mle,1.0,1.0,0.05,5000,1.0,1.0,97
4,21,1,mle,1.0,1.0,0.05,5000,1.0,1.0,122
4,22,1,mle,1.0,1.0,0.05,5000,1.0,1.0,64
4,23,1,mle,1.0,1.0,0.05,5000,1.0,1.0,832
4,24,1,mle,1.0,1.0,0.05,5000,1.0,1.0,25
4,25,1,mle,1.0,1.0,0.05,5000,1.0,1.0,64
4,26,1,mle,1.0,1.0,0.05,5000,1.0,1.0,190
4,27,1,mle,1.0,1.0,0.05,5000,1.0,1.0,43
4,28,1,mle,1.0,1.0,0.05,5000,1.0,1.0,88
4,29,1,mle,1.0,1.0,0.05,5000,1.0,1.0,12
4,30,1,mle,1.0,1.0,0.05,5000,1.0,1.0,126
4,31,1,mle,1.0,1.0,0.05,5000,1.0,1.0,20
4,32,1,mle,1.0,1.0,0.05,5000,1.0,1.0,75
4,33,1,mle,1.0,1.0,0.05,5000,1.0,1.0,47
4,34,1,mle,1.0,1.0,0.05,5000,1.0,1.0,126
4,35,1,mle,1.0,1.0,0.05,5000,1.0,1.0,526
4,36,1,mle,1.0,1.0,0.05,5000,1.0,1.0,78
4,37,1,mle,1.0,1.0,0.05,5000,1.0,1.0,79
4,38,1,mle,1.0,1.0,0.05,5000,1.0,1.0,92
4,39,1,mle,1.0,1.0,0.05,5000,1.0,1.0,1146
4,40,1,mle,1.0,1.0,0.05,5000,1.0,1.0,16
4,41,1,mle,1.0,1.0,0.05,5000,1.0,1.0,55
4,42,1,mle,1.0,1.0,0.05,5000,1.0,1.0,389
4,43,1,mle,1.0,1.0,0.05,5000,1.0,1.0,20
4,44,1,mle,1.0,1.0,0.05,5000,1.0,1.0,24
4,45,1,mle,1.0,1.0,0.05,5000,1.0,1.0,15
4,46,1,mle,1.0,1.0,0.05,5000,1.0,1.0,48
4,47,1,mle,1.0,1.0,0.05,5000,1.0,1.0,122
4,48,1,mle,1.0,1.0,0.05,5000,1.0,1.0,239
4,49,1,mle,1.0,1.0,0.05,5000,1.0,1.0,16
4,50,1,mle,1.0,1.0,0.05,5000,1.0,1.0,50
4,51,1,mle,1.0,1.0,0.05,5000,1.0,1.0,30
4,52,1,mle,1.0,1.0,0.05,5000,1.0,1.0,48
4,53,1,mle,1.0,1.0,0.05,5000,1.0,1.0,62
4,54,1,mle,1.0,1.0,0.05,5000,1.0,1.0,119
4,55,1,mle,1.0,1.0,0.05,5000,1.0,1.0,36
4,56,1,mle,1.0,1.0,0.05,5000,1.0,1.0,63
4,57,1,mle,1.0,1.0,0.05,5000,1.0,1.0,33
4,58,1,mle,1.0,1.0,0.05,5000,1.0,1.0,114
4,59,1,mle,1.0,1.0,0.05,5000,1.0,1.0,7
4,60,1,mle,1.0,1.0,0.05,5000,1.0,1.0,78
4,61,1,mle,1.0,1.0,0.05,5000,1.0,1.0,24
4,62,1,mle,1.0,1.0,0.05,5000,1.0,1.0,1030
4,63,1,mle,1.0,1.0,0.05,5000,1.0,1.0,24
4,64,1,mle,1.0,1.0,0.05,5000,1.0,1.0,98
4,65,1,mle,1.0,1.0,0.05,5000,1.0,1.0,192
4,66,1,mle,1.0,1.0,0.05,5000,1.0,1.0,357
4,67,1,mle,1.0,1.0,0.05,5000,1.0,1.0,19
4,68,1,mle,1.0,1.0,0.05,5000,1.0,1.0,166
4,69,1,mle,1.0,1.0,0.05,5000,1.0,1.0,30
4,70,1,mle,1.0,1.0,0.05,5000,1.0,1.0,284
4,71,1,mle,1.0,1.0,0.05,5000,1.0,1.0,605
4,72,1,mle,1.0,1.0,0.05,5000,1.0,1.0,20
4,73,1,mle,1.0,1.0,0.05,5000,1.0,1.0,154
4,74,1,mle,1.0,1.0,0.05,5000,1.0,1.0,174
4,75,1,mle,1.0,1.0,0.05,5000,1.0,1.0,10
4,76,1,mle,1.0,1.0,0.05,5000,1.0,1.0,65
4,77,1,mle,1.0,1.0,0.05,5000,1.0,1.0,518
4,78,1,mle,1.0,1.0,0.05,5000,1.0,1.0,25
4,79,1,mle,1.0,1.0,0.05,5000,1.0,1.0,81
4,80,1,mle,1.0,1.0,0.05,5000,1.0,1.0,161
4,81,1,mle,1.0,1.0,0.05,5000,1.0,1.0,180
4,82,1,mle,1.0,1.0,0.05,5000,1.0,1.0,61
4,83,1,mle,1.0,1.0,0.05,5000,1.0,1.0,36
4,84,1,mle,1.0,1.0,0.05,5000,1.0,1.0,38
4,85,1,mle,1.0,1.0,0.05,5000,1.0,1.0,23
4,86,1,mle,1.0,1.0,0.05,5000,1.0,1.0,20
4,87,1,mle,1.0,1.0,0.05,5000,1.0,1.0,196
4,88,1,mle,1.0,1.0,0.05,5000,1.0,1.0,732
4,89,1,mle,1.0,1.0,0.05,5000,1.0,1.0,15
4,90,1,mle,1.0,1.0,0.05,5000,1.0,1.0,528
4,91,1,mle,1.0,1.0,0.05,5000,1.0,1.0,202
4,92,1,mle,1.0,1.0,0.05,5000,1.0,1.0,61
4,93,1,mle,1.0,1.0,0.05,5000,1.0,1.0,15
4,94,1,mle,1.0,1.0,0.05,5000,1.0,1.0,71
4,95,1,mle,1.0,1.0,0.05,5000,1.0,1.0,19
4,96,1,mle,1.0,1.0,0.05,5000,1.0,1.0,169
4,97,1,mle,1.0,1.0,0.05,5000,1.0,1.0,80
4,98,1,mle,1.0,1.0,0.05,5000,1.0,1.0,38
4,99,1,mle,1.0,1.0,0.05,5000,1.0,1.0,666
4,100,1,mle,1.0,1.0,0.05,5000,1.0,1.0,16
4,101,1,mle,1.0,1.0,0.05,5000,1.0,1.0,187
4,102,1,mle,1.0,1.0,0.05,5000,1.0,1.0,42
4,103,1,mle,1.0,1.0,0.05,5000,1.0,1.0,24
4,104,1,mle,1.0,1.0,0.05,5000,1.0,1.0,98
4,105,1,mle,1.0,1.0,0.05,5000,1.0,1.0,142
4,106,1,mle,1.0,1.0,0.05,5000,1.0,1.0,16
4,107,1,mle,1.0,1.0,0.05,5000,1.0,1.0,10
4,108,1,mle,1.0,1.0,0.05,5000,1.0,1.0,148
4,109,1,mle,1.0,1.0,0.05,5000,1.0,1.0,172
4,110,1,mle,1.0,1.0,0.05,5000,1.0,1.0,19
4,111,1,mle,1.0,1.0,0.05,5000,1.0,1.0,86
4,112,1,mle,1.0,1.0,0.05,5000,1.0,1.0,19
4,113,1,mle,1.0,1.0,0.05,5000,1.0,1.0,21
4,114,1,mle,1.0,1.0,0.05,5000,1.0,1.0,162
4,115,1,mle,1.0,1.0,0.05,5000,1.0,1.0,12
4,116,1,mle,1.0,1.0,0.05,5000,1.0,1.0,33
4,117,1,mle,1.0,1.0,0.05,5000,1.0,1.0,69
4,118,1,mle,1.0,1.0,0.05,5000,1.0,1.0,194
4,119,1,mle,1.0,1.0,0.05,5000,1.0,1.0,58
4,120,1,mle,1.0,1.0,0.05,5000,1.0,1.0,37
4,121,1,mle,1.0,1.0,0.05,5000,1.0,1.0,18
4,122,1,mle,1.0,1.0,0.05,5000,1.0,1.0,23
4,123,1,mle,1.0,1.0,0.05,5000,1.0,1.0,179
4,124,1,mle,1.0,1.0,0.05,5000,1.0,1.0,30
4,125,1,mle,1.0,1.0,0.05,5000,1.0,1.0,20
4,126,1,mle,1.0,1.0,0.05,5000,1.0,1.0,29
4,127,1,mle,1.0,1.0,0.05,5000,1.0,1.0,488
4,128,1,mle,1.0,1.0,0.05,5000,1.0,1.0,234
4,129,1,mle,1.0,1.0,0.05,5000,1.0,1.0,116
4,130,1,mle,1.0,1.0,0.05,5000,1.0,1.0,43
4,131,1,mle,1.0,1.0,0.05,5000,1.0,1.0,52
4,132,1,mle,1.0,1.0,0.05,5000,1.0,1.0,6
4,133,1,mle,1.0,1.0,0.05,5000,1.0,1.0,42
4,134,1,mle,1.0,1.0,0.05,5000,1.0,1.0,57
4,135,1,mle,1.0,1.0,0.05,5000,1.0,1.0,148
4,136,1,mle,1.0,1.0,0.05,5000,1.0,1.0,16
4,137,1,mle,1.0,1.0,0.05,5000,1.0,1.0,42
4,138,1,mle,1.0,1.0,0.05,5000,1.0,1.0,78
4,139,1,mle,1.0,1.0,0.05,5000,1.0,1.0,20
4,140,1,mle,1.0,1.0,0.05,5000,1.0,1.0,23
4,141,1,mle,1.0,1.0,0.05,5000,1.0,1.0,38
4,142,1,mle,1.0,1.0,0.05,5000,1.0,1.0,139
4,143,1,mle,1.0,1.0,0.05,5000,1.0,1.0,29
4,144,1,mle,1.0,1.0,0.05,5000,1.0,1.0,31
4,145,1,mle,1.0,1.0,0.05,5000,1.0,1.0,28
4,146,1,mle,1.0,1.0,0.05,5000,1.0,1.0,33
4,147,1,mle,1.0,1.0,0.05,5000,1.0,1.0,152
4,148,1,mle,1.0,1.0,0.05,5000,1.0,1.0,36
4,149,1,mle,1.0,1.0,0.05,5000,1.0,1.0,170
4,150,1,mle,1.0,1.0,0.05,5000,1.0,1.0,76
4,151,1,mle,1.0,1.0,0.05,5000,1.0,1.0,16
4,152,1,mle,1.0,1.0,0.05,5000,1.0,1.0,35
4,153,1,mle,1.0,1.0,0.05,5000,1.0,1.0,100
4,154,1,mle,1.0,1.0,0.05,5000,1.0,1.0,118
4,155,1,mle,1.0,1.0,0.05,5000,1.0,1.0,165
4,156,1,mle,1.0,1.0,0.05,5000,1.0,1.0,65
4,157,1,mle,1.0,1.0,0.05,5000,1.0,1.0,181
4,158,1,mle,1.0,1.0,0.05,5000,1.0,1.0,195
4,159,1,mle,1.0,1.0,0.05,5000,1.0,1.0,30
4,160,1,mle,1.0,1.0,0.05,5000,1.0,1.0,108
4,161,1,mle,1.0,1.0,0.05,5000,1.0,1.0,135
4,162,1,mle,1.0,1.0,0.05,5000,1.0,1.0,69
4,163,1,mle,1.0,1.0,0.05,5000,1.0,1.0,43
4,164,1,mle,1.0,1.0,0.05,5000,1.0,1.0,76
4,165,1,mle,1.0,1.0,0.05,5000,1.0,1.0,9
4,166,1,mle,1.0,1.0,0.05,5000,1.0,1.0,627
4,167,1,mle,1.0,1.0,0.05,5000,1.0,1.0,40
4,168,1,mle,1.0,1.0,0.05,5000,1.0,1.0,73
4,169,1,mle,1.0,1.0,0.05,5000,1.0,1.0,186
4,170,1,mle,1.0,1.0,0.05,5000,1.0,1.0,47
4,171,1,mle,1.0,1.0,0.05,5000,1.0,1.0,14
4,172,1,mle,1.0,1.0,0.05,5000,1.0,1.0,203
4,173,1,mle,1.0,1.0,0.05,5000,1.0,1.0,131
4,174,1,mle,1.0,1.0,0.05,5000,1.0,1.0,298
4,175,1,mle,1.0,1.0,0.05,5000,1.0,1.0,17
4,176,1,mle,1.0,1.0,0.05,5000,1.0,1.0,29
4,177,1,mle,1.0,1.0,0.05,5000,1.0,1.0,8
4,178,1,mle,1.0,1.0,0.05,5000,1.0,1.0,81
4,179,1,mle,1.0,1.0,0.05,5000,1.0,1.0,29
4,180,1,mle,1.0,1.0,0.05,5000,1.0,1.0,192
4,181,1,mle,1.0,1.0,0.05,5000,1.0,1.0,80
4,182,1,mle,1.0,1.0,0.05,5000,1.0,1.0,16
4,183,1,mle,1.0,1.0,0.05,5000,1.0,1.0,37
4,184,1,mle,1.0,1.0,0.05,5000,1.0,1.0,883
4,185,1,mle,1.0,1.0,0.05,5000,1.0,1.0,86
4,186,1,mle,1.0,1.0,0.05,5000,1.0,1.0,31
4,187,1,mle,1.0,1.0,0.05,5000,1.0,1.0,61
4,188,1,mle,1.0,1.0,0.05,5000,1.0,1.0,72
4,189,1,mle,1.0,1.0,0.05,5000,1.0,1.0,14
4,190,1,mle,1.0,1.0,0.05,5000,1.0,1.0,56
4,191,1,mle,1.0,1.0,0.05,5000,1.0,1.0,141
4,192,1,mle,1.0,1.0,0.05,5000,1.0,1.0,140
4,193,1,mle,1.0,1.0,0.05,5000,1.0,1.0,56
4,194,1,mle,1.0,1.0,0.05,5000,1.0,1.0,65
4,195,1,mle,1.0,1.0,0.05,5000,1.0,1.0,20
4,196,1,mle,1.0,1.0,0.05,5000,1.0,1.0,40
4,197,1,mle,1.0,1.0,0.05,5000,1.0,1.0,42
4,198,1,mle,1.0,1.0,0.05,5000,1.0,1.0,81
4,199,1,mle,1.0,1.0,0.05,5000,1.0,1.0,506
4,200,1,mle,1.0,1.0,0.05,5000,1.0,1.0,41
4,1,1,mle,1.0,1.0,0.05,5000,1.0,1.025,71
4,2,1,mle,1.0,1.0,0.05,5000,1.0,1.025,310
4,3,1,mle,1.0,1.0,0.05,5000,1.0,1.025,128
4,4,1,mle,1.0,1.0,0.05,5000,1.0,1.025,26
4,5,1,mle,1.0,1.0,0.05,5000,1.0,1.025,20
4,6,1,mle,1.0,1.0,0.05,5000,1.0,1.025,14
4,7,1,mle,1.0,1.0,0.05,5000,1.0,1.025,42
4,8,1,mle,1.0,1.0,0.05,5000,1.0,1.025,37
4,9,1,mle,1.0,1.0,0.05,5000,1.0,1.025,43
4,10,1,mle,1.0,1.0,0.05,5000,1.0,1.025,72
4,11,1,mle,1.0,1.0,0.05,5000,1.0,1.025,24
4,12,1,mle,1.0,1.0,0.05,5000,1.0,1.025,16
4,13,1,mle,1.0,1.0,0.05,5000,1.0,1.025,49
4,14,1,mle,1.0,1.0,0.05,5000,1.0,1.025,125
4,15,1,mle,1.0,1.0,0.05,5000,1.0,1.025,11
4,16,1,mle,1.0,1.0,0.05,5000,1.0,1.025,30
4,17,1,mle,1.0,1.0,0.05,5000,1.0,1.025,202
4,18,1,mle,1.0,1.0,0.05,5000,1.0,1.025,40
4,19,1,mle,1.0,1.0,0.05,5000,1.0,1.025,9
4,20,1,mle,1.0,1.0,0.05,5000,1.0,1.025,172
4,21,1,mle,1.0,1.0,0.05,5000,1.0,1.025,32
4,22,1,mle,1.0,1.0,0.05,5000,1.0,1.025,7
4,23,1,mle,1.0,1.0,0.05,5000,1.0,1.025,33
4,24,1,mle,1.0,1.0,0.05,5000,1.0,1.025,56
4,25,1,mle,1.0,1.0,0.05,5000,1.0,1.025,1322
4,26,1,mle,1.0,1.0,0.05,5000,1.0,1.025,32
4,27,1,mle,1.0,1.0,0.05,5000,1.0,1.025,156
4,28,1,mle,1.0,1.0,0.05,5000,1.0,1.025,57
4,29,1,mle,1.0,1.0,0.05,5000,1.0,1.025,50
4,30,1,mle,1.0,1.0,0.05,5000,1.0,1.025,32
4,31,1,mle,1.0,1.0,0.05,5000,1.0,1.025,87
4,32,1,mle,1.0,1.0,0.05,5000,1.0,1.025,104
4,33,1,mle,1.0,1.0,0.05,5000,1.0,1.025,29
4,34,1,mle,1.0,1.0,0.05,5000,1.0,1.025,275
4,35,1,mle,1.0,1.0,0.05,5000,1.0,1.025,49
4,36,1,mle,1.0,1.0,0.05,5000,1.0,1.025,16
4,37,1,mle,1.0,1.0,0.05,5000,1.0,1.025,20
4,38,1,mle,1.0,1.0,0.05,5000,1.0,1.025,157
4,39,1,mle,1.0,1.0,0.05,5000,1.0,1.025,414
4,40,1,mle,1.0,1.0,0.05,5000,1.0,1.025,14
4,41,1,mle,1.0,1.0,0.05,5000,1.0,1.025,9
4,42,1,mle,1.0,1.0,0.05,5000,1.0,1.025,40
4,43,1,mle,1.0,1.0,0.05,5000,1.0,1.025,122
4,44,1,mle,1.0,1.0,0.05,5000,1.0,1.025,10
4,45,1,mle,1.0,1.0,0.05,5000,1.0,1.025,455
4,46,1,mle,1.0,1.0,0.05,5000,1.0,1.025,210
4,47,1,mle,1.0,1.0,0.05,5000,1.0,1.025,27
4,48,1,mle,1.0,1.0,0.05,5000,1.0,1.025,100
4,49,1,mle,1.0,1.0,0.05,5000,1.0,1.025,145
4,50,1,mle,1.0,1.0,0.05,5000,1.0,1.025,20
4,51,1,mle,1.0,1.0,0.05,5000,1.0,1.025,177
4,52,1,mle,1.0,1.0,0.05,5000,1.0,1.025,114
4,53,1,mle,1.0,1.0,0.05,5000,1.0,1.025,389
4,54,1,mle,1.0,1.0,0.05,5000,1.0,1.025,574
4,55,1,mle,1.0,1.0,0.05,5000,1.0,1.025,68
4,56,1,mle,1.0,1.0,0.05,5000,1.0,1.025,56
4,57,1,mle,1.0,1.0,0.05,5000,1.0,1.025,39
4,58,1,mle,1.0,1.0,0.05,5000,1.0,1.025,21
4,59,1,mle,1.0,1.0,0.05,5000,1.0,1.025,255
4,60,1,mle,1.0,1.0,0.05,5000,1.0,1.025,45
4,61,1,mle,1.0,1.0,0.05,5000,1.0,1.025,210
4,62,1,mle,1.0,1.0,0.05,5000,1.0,1.025,25
4,63,1,mle,1.0,1.0,0.05,5000,1.0,1.025,32
4,64,1,mle,1.0,1.0,0.05,5000,1.0,1.025,21
4,65,1,mle,1.0,1.0,0.05,5000,1.0,1.025,87
4,66,1,mle,1.0,1.0,0.05,5000,1.0,1.025,40
4,67,1,mle,1.0,1.0,0.05,5000,1.0,1.025,8
4,68,1,mle,1.0,1.0,0.05,5000,1.0,1.025,63
4,69,1,mle,1.0,1.0,0.05,5000,1.0,1.025,7
4,70,1,mle,1.0,1.0,0.05,5000,1.0,1.025,268
4,71,1,mle,1.0,1.0,0.05,5000,1.0,1.025,596
4,72,1,mle,1.0,1.0,0.05,5000,1.0,1.025,41
4,73,1,mle,1.0,1.0,0.05,5000,1.0,1.025,32
4,74,1,mle,1.0,1.0,0.05,5000,1.0,1.025,34
4,75,1,mle,1.0,1.0,0.05,5000,1.0,1.025,189
4,76,1,mle,1.0,1.0,0.05,5000,1.0,1.025,24
4,77,1,mle,1.0,1.0,0.05,5000,1.0,1.025,212
4,78,1,mle,1.0,1.0,0.05,5000,1.0,1.025,53
4,79,1,mle,1.0,1.0,0.05,5000,1.0,1.025,76
4,80,1,mle,1.0,1.0,0.05,5000,1.0,1.025,60
4,81,1,mle,1.0,1.0,0.05,5000,1.0,1.025,46
4,82,1,mle,1.0,1.0,0.05,5000,1.0,1.025,48
4,83,1,mle,1.0,1.0,0.05,5000,1.0,1.025,15
4,84,1,mle,1.0,1.0,0.05,5000,1.0,1.025,163
4,85,1,mle,1.0,1.0,0.05,5000,1.0,1.025,80
4,86,1,mle,1.0,1.0,0.05,5000,1.0,1.025,391
4,87,1,mle,1.0,1.0,0.05,5000,1.0,1.025,46
4,88,1,mle,1.0,1.0,0.05,5000,1.0,1.025,43
4,89,1,mle,1.0,1.0,0.05,5000,1.0,1.025,49
4,90,1,mle,1.0,1.0,0.05,5000,1.0,1.025,21
4,91,1,mle,1.0,1.0,0.05,5000,1.0,1.025,191
4,92,1,mle,1.0,1.0,0.05,5000,1.0,1.025,36
4,93,1,mle,1.0,1.0,0.05,5000,1.0,1.025,37
4,94,1,mle,1.0,1.0,0.05,5000,1.0,1.025,45
4,95,1,mle,1.0,1.0,0.05,5000,1.0,1.025,456
4,96,1,mle,1.0,1.0,0.05,5000,1.0,1.025,8
4,97,1,mle,1.0,1.0,0.05,5000,1.0,1.025,205
4,98,1,mle,1.0,1.0,0.05,5000,1.0,1.025,103
4,99,1,mle,1.0,1.0,0.05,5000,1.0,1.025,169
4,100,1,mle,1.0,1.0,0.05,5000,1.0,1.025,11
4,101,1,mle,1.0,1.0,0.05,5000,1.0,1.025,67
4,102,1,mle,1.0,1.0,0.05,5000,1.0,1.025,9
4,103,1,mle,1.0,1.0,0.05,5000,1.0,1.025,80
4,104,1,mle,1.0,1.0,0.05,5000,1.0,1.025,8
4,105,1,mle,1.0,1.0,0.05,5000,1.0,1.025,25
4,106,1,mle,1.0,1.0,0.05,5000,1.0,1.025,37
4,107,1,mle,1.0,1.0,0.05,5000,1.0,1.025,242
4,108,1,mle,1.0,1.0,0.05,5000,1.0,1.025,158
4,109,1,mle,1.0,1.0,0.05,5000,1.0,1.025,450
4,110,1,mle,1.0,1.0,0.05,5000,1.0,1.025,56
4,111,1,mle,1.0,1.0,0.05,5000,1.0,1.025,22
4,112,1,mle,1.0,1.0,0.05,5000,1.0,1.025,88
4,113,1,mle,1.0,1.0,0.05,5000,1.0,1.025,77
4,114,1,mle,1.0,1.0,0.05,5000,1.0,1.025,9
4,115,1,mle,1.0,1.0,0.05,5000,1.0,1.025,13
4,116,1,mle,1.0,1.0,0.05,5000,1.0,1.025,647
4,117,1,mle,1.0,1.0,0.05,5000,1.0,1.025,46
4,118,1,mle,1.0,1.0,0.05,5000,1.0,1.025,55
4,119,1,mle,1.0,1.0,0.05,5000,1.0,1.025,10
4,120,1,mle,1.0,1.0,0.05,5000,1.0,1.025,63
4,121,1,mle,1.0,1.0,0.05,5000,1.0,1.025,467
4,122,1,mle,1.0,1.0,0.05,5000,1.0,1.025,34
4,123,1,mle,1.0,1.0,0.05,5000,1.0,1.025,351
4,124,1,mle,1.0,1.0,0.05,5000,1.0,1.025,25
4,125,1,mle,1.0,1.0,0.05,5000,1.0,1.025,21
4,126,1,mle,1.0,1.0,0.05,5000,1.0,1.025,78
4,127,1,mle,1.0,1.0,0.05,5000,1.0,1.025,26
4,128,1,mle,1.0,1.0,0.05,5000,1.0,1.025,20
4,129,1,mle,1.0,1.0,0.05,5000,1.0,1.025,22
4,130,1,mle,1.0,1.0,0.05,5000,1.0,1.025,93
4,131,1,mle,1.0,1.0,0.05,5000,1.0,1.025,19
4,132,1,mle,1.0,1.0,0.05,5000,1.0,1.025,38
4,133,1,mle,1.0,1.0,0.05,5000,1.0,1.025,193
4,134,1,mle,1.0,1.0,0.05,5000,1.0,1.025,14
4,135,1,mle,1.0,1.0,0.05,5000,1.0,1.025,16
4,136,1,mle,1.0,1.0,0.05,5000,1.0,1.025,102
4,137,1,mle,1.0,1.0,0.05,5000,1.0,1.025,13
4,138,1,mle,1.0,1.0,0.05,5000,1.0,1.025,21
4,139,1,mle,1.0,1.0,0.05,5000,1.0,1.025,24
4,140,1,mle,1.0,1.0,0.05,5000,1.0,1.025,103
4,141,1,mle,1.0,1.0,0.05,5000,1.0,1.025,44
4,142,1,mle,1.0,1.0,0.05,5000,1.0,1.025,24
4,143,1,mle,1.0,1.0,0.05,5000,1.0,1.025,21
4,144,1,mle,1.0,1.0,0.05,5000,1.0,1.025,22
4,145,1,mle,1.0,1.0,0.05,5000,1.0,1.025,32
4,146,1,mle,1.0,1.0,0.05,5000,1.0,1.025,122
4,147,1,mle,1.0,1.0,0.05,5000,1.0,1.025,32
4,148,1,mle,1.0,1.0,0.05,5000,1.0,1.025,2258
4,149,1,mle,1.0,1.0,0.05,5000,1.0,1.025,174
4,150,1,mle,1.0,1.0,0.05,5000,1.0,1.025,142
4,151,1,mle,1.0,1.0,0.05,5000,1.0,1.025,27
4,152,1,mle,1.0,1.0,0.05,5000,1.0,1.025,89
4,153,1,mle,1.0,1.0,0.05,5000,1.0,1.025,15
4,154,1,mle,1.0,1.0,0.05,5000,1.0,1.025,103
4,155,1,mle,1.0,1.0,0.05,5000,1.0,1.025,37
4,156,1,mle,1.0,1.0,0.05,5000,1.0,1.025,17
4,157,1,mle,1.0,1.0,0.05,5000,1.0,1.025,82
4,158,1,mle,1.0,1.0,0.05,5000,1.0,1.025,251
4,159,1,mle,1.0,1.0,0.05,5000,1.0,1.025,555
4,160,1,mle,1.0,1.0,0.05,5000,1.0,1.025,30
4,161,1,mle,1.0,1.0,0.05,5000,1.0,1.025,74
4,162,1,mle,1.0,1.0,0.05,5000,1.0,1.025,15
4,163,1,mle,1.0,1.0,0.05,5000,1.0,1.025,39
4,164,1,mle,1.0,1.0,0.05,5000,1.0,1.025,37
4,165,1,mle,1.0,1.0,0.05,5000,1.0,1.025,33
4,166,1,mle,1.0,1.0,0.05,5000,1.0,1.025,251
4,167,1,mle,1.0,1.0,0.05,5000,1.0,1.025,74
4,168,1,mle,1.0,1.0,0.05,5000,1.0,1.025,43
4,169,1,mle,1.0,1.0,0.05,5000,1.0,1.025,54
4,170,1,mle,1.0,1.0,0.05,5000,1.0,1.025,396
4,171,1,mle,1.0,1.0,0.05,5000,1.0,1.025,124
4,172,1,mle,1.0,1.0,0.05,5000,1.0,1.025,57
4,173,1,mle,1.0,1.0,0.05,5000,1.0,1.025,209
4,174,1,mle,1.0,1.0,0.05,5000,1.0,1.025,252
4,175,1,mle,1.0,1.0,0.05,5000,1.0,1.025,108
4,176,1,mle,1.0,1.0,0.05,5000,1.0,1.025,134
4,177,1,mle,1.0,1.0,0.05,5000,1.0,1.025,220
4,178,1,mle,1.0,1.0,0.05,5000,1.0,1.025,20
4,179,1,mle,1.0,1.0,0.05,5000,1.0,1.025,68
4,180,1,mle,1.0,1.0,0.05,5000,1.0,1.025,100
4,181,1,mle,1.0,1.0,0.05,5000,1.0,1.025,87
4,182,1,mle,1.0,1.0,0.05,5000,1.0,1.025,87
4,183,1,mle,1.0,1.0,0.05,5000,1.0,1.025,61
4,184,1,mle,1.0,1.0,0.05,5000,1.0,1.025,26
4,185,1,mle,1.0,1.0,0.05,5000,1.0,1.025,101
4,186,1,mle,1.0,1.0,0.05,5000,1.0,1.025,93
4,187,1,mle,1.0,1.0,0.05,5000,1.0,1.025,15
4,188,1,mle,1.0,1.0,0.05,5000,1.0,1.025,21
4,189,1,mle,1.0,1.0,0.05,5000,1.0,1.025,23
4,190,1,mle,1.0,1.0,0.05,5000,1.0,1.025,199
4,191,1,mle,1.0,1.0,0.05,5000,1.0,1.025,19
4,192,1,mle,1.0,1.0,0.05,5000,1.0,1.025,15
4,193,1,mle,1.0,1.0,0.05,5000,1.0,1.025,47
4,194,1,mle,1.0,1.0,0.05,5000,1.0,1.025,47
4,195,1,mle,1.0,1.0,0.05,5000,1.0,1.025,81
4,196,1,mle,1.0,1.0,0.05,5000,1.0,1.025,132
4,197,1,mle,1.0,1.0,0.05,5000,1.0,1.025,224
4,198,1,mle,1.0,1.0,0.05,5000,1.0,1.025,10
4,199,1,mle,1.0,1.0,0.05,5000,1.0,1.025,45
4,200,1,mle,1.0,1.0,0.05,5000,1.0,1.025,67
4,1,1,mle,1.0,1.0,0.05,5000,1.0,1.05,6
4,2,1,mle,1.0,1.0,0.05,5000,1.0,1.05,24
4,3,1,mle,1.0,1.0,0.05,5000,1.0,1.05,55
4,4,1,mle,1.0,1.0,0.05,5000,1.0,1.05,109
4,5,1,mle,1.0,1.0,0.05,5000,1.0,1.05,98
4,6,1,mle,1.0,1.0,0.05,5000,1.0,1.05,13
4,7,1,mle,1.0,1.0,0.05,5000,1.0,1.05,108
4,8,1,mle,1.0,1.0,0.05,5000,1.0,1.05,21
4,9,1,mle,1.0,1.0,0.05,5000,1.0,1.05,13
4,10,1,mle,1.0,1.0,0.05,5000,1.0,1.05,8
4,11,1,mle,1.0,1.0,0.05,5000,1.0,1.05,14
4,12,1,mle,1.0,1.0,0.05,5000,1.0,1.05,65
4,13,1,mle,1.0,1.0,0.05,5000,1.0,1.05,33
4,14,1,mle,1.0,1.0,0.05,5000,1.0,1.05,907
4,15,1,mle,1.0,1.0,0.05,5000,1.0,1.05,270
4,16,1,mle,1.0,1.0,0.05,5000,1.0,1.05,59
4,17,1,mle,1.0,1.0,0.05,5000,1.0,1.05,31
4,18,1,mle,1.0,1.0,0.05,5000,1.0,1.05,75
4,19,1,mle,1.0,1.0,0.05,5000,1.0,1.05,218
4,20,1,mle,1.0,1.0,0.05,5000,1.0,1.05,50
4,21,1,mle,1.0,1.0,0.05,5000,1.0,1.05,75
4,22,1,mle,1.0,1.0,0.05,5000,1.0,1.05,80
4,23,1,mle,1.0,1.0,0.05,5000,1.0,1.05,284
4,24,1,mle,1.0,1.0,0.05,5000,1.0,1.05,129
4,25,1,mle,1.0,1.0,0.05,5000,1.0,1.05,50
4,26,1,mle,1.0,1.0,0.05,5000,1.0,1.05,193
4,27,1,mle,1.0,1.0,0.05,5000,1.0,1.05,110
4,28,1,mle,1.0,1.0,0.05,5000,1.0,1.05,10
4,29,1,mle,1.0,1.0,0.05,5000,1.0,1.05,70
4,30,1,mle,1.0,1.0,0.05,5000,1.0,1.05,17
4,31,1,mle,1.0,1.0,0.05,5000,1.0,1.05,36
4,32,1,mle,1.0,1.0,0.05,5000,1.0,1.05,210
4,33,1,mle,1.0,1.0,0.05,5000,1.0,1.05,120
4,34,1,mle,1.0,1.0,0.05,5000,1.0,1.05,22
4,35,1,mle,1.0,1.0,0.05,5000,1.0,1.05,21
4,36,1,mle,1.0,1.0,0.05,5000,1.0,1.05,14
4,37,1,mle,1.0,1.0,0.05,5000,1.0,1.05,72
4,38,1,mle,1.0,1.0,0.05,5000,1.0,1.05,33
4,39,1,mle,1.0,1.0,0.05,5000,1.0,1.05,17
4,40,1,mle,1.0,1.0,0.05,5000,1.0,1.05,29
4,41,1,mle,1.0,1.0,0.05,5000,1.0,1.05,17
4,42,1,mle,1.0,1.0,0.05,5000,1.0,1.05,32
4,43,1,mle,1.0,1.0,0.05,5000,1.0,1.05,56
4,44,1,mle,1.0,1.0,0.05,5000,1.0,1.05,189
4,45,1,mle,1.0,1.0,0.05,5000,1.0,1.05,131
4,46,1,mle,1.0,1.0,0.05,5000,1.0,1.05,23
4,47,1,mle,1.0,1.0,0.05,5000,1.0,1.05,147
4,48,1,mle,1.0,1.0,0.05,5000,1.0,1.05,17
4,49,1,mle,1.0,1.0,0.05,5000,1.0,1.05,11
4,50,1,mle,1.0,1.0,0.05,5000,1.0,1.05,163
4,51,1,mle,1.0,1.0,0.05,5000,1.0,1.05,40
4,52,1,mle,1.0,1.0,0.05,5000,1.0,1.05,13
4,53,1,mle,1.0,1.0,0.05,5000,1.0,1.05,494
4,54,1,mle,1.0,1.0,0.05,5000,1.0,1.05,18
4,55,1,mle,1.0,1.0,0.05,5000,1.0,1.05,41
4,56,1,mle,1.0,1.0,0.05,5000,1.0,1.05,24
4,57,1,mle,1.0,1.0,0.05,5000,1.0,1.05,119
4,58,1,mle,1.0,1.0,0.05,5000,1.0,1.05,76
4,59,1,mle,1.0,1.0,0.05,5000,1.0,1.05,15
4,60,1,mle,1.0,1.0,0.05,5000,1.0,1.05,127
4,61,1,mle,1.0,1.0,0.05,5000,1.0,1.05,237
4,62,1,mle,1.0,1.0,0.05,5000,1.0,1.05,10
4,63,1,mle,1.0,1.0,0.05,5000,1.0,1.05,75
4,64,1,mle,1.0,1.0,0.05,5000,1.0,1.05,172
4,65,1,mle,1.0,1.0,0.05,5000,1.0,1.05,112
4,66,1,mle,1.0,1.0,0.05,5000,1.0,1.05,33
4,67,1,mle,1.0,1.0,0.05,5000,1.0,1.05,32
4,68,1,mle,1.0,1.0,0.05,5000,1.0,1.05,98
4,69,1,mle,1.0,1.0,0.05,5000,1.0,1.05,78
4,70,1,mle,1.0,1.0,0.05,5000,1.0,1.05,331
4,71,1,mle,1.0,1.0,0.05,5000,1.0,1.05,51
4,72,1,mle,1.0,1.0,0.05,5000,1.0,1.05,77
4,73,1,mle,1.0,1.0,0.05,5000,1.0,1.05,289
4,74,1,mle,1.0,1.0,0.05,5000,1.0,1.05,9
4,75,1,mle,1.0,1.0,0.05,5000,1.0,1.05,43
4,76,1,mle,1.0,1.0,0.05,5000,1.0,1.05,60
4,77,1,mle,1.0,1.0,0.05,5000,1.0,1.05,6
4,78,1,mle,1.0,1.0,0.05,5000,1.0,1.05,48
4,79,1,mle,1.0,1.0,0.05,5000,1.0,1.05,225
4,80,1,mle,1.0,1.0,0.05,5000,1.0,1.05,33
4,81,1,mle,1.0,1.0,0.05,5000,1.0,1.05,40
4,82,1,mle,1.0,1.0,0.05,5000,1.0,1.05,29
4,83,1,mle,1.0,1.0,0.05,5000,1.0,1.05,159
4,84,1,mle,1.0,1.0,0.05,5000,1.0,1.05,236
4,85,1,mle,1.0,1.0,0.05,5000,1.0,1.05,579
4,86,1,mle,1.0,1.0,0.05,5000,1.0,1.05,32
4,87,1,mle,1.0,1.0,0.05,5000,1.0,1.05,286
4,88,1,mle,1.0,1.0,0.05,5000,1.0,1.05,85
4,89,1,mle,1.0,1.0,0.05,5000,1.0,1.05,13
4,90,1,mle,1.0,1.0,0.05,5000,1.0,1.05,99
4,91,1,mle,1.0,1.0,0.05,5000,1.0,1.05,17
4,92,1,mle,1.0,1.0,0.05,5000,1.0,1.05,107
4,93,1,mle,1.0,1.0,0.05,5000,1.0,1.05,87
4,94,1,mle,1.0,1.0,0.05,5000,1.0,1.05,50
4,95,1,mle,1.0,1.0,0.05,5000,1.0,1.05,99
4,96,1,mle,1.0,1.0,0.05,5000,1.0,1.05,17
4,97,1,mle,1.0,1.0,0.05,5000,1.0,1.05,77
4,98,1,mle,1.0,1.0,0.05,5000,1.0,1.05,7
4,99,1,mle,1.0,1.0,0.05,5000,1.0,1.05,48
4,100,1,mle,1.0,1.0,0.05,5000,1.0,1.05,49
4,101,1,mle,1.0,1.0,0.05,5000,1.0,1.05,46
4,102,1,mle,1.0,1.0,0.05,5000,1.0,1.05,73
4,103,1,mle,1.0,1.0,0.05,5000,1.0,1.05,74
4,104,1,mle,1.0,1.0,0.05,5000,1.0,1.05,208
4,105,1,mle,1.0,1.0,0.05,5000,1.0,1.05,29
4,106,1,mle,1.0,1.0,0.05,5000,1.0,1.05,25
4,107,1,mle,1.0,1.0,0.05,5000,1.0,1.05,23
4,108,1,mle,1.0,1.0,0.05,5000,1.0,1.05,538
4,109,1,mle,1.0,1.0,0.05,5000,1.0,1.05,10
4,110,1,mle,1.0,1.0,0.05,5000,1.0,1.05,46
4,111,1,mle,1.0,1.0,0.05,5000,1.0,1.05,22
4,112,1,mle,1.0,1.0,0.05,5000,1.0,1.05,74
4,113,1,mle,1.0,1.0,0.05,5000,1.0,1.05,99
4,114,1,mle,1.0,1.0,0.05,5000,1.0,1.05,45
4,115,1,mle,1.0,1.0,0.05,5000,1.0,1.05,268
4,116,1,mle,1.0,1.0,0.05,5000,1.0,1.05,69
4,117,1,mle,1.0,1.0,0.05,5000,1.0,1.05,5
4,118,1,mle,1.0,1.0,0.05,5000,1.0,1.05,255
4,119,1,mle,1.0,1.0,0.05,5000,1.0,1.05,25
4,120,1,mle,1.0,1.0,0.05,5000,1.0,1.05,21
4,121,1,mle,1.0,1.0,0.05,5000,1.0,1.05,152
4,122,1,mle,1.0,1.0,0.05,5000,1.0,1.05,47
4,123,1,mle,1.0,1.0,0.05,5000,1.0,1.05,152
4,124,1,mle,1.0,1.0,0.05,5000,1.0,1.05,15
4,125,1,mle,1.0,1.0,0.05,5000,1.0,1.05,75
4,126,1,mle,1.0,1.0,0.05,5000,1.0,1.05,19
4,127,1,mle,1.0,1.0,0.05,5000,1.0,1.05,56
4,128,1,mle,1.0,1.0,0.05,5000,1.0,1.05,69
4,129,1,mle,1.0,1.0,0.05,5000,1.0,1.05,173
4,130,1,mle,1.0,1.0,0.05,5000,1.0,1.05,435
4,131,1,mle,1.0,1.0,0.05,5000,1.0,1.05,42
4,132,1,mle,1.0,1.0,0.05,5000,1.0,1.05,81
4,133,1,mle,1.0,1.0,0.05,5000,1.0,1.05,175
4,134,1,mle,1.0,1.0,0.05,5000,1.0,1.05,64
4,135,1,mle,1.0,1.0,0.05,5000,1.0,1.05,38
4,136,1,mle,1.0,1.0,0.05,5000,1.0,1.05,80
4,137,1,mle,1.0,1.0,0.05,5000,1.0,1.05,47
4,138,1,mle,1.0,1.0,0.05,5000,1.0,1.05,60
4,139,1,mle,1.0,1.0,0.05,5000,1.0,1.05,67
4,140,1,mle,1.0,1.0,0.05,5000,1.0,1.05,62
4,141,1,mle,1.0,1.0,0.05,5000,1.0,1.05,33
4,142,1,mle,1.0,1.0,0.05,5000,1.0,1.05,48
4,143,1,mle,1.0,1.0,0.05,5000,1.0,1.05,79
4,144,1,mle,1.0,1.0,0.05,5000,1.0,1.05,104
4,145,1,mle,1.0,1.0,0.05,5000,1.0,1.05,14
4,146,1,mle,1.0,1.0,0.05,5000,1.0,1.05,35
4,147,1,mle,1.0,1.0,0.05,5000,1.0,1.05,30
4,148,1,mle,1.0,1.0,0.05,5000,1.0,1.05,50
4,149,1,mle,1.0,1.0,0.05,5000,1.0,1.05,44
4,150,1,mle,1.0,1.0,0.05,5000,1.0,1.05,15
4,151,1,mle,1.0,1.0,0.05,5000,1.0,1.05,65
4,152,1,mle,1.0,1.0,0.05,5000,1.0,1.05,30
4,153,1,mle,1.0,1.0,0.05,5000,1.0,1.05,12
4,154,1,mle,1.0,1.0,0.05,5000,1.0,1.05,7
4,155,1,mle,1.0,1.0,0.05,5000,1.0,1.05,14
4,156,1,mle,1.0,1.0,0.05,5000,1.0,1.05,38
4,157,1,mle,1.0,1.0,0.05,5000,1.0,1.05,53
4,158,1,mle,1.0,1.0,0.05,5000,1.0,1.05,109
4,159,1,mle,1.0,1.0,0.05,5000,1.0,1.05,43
4,160,1,mle,1.0,1.0,0.05,5000,1.0,1.05,15
4,161,1,mle,1.0,1.0,0.05,5000,1.0,1.05,125
4,162,1,mle,1.0,1.0,0.05,5000,1.0,1.05,84
4,163,1,mle,1.0,1.0,0.05,5000,1.0,1.05,267
4,164,1,mle,1.0,1.0,0.05,5000,1.0,1.05,205
4,165,1,mle,1.0,1.0,0.05,5000,1.0,1.05,74
4,166,1,mle,1.0,1.0,0.05,5000,1.0,1.05,484
4,167,1,mle,1.0,1.0,0.05,5000,1.0,1.05,54
4,168,1,mle,1.0,1.0,0.05,5000,1.0,1.05,289
4,169,1,mle,1.0,1.0,0.05,5000,1.0,1.05,61
4,170,1,mle,1.0,1.0,0.05,5000,1.0,1.05,36
4,171,1,mle,1.0,1.0,0.05,5000,1.0,1.05,132
4,172,1,mle,1.0,1.0,0.05,5000,1.0,1.05,22
4,173,1,mle,1.0,1.0,0.05,5000,1.0,1.05,225
4,174,1,mle,1.0,1.0,0.05,5000,1.0,1.05,8
4,175,1,mle,1.0,1.0,0.05,5000,1.0,1.05,15
4,176,1,mle,1.0,1.0,0.05,5000,1.0,1.05,96
4,177,1,mle,1.0,1.0,0.05,5000,1.0,1.05,275
4,178,1,mle,1.0,1.0,0.05,5000,1.0,1.05,10
4,179,1,mle,1.0,1.0,0.05,5000,1.0,1.05,13
4,180,1,mle,1.0,1.0,0.05,5000,1.0,1.05,112
4,181,1,mle,1.0,1.0,0.05,5000,1.0,1.05,363
4,182,1,mle,1.0,1.0,0.05,5000,1.0,1.05,425
4,183,1,mle,1.0,1.0,0.05,5000,1.0,1.05,14
4,184,1,mle,1.0,1.0,0.05,5000,1.0,1.05,180
4,185,1,mle,1.0,1.0,0.05,5000,1.0,1.05,157
4,186,1,mle,1.0,1.0,0.05,5000,1.0,1.05,159
4,187,1,mle,1.0,1.0,0.05,5000,1.0,1.05,60
4,188,1,mle,1.0,1.0,0.05,5000,1.0,1.05,112
4,189,1,mle,1.0,1.0,0.05,5000,1.0,1.05,43
4,190,1,mle,1.0,1.0,0.05,5000,1.0,1.05,19
4,191,1,mle,1.0,1.0,0.05,5000,1.0,1.05,31
4,192,1,mle,1.0,1.0,0.05,5000,1.0,1.05,114
4,193,1,mle,1.0,1.0,0.05,5000,1.0,1.05,10
4,194,1,mle,1.0,1.0,0.05,5000,1.0,1.05,16
4,195,1,mle,1.0,1.0,0.05,5000,1.0,1.05,83
4,196,1,mle,1.0,1.0,0.05,5000,1.0,1.05,47
4,197,1,mle,1.0,1.0,0.05,5000,1.0,1.05,46
4,198,1,mle,1.0,1.0,0.05,5000,1.0,1.05,15
4,199,1,mle,1.0,1.0,0.05,5000,1.0,1.05,21
4,200,1,mle,1.0,1.0,0.05,5000,1.0,1.05,46
4,1,1,mle,1.0,1.0,0.05,5000,1.0,1.075,41
4,2,1,mle,1.0,1.0,0.05,5000,1.0,1.075,82
4,3,1,mle,1.0,1.0,0.05,5000,1.0,1.075,56
4,4,1,mle,1.0,1.0,0.05,5000,1.0,1.075,243
4,5,1,mle,1.0,1.0,0.05,5000,1.0,1.075,38
4,6,1,mle,1.0,1.0,0.05,5000,1.0,1.075,9
4,7,1,mle,1.0,1.0,0.05,5000,1.0,1.075,146
4,8,1,mle,1.0,1.0,0.05,5000,1.0,1.075,79
4,9,1,mle,1.0,1.0,0.05,5000,1.0,1.075,31
4,10,1,mle,1.0,1.0,0.05,5000,1.0,1.075,18
4,11,1,mle,1.0,1.0,0.05,5000,1.0,1.075,86
4,12,1,mle,1.0,1.0,0.05,5000,1.0,1.075,38
4,13,1,mle,1.0,1.0,0.05,5000,1.0,1.075,87
4,14,1,mle,1.0,1.0,0.05,5000,1.0,1.075,520
4,15,1,mle,1.0,1.0,0.05,5000,1.0,1.075,36
4,16,1,mle,1.0,1.0,0.05,5000,1.0,1.075,103
4,17,1,mle,1.0,1.0,0.05,5000,1.0,1.075,7
4,18,1,mle,1.0,1.0,0.05,5000,1.0,1.075,77
4,19,1,mle,1.0,1.0,0.05,5000,1.0,1.075,35
4,20,1,mle,1.0,1.0,0.05,5000,1.0,1.075,217
4,21,1,mle,1.0,1.0,0.05,5000,1.0,1.075,463
4,22,1,mle,1.0,1.0,0.05,5000,1.0,1.075,43
4,23,1,mle,1.0,1.0,0.05,5000,1.0,1.075,14
4,24,1,mle,1.0,1.0,0.05,5000,1.0,1.075,102
4,25,1,mle,1.0,1.0,0.05,5000,1.0,1.075,151
4,26,1,mle,1.0,1.0,0.05,5000,1.0,1.075,45
4,27,1,mle,1.0,1.0,0.05,5000,1.0,1.075,47
4,28,1,mle,1.0,1.0,0.05,5000,1.0,1.075,22
4,29,1,mle,1.0,1.0,0.05,5000,1.0,1.075,59
4,30,1,mle,1.0,1.0,0.05,5000,1.0,1.075,25
4,31,1,mle,1.0,1.0,0.05,5000,1.0,1.075,101
4,32,1,mle,1.0,1.0,0.05,5000,1.0,1.075,21
4,33,1,mle,1.0,1.0,0.05,5000,1.0,1.075,96
4,34,1,mle,1.0,1.0,0.05,5000,1.0,1.075,8
4,35,1,mle,1.0,1.0,0.05,5000,1.0,1.075,181
4,36,1,mle,1.0,1.0,0.05,5000,1.0,1.075,68
4,37,1,mle,1.0,1.0,0.05,5000,1.0,1.075,233
4,38,1,mle,1.0,1.0,0.05,5000,1.0,1.075,12
4,39,1,mle,1.0,1.0,0.05,5000,1.0,1.075,16
4,40,1,mle,1.0,1.0,0.05,5000,1.0,1.075,20
4,41,1,mle,1.0,1.0,0.05,5000,1.0,1.075,144
4,42,1,mle,1.0,1.0,0.05,5000,1.0,1.075,296
4,43,1,mle,1.0,1.0,0.05,5000,1.0,1.075,10
4,44,1,mle,1.0,1.0,0.05,5000,1.0,1.075,26
4,45,1,mle,1.0,1.0,0.05,5000,1.0,1.075,59
4,46,1,mle,1.0,1.0,0.05,5000,1.0,1.075,388
4,47,1,mle,1.0,1.0,0.05,5000,1.0,1.075,23
4,48,1,mle,1.0,1.0,0.05,5000,1.0,1.075,19
4,49,1,mle,1.0,1.0,0.05,5000,1.0,1.075,171
4,50,1,mle,1.0,1.0,0.05,5000,1.0,1.075,50
4,51,1,mle,1.0,1.0,0.05,5000,1.0,1.075,29
4,52,1,mle,1.0,1.0,0.05,5000,1.0,1.075,26
4,53,1,mle,1.0,1.0,0.05,5000,1.0,1.075,54
4,54,1,mle,1.0,1.0,0.05,5000,1.0,1.075,57
4,55,1,mle,1.0,1.0,0.05,5000,1.0,1.075,55
4,56,1,mle,1.0,1.0,0.05,5000,1.0,1.075,105
4,57,1,mle,1.0,1.0,0.05,5000,1.0,1.075,163
4,58,1,mle,1.0,1.0,0.05,5000,1.0,1.075,50
4,59,1,mle,1.0,1.0,0.05,5000,1.0,1.075,73
4,60,1,mle,1.0,1.0,0.05,5000,1.0,1.075,112
4,61,1,mle,1.0,1.0,0.05,5000,1.0,1.075,58
4,62,1,mle,1.0,1.0,0.05,5000,1.0,1.075,175
4,63,1,mle,1.0,1.0,0.05,5000,1.0,1.075,18
4,64,1,mle,1.0,1.0,0.05,5000,1.0,1.075,77
4,65,1,mle,1.0,1.0,0.05,5000,1.0,1.075,283
4,66,1,mle,1.0,1.0,0.05,5000,1.0,1.075,148
4,67,1,mle,1.0,1.0,0.05,5000,1.0,1.075,11
4,68,1,mle,1.0,1.0,0.05,5000,1.0,1.075,43
4,69,1,mle,1.0,1.0,0.05,5000,1.0,1.075,10
4,70,1,mle,1.0,1.0,0.05,5000,1.0,1.075,25
4,71,1,mle,1.0,1.0,0.05,5000,1.0,1.075,701
4,72,1,mle,1.0,1.0,0.05,5000,1.0,1.075,8
4,73,1,mle,1.0,1.0,0.05,5000,1.0,1.075,11
4,74,1,mle,1.0,1.0,0.05,5000,1.0,1.075,115
4,75,1,mle,1.0,1.0,0.05,5000,1.0,1.075,49
4,76,1,mle,1.0,1.0,0.05,5000,1.0,1.075,20
4,77,1,mle,1.0,1.0,0.05,5000,1.0,1.075,279
4,78,1,mle,1.0,1.0,0.05,5000,1.0,1.075,6
4,79,1,mle,1.0,1.0,0.05,5000,1.0,1.075,67
4,80,1,mle,1.0,1.0,0.05,5000,1.0,1.075,195
4,81,1,mle,1.0,1.0,0.05,5000,1.0,1.075,6
4,82,1,mle,1.0,1.0,0.05,5000,1.0,1.075,131
4,83,1,mle,1.0,1.0,0.05,5000,1.0,1.075,33
4,84,1,mle,1.0,1.0,0.05,5000,1.0,1.075,61
4,85,1,mle,1.0,1.0,0.05,5000,1.0,1.075,26
4,86,1,mle,1.0,1.0,0.05,5000,1.0,1.075,48
4,87,1,mle,1.0,1.0,0.05,5000,1.0,1.075,18
4,88,1,mle,1.0,1.0,0.05,5000,1.0,1.075,134
4,89,1,mle,1.0,1.0,0.05,5000,1.0,1.075,57
4,90,1,mle,1.0,1.0,0.05,5000,1.0,1.075,247
4,91,1,mle,1.0,1.0,0.05,5000,1.0,1.075,71
4,92,1,mle,1.0,1.0,0.05,5000,1.0,1.075,379
4,93,1,mle,1.0,1.0,0.05,5000,1.0,1.075,17
4,94,1,mle,1.0,1.0,0.05,5000,1.0,1.075,49
4,95,1,mle,1.0,1.0,0.05,5000,1.0,1.075,176
4,96,1,mle,1.0,1.0,0.05,5000,1.0,1.075,129
4,97,1,mle,1.0,1.0,0.05,5000,1.0,1.075,24
4,98,1,mle,1.0,1.0,0.05,5000,1.0,1.075,12
4,99,1,mle,1.0,1.0,0.05,5000,1.0,1.075,169
4,100,1,mle,1.0,1.0,0.05,5000,1.0,1.075,113
4,101,1,mle,1.0,1.0,0.05,5000,1.0,1.075,57
4,102,1,mle,1.0,1.0,0.05,5000,1.0,1.075,11
4,103,1,mle,1.0,1.0,0.05,5000,1.0,1.075,104
4,104,1,mle,1.0,1.0,0.05,5000,1.0,1.075,52
4,105,1,mle,1.0,1.0,0.05,5000,1.0,1.075,99
4,106,1,mle,1.0,1.0,0.05,5000,1.0,1.075,128
4,107,1,mle,1.0,1.0,0.05,5000,1.0,1.075,88
4,108,1,mle,1.0,1.0,0.05,5000,1.0,1.075,17
4,109,1,mle,1.0,1.0,0.05,5000,1.0,1.075,20
4,110,1,mle,1.0,1.0,0.05,5000,1.0,1.075,135
4,111,1,mle,1.0,1.0,0.05,5000,1.0,1.075,180
4,112,1,mle,1.0,1.0,0.05,5000,1.0,1.075,129
4,113,1,mle,1.0,1.0,0.05,5000,1.0,1.075,13
4,114,1,mle,1.0,1.0,0.05,5000,1.0,1.075,20
4,115,1,mle,1.0,1.0,0.05,5000,1.0,1.075,155
4,116,1,mle,1.0,1.0,0.05,5000,1.0,1.075,236
4,117,1,mle,1.0,1.0,0.05,5000,1.0,1.075,153
4,118,1,mle,1.0,1.0,0.05,5000,1.0,1.075,110
4,119,1,mle,1.0,1.0,0.05,5000,1.0,1.075,18
4,120,1,mle,1.0,1.0,0.05,5000,1.0,1.075,38
4,121,1,mle,1.0,1.0,0.05,5000,1.0,1.075,300
4,122,1,mle,1.0,1.0,0.05,5000,1.0,1.075,24
4,123,1,mle,1.0,1.0,0.05,5000,1.0,1.075,14
4,124,1,mle,1.0,1.0,0.05,5000,1.0,1.075,19
4,125,1,mle,1.0,1.0,0.05,5000,1.0,1.075,21
4,126,1,mle,1.0,1.0,0.05,5000,1.0,1.075,10
4,127,1,mle,1.0,1.0,0.05,5000,1.0,1.075,33
4,128,1,mle,1.0,1.0,0.05,5000,1.0,1.075,41
4,129,1,mle,1.0,1.0,0.05,5000,1.0,1.075,22
4,130,1,mle,1.0,1.0,0.05,5000,1.0,1.075,64
4,131,1,mle,1.0,1.0,0.05,5000,1.0,1.075,40
4,132,1,mle,1.0,1.0,0.05,5000,1.0,1.075,16
4,133,1,mle,1.0,1.0,0.05,5000,1.0,1.075,44
4,134,1,mle,1.0,1.0,0.05,5000,1.0,1.075,21
4,135,1,mle,1.0,1.0,0.05,5000,1.0,1.075,17
4,136,1,mle,1.0,1.0,0.05,5000,1.0,1.075,18
4,137,1,mle,1.0,1.0,0.05,5000,1.0,1.075,13
4,138,1,mle,1.0,1.0,0.05,5000,1.0,1.075,28
4,139,1,mle,1.0,1.0,0.05,5000,1.0,1.075,26
4,140,1,mle,1.0,1.0,0.05,5000,1.0,1.075,13
4,141,1,mle,1.0,1.0,0.05,5000,1.0,1.075,22
4,142,1,mle,1.0,1.0,0.05,5000,1.0,1.075,12
4,143,1,mle,1.0,1.0,0.05,5000,1.0,1.075,108
4,144,1,mle,1.0,1.0,0.05,5000,1.0,1.075,26
4,145,1,mle,1.0,1.0,0.05,5000,1.0,1.075,11
4,146,1,mle,1.0,1.0,0.05,5000,1.0,1.075,225
4,147,1,mle,1.0,1.0,0.05,5000,1.0,1.075,10
4,148,1,mle,1.0,1.0,0.05,5000,1.0,1.075,229
4,149,1,mle,1.0,1.0,0.05,5000,1.0,1.075,18
4,150,1,mle,1.0,1.0,0.05,5000,1.0,1.075,9
4,151,1,mle,1.0,1.0,0.05,5000,1.0,1.075,8
4,152,1,mle,1.0,1.0,0.05,5000,1.0,1.075,48
4,153,1,mle,1.0,1.0,0.05,5000,1.0,1.075,14
4,154,1,mle,1.0,1.0,0.05,5000,1.0,1.075,518
4,155,1,mle,1.0,1.0,0.05,5000,1.0,1.075,33
4,156,1,mle,1.0,1.0,0.05,5000,1.0,1.075,99
4,157,1,mle,1.0,1.0,0.05,5000,1.0,1.075,56
4,158,1,mle,1.0,1.0,0.05,5000,1.0,1.075,230
4,159,1,mle,1.0,1.0,0.05,5000,1.0,1.075,55
4,160,1,mle,1.0,1.0,0.05,5000,1.0,1.075,402
4,161,1,mle,1.0,1.0,0.05,5000,1.0,1.075,31
4,162,1,mle,1.0,1.0,0.05,5000,1.0,1.075,10
4,163,1,mle,1.0,1.0,0.05,5000,1.0,1.075,93
4,164,1,mle,1.0,1.0,0.05,5000,1.0,1.075,195
4,165,1,mle,1.0,1.0,0.05,5000,1.0,1.075,48
4,166,1,mle,1.0,1.0,0.05,5000,1.0,1.075,65
4,167,1,mle,1.0,1.0,0.05,5000,1.0,1.075,31
4,168,1,mle,1.0,1.0,0.05,5000,1.0,1.075,57
4,169,1,mle,1.0,1.0,0.05,5000,1.0,1.075,118
4,170,1,mle,1.0,1.0,0.05,5000,1.0,1.075,46
4,171,1,mle,1.0,1.0,0.05,5000,1.0,1.075,56
4,172,1,mle,1.0,1.0,0.05,5000,1.0,1.075,48
4,173,1,mle,1.0,1.0,0.05,5000,1.0,1.075,17
4,174,1,mle,1.0,1.0,0.05,5000,1.0,1.075,29
4,175,1,mle,1.0,1.0,0.05,5000,1.0,1.075,107
4,176,1,mle,1.0,1.0,0.05,5000,1.0,1.075,8
4,177,1,mle,1.0,1.0,0.05,5000,1.0,1.075,66
4,178,1,mle,1.0,1.0,0.05,5000,1.0,1.075,42
4,179,1,mle,1.0,1.0,0.05,5000,1.0,1.075,181
4,180,1,mle,1.0,1.0,0.05,5000,1.0,1.075,304
4,181,1,mle,1.0,1.0,0.05,5000,1.0,1.075,118
4,182,1,mle,1.0,1.0,0.05,5000,1.0,1.075,13
4,183,1,mle,1.0,1.0,0.05,5000,1.0,1.075,18
4,184,1,mle,1.0,1.0,0.05,5000,1.0,1.075,26
4,185,1,mle,1.0,1.0,0.05,5000,1.0,1.075,51
4,186,1,mle,1.0,1.0,0.05,5000,1.0,1.075,117
4,187,1,mle,1.0,1.0,0.05,5000,1.0,1.075,256
4,188,1,mle,1.0,1.0,0.05,5000,1.0,1.075,72
4,189,1,mle,1.0,1.0,0.05,5000,1.0,1.075,35
4,190,1,mle,1.0,1.0,0.05,5000,1.0,1.075,38
4,191,1,mle,1.0,1.0,0.05,5000,1.0,1.075,735
4,192,1,mle,1.0,1.0,0.05,5000,1.0,1.075,173
4,193,1,mle,1.0,1.0,0.05,5000,1.0,1.075,24
4,194,1,mle,1.0,1.0,0.05,5000,1.0,1.075,15
4,195,1,mle,1.0,1.0,0.05,5000,1.0,1.075,168
4,196,1,mle,1.0,1.0,0.05,5000,1.0,1.075,148
4,197,1,mle,1.0,1.0,0.05,5000,1.0,1.075,32
4,198,1,mle,1.0,1.0,0.05,5000,1.0,1.075,26
4,199,1,mle,1.0,1.0,0.05,5000,1.0,1.075,7
4,200,1,mle,1.0,1.0,0.05,5000,1.0,1.075,29
4,1,1,mle,1.0,1.0,0.05,5000,1.0,1.1,93
4,2,1,mle,1.0,1.0,0.05,5000,1.0,1.1,82
4,3,1,mle,1.0,1.0,0.05,5000,1.0,1.1,10
4,4,1,mle,1.0,1.0,0.05,5000,1.0,1.1,179
4,5,1,mle,1.0,1.0,0.05,5000,1.0,1.1,6
4,6,1,mle,1.0,1.0,0.05,5000,1.0,1.1,80
4,7,1,mle,1.0,1.0,0.05,5000,1.0,1.1,8
4,8,1,mle,1.0,1.0,0.05,5000,1.0,1.1,66
4,9,1,mle,1.0,1.0,0.05,5000,1.0,1.1,129
4,10,1,mle,1.0,1.0,0.05,5000,1.0,1.1,29
4,11,1,mle,1.0,1.0,0.05,5000,1.0,1.1,149
4,12,1,mle,1.0,1.0,0.05,5000,1.0,1.1,67
4,13,1,mle,1.0,1.0,0.05,5000,1.0,1.1,23
4,14,1,mle,1.0,1.0,0.05,5000,1.0,1.1,16
4,15,1,mle,1.0,1.0,0.05,5000,1.0,1.1,42
4,16,1,mle,1.0,1.0,0.05,5000,1.0,1.1,35
4,17,1,mle,1.0,1.0,0.05,5000,1.0,1.1,16
4,18,1,mle,1.0,1.0,0.05,5000,1.0,1.1,275
4,19,1,mle,1.0,1.0,0.05,5000,1.0,1.1,9
4,20,1,mle,1.0,1.0,0.05,5000,1.0,1.1,80
4,21,1,mle,1.0,1.0,0.05,5000,1.0,1.1,85
4,22,1,mle,1.0,1.0,0.05,5000,1.0,1.1,319
4,23,1,mle,1.0,1.0,0.05,5000,1.0,1.1,17
4,24,1,mle,1.0,1.0,0.05,5000,1.0,1.1,99
4,25,1,mle,1.0,1.0,0.05,5000,1.0,1.1,24
4,26,1,mle,1.0,1.0,0.05,5000,1.0,1.1,59
4,27,1,mle,1.0,1.0,0.05,5000,1.0,1.1,100
4,28,1,mle,1.0,1.0,0.05,5000,1.0,1.1,105
4,29,1,mle,1.0,1.0,0.05,5000,1.0,1.1,5
4,30,1,mle,1.0,1.0,0.05,5000,1.0,1.1,45
4,31,1,mle,1.0,1.0,0.05,5000,1.0,1.1,144
4,32,1,mle,1.0,1.0,0.05,5000,1.0,1.1,21
4,33,1,mle,1.0,1.0,0.05,5000,1.0,1.1,18
4,34,1,mle,1.0,1.0,0.05,5000,1.0,1.1,95
4,35,1,mle,1.0,1.0,0.05,5000,1.0,1.1,46
4,36,1,mle,1.0,1.0,0.05,5000,1.0,1.1,27
4,37,1,mle,1.0,1.0,0.05,5000,1.0,1.1,26
4,38,1,mle,1.0,1.0,0.05,5000,1.0,1.1,153
4,39,1,mle,1.0,1.0,0.05,5000,1.0,1.1,49
4,40,1,mle,1.0,1.0,0.05,5000,1.0,1.1,19
4,41,1,mle,1.0,1.0,0.05,5000,1.0,1.1,8
4,42,1,mle,1.0,1.0,0.05,5000,1.0,1.1,102
4,43,1,mle,1.0,1.0,0.05,5000,1.0,1.1,16
4,44,1,mle,1.0,1.0,0.05,5000,1.0,1.1,48
4,45,1,mle,1.0,1.0,0.05,5000,1.0,1.1,33
4,46,1,mle,1.0,1.0,0.05,5000,1.0,1.1,26
4,47,1,mle,1.0,1.0,0.05,5000,1.0,1.1,17
4,48,1,mle,1.0,1.0,0.05,5000,1.0,1.1,22
4,49,1,mle,1.0,1.0,0.05,5000,1.0,1.1,23
4,50,1,mle,1.0,1.0,0.05,5000,1.0,1.1,39
4,51,1,mle,1.0,1.0,0.05,5000,1.0,1.1,17
4,52,1,mle,1.0,1.0,0.05,5000,1.0,1.1,58
4,53,1,mle,1.0,1.0,0.05,5000,1.0,1.1,27
4,54,1,mle,1.0,1.0,0.05,5000,1.0,1.1,17
4,55,1,mle,1.0,1.0,0.05,5000,1.0,1.1,22
4,56,1,mle,1.0,1.0,0.05,5000,1.0,1.1,57
4,57,1,mle,1.0,1.0,0.05,5000,1.0,1.1,56
4,58,1,mle,1.0,1.0,0.05,5000,1.0,1.1,23
4,59,1,mle,1.0,1.0,0.05,5000,1.0,1.1,7
4,60,1,mle,1.0,1.0,0.05,5000,1.0,1.1,21
4,61,1,mle,1.0,1.0,0.05,5000,1.0,1.1,34
4,62,1,mle,1.0,1.0,0.05,5000,1.0,1.1,50
4,63,1,mle,1.0,1.0,0.05,5000,1.0,1.1,56
4,64,1,mle,1.0,1.0,0.05,5000,1.0,1.1,39
4,65,1,mle,1.0,1.0,0.05,5000,1.0,1.1,114
4,66,1,mle,1.0,1.0,0.05,5000,1.0,1.1,29
4,67,1,mle,1.0,1.0,0.05,5000,1.0,1.1,130
4,68,1,mle,1.0,1.0,0.05,5000,1.0,1.1,58
4,69,1,mle,1.0,1.0,0.05,5000,1.0,1.1,19
4,70,1,mle,1.0,1.0,0.05,5000,1.0,1.1,452
4,71,1,mle,1.0,1.0,0.05,5000,1.0,1.1,35
4,72,1,mle,1.0,1.0,0.05,5000,1.0,1.1,30
4,73,1,mle,1.0,1.0,0.05,5000,1.0,1.1,121
4,74,1,mle,1.0,1.0,0.05,5000,1.0,1.1,59
4,75,1,mle,1.0,1.0,0.05,5000,1.0,1.1,54
4,76,1,mle,1.0,1.0,0.05,5000,1.0,1.1,33
4,77,1,mle,1.0,1.0,0.05,5000,1.0,1.1,299
4,78,1,mle,1.0,1.0,0.05,5000,1.0,1.1,95
4,79,1,mle,1.0,1.0,0.05,5000,1.0,1.1,323
4,80,1,mle,1.0,1.0,0.05,5000,1.0,1.1,178
4,81,1,mle,1.0,1.0,0.05,5000,1.0,1.1,27
4,82,1,mle,1.0,1.0,0.05,5000,1.0,1.1,23
4,83,1,mle,1.0,1.0,0.05,5000,1.0,1.1,17
4,84,1,mle,1.0,1.0,0.05,5000,1.0,1.1,106
4,85,1,mle,1.0,1.0,0.05,5000,1.0,1.1,175
4,86,1,mle,1.0,1.0,0.05,5000,1.0,1.1,53
4,87,1,mle,1.0,1.0,0.05,5000,1.0,1.1,185
4,88,1,mle,1.0,1.0,0.05,5000,1.0,1.1,326
4,89,1,mle,1.0,1.0,0.05,5000,1.0,1.1,18
4,90,1,mle,1.0,1.0,0.05,5000,1.0,1.1,13
4,91,1,mle,1.0,1.0,0.05,5000,1.0,1.1,240
4,92,1,mle,1.0,1.0,0.05,5000,1.0,1.1,35
4,93,1,mle,1.0,1.0,0.05,5000,1.0,1.1,279
4,94,1,mle,1.0,1.0,0.05,5000,1.0,1.1,272
4,95,1,mle,1.0,1.0,0.05,5000,1.0,1.1,17
4,96,1,mle,1.0,1.0,0.05,5000,1.0,1.1,26
4,97,1,mle,1.0,1.0,0.05,5000,1.0,1.1,62
4,98,1,mle,1.0,1.0,0.05,5000,1.0,1.1,19
4,99,1,mle,1.0,1.0,0.05,5000,1.0,1.1,36
4,100,1,mle,1.0,1.0,0.05,5000,1.0,1.1,104
4,101,1,mle,1.0,1.0,0.05,5000,1.0,1.1,97
4,102,1,mle,1.0,1.0,0.05,5000,1.0,1.1,11
4,103,1,mle,1.0,1.0,0.05,5000,1.0,1.1,27
4,104,1,mle,1.0,1.0,0.05,5000,1.0,1.1,10
4,105,1,mle,1.0,1.0,0.05,5000,1.0,1.1,135
4,106,1,mle,1.0,1.0,0.05,5000,1.0,1.1,10
4,107,1,mle,1.0,1.0,0.05,5000,1.0,1.1,25
4,108,1,mle,1.0,1.0,0.05,5000,1.0,1.1,7
4,109,1,mle,1.0,1.0,0.05,5000,1.0,1.1,23
4,110,1,mle,1.0,1.0,0.05,5000,1.0,1.1,71
4,111,1,mle,1.0,1.0,0.05,5000,1.0,1.1,52
4,112,1,mle,1.0,1.0,0.05,5000,1.0,1.1,45
4,113,1,mle,1.0,1.0,0.05,5000,1.0,1.1,23
4,114,1,mle,1.0,1.0,0.05,5000,1.0,1.1,42
4,115,1,mle,1.0,1.0,0.05,5000,1.0,1.1,208
4,116,1,mle,1.0,1.0,0.05,5000,1.0,1.1,17
4,117,1,mle,1.0,1.0,0.05,5000,1.0,1.1,6
4,118,1,mle,1.0,1.0,0.05,5000,1.0,1.1,52
4,119,1,mle,1.0,1.0,0.05,5000,1.0,1.1,70
4,120,1,mle,1.0,1.0,0.05,5000,1.0,1.1,18
4,121,1,mle,1.0,1.0,0.05,5000,1.0,1.1,35
4,122,1,mle,1.0,1.0,0.05,5000,1.0,1.1,21
4,123,1,mle,1.0,1.0,0.05,5000,1.0,1.1,20
4,124,1,mle,1.0,1.0,0.05,5000,1.0,1.1,15
4,125,1,mle,1.0,1.0,0.05,5000,1.0,1.1,16
4,126,1,mle,1.0,1.0,0.05,5000,1.0,1.1,34
4,127,1,mle,1.0,1.0,0.05,5000,1.0,1.1,83
4,128,1,mle,1.0,1.0,0.05,5000,1.0,1.1,56
4,129,1,mle,1.0,1.0,0.05,5000,1.0,1.1,56
4,130,1,mle,1.0,1.0,0.05,5000,1.0,1.1,32
4,131,1,mle,1.0,1.0,0.05,5000,1.0,1.1,218
4,132,1,mle,1.0,1.0,0.05,5000,1.0,1.1,88
4,133,1,mle,1.0,1.0,0.05,5000,1.0,1.1,243
4,134,1,mle,1.0,1.0,0.05,5000,1.0,1.1,36
4,135,1,mle,1.0,1.0,0.05,5000,1.0,1.1,23
4,136,1,mle,1.0,1.0,0.05,5000,1.0,1.1,6
4,137,1,mle,1.0,1.0,0.05,5000,1.0,1.1,19
4,138,1,mle,1.0,1.0,0.05,5000,1.0,1.1,57
4,139,1,mle,1.0,1.0,0.05,5000,1.0,1.1,36
4,140,1,mle,1.0,1.0,0.05,5000,1.0,1.1,62
4,141,1,mle,1.0,1.0,0.05,5000,1.0,1.1,146
4,142,1,mle,1.0,1.0,0.05,5000,1.0,1.1,27
4,143,1,mle,1.0,1.0,0.05,5000,1.0,1.1,49
4,144,1,mle,1.0,1.0,0.05,5000,1.0,1.1,90
4,145,1,mle,1.0,1.0,0.05,5000,1.0,1.1,186
4,146,1,mle,1.0,1.0,0.05,5000,1.0,1.1,600
4,147,1,mle,1.0,1.0,0.05,5000,1.0,1.1,19
4,148,1,mle,1.0,1.0,0.05,5000,1.0,1.1,39
4,149,1,mle,1.0,1.0,0.05,5000,1.0,1.1,46
4,150,1,mle,1.0,1.0,0.05,5000,1.0,1.1,31
4,151,1,mle,1.0,1.0,0.05,5000,1.0,1.1,22
4,152,1,mle,1.0,1.0,0.05,5000,1.0,1.1,103
4,153,1,mle,1.0,1.0,0.05,5000,1.0,1.1,13
4,154,1,mle,1.0,1.0,0.05,5000,1.0,1.1,43
4,155,1,mle,1.0,1.0,0.05,5000,1.0,1.1,11
4,156,1,mle,1.0,1.0,0.05,5000,1.0,1.1,116
4,157,1,mle,1.0,1.0,0.05,5000,1.0,1.1,27
4,158,1,mle,1.0,1.0,0.05,5000,1.0,1.1,25
4,159,1,mle,1.0,1.0,0.05,5000,1.0,1.1,546
4,160,1,mle,1.0,1.0,0.05,5000,1.0,1.1,72
4,161,1,mle,1.0,1.0,0.05,5000,1.0,1.1,23
4,162,1,mle,1.0,1.0,0.05,5000,1.0,1.1,100
4,163,1,mle,1.0,1.0,0.05,5000,1.0,1.1,279
4,164,1,mle,1.0,1.0,0.05,5000,1.0,1.1,5
4,165,1,mle,1.0,1.0,0.05,5000,1.0,1.1,24
4,166,1,mle,1.0,1.0,0.05,5000,1.0,1.1,13
4,167,1,mle,1.0,1.0,0.05,5000,1.0,1.1,11
4,168,1,mle,1.0,1.0,0.05,5000,1.0,1.1,60
4,169,1,mle,1.0,1.0,0.05,5000,1.0,1.1,258
4,170,1,mle,1.0,1.0,0.05,5000,1.0,1.1,48
4,171,1,mle,1.0,1.0,0.05,5000,1.0,1.1,5
4,172,1,mle,1.0,1.0,0.05,5000,1.0,1.1,24
4,173,1,mle,1.0,1.0,0.05,5000,1.0,1.1,12
4,174,1,mle,1.0,1.0,0.05,5000,1.0,1.1,23
4,175,1,mle,1.0,1.0,0.05,5000,1.0,1.1,249
4,176,1,mle,1.0,1.0,0.05,5000,1.0,1.1,37
4,177,1,mle,1.0,1.0,0.05,5000,1.0,1.1,46
4,178,1,mle,1.0,1.0,0.05,5000,1.0,1.1,28
4,179,1,mle,1.0,1.0,0.05,5000,1.0,1.1,16
4,180,1,mle,1.0,1.0,0.05,5000,1.0,1.1,78
4,181,1,mle,1.0,1.0,0.05,5000,1.0,1.1,72
4,182,1,mle,1.0,1.0,0.05,5000,1.0,1.1,40
4,183,1,mle,1.0,1.0,0.05,5000,1.0,1.1,276
4,184,1,mle,1.0,1.0,0.05,5000,1.0,1.1,155
4,185,1,mle,1.0,1.0,0.05,5000,1.0,1.1,60
4,186,1,mle,1.0,1.0,0.05,5000,1.0,1.1,39
4,187,1,mle,1.0,1.0,0.05,5000,1.0,1.1,24
4,188,1,mle,1.0,1.0,0.05,5000,1.0,1.1,29
4,189,1,mle,1.0,1.0,0.05,5000,1.0,1.1,29
4,190,1,mle,1.0,1.0,0.05,5000,1.0,1.1,29
4,191,1,mle,1.0,1.0,0.05,5000,1.0,1.1,11
4,192,1,mle,1.0,1.0,0.05,5000,1.0,1.1,788
4,193,1,mle,1.0,1.0,0.05,5000,1.0,1.1,10
4,194,1,mle,1.0,1.0,0.05,5000,1.0,1.1,116
4,195,1,mle,1.0,1.0,0.05,5000,1.0,1.1,120
4,196,1,mle,1.0,1.0,0.05,5000,1.0,1.1,538
4,197,1,mle,1.0,1.0,0.05,5000,1.0,1.1,11
4,198,1,mle,1.0,1.0,0.05,5000,1.0,1.1,6
4,199,1,mle,1.0,1.0,0.05,5000,1.0,1.1,46
4,200,1,mle,1.0,1.0,0.05,5000,1.0,1.1,12
2,1,1,heuristic,1.0,1.0,0.05,5000,1.0,1.0,1
2,2,1,heuristic,1.0,1.0,0.05,5000,1.0,1.0,6
2,3,1,heuristic,1.0,1.0,0.05,5000,1.0,1.0,3
2,4,1,heuristic,1.0,1.0,0.05,5000,1.0,1.0,4
2,5,1,heuristic,1.0,1.0,0.05,5000,1.0,1.0,3
2,6,1,heuristic,1.0,1.0,0.05,5000,1.0,1.0,3
2,7,1,heuristic,1.0,1.0,0.05,5000,1.0,1.0,1
2,8,1,heuristic,1.0,1.0,0.05,5000,1.0,1.0,23
2,9,1,heuristic,1.0,1.0,0.05,5000,1.0,1.0,12
2,10,1,heuristic,1.0,1.0,0.05,5000,1.0,1.0,6
2,11,1,heuristic,1.0,1.0,0.05,5000,1.0,1.0,11
2,12,1,heuristic,1.0,1.0,0.05,5000,1.0,1.0,4
2,13,1,heuristic,1.0,1.0,0.05,5000,1.0,1.0,10
2,14,1,heuristic,1.0,1.0,0.05,5000,1.0,1.0,4
2,15,1,heuristic,1.0,1.0,0.05,5000,1.0,1.0,4
2,16,1,heuristic,1.0,1.0,0.05,5000,1.0,1.0,3
2,17,1,heuristic,1.0,1.0,0.05,5000,1.0,1.0,8
2,18,1,heuristic,1.0,1.0,0.05,5000,1.0,1.0,3
2,19,1,heuristic,1.0,1.0,0.05,5000,1.0,1.0,3
2,20,1,heuristic,1.0,1.0,0.05,5000,1.0,1.0,3
2,21,1,heuristic,1.0,1.0,0.05,5000,1.0,1.0,17
2,22,1,heuristic,1.0,1.0,0.05,5000,1.0,1.0,10
2,23,1,heuristic,1.0,1.0,0.05,5000,1.0,1.0,3
2,24,1,heuristic,1.0,1.0,0.05,5000,1.0,1.0,3
2,25,1,heuristic,1.0,1.0,0.05,5000,1.0,1.0,4
2,26,1,heuristic,1.0,1.0,0.05,5000,1.0,1.0,3
2,27,1,heuristic,1.0,1.0,0.05,5000,1.0,1.0,5
2,28,1,heuristic,1.0,1.0,0.05,5000,1.0,1.0,4
2,29,1,heuristic,1.0,1.0,0.05,5000,1.0,1.0,5
2,30,1,heuristic,1.0,1.0,0.05,5000,1.0,1.0,3
2,31,1,heuristic,1.0,1.0,0.05,5000,1.0,1.0,6
2,32,1,heuristic,1.0,1.0,0.05,5000,1.0,1.0,3
2,33,1,heuristic,1.0,1.0,0.05,5000,1.0,1.0,8
2,34,1,heuristic,1.0,1.0,0.05,5000,1.0,1.0,3
2,35,1,heuristic,1.0,1.0,0.05,5000,1.0,1.0,13
2,36,1,heuristic,1.0,1.0,0.05,5000,1.0,1.0,4
2,37,1,heuristic,1.0,1.0,0.05,5000,1.0,1.0,3
2,38,1,heuristic,1.0,1.0,0.05,5000,1.0,1.0,5
2,39,1,heuristic,1.0,1.0,0.05,5000,1.0,1.0,12
2,40,1,heuristic,1.0,1.0,0.05,5000,1.0,1.0,4
2,41,1,heuristic,1.0,1.0,0.05,5000,1.0,1.0,4
2,42,1,heuristic,1.0,1.0,0.05,5000,1.0,1.0,4
2,43,1,heuristic,1.0,1.0,0.05,5000,1.0,1.0,6
2,44,1,heuristic,1.0,1.0,0.05,5000,1.0,1.0,3
2,45,1,heuristic,1.0,1.0,0.05,5000,1.0,1.0,4
2,46,1,heuristic,1.0,1.0,0.05,5000,1.0,1.0,3
2,47,1,heuristic,1.0,1.0,0.05,5000,1.0,1.0,3
2,48,1,heuristic,1.0,1.0,0.05,5000,1.0,1.0,13
2,49,1,heuristic,1.0,1.0,0.05,5000,1.0,1.0,3
2,50,1,heuristic,1.0,1.0,0.05,5000,1.0,1.0,5
2,51,1,heuristic,1.0,1.0,0.05,5000,1.0,1.0,3
2,52,1,heuristic,1.0,1.0,0.05,5000,1.0,1.0,4
2,53,1,heuristic,1.0,1.0,0.05,5000,1.0,1.0,4
2,54,1,heuristic,1.0,1.0,0.05,5000,1.0,1.0,3
2,55,1,heuristic,1.0,1.0,0.05,5000,1.0,1.0,3
2,56,1,heuristic,1.0,1.0,0.05,5000,1.0,1.0,3
2,57,1,heuristic,1.0,1.0,0.05,5000,1.0,1.0,3
2,58,1,heuristic,1.0,1.0,0.05,5000,1.0,1.0,3
2,59,1,heuristic,1.0,1.0,0.05,5000,1.0,1.0,7
2,60,1,heuristic,1.0,1.0,0.05,5000,1.0,1.0,3
2,61,1,heuristic,1.0,1.0,0.05,5000,1.0,1.0,4
2,62,1,heuristic,1.0,1.0,0.05,5000,1.0,1.0,16
2,63,1,heuristic,1.0,1.0,0.05,5000,1.0,1.0,4
2,64,1,heuristic,1.0,1.0,0.05,5000,1.0,1.0,3
2,65,1,heuristic,1.0,1.0,0.05,5000,1.0,1.0,3
2,66,1,heuristic,1.0,1.0,0.05,5000,1.0,1.0,3
2,67,1,heuristic,1.0,1.0,0.05,5000,1.0,1.0,4
2,68,1,heuristic,1.0,1.0,0.05,5000,1.0,1.0,3
2,69,1,heuristic,1.0,1.0,0.05,5000,1.0,1.0,4
2,70,1,heuristic,1.0,1.0,0.05,5000,1.0,1.0,6
2,71,1,heuristic,1.0,1.0,0.05,5000,1.0,1.0,4
2,72,1,heuristic,1.0,1.0,0.05,5000,1.0,1.0,30
2,73,1,heuristic,1.0,1.0,0.05,5000,1.0,1.0,1
2,74,1,heuristic,1.0,1.0,0.05,5000,1.0,1.0,8
2,75,1,heuristic,1.0,1.0,0.05,5000,1.0,1.0,4
2,76,1,heuristic,1.0,1.0,0.05,5000,1.0,1.0,3
2,77,1,heuristic,1.0,1.0,0.05,5000,1.0,1.0,4
2,78,1,heuristic,1.0,1.0,0.05,5000,1.0,1.0,4
2,79,1,heuristic,1.0,1.0,0.05,5000,1.0,1.0,5
2,80,1,heuristic,1.0,1.0,0.05,5000,1.0,1.0,3
2,81,1,heuristic,1.0,1.0,0.05,5000,1.0,1.0,3
2,82,1,heuristic,1.0,1.0,0.05,5000,1.0,1.0,5
2,83,1,heuristic,1.0,1.0,0.05,5000,1.0,1.0,3
2,84,1,heuristic,1.0,1.0,0.05,5000,1.0,1.0,3
2,85,1,heuristic,1.0,1.0,0.05,5000,1.0,1.0,3
2,86,1,heuristic,1.0,1.0,0.05,5000,1.0,1.0,3
2,87,1,heuristic,1.0,1.0,0.05,5000,1.0,1.0,7
2,88,1,heuristic,1.0,1.0,0.05,5000,1.0,1.0,3
2,89,1,heuristic,1.0,1.0,0.05,5000,1.0,1.0,3
2,90,1,heuristic,1.0,1.0,0.05,5000,1.0,1.0,4
2,91,1,heuristic,1.0,1.0,0.05,5000,1.0,1.0,6
2,92,1,heuristic,1.0,1.0,0.05,5000,1.0,1.0,1
2,93,1,heuristic,1.0,1.0,0.05,5000,1.0,1.0,3
2,94,1,heuristic,1.0,1.0,0.05,5000,1.0,1.0,6
2,95,1,heuristic,1.0,1.0,0.05,5000,1.0,1.0,3
2,96,1,heuristic,1.0,1.0,0.05,5000,1.0,1.0,17
2,97,1,heuristic,1.0,1.0,0.05,5000,1.0,1.0,4
2,98,1,heuristic,1.0,1.0,0.05,5000,1.0,1.0,5
2,99,1,heuristic,1.0,1.0,0.05,5000,1.0,1.0,4
2,100,1,heuristic,1.0,1.0,0.05,5000,1.0,1.0,4
2,101,1,heuristic,1.0,1.0,0.05,5000,1.0,1.0,5
2,102,1,heuristic,1.0,1.0,0.05,5000,1.0,1.0,4
2,103,1,heuristic,1.0,1.0,0.05,5000,1.0,1.0,3
2,104,1,heuristic,1.0,1.0,0.05,5000,1.0,1.0,5
2,105,1,heuristic,1.0,1.0,0.05,5000,1.0,1.0,3
2,106,1,heuristic,1.0,1.0,0.05,5000,1.0,1.0,3
2,107,1,heuristic,1.0,1.0,0.05,5000,1.0,1.0,1
2,108,1,heuristic,1.0,1.0,0.05,5000,1.0,1.0,3
2,109,1,heuristic,1.0,1.0,0.05,5000,1.0,1.0,4
2,110,1,heuristic,1.0,1.0,0.05,5000,1.0,1.0,3
2,111,1,heuristic,1.0,1.0,0.05,5000,1.0,1.0,3
2,112,1,heuristic,1.0,1.0,0.05,5000,1.0,1.0,3
2,113,1,heuristic,1.0,1.0,0.05,5000,1.0,1.0,3
2,114,1,heuristic,1.0,1.0,0.05,5000,1.0,1.0,3
2,115,1,heuristic,1.0,1.0,0.05,5000,1.0,1.0,8
2,116,1,heuristic,1.0,1.0,0.05,5000,1.0,1.0,5
2,117,1,heuristic,1.0,1.0,0.05,5000,1.0,1.0,3
2,118,1,heuristic,1.0,1.0,0.05,5000,1.0,1.0,4
2,119,1,heuristic,1.0,1.0,0.05,5000,1.0,1.0,4
2,120,1,heuristic,1.0,1.0,0.05,5000,1.0,1.0,4
2,121,1,heuristic,1.0,1.0,0.05,5000,1.0,1.0,3
2,122,1,heuristic,1.0,1.0,0.05,5000,1.0,1.0,3
2,123,1,heuristic,1.0,1.0,0.05,5000,1.0,1.0,5
2,124,1,heuristic,1.0,1.0,0.05,5000,1.0,1.0,4
2,125,1,heuristic,1.0,1.0,0.05,5000,1.0,1.0,3
2,126,1,heuristic,1.0,1.0,0.05,5000,1.0,1.0,19
2,127,1,heuristic,1.0,1.0,0.05,5000,1.0,1.0,3
2,128,1,heuristic,1.0,1.0,0.05,5000,1.0,1.0,3
2,129,1,heuristic,1.0,1.0,0.05,5000,1.0,1.0,3
2,130,1,heuristic,1.0,1.0,0.05,5000,1.0,1.0,3
2,131,1,heuristic,1.0,1.0,0.05,5000,1.0,1.0,7
2,132,1,heuristic,1.0,1.0,0.05,5000,1.0,1.0,3
2,133,1,heuristic,1.0,1.0,0.05,5000,1.0,1.0,3
2,134,1,heuristic,1.0,1.0,0.05,5000,1.0,1.0,4
2,135,1,heuristic,1.0,1.0,0.05,5000,1.0,1.0,8
2,136,1,heuristic,1.0,1.0,0.05,5000,1.0,1.0,3
2,137,1,heuristic,1.0,1.0,0.05,5000,1.0,1.0,3
2,138,1,heuristic,1.0,1.0,0.05,5000,1.0,1.0,7
2,139,1,heuristic,1.0,1.0,0.05,5000,1.0,1.0,6
2,140,1,heuristic,1.0,1.0,0.05,5000,1.0,1.0,3
2,141,1,heuristic,1.0,1.0,0.05,5000,1.0,1.0,3
2,142,1,heuristic,1.0,1.0,0.05,5000,1.0,1.0,11
2,143,1,heuristic,1.0,1.0,0.05,5000,1.0,1.0,5
2,144,1,heuristic,1.0,1.0,0.05,5000,1.0,1.0,3
2,145,1,heuristic,1.0,1.0,0.05,5000,1.0,1.0,1
2,146,1,heuristic,1.0,1.0,0.05,5000,1.0,1.0,5
2,147,1,heuristic,1.0,1.0,0.05,5000,1.0,1.0,3
2,148,1,heuristic,1.0,1.0,0.05,5000,1.0,1.0,11
2,149,1,heuristic,1.0,1.0,0.05,5000,1.0,1.0,3
2,150,1,heuristic,1.0,1.0,0.05,5000,1.0,1.0,3
2,151,1,heuristic,1.0,1.0,0.05,5000,1.0,1.0,8
2,152,1,heuristic,1.0,1.0,0.05,5000,1.0,1.0,3
2,153,1,heuristic,1.0,1.0,0.05,5000,1.0,1.0,6
2,154,1,heuristic,1.0,1.0,0.05,5000,1.0,1.0,3
2,155,1,heuristic,1.0,1.0,0.05,5000,1.0,1.0,3
2,156,1,heuristic,1.0,1.0,0.05,5000,1.0,1.0,4
2,157,1,heuristic,1.0,1.0,0.05,5000,1.0,1.0,4
2,158,1,heuristic,1.0,1.0,0.05,5000,1.0,1.0,6
2,159,1,heuristic,1.0,1.0,0.05,5000,1.0,1.0,3
2,160,1,heuristic,1.0,1.0,0.05,5000,1.0,1.0,3
2,161,1,heuristic,1.0,1.0,0.05,5000,1.0,1.0,5
2,162,1,heuristic,1.0,1.0,0.05,5000,1.0,1.0,6
2,163,1,heuristic,1.0,1.0,0.05,5000,1.0,1.0,1
2,164,1,heuristic,1.0,1.0,0.05,5000,1.0,1.0,4
2,165,1,heuristic,1.0,1.0,0.05,5000,1.0,1.0,4
2,166,1,heuristic,1.0,1.0,0.05,5000,1.0,1.0,12
2,167,1,heuristic,1.0,1.0,0.05,5000,1.0,1.0,3
2,168,1,heuristic,1.0,1.0,0.05,5000,1.0,1.0,3
2,169,1,heuristic,1.0,1.0,0.05,5000,1.0,1.0,4
2,170,1,heuristic,1.0,1.0,0.05,5000,1.0,1.0,11
2,171,1,heuristic,1.0,1.0,0.05,5000,1.0,1.0,1
2,172,1,heuristic,1.0,1.0,0.05,5000,1.0,1.0,8
2,173,1,heuristic,1.0,1.0,0.05,5000,1.0,1.0,5
2,174,1,heuristic,1.0,1.0,0.05,5000,1.0,1.0,5
2,175,1,heuristic,1.0,1.0,0.05,5000,1.0,1.0,5
2,176,1,heuristic,1.0,1.0,0.05,5000,1.0,1.0,4
2,177,1,heuristic,1.0,1.0,0.05,5000,1.0,1.0,3
2,178,1,heuristic,1.0,1.0,0.05,5000,1.0,1.0,3
2,179,1,heuristic,1.0,1.0,0.05,5000,1.0,1.0,4
2,180,1,heuristic,1.0,1.0,0.05,5000,1.0,1.0,4
2,181,1,heuristic,1.0,1.0,0.05,5000,1.0,1.0,3
2,182,1,heuristic,1.0,1.0,0.05,5000,1.0,1.0,3
2,183,1,heuristic,1.0,1.0,0.05,5000,1.0,1.0,5
2,184,1,heuristic,1.0,1.0,0.05,5000,1.0,1.0,4
2,185,1,heuristic,1.0,1.0,0.05,5000,1.0,1.0,4
2,186,1,heuristic,1.0,1.0,0.05,5000,1.0,1.0,6
2,187,1,heuristic,1.0,1.0,0.05,5000,1.0,1.0,18
2,188,1,heuristic,1.0,1.0,0.05,5000,1.0,1.0,4
2,189,1,heuristic,1.0,1.0,0.05,5000,1.0,1.0,5
2,190,1,heuristic,1.0,1.0,0.05,5000,1.0,1.0,4
2,191,1,heuristic,1.0,1.0,0.05,5000,1.0,1.0,7
2,192,1,heuristic,1.0,1.0,0.05,5000,1.0,1.0,3
2,193,1,heuristic,1.0,1.0,0.05,5000,1.0,1.0,4
2,194,1,heuristic,1.0,1.0,0.05,5000,1.0,1.0,6
2,195,1,heuristic,1.0,1.0,0.05,5000,1.0,1.0,14
2,196,1,heuristic,1.0,1.0,0.05,5000,1.0,1.0,6
2,197,1,heuristic,1.0,1.0,0.05,5000,1.0,1.0,4
2,198,1,heuristic,1.0,1.0,0.05,5000,1.0,1.0,3
2,199,1,heuristic,1.0,1.0,0.05,5000,1.0,1.0,5
2,200,1,heuristic,1.0,1.0,0.05,5000,1.0,1.0,3
2,1,1,heuristic,1.0,1.0,0.05,5000,1.0,1.025,1
2,2,1,heuristic,1.0,1.0,0.05,5000,1.0,1.025,4
2,3,1,heuristic,1.0,1.0,0.05,5000,1.0,1.025,4
2,4,1,heuristic,1.0,1.0,0.05,5000,1.0,1.025,4
2,5,1,heuristic,1.0,1.0,0.05,5000,1.0,1.025,3
2,6,1,heuristic,1.0,1.0,0.05,5000,1.0,1.025,8
2,7,1,heuristic,1.0,1.0,0.05,5000,1.0,1.025,1
2,8,1,heuristic,1.0,1.0,0.05,5000,1.0,1.025,4
2,9,1,heuristic,1.0,1.0,0.05,5000,1.0,1.025,3
2,10,1,heuristic,1.0,1.0,0.05,5000,1.0,1.025,5
2,11,1,heuristic,1.0,1.0,0.05,5000,1.0,1.025,6
2,12,1,heuristic,1.0,1.0,0.05,5000,1.0,1.025,4
2,13,1,heuristic,1.0,1.0,0.05,5000,1.0,1.025,3
2,14,1,heuristic,1.0,1.0,0.05,5000,1.0,1.025,3
2,15,1,heuristic,1.0,1.0,0.05,5000,1.0,1.025,3
2,16,1,heuristic,1.0,1.0,0.05,5000,1.0,1.025,4
2,17,1,heuristic,1.0,1.0,0.05,5000,1.0,1.025,3
2,18,1,heuristic,1.0,1.0,0.05,5000,1.0,1.025,3
2,19,1,heuristic,1.0,1.0,0.05,5000,1.0,1.025,8
2,20,1,heuristic,1.0,1.0,0.05,5000,1.0,1.025,3
2,21,1,heuristic,1.0,1.0,0.05,5000,1.0,1.025,7
2,22,1,heuristic,1.0,1.0,0.05,5000,1.0,1.025,3
2,23,1,heuristic,1.0,1.0,0.05,5000,1.0,1.025,4
2,24,1,heuristic,1.0,1.0,0.05,5000,1.0,1.025,4
2,25,1,heuristic,1.0,1.0,0.05,5000,1.0,1.025,8
2,26,1,heuristic,1.0,1.0,0.05,5000,1.0,1.025,3
2,27,1,heuristic,1.0,1.0,0.05,5000,1.0,1.025,4
2,28,1,heuristic,1.0,1.0,0.05,5000,1.0,1.025,5
2,29,1,heuristic,1.0,1.0,0.05,5000,1.0,1.025,3
2,30,1,heuristic,1.0,1.0,0.05,5000,1.0,1.025,6
2,31,1,heuristic,1.0,1.0,0.05,5000,1.0,1.025,3
2,32,1,heuristic,1.0,1.0,0.05,5000,1.0,1.025,3
2,33,1,heuristic,1.0,1.0,0.05,5000,1.0,1.025,3
2,34,1,heuristic,1.0,1.0,0.05,5000,1.0,1.025,3
2,35,1,heuristic,1.0,1.0,0.05,5000,1.0,1.025,6
2,36,1,heuristic,1.0,1.0,0.05,5000,1.0,1.025,3
2,37,1,heuristic,1.0,1.0,0.05,5000,1.0,1.025,3
2,38,1,heuristic,1.0,1.0,0.05,5000,1.0,1.025,5
2,39,1,heuristic,1.0,1.0,0.05,5000,1.0,1.025,3
2,40,1,heuristic,1.0,1.0,0.05,5000,1.0,1.025,3
2,41,1,heuristic,1.0,1.0,0.05,5000,1.0,1.025,3
2,42,1,heuristic,1.0,1.0,0.05,5000,1.0,1.025,3
2,43,1,heuristic,1.0,1.0,0.05,5000,1.0,1.025,11
2,44,1,heuristic,1.0,1.0,0.05,5000,1.0,1.025,3
2,45,1,heuristic,1.0,1.0,0.05,5000,1.0,1.025,4
2,46,1,heuristic,1.0,1.0,0.05,5000,1.0,1.025,3
2,47,1,heuristic,1.0,1.0,0.05,5000,1.0,1.025,14
2,48,1,heuristic,1.0,1.0,0.05,5000,1.0,1.025,9
2,49,1,heuristic,1.0,1.0,0.05,5000,1.0,1.025,5
2,50,1,heuristic,1.0,1.0,0.05,5000,1.0,1.025,4
2,51,1,heuristic,1.0,1.0,0.05,5000,1.0,1.025,3
2,52,1,heuristic,1.0,1.0,0.05,5000,1.0,1.025,3
2,53,1,heuristic,1.0,1.0,0.05,5000,1.0,1.025,5
2,54,1,heuristic,1.0,1.0,0.05,5000,1.0,1.025,3
2,55,1,heuristic,1.0,1.0,0.05,5000,1.0,1.025,7
2,56,1,heuristic,1.0,1.0,0.05,5000,1.0,1.025,3
2,57,1,heuristic,1.0,1.0,0.05,5000,1.0,1.025,3
2,58,1,heuristic,1.0,1.0,0.05,5000,1.0,1.025,3
2,59,1,heuristic,1.0,1.0,0.05,5000,1.0,1.025,4
2,60,1,heuristic,1.0,1.0,0.05,5000,1.0,1.025,4
2,61,1,heuristic,1.0,1.0,0.05,5000,1.0,1.025,3
2,62,1,heuristic,1.0,1.0,0.05,5000,1.0,1.025,5
2,63,1,heuristic,1.0,1.0,0.05,5000,1.0,1.025,4
2,64,1,heuristic,1.0,1.0,0.05,5000,1.0,1.025,4
2,65,1,heuristic,1.0,1.0,0.05,5000,1.0,1.025,3
2,66,1,heuristic,1.0,1.0,0.05,5000,1.0,1.025,4
2,67,1,heuristic,1.0,1.0,0.05,5000,1.0,1.025,4
2,68,1,heuristic,1.0,1.0,0.05,5000,1.0,1.025,3
2,69,1,heuristic,1.0,1.0,0.05,5000,1.0,1.025,5
2,70,1,heuristic,1.0,1.0,0.05,5000,1.0,1.025,4
2,71,1,heuristic,1.0,1.0,0.05,5000,1.0,1.025,3
2,72,1,heuristic,1.0,1.0,0.05,5000,1.0,1.025,4
2,73,1,heuristic,1.0,1.0,0.05,5000,1.0,1.025,1
2,74,1,heuristic,1.0,1.0,0.05,5000,1.0,1.025,3
2,75,1,heuristic,1.0,1.0,0.05,5000,1.0,1.025,3
2,76,1,heuristic,1.0,1.0,0.05,5000,1.0,1.025,4
2,77,1,heuristic,1.0,1.0,0.05,5000,1.0,1.025,18
2,78,1,heuristic,1.0,1.0,0.05,5000,1.0,1.025,6
2,79,1,heuristic,1.0,1.0,0.05,5000,1.0,1.025,9
2,80,1,heuristic,1.0,1.0,0.05,5000,1.0,1.025,11
2,81,1,heuristic,1.0,1.0,0.05,5000,1.0,1.025,3
2,82,1,heuristic,1.0,1.0,0.05,5000,1.0,1.025,7
2,83,1,heuristic,1.0,1.0,0.05,5000,1.0,1.025,14
2,84,1,heuristic,1.0,1.0,0.05,5000,1.0,1.025,7
2,85,1,heuristic,1.0,1.0,0.05,5000,1.0,1.025,4
2,86,1,heuristic,1.0,1.0,0.05,5000,1.0,1.025,6
2,87,1,heuristic,1.0,1.0,0.05,5000,1.0,1.025,11
2,88,1,heuristic,1.0,1.0,0.05,5000,1.0,1.025,3
2,89,1,heuristic,1.0,1.0,0.05,5000,1.0,1.025,14
2,90,1,heuristic,1.0,1.0,0.05,5000,1.0,1.025,3
2,91,1,heuristic,1.0,1.0,0.05,5000,1.0,1.025,3
2,92,1,heuristic,1.0,1.0,0.05,5000,1.0,1.025,1
2,93,1,heuristic,1.0,1.0,0.05,5000,1.0,1.025,3
2,94,1,heuristic,1.0,1.0,0.05,5000,1.0,1.025,9
2,95,1,heuristic,1.0,1.0,0.05,5000,1.0,1.025,3
2,96,1,heuristic,1.0,1.0,0.05,5000,1.0,1.025,3
2,97,1,heuristic,1.0,1.0,0.05,5000,1.0,1.025,4
2,98,1,heuristic,1.0,1.0,0.05,5000,1.0,1.025,5
2,99,1,heuristic,1.0,1.0,0.05,5000,1.0,1.025,5
2,100,1,heuristic,1.0,1.0,0.05,5000,1.0,1.025,4
2,101,1,heuristic,1.0,1.0,0.05,5000,1.0,1.025,7
2,102,1,heuristic,1.0,1.0,0.05,5000,1.0,1.025,4
2,103,1,heuristic,1.0,1.0,0.05,5000,1.0,1.025,18
2,104,1,heuristic,1.0,1.0,0.05,5000,1.0,1.025,3
2,105,1,heuristic,1.0,1.0,0.05,5000,1.0,1.025,3
2,106,1,heuristic,1.0,1.0,0.05,5000,1.0,1.025,6
2,107,1,heuristic,1.0,1.0,0.05,5000,1.0,1.025,1
2,108,1,heuristic,1.0,1.0,0.05,5000,1.0,1.025,6
2,109,1,heuristic,1.0,1.0,0.05,5000,1.0,1.025,6
2,110,1,heuristic,1.0,1.0,0.05,5000,1.0,1.025,3
2,111,1,heuristic,1.0,1.0,0.05,5000,1.0,1.025,3
2,112,1,heuristic,1.0,1.0,0.05,5000,1.0,1.025,3
2,113,1,heuristic,1.0,1.0,0.05,5000,1.0,1.025,4
2,114,1,heuristic,1.0,1.0,0.05,5000,1.0,1.025,10
2,115,1,heuristic,1.0,1.0,0.05,5000,1.0,1.025,5
2,116,1,heuristic,1.0,1.0,0.05,5000,1.0,1.025,5
2,117,1,heuristic,1.0,1.0,0.05,5000,1.0,1.025,3
2,118,1,heuristic,1.0,1.0,0.05,5000,1.0,1.025,12
2,119,1,heuristic,1.0,1.0,0.05,5000,1.0,1.025,8
2,120,1,heuristic,1.0,1.0,0.05,5000,1.0,1.025,3
2,121,1,heuristic,1.0,1.0,0.05,5000,1.0,1.025,3
2,122,1,heuristic,1.0,1.0,0.05,5000,1.0,1.025,3
2,123,1,heuristic,1.0,1.0,0.05,5000,1.0,1.025,4
2,124,1,heuristic,1.0,1.0,0.05,5000,1.0,1.025,6
2,125,1,heuristic,1.0,1.0,0.05,5000,1.0,1.025,3
2,126,1,heuristic,1.0,1.0,0.05,5000,1.0,1.025,3
2,127,1,heuristic,1.0,1.0,0.05,5000,1.0,1.025,19
2,128,1,heuristic,1.0,1.0,0.05,5000,1.0,1.025,4
2,129,1,heuristic,1.0,1.0,0.05,5000,1.0,1.025,6
2,130,1,heuristic,1.0,1.0,0.05,5000,1.0,1.025,3
2,131,1,heuristic,1.0,1.0,0.05,5000,1.0,1.025,3
2,132,1,heuristic,1.0,1.0,0.05,5000,1.0,1.025,4
2,133,1,heuristic,1.0,1.0,0.05,5000,1.0,1.025,7
2,134,1,heuristic,1.0,1.0,0.05,5000,1.0,1.025,3
2,135,1,heuristic,1.0,1.0,0.05,5000,1.0,1.025,3
2,136,1,heuristic,1.0,1.0,0.05,5000,1.0,1.025,4
2,137,1,heuristic,1.0,1.0,0.05,5000,1.0,1.025,4
2,138,1,heuristic,1.0,1.0,0.05,5000,1.0,1.025,3
2,139,1,heuristic,1.0,1.0,0.05,5000,1.0,1.025,3
2,140,1,heuristic,1.0,1.0,0.05,5000,1.0,1.025,3
2,141,1,heuristic,1.0,1.0,0.05,5000,1.0,1.025,3
2,142,1,heuristic,1.0,1.0,0.05,5000,1.0,1.025,4
2,143,1,heuristic,1.0,1.0,0.05,5000,1.0,1.025,4
2,144,1,heuristic,1.0,1.0,0.05,5000,1.0,1.025,4
2,145,1,heuristic,1.0,1.0,0.05,5000,1.0,1.025,1
2,146,1,heuristic,1.0,1.0,0.05,5000,1.0,1.025,3
2,147,1,heuristic,1.0,1.0,0.05,5000,1.0,1.025,10
2,148,1,heuristic,1.0,1.0,0.05,5000,1.0,1.025,4
2,149,1,heuristic,1.0,1.0,0.05,5000,1.0,1.025,3
2,150,1,heuristic,1.0,1.0,0.05,5000,1.0,1.025,3
2,151,1,heuristic,1.0,1.0,0.05,5000,1.0,1.025,5
2,152,1,heuristic,1.0,1.0,0.05,5000,1.0,1.025,3
2,153,1,heuristic,1.0,1.0,0.05,5000,1.0,1.025,7
2,154,1,heuristic,1.0,1.0,0.05,5000,1.0,1.025,3
2,155,1,heuristic,1.0,1.0,0.05,5000,1.0,1.025,3
2,156,1,heuristic,1.0,1.0,0.05,5000,1.0,1.025,3
2,157,1,heuristic,1.0,1.0,0.05,5000,1.0,1.025,3
2,158,1,heuristic,1.0,1.0,0.05,5000,1.0,1.025,3
2,159,1,heuristic,1.0,1.0,0.05,5000,1.0,1.025,7
2,160,1,heuristic,1.0,1.0,0.05,5000,1.0,1.025,5
2,161,1,heuristic,1.0,1.0,0.05,5000,1.0,1.025,6
2,162,1,heuristic,1.0,1.0,0.05,5000,1.0,1.025,4
2,163,1,heuristic,1.0,1.0,0.05,5000,1.0,1.025,1
2,164,1,heuristic,1.0,1.0,0.05,5000,1.0,1.025,15
2,165,1,heuristic,1.0,1.0,0.05,5000,1.0,1.025,7
2,166,1,heuristic,1.0,1.0,0.05,5000,1.0,1.025,4
2,167,1,heuristic,1.0,1.0,0.05,5000,1.0,1.025,3
2,168,1,heuristic,1.0,1.0,0.05,5000,1.0,1.025,3
2,169,1,heuristic,1.0,1.0,0.05,5000,1.0,1.025,5
2,170,1,heuristic,1.0,1.0,0.05,5000,1.0,1.025,9
2,171,1,heuristic,1.0,1.0,0.05,5000,1.0,1.025,1
2,172,1,heuristic,1.0,1.0,0.05,5000,1.0,1.025,3
2,173,1,heuristic,1.0,1.0,0.05,5000,1.0,1.025,3
2,174,1,heuristic,1.0,1.0,0.05,5000,1.0,1.025,4
2,175,1,heuristic,1.0,1.0,0.05,5000,1.0,1.025,3
2,176,1,heuristic,1.0,1.0,0.05,5000,1.0,1.025,12
2,177,1,heuristic,1.0,1.0,0.05,5000,1.0,1.025,4
2,178,1,heuristic,1.0,1.0,0.05,5000,1.0,1.025,3
2,179,1,heuristic,1.0,1.0,0.05,5000,1.0,1.025,7
2,180,1,heuristic,1.0,1.0,0.05,5000,1.0,1.025,4
2,181,1,heuristic,1.0,1.0,0.05,5000,1.0,1.025,3
2,182,1,heuristic,1.0,1.0,0.05,5000,1.0,1.025,7
2,183,1,heuristic,1.0,1.0,0.05,5000,1.0,1.025,5
2,184,1,heuristic,1.0,1.0,0.05,5000,1.0,1.025,3
2,185,1,heuristic,1.0,1.0,0.05,5000,1.0,1.025,4
2,186,1,heuristic,1.0,1.0,0.05,5000,1.0,1.025,3
2,187,1,heuristic,1.0,1.0,0.05,5000,1.0,1.025,5
2,188,1,heuristic,1.0,1.0,0.05,5000,1.0,1.025,3
2,189,1,heuristic,1.0,1.0,0.05,5000,1.0,1.025,5
2,190,1,heuristic,1.0,1.0,0.05,5000,1.0,1.025,4
2,191,1,heuristic,1.0,1.0,0.05,5000,1.0,1.025,4
2,192,1,heuristic,1.0,1.0,0.05,5000,1.0,1.025,6
2,193,1,heuristic,1.0,1.0,0.05,5000,1.0,1.025,4
2,194,1,heuristic,1.0,1.0,0.05,5000,1.0,1.025,4
2,195,1,heuristic,1.0,1.0,0.05,5000,1.0,1.025,3
2,196,1,heuristic,1.0,1.0,0.05,5000,1.0,1.025,3
2,197,1,heuristic,1.0,1.0,0.05,5000,1.0,1.025,4
2,198,1,heuristic,1.0,1.0,0.05,5000,1.0,1.025,6
2,199,1,heuristic,1.0,1.0,0.05,5000,1.0,1.025,6
2,200,1,heuristic,1.0,1.0,0.05,5000,1.0,1.025,4
2,1,1,heuristic,1.0,1.0,0.05,5000,1.0,1.05,1
2,2,1,heuristic,1.0,1.0,0.05,5000,1.0,1.05,6
2,3,1,heuristic,1.0,1.0,0.05,5000,1.0,1.05,4
2,4,1,heuristic,1.0,1.0,0.05,5000,1.0,1.05,4
2,5,1,heuristic,1.0,1.0,0.05,5000,1.0,1.05,4
2,6,1,heuristic,1.0,1.0,0.05,5000,1.0,1.05,3
2,7,1,heuristic,1.0,1.0,0.05,5000,1.0,1.05,1
2,8,1,heuristic,1.0,1.0,0.05,5000,1.0,1.05,3
2,9,1,heuristic,1.0,1.0,0.05,5000,1.0,1.05,15
2,10,1,heuristic,1.0,1.0,0.05,5000,1.0,1.05,4
2,11,1,heuristic,1.0,1.0,0.05,5000,1.0,1.05,14
2,12,1,heuristic,1.0,1.0,0.05,5000,1.0,1.05,5
2,13,1,heuristic,1.0,1.0,0.05,5000,1.0,1.05,7
2,14,1,heuristic,1.0,1.0,0.05,5000,1.0,1.05,5
2,15,1,heuristic,1.0,1.0,0.05,5000,1.0,1.05,3
2,16,1,heuristic,1.0,1.0,0.05,5000,1.0,1.05,3
2,17,1,heuristic,1.0,1.0,0.05,5000,1.0,1.05,3
2,18,1,heuristic,1.0,1.0,0.05,5000,1.0,1.05,3
2,19,1,heuristic,1.0,1.0,0.05,5000,1.0,1.05,3
2,20,1,heuristic,1.0,1.0,0.05,5000,1.0,1.05,3
2,21,1,heuristic,1.0,1.0,0.05,5000,1.0,1.05,4
2,22,1,heuristic,1.0,1.0,0.05,5000,1.0,1.05,8
2,23,1,heuristic,1.0,1.0,0.05,5000,1.0,1.05,23
2,24,1,heuristic,1.0,1.0,0.05,5000,1.0,1.05,3
2,25,1,heuristic,1.0,1.0,0.05,5000,1.0,1.05,3
2,26,1,heuristic,1.0,1.0,0.05,5000,1.0,1.05,8
2,27,1,heuristic,1.0,1.0,0.05,5000,1.0,1.05,4
2,28,1,heuristic,1.0,1.0,0.05,5000,1.0,1.05,3
2,29,1,heuristic,1.0,1.0,0.05,5000,1.0,1.05,6
2,30,1,heuristic,1.0,1.0,0.05,5000,1.0,1.05,3
2,31,1,heuristic,1.0,1.0,0.05,5000,1.0,1.05,3
2,32,1,heuristic,1.0,1.0,0.05,5000,1.0,1.05,7
2,33,1,heuristic,1.0,1.0,0.05,5000,1.0,1.05,3
2,34,1,heuristic,1.0,1.0,0.05,5000,1.0,1.05,8
2,35,1,heuristic,1.0,1.0,0.05,5000,1.0,1.05,7
2,36,1,heuristic,1.0,1.0,0.05,5000,1.0,1.05,3
2,37,1,heuristic,1.0,1.0,0.05,5000,1.0,1.05,5
2,38,1,heuristic,1.0,1.0,0.05,5000,1.0,1.05,7
2,39,1,heuristic,1.0,1.0,0.05,5000,1.0,1.05,3
2,40,1,heuristic,1.0,1.0,0.05,5000,1.0,1.05,6
2,41,1,heuristic,1.0,1.0,0.05,5000,1.0,1.05,3
2,42,1,heuristic,1.0,1.0,0.05,5000,1.0,1.05,3
2,43,1,heuristic,1.0,1.0,0.05,5000,1.0,1.05,8
2,44,1,heuristic,1.0,1.0,0.05,5000,1.0,1.05,3
2,45,1,heuristic,1.0,1.0,0.05,5000,1.0,1.05,3
2,46,1,heuristic,1.0,1.0,0.05,5000,1.0,1.05,4
2,47,1,heuristic,1.0,1.0,0.05,5000,1.0,1.05,3
2,48,1,heuristic,1.0,1.0,0.05,5000,1.0,1.05,3
2,49,1,heuristic,1.0,1.0,0.05,5000,1.0,1.05,7
2,50,1,heuristic,1.0,1.0,0.05,5000,1.0,1.05,4
2,51,1,heuristic,1.0,1.0,0.05,5000,1.0,1.05,5
2,52,1,heuristic,1.0,1.0,0.05,5000,1.0,1.05,3
2,53,1,heuristic,1.0,1.0,0.05,5000,1.0,1.05,3
2,54,1,heuristic,1.0,1.0,0.05,5000,1.0,1.05,3
2,55,1,heuristic,1.0,1.0,0.05,5000,1.0,1.05,5
2,56,1,heuristic,1.0,1.0,0.05,5000,1.0,1.05,3
2,57,1,heuristic,1.0,1.0,0.05,5000,1.0,1.05,8
2,58,1,heuristic,1.0,1.0,0.05,5000,1.0,1.05,4
2,59,1,heuristic,1.0,1.0,0.05,5000,1.0,1.05,3
2,60,1,heuristic,1.0,1.0,0.05,5000,1.0,1.05,4
2,61,1,heuristic,1.0,1.0,0.05,5000,1.0,1.05,4
2,62,1,heuristic,1.0,1.0,0.05,5000,1.0,1.05,5
2,63,1,heuristic,1.0,1.0,0.05,5000,1.0,1.05,3
2,64,1,heuristic,1.0,1.0,0.05,5000,1.0,1.05,3
2,65,1,heuristic,1.0,1.0,0.05,5000,1.0,1.05,3
2,66,1,heuristic,1.0,1.0,0.05,5000,1.0,1.05,3
2,67,1,heuristic,1.0,1.0,0.05,5000,1.0,1.05,7
2,68,1,heuristic,1.0,1.0,0.05,5000,1.0,1.05,6
2,69,1,heuristic,1.0,1.0,0.05,5000,1.0,1.05,9
2,70,1,heuristic,1.0,1.0,0.05,5000,1.0,1.05,3
2,71,1,heuristic,1.0,1.0,0.05,5000,1.0,1.05,9
2,72,1,heuristic,1.0,1.0,0.05,5000,1.0,1.05,3
2,73,1,heuristic,1.0,1.0,0.05,5000,1.0,1.05,1
2,74,1,heuristic,1.0,1.0,0.05,5000,1.0,1.05,3
2,75,1,heuristic,1.0,1.0,0.05,5000,1.0,1.05,4
2,76,1,heuristic,1.0,1.0,0.05,5000,1.0,1.05,4
2,77,1,heuristic,1.0,1.0,0.05,5000,1.0,1.05,3
2,78,1,heuristic,1.0,1.0,0.05,5000,1.0,1.05,6
2,79,1,heuristic,1.0,1.0,0.05,5000,1.0,1.05,7
2,80,1,heuristic,1.0,1.0,0.05,5000,1.0,1.05,3
2,81,1,heuristic,1.0,1.0,0.05,5000,1.0,1.05,1
2,82,1,heuristic,1.0,1.0,0.05,5000,1.0,1.05,25
2,83,1,heuristic,1.0,1.0,0.05,5000,1.0,1.05,5
2,84,1,heuristic,1.0,1.0,0.05,5000,1.0,1.05,3
2,85,1,heuristic,1.0,1.0,0.05,5000,1.0,1.05,7
2,86,1,heuristic,1.0,1.0,0.05,5000,1.0,1.05,5
2,87,1,heuristic,1.0,1.0,0.05,5000,1.0,1.05,4
2,88,1,heuristic,1.0,1.0,0.05,5000,1.0,1.05,4
2,89,1,heuristic,1.0,1.0,0.05,5000,1.0,1.05,4
2,90,1,heuristic,1.0,1.0,0.05,5000,1.0,1.05,3
2,91,1,heuristic,1.0,1.0,0.05,5000,1.0,1.05,3
2,92,1,heuristic,1.0,1.0,0.05,5000,1.0,1.05,1
2,93,1,heuristic,1.0,1.0,0.05,5000,1.0,1.05,3
2,94,1,heuristic,1.0,1.0,0.05,5000,1.0,1.05,3
2,95,1,heuristic,1.0,1.0,0.05,5000,1.0,1.05,3
2,96,1,heuristic,1.0,1.0,0.05,5000,1.0,1.05,4
2,97,1,heuristic,1.0,1.0,0.05,5000,1.0,1.05,3
2,98,1,heuristic,1.0,1.0,0.05,5000,1.0,1.05,4
2,99,1,heuristic,1.0,1.0,0.05,5000,1.0,1.05,7
2,100,1,heuristic,1.0,1.0,0.05,5000,1.0,1.05,4
2,101,1,heuristic,1.0,1.0,0.05,5000,1.0,1.05,4
2,102,1,heuristic,1.0,1.0,0.05,5000,1.0,1.05,6
2,103,1,heuristic,1.0,1.0,0.05,5000,1.0,1.05,4
2,104,1,heuristic,1.0,1.0,0.05,5000,1.0,1.05,11
2,105,1,heuristic,1.0,1.0,0.05,5000,1.0,1.05,8
2,106,1,heuristic,1.0,1.0,0.05,5000,1.0,1.05,8
2,107,1,heuristic,1.0,1.0,0.05,5000,1.0,1.05,1
2,108,1,heuristic,1.0,1.0,0.05,5000,1.0,1.05,9
2,109,1,heuristic,1.0,1.0,0.05,5000,1.0,1.05,11
2,110,1,heuristic,1.0,1.0,0.05,5000,1.0,1.05,7
2,111,1,heuristic,1.0,1.0,0.05,5000,1.0,1.05,18
2,112,1,heuristic,1.0,1.0,0.05,5000,1.0,1.05,3
2,113,1,heuristic,1.0,1.0,0.05,5000,1.0,1.05,4
2,114,1,heuristic,1.0,1.0,0.05,5000,1.0,1.05,3
2,115,1,heuristic,1.0,1.0,0.05,5000,1.0,1.05,3
2,116,1,heuristic,1.0,1.0,0.05,5000,1.0,1.05,7
2,117,1,heuristic,1.0,1.0,0.05,5000,1.0,1.05,3
2,118,1,heuristic,1.0,1.0,0.05,5000,1.0,1.05,6
2,119,1,heuristic,1.0,1.0,0.05,5000,1.0,1.05,3
2,120,1,heuristic,1.0,1.0,0.05,5000,1.0,1.05,4
2,121,1,heuristic,1.0,1.0,0.05,5000,1.0,1.05,3
2,122,1,heuristic,1.0,1.0,0.05,5000,1.0,1.05,28
2,123,1,heuristic,1.0,1.0,0.05,5000,1.0,1.05,6
2,124,1,heuristic,1.0,1.0,0.05,5000,1.0,1.05,5
2,125,1,heuristic,1.0,1.0,0.05,5000,1.0,1.05,3
2,126,1,heuristic,1.0,1.0,0.05,5000,1.0,1.05,22
2,127,1,heuristic,1.0,1.0,0.05,5000,1.0,1.05,3
2,128,1,heuristic,1.0,1.0,0.05,5000,1.0,1.05,6
2,129,1,heuristic,1.0,1.0,0.05,5000,1.0,1.05,3
2,130,1,heuristic,1.0,1.0,0.05,5000,1.0,1.05,4
2,131,1,heuristic,1.0,1.0,0.05,5000,1.0,1.05,3
2,132,1,heuristic,1.0,1.0,0.05,5000,1.0,1.05,3
2,133,1,heuristic,1.0,1.0,0.05,5000,1.0,1.05,3
2,134,1,heuristic,1.0,1.0,0.05,5000,1.0,1.05,3
2,135,1,heuristic,1.0,1.0,0.05,5000,1.0,1.05,3
2,136,1,heuristic,1.0,1.0,0.05,5000,1.0,1.05,15
2,137,1,heuristic,1.0,1.0,0.05,5000,1.0,1.05,4
2,138,1,heuristic,1.0,1.0,0.05,5000,1.0,1.05,5
2,139,1,heuristic,1.0,1.0,0.05,5000,1.0,1.05,3
2,140,1,heuristic,1.0,1.0,0.05,5000,1.0,1.05,7
2,141,1,heuristic,1.0,1.0,0.05,5000,1.0,1.05,4
2,142,1,heuristic,1.0,1.0,0.05,5000,1.0,1.05,3
2,143,1,heuristic,1.0,1.0,0.05,5000,1.0,1.05,5
2,144,1,heuristic,1.0,1.0,0.05,5000,1.0,1.05,3
2,145,1,heuristic,1.0,1.0,0.05,5000,1.0,1.05,1
2,146,1,heuristic,1.0,1.0,0.05,5000,1.0,1.05,3
2,147,1,heuristic,1.0,1.0,0.05,5000,1.0,1.05,3
2,148,1,heuristic,1.0,1.0,0.05,5000,1.0,1.05,3
2,149,1,heuristic,1.0,1.0,0.05,5000,1.0,1.05,6
2,150,1,heuristic,1.0,1.0,0.05,5000,1.0,1.05,3
2,151,1,heuristic,1.0,1.0,0.05,5000,1.0,1.05,5
2,152,1,heuristic,1.0,1.0,0.05,5000,1.0,1.05,3
2,153,1,heuristic,1.0,1.0,0.05,5000,1.0,1.05,7
2,154,1,heuristic,1.0,1.0,0.05,5000,1.0,1.05,3
2,155,1,heuristic,1.0,1.0,0.05,5000,1.0,1.05,5
2,156,1,heuristic,1.0,1.0,0.05,5000,1.0,1.05,3
2,157,1,heuristic,1.0,1.0,0.05,5000,1.0,1.05,5
2,158,1,heuristic,1.0,1.0,0.05,5000,1.0,1.05,4
2,159,1,heuristic,1.0,1.0,0.05,5000,1.0,1.05,3
2,160,1,heuristic,1.0,1.0,0.05,5000,1.0,1.05,4
2,161,1,heuristic,1.0,1.0,0.05,5000,1.0,1.05,4
2,162,1,heuristic,1.0,1.0,0.05,5000,1.0,1.05,5
2,163,1,heuristic,1.0,1.0,0.05,5000,1.0,1.05,1
2,164,1,heuristic,1.0,1.0,0.05,5000,1.0,1.05,4
2,165,1,heuristic,1.0,1.0,0.05,5000,1.0,1.05,7
2,166,1,heuristic,1.0,1.0,0.05,5000,1.0,1.05,7
2,167,1,heuristic,1.0,1.0,0.05,5000,1.0,1.05,3
2,168,1,heuristic,1.0,1.0,0.05,5000,1.0,1.05,5
2,169,1,heuristic,1.0,1.0,0.05,5000,1.0,1.05,5
2,170,1,heuristic,1.0,1.0,0.05,5000,1.0,1.05,4
2,171,1,heuristic,1.0,1.0,0.05,5000,1.0,1.05,1
2,172,1,heuristic,1.0,1.0,0.05,5000,1.0,1.05,3
2,173,1,heuristic,1.0,1.0,0.05,5000,1.0,1.05,4
2,174,1,heuristic,1.0,1.0,0.05,5000,1.0,1.05,4
2,175,1,heuristic,1.0,1.0,0.05,5000,1.0,1.05,8
2,176,1,heuristic,1.0,1.0,0.05,5000,1.0,1.05,3
2,177,1,heuristic,1.0,1.0,0.05,5000,1.0,1.05,4
2,178,1,heuristic,1.0,1.0,0.05,5000,1.0,1.05,5
2,179,1,heuristic,1.0,1.0,0.05,5000,1.0,1.05,12
2,180,1,heuristic,1.0,1.0,0.05,5000,1.0,1.05,4
2,181,1,heuristic,1.0,1.0,0.05,5000,1.0,1.05,3
2,182,1,heuristic,1.0,1.0,0.05,5000,1.0,1.05,3
2,183,1,heuristic,1.0,1.0,0.05,5000,1.0,1.05,4
2,184,1,heuristic,1.0,1.0,0.05,5000,1.0,1.05,3
2,185,1,heuristic,1.0,1.0,0.05,5000,1.0,1.05,7
2,186,1,heuristic,1.0,1.0,0.05,5000,1.0,1.05,3
2,187,1,heuristic,1.0,1.0,0.05,5000,1.0,1.05,23
2,188,1,heuristic,1.0,1.0,0.05,5000,1.0,1.05,4
2,189,1,heuristic,1.0,1.0,0.05,5000,1.0,1.05,6
2,190,1,heuristic,1.0,1.0,0.05,5000,1.0,1.05,10
2,191,1,heuristic,1.0,1.0,0.05,5000,1.0,1.05,4
2,192,1,heuristic,1.0,1.0,0.05,5000,1.0,1.05,4
2,193,1,heuristic,1.0,1.0,0.05,5000,1.0,1.05,4
2,194,1,heuristic,1.0,1.0,0.05,5000,1.0,1.05,12
2,195,1,heuristic,1.0,1.0,0.05,5000,1.0,1.05,11
2,196,1,heuristic,1.0,1.0,0.05,5000,1.0,1.05,5
2,197,1,heuristic,1.0,1.0,0.05,5000,1.0,1.05,5
2,198,1,heuristic,1.0,1.0,0.05,5000,1.0,1.05,4
2,199,1,heuristic,1.0,1.0,0.05,5000,1.0,1.05,5
2,200,1,heuristic,1.0,1.0,0.05,5000,1.0,1.05,3
2,1,1,heuristic,1.0,1.0,0.05,5000,1.0,1.075,1
2,2,1,heuristic,1.0,1.0,0.05,5000,1.0,1.075,4
2,3,1,heuristic,1.0,1.0,0.05,5000,1.0,1.075,3
2,4,1,heuristic,1.0,1.0,0.05,5000,1.0,1.075,3
2,5,1,heuristic,1.0,1.0,0.05,5000,1.0,1.075,5
2,6,1,heuristic,1.0,1.0,0.05,5000,1.0,1.075,4
2,7,1,heuristic,1.0,1.0,0.05,5000,1.0,1.075,1
2,8,1,heuristic,1.0,1.0,0.05,5000,1.0,1.075,3
2,9,1,heuristic,1.0,1.0,0.05,5000,1.0,1.075,3
2,10,1,heuristic,1.0,1.0,0.05,5000,1.0,1.075,5
2,11,1,heuristic,1.0,1.0,0.05,5000,1.0,1.075,5
2,12,1,heuristic,1.0,1.0,0.05,5000,1.0,1.075,4
2,13,1,heuristic,1.0,1.0,0.05,5000,1.0,1.075,3
2,14,1,heuristic,1.0,1.0,0.05,5000,1.0,1.075,9
2,15,1,heuristic,1.0,1.0,0.05,5000,1.0,1.075,3
2,16,1,heuristic,1.0,1.0,0.05,5000,1.0,1.075,7
2,17,1,heuristic,1.0,1.0,0.05,5000,1.0,1.075,3
2,18,1,heuristic,1.0,1.0,0.05,5000,1.0,1.075,25
2,19,1,heuristic,1.0,1.0,0.05,5000,1.0,1.075,3
2,20,1,heuristic,1.0,1.0,0.05,5000,1.0,1.075,3
2,21,1,heuristic,1.0,1.0,0.05,5000,1.0,1.075,4
2,22,1,heuristic,1.0,1.0,0.05,5000,1.0,1.075,3
2,23,1,heuristic,1.0,1.0,0.05,5000,1.0,1.075,3
2,24,1,heuristic,1.0,1.0,0.05,5000,1.0,1.075,6
2,25,1,heuristic,1.0,1.0,0.05,5000,1.0,1.075,3
2,26,1,heuristic,1.0,1.0,0.05,5000,1.0,1.075,3
2,27,1,heuristic,1.0,1.0,0.05,5000,1.0,1.075,5
2,28,1,heuristic,1.0,1.0,0.05,5000,1.0,1.075,4
2,29,1,heuristic,1.0,1.0,0.05,5000,1.0,1.075,3
2,30,1,heuristic,1.0,1.0,0.05,5000,1.0,1.075,4
2,31,1,heuristic,1.0,1.0,0.05,5000,1.0,1.075,3
2,32,1,heuristic,1.0,1.0,0.05,5000,1.0,1.075,3
2,33,1,heuristic,1.0,1.0,0.05,5000,1.0,1.075,6
2,34,1,heuristic,1.0,1.0,0.05,5000,1.0,1.075,4
2,35,1,heuristic,1.0,1.0,0.05,5000,1.0,1.075,4
2,36,1,heuristic,1.0,1.0,0.05,5000,1.0,1.075,3
2,37,1,heuristic,1.0,1.0,0.05,5000,1.0,1.075,4
2,38,1,heuristic,1.0,1.0,0.05,5000,1.0,1.075,4
2,39,1,heuristic,1.0,1.0,0.05,5000,1.0,1.075,3
2,40,1,heuristic,1.0,1.0,0.05,5000,1.0,1.075,3
2,41,1,heuristic,1.0,1.0,0.05,5000,1.0,1.075,3
2,42,1,heuristic,1.0,1.0,0.05,5000,1.0,1.075,3
2,43,1,heuristic,1.0,1.0,0.05,5000,1.0,1.075,7
2,44,1,heuristic,1.0,1.0,0.05,5000,1.0,1.075,3
2,45,1,heuristic,1.0,1.0,0.05,5000,1.0,1.075,4
2,46,1,heuristic,1.0,1.0,0.05,5000,1.0,1.075,4
2,47,1,heuristic,1.0,1.0,0.05,5000,1.0,1.075,3
2,48,1,heuristic,1.0,1.0,0.05,5000,1.0,1.075,3
2,49,1,heuristic,1.0,1.0,0.05,5000,1.0,1.075,3
2,50,1,heuristic,1.0,1.0,0.05,5000,1.0,1.075,3
2,51,1,heuristic,1.0,1.0,0.05,5000,1.0,1.075,3
2,52,1,heuristic,1.0,1.0,0.05,5000,1.0,1.075,16
2,53,1,heuristic,1.0,1.0,0.05,5000,1.0,1.075,18
2,54,1,heuristic,1.0,1.0,0.05,5000,1.0,1.075,3
2,55,1,heuristic,1.0,1.0,0.05,5000,1.0,1.075,3
2,56,1,heuristic,1.0,1.0,0.05,5000,1.0,1.075,26
2,57,1,heuristic,1.0,1.0,0.05,5000,1.0,1.075,3
2,58,1,heuristic,1.0,1.0,0.05,5000,1.0,1.075,4
2,59,1,heuristic,1.0,1.0,0.05,5000,1.0,1.075,7
2,60,1,heuristic,1.0,1.0,0.05,5000,1.0,1.075,3
2,61,1,heuristic,1.0,1.0,0.05,5000,1.0,1.075,3
2,62,1,heuristic,1.0,1.0,0.05,5000,1.0,1.075,4
2,63,1,heuristic,1.0,1.0,0.05,5000,1.0,1.075,3
2,64,1,heuristic,1.0,1.0,0.05,5000,1.0,1.075,3
2,65,1,heuristic,1.0,1.0,0.05,5000,1.0,1.075,12
2,66,1,heuristic,1.0,1.0,0.05,5000,1.0,1.075,5
2,67,1,heuristic,1.0,1.0,0.05,5000,1.0,1.075,3
2,68,1,heuristic,1.0,1.0,0.05,5000,1.0,1.075,3
2,69,1,heuristic,1.0,1.0,0.05,5000,1.0,1.075,3
2,70,1,heuristic,1.0,1.0,0.05,5000,1.0,1.075,3
2,71,1,heuristic,1.0,1.0,0.05,5000,1.0,1.075,3
2,72,1,heuristic,1.0,1.0,0.05,5000,1.0,1.075,7
2,73,1,heuristic,1.0,1.0,0.05,5000,1.0,1.075,1
2,74,1,heuristic,1.0,1.0,0.05,5000,1.0,1.075,3
2,75,1,heuristic,1.0,1.0,0.05,5000,1.0,1.075,5
2,76,1,heuristic,1.0,1.0,0.05,5000,1.0,1.075,3
2,77,1,heuristic,1.0,1.0,0.05,5000,1.0,1.075,3
2,78,1,heuristic,1.0,1.0,0.05,5000,1.0,1.075,5
2,79,1,heuristic,1.0,1.0,0.05,5000,1.0,1.075,5
2,80,1,heuristic,1.0,1.0,0.05,5000,1.0,1.075,3
2,81,1,heuristic,1.0,1.0,0.05,5000,1.0,1.075,1
2,82,1,heuristic,1.0,1.0,0.05,5000,1.0,1.075,3
2,83,1,heuristic,1.0,1.0,0.05,5000,1.0,1.075,3
2,84,1,heuristic,1.0,1.0,0.05,5000,1.0,1.075,10
2,85,1,heuristic,1.0,1.0,0.05,5000,1.0,1.075,3
2,86,1,heuristic,1.0,1.0,0.05,5000,1.0,1.075,6
2,87,1,heuristic,1.0,1.0,0.05,5000,1.0,1.075,3
2,88,1,heuristic,1.0,1.0,0.05,5000,1.0,1.075,3
2,89,1,heuristic,1.0,1.0,0.05,5000,1.0,1.075,3
2,90,1,heuristic,1.0,1.0,0.05,5000,1.0,1.075,8
2,91,1,heuristic,1.0,1.0,0.05,5000,1.0,1.075,8
2,92,1,heuristic,1.0,1.0,0.05,5000,1.0,1.075,1
2,93,1,heuristic,1.0,1.0,0.05,5000,1.0,1.075,3
2,94,1,heuristic,1.0,1.0,0.05,5000,1.0,1.075,4
2,95,1,heuristic,1.0,1.0,0.05,5000,1.0,1.075,3
2,96,1,heuristic,1.0,1.0,0.05,5000,1.0,1.075,3
2,97,1,heuristic,1.0,1.0,0.05,5000,1.0,1.075,4
2,98,1,heuristic,1.0,1.0,0.05,5000,1.0,1.075,5
2,99,1,heuristic,1.0,1.0,0.05,5000,1.0,1.075,6
2,100,1,heuristic,1.0,1.0,0.05,5000,1.0,1.075,3
2,101,1,heuristic,1.0,1.0,0.05,5000,1.0,1.075,4
2,102,1,heuristic,1.0,1.0,0.05,5000,1.0,1.075,5
2,103,1,heuristic,1.0,1.0,0.05,5000,1.0,1.075,3
2,104,1,heuristic,1.0,1.0,0.05,5000,1.0,1.075,3
2,105,1,heuristic,1.0,1.0,0.05,5000,1.0,1.075,3
2,106,1,heuristic,1.0,1.0,0.05,5000,1.0,1.075,6
2,107,1,heuristic,1.0,1.0,0.05,5000,1.0,1.075,1
2,108,1,heuristic,1.0,1.0,0.05,5000,1.0,1.075,12
2,109,1,heuristic,1.0,1.0,0.05,5000,1.0,1.075,6
2,110,1,heuristic,1.0,1.0,0.05,5000,1.0,1.075,4
2,111,1,heuristic,1.0,1.0,0.05,5000,1.0,1.075,22
2,112,1,heuristic,1.0,1.0,0.05,5000,1.0,1.075,3
2,113,1,heuristic,1.0,1.0,0.05,5000,1.0,1.075,3
2,114,1,heuristic,1.0,1.0,0.05,5000,1.0,1.075,10
2,115,1,heuristic,1.0,1.0,0.05,5000,1.0,1.075,5
2,116,1,heuristic,1.0,1.0,0.05,5000,1.0,1.075,3
2,117,1,heuristic,1.0,1.0,0.05,5000,1.0,1.075,3
2,118,1,heuristic,1.0,1.0,0.05,5000,1.0,1.075,4
2,119,1,heuristic,1.0,1.0,0.05,5000,1.0,1.075,11
2,120,1,heuristic,1.0,1.0,0.05,5000,1.0,1.075,4
2,121,1,heuristic,1.0,1.0,0.05,5000,1.0,1.075,3
2,122,1,heuristic,1.0,1.0,0.05,5000,1.0,1.075,3
2,123,1,heuristic,1.0,1.0,0.05,5000,1.0,1.075,4
2,124,1,heuristic,1.0,1.0,0.05,5000,1.0,1.075,7
2,125,1,heuristic,1.0,1.0,0.05,5000,1.0,1.075,3
2,126,1,heuristic,1.0,1.0,0.05,5000,1.0,1.075,4
2,127,1,heuristic,1.0,1.0,0.05,5000,1.0,1.075,3
2,128,1,heuristic,1.0,1.0,0.05,5000,1.0,1.075,3
2,129,1,heuristic,1.0,1.0,0.05,5000,1.0,1.075,3
2,130,1,heuristic,1.0,1.0,0.05,5000,1.0,1.075,3
2,131,1,heuristic,1.0,1.0,0.05,5000,1.0,1.075,3
2,132,1,heuristic,1.0,1.0,0.05,5000,1.0,1.075,3
2,133,1,heuristic,1.0,1.0,0.05,5000,1.0,1.075,3
2,134,1,heuristic,1.0,1.0,0.05,5000,1.0,1.075,3
2,135,1,heuristic,1.0,1.0,0.05,5000,1.0,1.075,3
2,136,1,heuristic,1.0,1.0,0.05,5000,1.0,1.075,4
2,137,1,heuristic,1.0,1.0,0.05,5000,1.0,1.075,4
2,138,1,heuristic,1.0,1.0,0.05,5000,1.0,1.075,3
2,139,1,heuristic,1.0,1.0,0.05,5000,1.0,1.075,5
2,140,1,heuristic,1.0,1.0,0.05,5000,1.0,1.075,3
2,141,1,heuristic,1.0,1.0,0.05,5000,1.0,1.075,3
2,142,1,heuristic,1.0,1.0,0.05,5000,1.0,1.075,7
2,143,1,heuristic,1.0,1.0,0.05,5000,1.0,1.075,4
2,144,1,heuristic,1.0,1.0,0.05,5000,1.0,1.075,3
2,145,1,heuristic,1.0,1.0,0.05,5000,1.0,1.075,1
2,146,1,heuristic,1.0,1.0,0.05,5000,1.0,1.075,8
2,147,1,heuristic,1.0,1.0,0.05,5000,1.0,1.075,3
2,148,1,heuristic,1.0,1.0,0.05,5000,1.0,1.075,19
2,149,1,heuristic,1.0,1.0,0.05,5000,1.0,1.075,3
2,150,1,heuristic,1.0,1.0,0.05,5000,1.0,1.075,4
2,151,1,heuristic,1.0,1.0,0.05,5000,1.0,1.075,3
2,152,1,heuristic,1.0,1.0,0.05,5000,1.0,1.075,4
2,153,1,heuristic,1.0,1.0,0.05,5000,1.0,1.075,3
2,154,1,heuristic,1.0,1.0,0.05,5000,1.0,1.075,3
2,155,1,heuristic,1.0,1.0,0.05,5000,1.0,1.075,3
2,156,1,heuristic,1.0,1.0,0.05,5000,1.0,1.075,8
2,157,1,heuristic,1.0,1.0,0.05,5000,1.0,1.075,4
2,158,1,heuristic,1.0,1.0,0.05,5000,1.0,1.075,3
2,159,1,heuristic,1.0,1.0,0.05,5000,1.0,1.075,3
2,160,1,heuristic,1.0,1.0,0.05,5000,1.0,1.075,8
2,161,1,heuristic,1.0,1.0,0.05,5000,1.0,1.075,3
2,162,1,heuristic,1.0,1.0,0.05,5000,1.0,1.075,6
2,163,1,heuristic,1.0,1.0,0.05,5000,1.0,1.075,1
2,164,1,heuristic,1.0,1.0,0.05,5000,1.0,1.075,3
2,165,1,heuristic,1.0,1.0,0.05,5000,1.0,1.075,15
2,166,1,heuristic,1.0,1.0,0.05,5000,1.0,1.075,3
2,167,1,heuristic,1.0,1.0,0.05,5000,1.0,1.075,3
2,168,1,heuristic,1.0,1.0,0.05,5000,1.0,1.075,5
2,169,1,heuristic,1.0,1.0,0.05,5000,1.0,1.075,4
2,170,1,heuristic,1.0,1.0,0.05,5000,1.0,1.075,4
2,171,1,heuristic,1.0,1.0,0.05,5000,1.0,1.075,1
2,172,1,heuristic,1.0,1.0,0.05,5000,1.0,1.075,3
2,173,1,heuristic,1.0,1.0,0.05,5000,1.0,1.075,3
2,174,1,heuristic,1.0,1.0,0.05,5000,1.0,1.075,4
2,175,1,heuristic,1.0,1.0,0.05,5000,1.0,1.075,5
2,176,1,heuristic,1.0,1.0,0.05,5000,1.0,1.075,3
2,177,1,heuristic,1.0,1.0,0.05,5000,1.0,1.075,4
2,178,1,heuristic,1.0,1.0,0.05,5000,1.0,1.075,3
2,179,1,heuristic,1.0,1.0,0.05,5000,1.0,1.075,3
2,180,1,heuristic,1.0,1.0,0.05,5000,1.0,1.075,4
2,181,1,heuristic,1.0,1.0,0.05,5000,1.0,1.075,3
2,182,1,heuristic,1.0,1.0,0.05,5000,1.0,1.075,19
2,183,1,heuristic,1.0,1.0,0.05,5000,1.0,1.075,3
2,184,1,heuristic,1.0,1.0,0.05,5000,1.0,1.075,6
2,185,1,heuristic,1.0,1.0,0.05,5000,1.0,1.075,10
2,186,1,heuristic,1.0,1.0,0.05,5000,1.0,1.075,26
2,187,1,heuristic,1.0,1.0,0.05,5000,1.0,1.075,8
2,188,1,heuristic,1.0,1.0,0.05,5000,1.0,1.075,4
2,189,1,heuristic,1.0,1.0,0.05,5000,1.0,1.075,5
2,190,1,heuristic,1.0,1.0,0.05,5000,1.0,1.075,3
2,191,1,heuristic,1.0,1.0,0.05,5000,1.0,1.075,6
2,192,1,heuristic,1.0,1.0,0.05,5000,1.0,1.075,3
2,193,1,heuristic,1.0,1.0,0.05,5000,1.0,1.075,7
2,194,1,heuristic,1.0,1.0,0.05,5000,1.0,1.075,5
2,195,1,heuristic,1.0,1.0,0.05,5000,1.0,1.075,3
2,196,1,heuristic,1.0,1.0,0.05,5000,1.0,1.075,3
2,197,1,heuristic,1.0,1.0,0.05,5000,1.0,1.075,4
2,198,1,heuristic,1.0,1.0,0.05,5000,1.0,1.075,33
2,199,1,heuristic,1.0,1.0,0.05,5000,1.0,1.075,4
2,200,1,heuristic,1.0,1.0,0.05,5000,1.0,1.075,4
2,1,1,heuristic,1.0,1.0,0.05,5000,1.0,1.1,1
2,2,1,heuristic,1.0,1.0,0.05,5000,1.0,1.1,3
2,3,1,heuristic,1.0,1.0,0.05,5000,1.0,1.1,3
2,4,1,heuristic,1.0,1.0,0.05,5000,1.0,1.1,3
2,5,1,heuristic,1.0,1.0,0.05,5000,1.0,1.1,4
2,6,1,heuristic,1.0,1.0,0.05,5000,1.0,1.1,3
2,7,1,heuristic,1.0,1.0,0.05,5000,1.0,1.1,1
2,8,1,heuristic,1.0,1.0,0.05,5000,1.0,1.1,3
2,9,1,heuristic,1.0,1.0,0.05,5000,1.0,1.1,3
2,10,1,heuristic,1.0,1.0,0.05,5000,1.0,1.1,5
2,11,1,heuristic,1.0,1.0,0.05,5000,1.0,1.1,3
2,12,1,heuristic,1.0,1.0,0.05,5000,1.0,1.1,4
2,13,1,heuristic,1.0,1.0,0.05,5000,1.0,1.1,4
2,14,1,heuristic,1.0,1.0,0.05,5000,1.0,1.1,3
2,15,1,heuristic,1.0,1.0,0.05,5000,1.0,1.1,3
2,16,1,heuristic,1.0,1.0,0.05,5000,1.0,1.1,32
2,17,1,heuristic,1.0,1.0,0.05,5000,1.0,1.1,3
2,18,1,heuristic,1.0,1.0,0.05,5000,1.0,1.1,3
2,19,1,heuristic,1.0,1.0,0.05,5000,1.0,1.1,3
2,20,1,heuristic,1.0,1.0,0.05,5000,1.0,1.1,3
2,21,1,heuristic,1.0,1.0,0.05,5000,1.0,1.1,8
2,22,1,heuristic,1.0,1.0,0.05,5000,1.0,1.1,3
2,23,1,heuristic,1.0,1.0,0.05,5000,1.0,1.1,3
2,24,1,heuristic,1.0,1.0,0.05,5000,1.0,1.1,6
2,25,1,heuristic,1.0,1.0,0.05,5000,1.0,1.1,3
2,26,1,heuristic,1.0,1.0,0.05,5000,1.0,1.1,4
2,27,1,heuristic,1.0,1.0,0.05,5000,1.0,1.1,5
2,28,1,heuristic,1.0,1.0,0.05,5000,1.0,1.1,3
2,29,1,heuristic,1.0,1.0,0.05,5000,1.0,1.1,7
2,30,1,heuristic,1.0,1.0,0.05,5000,1.0,1.1,3
2,31,1,heuristic,1.0,1.0,0.05,5000,1.0,1.1,3
2,32,1,heuristic,1.0,1.0,0.05,5000,1.0,1.1,3
2,33,1,heuristic,1.0,1.0,0.05,5000,1.0,1.1,3
2,34,1,heuristic,1.0,1.0,0.05,5000,1.0,1.1,4
2,35,1,heuristic,1.0,1.0,0.05,5000,1.0,1.1,4
2,36,1,heuristic,1.0,1.0,0.05,5000,1.0,1.1,3
2,37,1,heuristic,1.0,1.0,0.05,5000,1.0,1.1,3
2,38,1,heuristic,1.0,1.0,0.05,5000,1.0,1.1,5
2,39,1,heuristic,1.0,1.0,0.05,5000,1.0,1.1,3
2,40,1,heuristic,1.0,1.0,0.05,5000,1.0,1.1,9
2,41,1,heuristic,1.0,1.0,0.05,5000,1.0,1.1,3
2,42,1,heuristic,1.0,1.0,0.05,5000,1.0,1.1,3
2,43,1,heuristic,1.0,1.0,0.05,5000,1.0,1.1,6
2,44,1,heuristic,1.0,1.0,0.05,5000,1.0,1.1,4
2,45,1,heuristic,1.0,1.0,0.05,5000,1.0,1.1,3
2,46,1,heuristic,1.0,1.0,0.05,5000,1.0,1.1,3
2,47,1,heuristic,1.0,1.0,0.05,5000,1.0,1.1,4
2,48,1,heuristic,1.0,1.0,0.05,5000,1.0,1.1,3
2,49,1,heuristic,1.0,1.0,0.05,5000,1.0,1.1,3
2,50,1,heuristic,1.0,1.0,0.05,5000,1.0,1.1,3
2,51,1,heuristic,1.0,1.0,0.05,5000,1.0,1.1,3
2,52,1,heuristic,1.0,1.0,0.05,5000,1.0,1.1,3
2,53,1,heuristic,1.0,1.0,0.05,5000,1.0,1.1,3
2,54,1,heuristic,1.0,1.0,0.05,5000,1.0,1.1,3
2,55,1,heuristic,1.0,1.0,0.05,5000,1.0,1.1,4
2,56,1,heuristic,1.0,1.0,0.05,5000,1.0,1.1,5
2,57,1,heuristic,1.0,1.0,0.05,5000,1.0,1.1,3
2,58,1,heuristic,1.0,1.0,0.05,5000,1.0,1.1,3
2,59,1,heuristic,1.0,1.0,0.05,5000,1.0,1.1,3
2,60,1,heuristic,1.0,1.0,0.05,5000,1.0,1.1,3
2,61,1,heuristic,1.0,1.0,0.05,5000,1.0,1.1,6
2,62,1,heuristic,1.0,1.0,0.05,5000,1.0,1.1,4
2,63,1,heuristic,1.0,1.0,0.05,5000,1.0,1.1,3
2,64,1,heuristic,1.0,1.0,0.05,5000,1.0,1.1,4
2,65,1,heuristic,1.0,1.0,0.05,5000,1.0,1.1,5
2,66,1,heuristic,1.0,1.0,0.05,5000,1.0,1.1,3
2,67,1,heuristic,1.0,1.0,0.05,5000,1.0,1.1,7
2,68,1,heuristic,1.0,1.0,0.05,5000,1.0,1.1,3
2,69,1,heuristic,1.0,1.0,0.05,5000,1.0,1.1,3
2,70,1,heuristic,1.0,1.0,0.05,5000,1.0,1.1,4
2,71,1,heuristic,1.0,1.0,0.05,5000,1.0,1.1,6
2,72,1,heuristic,1.0,1.0,0.05,5000,1.0,1.1,4
2,73,1,heuristic,1.0,1.0,0.05,5000,1.0,1.1,1
2,74,1,heuristic,1.0,1.0,0.05,5000,1.0,1.1,3
2,75,1,heuristic,1.0,1.0,0.05,5000,1.0,1.1,4
2,76,1,heuristic,1.0,1.0,0.05,5000,1.0,1.1,3
2,77,1,heuristic,1.0,1.0,0.05,5000,1.0,1.1,9
2,78,1,heuristic,1.0,1.0,0.05,5000,1.0,1.1,3
2,79,1,heuristic,1.0,1.0,0.05,5000,1.0,1.1,7
2,80,1,heuristic,1.0,1.0,0.05,5000,1.0,1.1,4
2,81,1,heuristic,1.0,1.0,0.05,5000,1.0,1.1,1
2,82,1,heuristic,1.0,1.0,0.05,5000,1.0,1.1,3
2,83,1,heuristic,1.0,1.0,0.05,5000,1.0,1.1,5
2,84,1,heuristic,1.0,1.0,0.05,5000,1.0,1.1,6
2,85,1,heuristic,1.0,1.0,0.05,5000,1.0,1.1,6
2,86,1,heuristic,1.0,1.0,0.05,5000,1.0,1.1,3
2,87,1,heuristic,1.0,1.0,0.05,5000,1.0,1.1,4
2,88,1,heuristic,1.0,1.0,0.05,5000,1.0,1.1,3
2,89,1,heuristic,1.0,1.0,0.05,5000,1.0,1.1,3
2,90,1,heuristic,1.0,1.0,0.05,5000,1.0,1.1,3
2,91,1,heuristic,1.0,1.0,0.05,5000,1.0,1.1,4
2,92,1,heuristic,1.0,1.0,0.05,5000,1.0,1.1,1
2,93,1,heuristic,1.0,1.0,0.05,5000,1.0,1.1,3
2,94,1,heuristic,1.0,1.0,0.05,5000,1.0,1.1,3
2,95,1,heuristic,1.0,1.0,0.05,5000,1.0,1.1,3
2,96,1,heuristic,1.0,1.0,0.05,5000,1.0,1.1,4
2,97,1,heuristic,1.0,1.0,0.05,5000,1.0,1.1,3
2,98,1,heuristic,1.0,1.0,0.05,5000,1.0,1.1,12
2,99,1,heuristic,1.0,1.0,0.05,5000,1.0,1.1,4
2,100,1,heuristic,1.0,1.0,0.05,5000,1.0,1.1,3
2,101,1,heuristic,1.0,1.0,0.05,5000,1.0,1.1,3
2,102,1,heuristic,1.0,1.0,0.05,5000,1.0,1.1,3
2,103,1,heuristic,1.0,1.0,0.05,5000,1.0,1.1,3
2,104,1,heuristic,1.0,1.0,0.05,5000,1.0,1.1,10
2,105,1,heuristic,1.0,1.0,0.05,5000,1.0,1.1,3
2,106,1,heuristic,1.0,1.0,0.05,5000,1.0,1.1,4
2,107,1,heuristic,1.0,1.0,0.05,5000,1.0,1.1,1
2,108,1,heuristic,1.0,1.0,0.05,5000,1.0,1.1,3
2,109,1,heuristic,1.0,1.0,0.05,5000,1.0,1.1,4
2,110,1,heuristic,1.0,1.0,0.05,5000,1.0,1.1,8
2,111,1,heuristic,1.0,1.0,0.05,5000,1.0,1.1,3
2,112,1,heuristic,1.0,1.0,0.05,5000,1.0,1.1,4
2,113,1,heuristic,1.0,1.0,0.05,5000,1.0,1.1,3
2,114,1,heuristic,1.0,1.0,0.05,5000,1.0,1.1,4
2,115,1,heuristic,1.0,1.0,0.05,5000,1.0,1.1,4
2,116,1,heuristic,1.0,1.0,0.05,5000,1.0,1.1,3
2,117,1,heuristic,1.0,1.0,0.05,5000,1.0,1.1,17
2,118,1,heuristic,1.0,1.0,0.05,5000,1.0,1.1,4
2,119,1,heuristic,1.0,1.0,0.05,5000,1.0,1.1,3
2,120,1,heuristic,1.0,1.0,0.05,5000,1.0,1.1,9
2,121,1,heuristic,1.0,1.0,0.05,5000,1.0,1.1,21
2,122,1,heuristic,1.0,1.0,0.05,5000,1.0,1.1,3
2,123,1,heuristic,1.0,1.0,0.05,5000,1.0,1.1,3
2,124,1,heuristic,1.0,1.0,0.05,5000,1.0,1.1,5
2,125,1,heuristic,1.0,1.0,0.05,5000,1.0,1.1,4
2,126,1,heuristic,1.0,1.0,0.05,5000,1.0,1.1,3
2,127,1,heuristic,1.0,1.0,0.05,5000,1.0,1.1,3
2,128,1,heuristic,1.0,1.0,0.05,5000,1.0,1.1,6
2,129,1,heuristic,1.0,1.0,0.05,5000,1.0,1.1,3
2,130,1,heuristic,1.0,1.0,0.05,5000,1.0,1.1,3
2,131,1,heuristic,1.0,1.0,0.05,5000,1.0,1.1,3
2,132,1,heuristic,1.0,1.0,0.05,5000,1.0,1.1,3
2,133,1,heuristic,1.0,1.0,0.05,5000,1.0,1.1,4
2,134,1,heuristic,1.0,1.0,0.05,5000,1.0,1.1,4
2,135,1,heuristic,1.0,1.0,0.05,5000,1.0,1.1,5
2,136,1,heuristic,1.0,1.0,0.05,5000,1.0,1.1,3
2,137,1,heuristic,1.0,1.0,0.05,5000,1.0,1.1,3
2,138,1,heuristic,1.0,1.0,0.05,5000,1.0,1.1,3
2,139,1,heuristic,1.0,1.0,0.05,5000,1.0,1.1,6
2,140,1,heuristic,1.0,1.0,0.05,5000,1.0,1.1,3
2,141,1,heuristic,1.0,1.0,0.05,5000,1.0,1.1,3
2,142,1,heuristic,1.0,1.0,0.05,5000,1.0,1.1,3
2,143,1,heuristic,1.0,1.0,0.05,5000,1.0,1.1,4
2,144,1,heuristic,1.0,1.0,0.05,5000,1.0,1.1,3
2,145,1,heuristic,1.0,1.0,0.05,5000,1.0,1.1,1
2,146,1,heuristic,1.0,1.0,0.05,5000,1.0,1.1,4
2,147,1,heuristic,1.0,1.0,0.05,5000,1.0,1.1,3
2,148,1,heuristic,1.0,1.0,0.05,5000,1.0,1.1,3
2,149,1,heuristic,1.0,1.0,0.05,5000,1.0,1.1,3
2,150,1,heuristic,1.0,1.0,0.05,5000,1.0,1.1,3
2,151,1,heuristic,1.0,1.0,0.05,5000,1.0,1.1,3
2,152,1,heuristic,1.0,1.0,0.05,5000,1.0,1.1,3
2,153,1,heuristic,1.0,1.0,0.05,5000,1.0,1.1,3
2,154,1,heuristic,1.0,1.0,0.05,5000,1.0,1.1,3
2,155,1,heuristic,1.0,1.0,0.05,5000,1.0,1.1,3
2,156,1,heuristic,1.0,1.0,0.05,5000,1.0,1.1,5
2,157,1,heuristic,1.0,1.0,0.05,5000,1.0,1.1,3
2,158,1,heuristic,1.0,1.0,0.05,5000,1.0,1.1,3
2,159,1,heuristic,1.0,1.0,0.05,5000,1.0,1.1,3
2,160,1,heuristic,1.0,1.0,0.05,5000,1.0,1.1,5
2,161,1,heuristic,1.0,1.0,0.05,5000,1.0,1.1,3
2,162,1,heuristic,1.0,1.0,0.05,5000,1.0,1.1,4
2,163,1,heuristic,1.0,1.0,0.05,5000,1.0,1.1,1
2,164,1,heuristic,1.0,1.0,0.05,5000,1.0,1.1,4
2,165,1,heuristic,1.0,1.0,0.05,5000,1.0,1.1,3
2,166,1,heuristic,1.0,1.0,0.05,5000,1.0,1.1,3
2,167,1,heuristic,1.0,1.0,0.05,5000,1.0,1.1,14
2,168,1,heuristic,1.0,1.0,0.05,5000,1.0,1.1,3
2,169,1,heuristic,1.0,1.0,0.05,5000,1.0,1.1,4
2,170,1,heuristic,1.0,1.0,0.05,5000,1.0,1.1,5
2,171,1,heuristic,1.0,1.0,0.05,5000,1.0,1.1,1
2,172,1,heuristic,1.0,1.0,0.05,5000,1.0,1.1,3
2,173,1,heuristic,1.0,1.0,0.05,5000,1.0,1.1,3
2,174,1,heuristic,1.0,1.0,0.05,5000,1.0,1.1,3
2,175,1,heuristic,1.0,1.0,0.05,5000,1.0,1.1,3
2,176,1,heuristic,1.0,1.0,0.05,5000,1.0,1.1,3
2,177,1,heuristic,1.0,1.0,0.05,5000,1.0,1.1,4
2,178,1,heuristic,1.0,1.0,0.05,5000,1.0,1.1,3
2,179,1,heuristic,1.0,1.0,0.05,5000,1.0,1.1,3
2,180,1,heuristic,1.0,1.0,0.05,5000,1.0,1.1,3
2,181,1,heuristic,1.0,1.0,0.05,5000,1.0,1.1,3
2,182,1,heuristic,1.0,1.0,0.05,5000,1.0,1.1,3
2,183,1,heuristic,1.0,1.0,0.05,5000,1.0,1.1,7
2,184,1,heuristic,1.0,1.0,0.05,5000,1.0,1.1,3
2,185,1,heuristic,1.0,1.0,0.05,5000,1.0,1.1,4
2,186,1,heuristic,1.0,1.0,0.05,5000,1.0,1.1,3
2,187,1,heuristic,1.0,1.0,0.05,5000,1.0,1.1,3
2,188,1,heuristic,1.0,1.0,0.05,5000,1.0,1.1,4
2,189,1,heuristic,1.0,1.0,0.05,5000,1.0,1.1,5
2,190,1,heuristic,1.0,1.0,0.05,5000,1.0,1.1,3
2,191,1,heuristic,1.0,1.0,0.05,5000,1.0,1.1,4
2,192,1,heuristic,1.0,1.0,0.05,5000,1.0,1.1,4
2,193,1,heuristic,1.0,1.0,0.05,5000,1.0,1.1,4
2,194,1,heuristic,1.0,1.0,0.05,5000,1.0,1.1,3
2,195,1,heuristic,1.0,1.0,0.05,5000,1.0,1.1,3
2,196,1,heuristic,1.0,1.0,0.05,5000,1.0,1.1,3
2,197,1,heuristic,1.0,1.0,0.05,5000,1.0,1.1,4
2,198,1,heuristic,1.0,1.0,0.05,5000,1.0,1.1,3
2,199,1,heuristic,1.0,1.0,0.05,5000,1.0,1.1,6
2,200,1,heuristic,1.0,1.0,0.05,5000,1.0,1.1,5
3,1,1,heuristic,1.0,1.0,0.05,5000,1.0,1.0,6
3,2,1,heuristic,1.0,1.0,0.05,5000,1.0,1.0,25
3,3,1,heuristic,1.0,1.0,0.05,5000,1.0,1.0,19
3,4,1,heuristic,1.0,1.0,0.05,5000,1.0,1.0,11
3,5,1,heuristic,1.0,1.0,0.05,5000,1.0,1.0,8
3,6,1,heuristic,1.0,1.0,0.05,5000,1.0,1.0,6
3,7,1,heuristic,1.0,1.0,0.05,5000,1.0,1.0,9
3,8,1,heuristic,1.0,1.0,0.05,5000,1.0,1.0,11
3,9,1,heuristic,1.0,1.0,0.05,5000,1.0,1.0,89
3,10,1,heuristic,1.0,1.0,0.05,5000,1.0,1.0,6
3,11,1,heuristic,1.0,1.0,0.05,5000,1.0,1.0,61
3,12,1,heuristic,1.0,1.0,0.05,5000,1.0,1.0,55
3,13,1,heuristic,1.0,1.0,0.05,5000,1.0,1.0,151
3,14,1,heuristic,1.0,1.0,0.05,5000,1.0,1.0,8
3,15,1,heuristic,1.0,1.0,0.05,5000,1.0,1.0,88
3,16,1,heuristic,1.0,1.0,0.05,5000,1.0,1.0,28
3,17,1,heuristic,1.0,1.0,0.05,5000,1.0,1.0,114
3,18,1,heuristic,1.0,1.0,0.05,5000,1.0,1.0,138
3,19,1,heuristic,1.0,1.0,0.05,5000,1.0,1.0,28
3,20,1,heuristic,1.0,1.0,0.05,5000,1.0,1.0,11
3,21,1,heuristic,1.0,1.0,0.05,5000,1.0,1.0,25
3,22,1,heuristic,1.0,1.0,0.05,5000,1.0,1.0,18
3,23,1,heuristic,1.0,1.0,0.05,5000,1.0,1.0,29
3,24,1,heuristic,1.0,1.0,0.05,5000,1.0,1.0,15
3,25,1,heuristic,1.0,1.0,0.05,5000,1.0,1.0,7
3,26,1,heuristic,1.0,1.0,0.05,5000,1.0,1.0,6
3,27,1,heuristic,1.0,1.0,0.05,5000,1.0,1.0,69
3,28,1,heuristic,1.0,1.0,0.05,5000,1.0,1.0,235
3,29,1,heuristic,1.0,1.0,0.05,5000,1.0,1.0,10
3,30,1,heuristic,1.0,1.0,0.05,5000,1.0,1.0,18
3,31,1,heuristic,1.0,1.0,0.05,5000,1.0,1.0,8
3,32,1,heuristic,1.0,1.0,0.05,5000,1.0,1.0,58
3,33,1,heuristic,1.0,1.0,0.05,5000,1.0,1.0,12
3,34,1,heuristic,1.0,1.0,0.05,5000,1.0,1.0,31
3,35,1,heuristic,1.0,1.0,0.05,5000,1.0,1.0,31
3,36,1,heuristic,1.0,1.0,0.05,5000,1.0,1.0,8
3,37,1,heuristic,1.0,1.0,0.05,5000,1.0,1.0,21
3,38,1,heuristic,1.0,1.0,0.05,5000,1.0,1.0,13
3,39,1,heuristic,1.0,1.0,0.05,5000,1.0,1.0,30
3,40,1,heuristic,1.0,1.0,0.05,5000,1.0,1.0,55
3,41,1,heuristic,1.0,1.0,0.05,5000,1.0,1.0,17
3,42,1,heuristic,1.0,1.0,0.05,5000,1.0,1.0,4
3,43,1,heuristic,1.0,1.0,0.05,5000,1.0,1.0,8
3,44,1,heuristic,1.0,1.0,0.05,5000,1.0,1.0,11
3,45,1,heuristic,1.0,1.0,0.05,5000,1.0,1.0,15
3,46,1,heuristic,1.0,1.0,0.05,5000,1.0,1.0,12
3,47,1,heuristic,1.0,1.0,0.05,5000,1.0,1.0,52
3,48,1,heuristic,1.0,1.0,0.05,5000,1.0,1.0,10
3,49,1,heuristic,1.0,1.0,0.05,5000,1.0,1.0,14
3,50,1,heuristic,1.0,1.0,0.05,5000,1.0,1.0,239
3,51,1,heuristic,1.0,1.0,0.05,5000,1.0,1.0,13
3,52,1,heuristic,1.0,1.0,0.05,5000,1.0,1.0,10
3,53,1,heuristic,1.0,1.0,0.05,5000,1.0,1.0,41
3,54,1,heuristic,1.0,1.0,0.05,5000,1.0,1.0,32
3,55,1,heuristic,1.0,1.0,0.05,5000,1.0,1.0,145
3,56,1,heuristic,1.0,1.0,0.05,5000,1.0,1.0,15
3,57,1,heuristic,1.0,1.0,0.05,5000,1.0,1.0,18
3,58,1,heuristic,1.0,1.0,0.05,5000,1.0,1.0,32
3,59,1,heuristic,1.0,1.0,0.05,5000,1.0,1.0,76
3,60,1,heuristic,1.0,1.0,0.05,5000,1.0,1.0,20
3,61,1,heuristic,1.0,1.0,0.05,5000,1.0,1.0,20
3,62,1,heuristic,1.0,1.0,0.05,5000,1.0,1.0,75
3,63,1,heuristic,1.0,1.0,0.05,5000,1.0,1.0,8
3,64,1,heuristic,1.0,1.0,0.05,5000,1.0,1.0,19
3,65,1,heuristic,1.0,1.0,0.05,5000,1.0,1.0,4
3,66,1,heuristic,1.0,1.0,0.05,5000,1.0,1.0,68
3,67,1,heuristic,1.0,1.0,0.05,5000,1.0,1.0,88
3,68,1,heuristic,1.0,1.0,0.05,5000,1.0,1.0,36
3,69,1,heuristic,1.0,1.0,0.05,5000,1.0,1.0,59
3,70,1,heuristic,1.0,1.0,0.05,5000,1.0,1.0,90
3,71,1,heuristic,1.0,1.0,0.05,5000,1.0,1.0,16
3,72,1,heuristic,1.0,1.0,0.05,5000,1.0,1.0,72
3,73,1,heuristic,1.0,1.0,0.05,5000,1.0,1.0,4
3,74,1,heuristic,1.0,1.0,0.05,5000,1.0,1.0,6
3,75,1,heuristic,1.0,1.0,0.05,5000,1.0,1.0,21
3,76,1,heuristic,1.0,1.0,0.05,5000,1.0,1.0,35
3,77,1,heuristic,1.0,1.0,0.05,5000,1.0,1.0,18
3,78,1,heuristic,1.0,1.0,0.05,5000,1.0,1.0,6
3,79,1,heuristic,1.0,1.0,0.05,5000,1.0,1.0,8
3,80,1,heuristic,1.0,1.0,0.05,5000,1.0,1.0,15
3,81,1,heuristic,1.0,1.0,0.05,5000,1.0,1.0,7
3,82,1,heuristic,1.0,1.0,0.05,5000,1.0,1.0,185
3,83,1,heuristic,1.0,1.0,0.05,5000,1.0,1.0,9
3,84,1,heuristic,1.0,1.0,0.05,5000,1.0,1.0,42
3,85,1,heuristic,1.0,1.0,0.05,5000,1.0,1.0,27
3,86,1,heuristic,1.0,1.0,0.05,5000,1.0,1.0,24
3,87,1,heuristic,1.0,1.0,0.05,5000,1.0,1.0,10
3,88,1,heuristic,1.0,1.0,0.05,5000,1.0,1.0,22
3,89,1,heuristic,1.0,1.0,0.05,5000,1.0,1.0,39
3,90,1,heuristic,1.0,1.0,0.05,5000,1.0,1.0,27
3,91,1,heuristic,1.0,1.0,0.05,5000,1.0,1.0,17
3,92,1,heuristic,1.0,1.0,0.05,5000,1.0,1.0,8
3,93,1,heuristic,1.0,1.0,0.05,5000,1.0,1.0,22
3,94,1,heuristic,1.0,1.0,0.05,5000,1.0,1.0,28
3,95,1,heuristic,1.0,1.0,0.05,5000,1.0,1.0,32
3,96,1,heuristic,1.0,1.0,0.05,5000,1.0,1.0,14
3,97,1,heuristic,1.0,1.0,0.05,5000,1.0,1.0,12
3,98,1,heuristic,1.0,1.0,0.05,5000,1.0,1.0,8
3,99,1,heuristic,1.0,1.0,0.05,5000,1.0,1.0,4
3,100,1,heuristic,1.0,1.0,0.05,5000,1.0,1.0,24
3,101,1,heuristic,1.0,1.0,0.05,5000,1.0,1.0,21
3,102,1,heuristic,1.0,1.0,0.05,5000,1.0,1.0,6
3,103,1,heuristic,1.0,1.0,0.05,5000,1.0,1.0,36
3,104,1,heuristic,1.0,1.0,0.05,5000,1.0,1.0,27
3,105,1,heuristic,1.0,1.0,0.05,5000,1.0,1.0,22
3,106,1,heuristic,1.0,1.0,0.05,5000,1.0,1.0,37
3,107,1,heuristic,1.0,1.0,0.05,5000,1.0,1.0,21
3,108,1,heuristic,1.0,1.0,0.05,5000,1.0,1.0,25
3,109,1,heuristic,1.0,1.0,0.05,5000,1.0,1.0,26
3,110,1,heuristic,1.0,1.0,0.05,5000,1.0,1.0,10
3,111,1,heuristic,1.0,1.0,0.05,5000,1.0,1.0,65
3,112,1,heuristic,1.0,1.0,0.05,5000,1.0,1.0,30
3,113,1,heuristic,1.0,1.0,0.05,5000,1.0,1.0,72
3,114,1,heuristic,1.0,1.0,0.05,5000,1.0,1.0,9
3,115,1,heuristic,1.0,1.0,0.05,5000,1.0,1.0,13
3,116,1,heuristic,1.0,1.0,0.05,5000,1.0,1.0,157
3,117,1,heuristic,1.0,1.0,0.05,5000,1.0,1.0,87
3,118,1,heuristic,1.0,1.0,0.05,5000,1.0,1.0,36
3,119,1,heuristic,1.0,1.0,0.05,5000,1.0,1.0,6
3,120,1,heuristic,1.0,1.0,0.05,5000,1.0,1.0,65
3,121,1,heuristic,1.0,1.0,0.05,5000,1.0,1.0,16
3,122,1,heuristic,1.0,1.0,0.05,5000,1.0,1.0,24
3,123,1,heuristic,1.0,1.0,0.05,5000,1.0,1.0,8
3,124,1,heuristic,1.0,1.0,0.05,5000,1.0,1.0,5
3,125,1,heuristic,1.0,1.0,0.05,5000,1.0,1.0,40
3,126,1,heuristic,1.0,1.0,0.05,5000,1.0,1.0,8
3,127,1,heuristic,1.0,1.0,0.05,5000,1.0,1.0,22
3,128,1,heuristic,1.0,1.0,0.05,5000,1.0,1.0,10
3,129,1,heuristic,1.0,1.0,0.05,5000,1.0,1.0,153
3,130,1,heuristic,1.0,1.0,0.05,5000,1.0,1.0,20
3,131,1,heuristic,1.0,1.0,0.05,5000,1.0,1.0,13
3,132,1,heuristic,1.0,1.0,0.05,5000,1.0,1.0,5
3,133,1,heuristic,1.0,1.0,0.05,5000,1.0,1.0,8
3,134,1,heuristic,1.0,1.0,0.05,5000,1.0,1.0,202
3,135,1,heuristic,1.0,1.0,0.05,5000,1.0,1.0,217
3,136,1,heuristic,1.0,1.0,0.05,5000,1.0,1.0,10
3,137,1,heuristic,1.0,1.0,0.05,5000,1.0,1.0,14
3,138,1,heuristic,1.0,1.0,0.05,5000,1.0,1.0,146
3,139,1,heuristic,1.0,1.0,0.05,5000,1.0,1.0,14
3,140,1,heuristic,1.0,1.0,0.05,5000,1.0,1.0,24
3,141,1,heuristic,1.0,1.0,0.05,5000,1.0,1.0,25
3,142,1,heuristic,1.0,1.0,0.05,5000,1.0,1.0,14
3,143,1,heuristic,1.0,1.0,0.05,5000,1.0,1.0,158
3,144,1,heuristic,1.0,1.0,0.05,5000,1.0,1.0,63
3,145,1,heuristic,1.0,1.0,0.05,5000,1.0,1.0,10
3,146,1,heuristic,1.0,1.0,0.05,5000,1.0,1.0,12
3,147,1,heuristic,1.0,1.0,0.05,5000,1.0,1.0,83
3,148,1,heuristic,1.0,1.0,0.05,5000,1.0,1.0,33
3,149,1,heuristic,1.0,1.0,0.05,5000,1.0,1.0,10
3,150,1,heuristic,1.0,1.0,0.05,5000,1.0,1.0,20
3,151,1,heuristic,1.0,1.0,0.05,5000,1.0,1.0,11
3,152,1,heuristic,1.0,1.0,0.05,5000,1.0,1.0,10
3,153,1,heuristic,1.0,1.0,0.05,5000,1.0,1.0,22
3,154,1,heuristic,1.0,1.0,0.05,5000,1.0,1.0,17
3,155,1,heuristic,1.0,1.0,0.05,5000,1.0,1.0,6
3,156,1,heuristic,1.0,1.0,0.05,5000,1.0,1.0,14
3,157,1,heuristic,1.0,1.0,0.05,5000,1.0,1.0,48
3,158,1,heuristic,1.0,1.0,0.05,5000,1.0,1.0,66
3,159,1,heuristic,1.0,1.0,0.05,5000,1.0,1.0,17
3,160,1,heuristic,1.0,1.0,0.05,5000,1.0,1.0,33
3,161,1,heuristic,1.0,1.0,0.05,5000,1.0,1.0,28
3,162,1,heuristic,1.0,1.0,0.05,5000,1.0,1.0,9
3,163,1,heuristic,1.0,1.0,0.05,5000,1.0,1.0,1
3,164,1,heuristic,1.0,1.0,0.05,5000,1.0,1.0,23
3,165,1,heuristic,1.0,1.0,0.05,5000,1.0,1.0,12
3,166,1,heuristic,1.0,1.0,0.05,5000,1.0,1.0,63
3,167,1,heuristic,1.0,1.0,0.05,5000,1.0,1.0,58
3,168,1,heuristic,1.0,1.0,0.05,5000,1.0,1.0,15
3,169,1,heuristic,1.0,1.0,0.05,5000,1.0,1.0,104
3,170,1,heuristic,1.0,1.0,0.05,5000,1.0,1.0,18
3,171,1,heuristic,1.0,1.0,0.05,5000,1.0,1.0,59
3,172,1,heuristic,1.0,1.0,0.05,5000,1.0,1.0,44
3,173,1,heuristic,1.0,1.0,0.05,5000,1.0,1.0,6
3,174,1,heuristic,1.0,1.0,0.05,5000,1.0,1.0,9
3,175,1,heuristic,1.0,1.0,0.05,5000,1.0,1.0,49
3,176,1,heuristic,1.0,1.0,0.05,5000,1.0,1.0,36
3,177,1,heuristic,1.0,1.0,0.05,5000,1.0,1.0,45
3,178,1,heuristic,1.0,1.0,0.05,5000,1.0,1.0,9
3,179,1,heuristic,1.0,1.0,0.05,5000,1.0,1.0,10
3,180,1,heuristic,1.0,1.0,0.05,5000,1.0,1.0,18
3,181,1,heuristic,1.0,1.0,0.05,5000,1.0,1.0,4
3,182,1,heuristic,1.0,1.0,0.05,5000,1.0,1.0,7
3,183,1,heuristic,1.0,1.0,0.05,5000,1.0,1.0,13
3,184,1,heuristic,1.0,1.0,0.05,5000,1.0,1.0,157
3,185,1,heuristic,1.0,1.0,0.05,5000,1.0,1.0,16
3,186,1,heuristic,1.0,1.0,0.05,5000,1.0,1.0,40
3,187,1,heuristic,1.0,1.0,0.05,5000,1.0,1.0,73
3,188,1,heuristic,1.0,1.0,0.05,5000,1.0,1.0,10
3,189,1,heuristic,1.0,1.0,0.05,5000,1.0,1.0,10
3,190,1,heuristic,1.0,1.0,0.05,5000,1.0,1.0,15
3,191,1,heuristic,1.0,1.0,0.05,5000,1.0,1.0,41
3,192,1,heuristic,1.0,1.0,0.05,5000,1.0,1.0,24
3,193,1,heuristic,1.0,1.0,0.05,5000,1.0,1.0,9
3,194,1,heuristic,1.0,1.0,0.05,5000,1.0,1.0,6
3,195,1,heuristic,1.0,1.0,0.05,5000,1.0,1.0,24
3,196,1,heuristic,1.0,1.0,0.05,5000,1.0,1.0,7
3,197,1,heuristic,1.0,1.0,0.05,5000,1.0,1.0,5
3,198,1,heuristic,1.0,1.0,0.05,5000,1.0,1.0,152
3,199,1,heuristic,1.0,1.0,0.05,5000,1.0,1.0,8
3,200,1,heuristic,1.0,1.0,0.05,5000,1.0,1.0,9
3,1,1,heuristic,1.0,1.0,0.05,5000,1.0,1.025,25
3,2,1,heuristic,1.0,1.0,0.05,5000,1.0,1.025,4
3,3,1,heuristic,1.0,1.0,0.05,5000,1.0,1.025,14
3,4,1,heuristic,1.0,1.0,0.05,5000,1.0,1.025,47
3,5,1,heuristic,1.0,1.0,0.05,5000,1.0,1.025,8
3,6,1,heuristic,1.0,1.0,0.05,5000,1.0,1.025,26
3,7,1,heuristic,1.0,1.0,0.05,5000,1.0,1.025,273
3,8,1,heuristic,1.0,1.0,0.05,5000,1.0,1.025,45
3,9,1,heuristic,1.0,1.0,0.05,5000,1.0,1.025,12
3,10,1,heuristic,1.0,1.0,0.05,5000,1.0,1.025,38
3,11,1,heuristic,1.0,1.0,0.05,5000,1.0,1.025,39
3,12,1,heuristic,1.0,1.0,0.05,5000,1.0,1.025,12
3,13,1,heuristic,1.0,1.0,0.05,5000,1.0,1.025,482
3,14,1,heuristic,1.0,1.0,0.05,5000,1.0,1.025,38
3,15,1,heuristic,1.0,1.0,0.05,5000,1.0,1.025,19
3,16,1,heuristic,1.0,1.0,0.05,5000,1.0,1.025,39
3,17,1,heuristic,1.0,1.0,0.05,5000,1.0,1.025,80
3,18,1,heuristic,1.0,1.0,0.05,5000,1.0,1.025,94
3,19,1,heuristic,1.0,1.0,0.05,5000,1.0,1.025,9
3,20,1,heuristic,1.0,1.0,0.05,5000,1.0,1.025,15
3,21,1,heuristic,1.0,1.0,0.05,5000,1.0,1.025,11
3,22,1,heuristic,1.0,1.0,0.05,5000,1.0,1.025,8
3,23,1,heuristic,1.0,1.0,0.05,5000,1.0,1.025,18
3,24,1,heuristic,1.0,1.0,0.05,5000,1.0,1.025,15
3,25,1,heuristic,1.0,1.0,0.05,5000,1.0,1.025,68
3,26,1,heuristic,1.0,1.0,0.05,5000,1.0,1.025,7
3,27,1,heuristic,1.0,1.0,0.05,5000,1.0,1.025,162
3,28,1,heuristic,1.0,1.0,0.05,5000,1.0,1.025,27
3,29,1,heuristic,1.0,1.0,0.05,5000,1.0,1.025,12
3,30,1,heuristic,1.0,1.0,0.05,5000,1.0,1.025,23
3,31,1,heuristic,1.0,1.0,0.05,5000,1.0,1.025,19
3,32,1,heuristic,1.0,1.0,0.05,5000,1.0,1.025,13
3,33,1,heuristic,1.0,1.0,0.05,5000,1.0,1.025,6
3,34,1,heuristic,1.0,1.0,0.05,5000,1.0,1.025,131
3,35,1,heuristic,1.0,1.0,0.05,5000,1.0,1.025,18
3,36,1,heuristic,1.0,1.0,0.05,5000,1.0,1.025,26
3,37,1,heuristic,1.0,1.0,0.05,5000,1.0,1.025,483
3,38,1,heuristic,1.0,1.0,0.05,5000,1.0,1.025,5
3,39,1,heuristic,1.0,1.0,0.05,5000,1.0,1.025,166
3,40,1,heuristic,1.0,1.0,0.05,5000,1.0,1.025,8
3,41,1,heuristic,1.0,1.0,0.05,5000,1.0,1.025,26
3,42,1,heuristic,1.0,1.0,0.05,5000,1.0,1.025,20
3,43,1,heuristic,1.0,1.0,0.05,5000,1.0,1.025,38
3,44,1,heuristic,1.0,1.0,0.05,5000,1.0,1.025,9
3,45,1,heuristic,1.0,1.0,0.05,5000,1.0,1.025,27
3,46,1,heuristic,1.0,1.0,0.05,5000,1.0,1.025,6
3,47,1,heuristic,1.0,1.0,0.05,5000,1.0,1.025,12
3,48,1,heuristic,1.0,1.0,0.05,5000,1.0,1.025,83
3,49,1,heuristic,1.0,1.0,0.05,5000,1.0,1.025,35
3,50,1,heuristic,1.0,1.0,0.05,5000,1.0,1.025,79
3,51,1,heuristic,1.0,1.0,0.05,5000,1.0,1.025,88
3,52,1,heuristic,1.0,1.0,0.05,5000,1.0,1.025,120
3,53,1,heuristic,1.0,1.0,0.05,5000,1.0,1.025,6
3,54,1,heuristic,1.0,1.0,0.05,5000,1.0,1.025,71
3,55,1,heuristic,1.0,1.0,0.05,5000,1.0,1.025,14
3,56,1,heuristic,1.0,1.0,0.05,5000,1.0,1.025,4
3,57,1,heuristic,1.0,1.0,0.05,5000,1.0,1.025,138
3,58,1,heuristic,1.0,1.0,0.05,5000,1.0,1.025,23
3,59,1,heuristic,1.0,1.0,0.05,5000,1.0,1.025,11
3,60,1,heuristic,1.0,1.0,0.05,5000,1.0,1.025,8
3,61,1,heuristic,1.0,1.0,0.05,5000,1.0,1.025,13
3,62,1,heuristic,1.0,1.0,0.05,5000,1.0,1.025,133
3,63,1,heuristic,1.0,1.0,0.05,5000,1.0,1.025,149
3,64,1,heuristic,1.0,1.0,0.05,5000,1.0,1.025,54
3,65,1,heuristic,1.0,1.0,0.05,5000,1.0,1.025,11
3,66,1,heuristic,1.0,1.0,0.05,5000,1.0,1.025,4
3,67,1,heuristic,1.0,1.0,0.05,5000,1.0,1.025,12
3,68,1,heuristic,1.0,1.0,0.05,5000,1.0,1.025,103
3,69,1,heuristic,1.0,1.0,0.05,5000,1.0,1.025,7
3,70,1,heuristic,1.0,1.0,0.05,5000,1.0,1.025,19
3,71,1,heuristic,1.0,1.0,0.05,5000,1.0,1.025,7
3,72,1,heuristic,1.0,1.0,0.05,5000,1.0,1.025,13
3,73,1,heuristic,1.0,1.0,0.05,5000,1.0,1.025,7
3,74,1,heuristic,1.0,1.0,0.05,5000,1.0,1.025,15
3,75,1,heuristic,1.0,1.0,0.05,5000,1.0,1.025,7
3,76,1,heuristic,1.0,1.0,0.05,5000,1.0,1.025,146
3,77,1,heuristic,1.0,1.0,0.05,5000,1.0,1.025,23
3,78,1,heuristic,1.0,1.0,0.05,5000,1.0,1.025,44
3,79,1,heuristic,1.0,1.0,0.05,5000,1.0,1.025,60
3,80,1,heuristic,1.0,1.0,0.05,5000,1.0,1.025,10
3,81,1,heuristic,1.0,1.0,0.05,5000,1.0,1.025,91
3,82,1,heuristic,1.0,1.0,0.05,5000,1.0,1.025,80
3,83,1,heuristic,1.0,1.0,0.05,5000,1.0,1.025,8
3,84,1,heuristic,1.0,1.0,0.05,5000,1.0,1.025,31
3,85,1,heuristic,1.0,1.0,0.05,5000,1.0,1.025,11
3,86,1,heuristic,1.0,1.0,0.05,5000,1.0,1.025,23
3,87,1,heuristic,1.0,1.0,0.05,5000,1.0,1.025,69
3,88,1,heuristic,1.0,1.0,0.05,5000,1.0,1.025,58
3,89,1,heuristic,1.0,1.0,0.05,5000,1.0,1.025,17
3,90,1,heuristic,1.0,1.0,0.05,5000,1.0,1.025,12
3,91,1,heuristic,1.0,1.0,0.05,5000,1.0,1.025,164
3,92,1,heuristic,1.0,1.0,0.05,5000,1.0,1.025,10
3,93,1,heuristic,1.0,1.0,0.05,5000,1.0,1.025,26
3,94,1,heuristic,1.0,1.0,0.05,5000,1.0,1.025,67
3,95,1,heuristic,1.0,1.0,0.05,5000,1.0,1.025,20
3,96,1,heuristic,1.0,1.0,0.05,5000,1.0,1.025,31
3,97,1,heuristic,1.0,1.0,0.05,5000,1.0,1.025,45
3,98,1,heuristic,1.0,1.0,0.05,5000,1.0,1.025,17
3,99,1,heuristic,1.0,1.0,0.05,5000,1.0,1.025,5
3,100,1,heuristic,1.0,1.0,0.05,5000,1.0,1.025,16
3,101,1,heuristic,1.0,1.0,0.05,5000,1.0,1.025,28
3,102,1,heuristic,1.0,1.0,0.05,5000,1.0,1.025,9
3,103,1,heuristic,1.0,1.0,0.05,5000,1.0,1.025,34
3,104,1,heuristic,1.0,1.0,0.05,5000,1.0,1.025,8
3,105,1,heuristic,1.0,1.0,0.05,5000,1.0,1.025,13
3,106,1,heuristic,1.0,1.0,0.05,5000,1.0,1.025,50
3,107,1,heuristic,1.0,1.0,0.05,5000,1.0,1.025,24
3,108,1,heuristic,1.0,1.0,0.05,5000,1.0,1.025,5
3,109,1,heuristic,1.0,1.0,0.05,5000,1.0,1.025,9
3,110,1,heuristic,1.0,1.0,0.05,5000,1.0,1.025,39
3,111,1,heuristic,1.0,1.0,0.05,5000,1.0,1.025,54
3,112,1,heuristic,1.0,1.0,0.05,5000,1.0,1.025,8
3,113,1,heuristic,1.0,1.0,0.05,5000,1.0,1.025,6
3,114,1,heuristic,1.0,1.0,0.05,5000,1.0,1.025,10
3,115,1,heuristic,1.0,1.0,0.05,5000,1.0,1.025,11
3,116,1,heuristic,1.0,1.0,0.05,5000,1.0,1.025,17
3,117,1,heuristic,1.0,1.0,0.05,5000,1.0,1.025,6
3,118,1,heuristic,1.0,1.0,0.05,5000,1.0,1.025,24
3,119,1,heuristic,1.0,1.0,0.05,5000,1.0,1.025,13
3,120,1,heuristic,1.0,1.0,0.05,5000,1.0,1.025,193
3,121,1,heuristic,1.0,1.0,0.05,5000,1.0,1.025,15
3,122,1,heuristic,1.0,1.0,0.05,5000,1.0,1.025,12
3,123,1,heuristic,1.0,1.0,0.05,5000,1.0,1.025,33
3,124,1,heuristic,1.0,1.0,0.05,5000,1.0,1.025,5
3,125,1,heuristic,1.0,1.0,0.05,5000,1.0,1.025,15
3,126,1,heuristic,1.0,1.0,0.05,5000,1.0,1.025,42
3,127,1,heuristic,1.0,1.0,0.05,5000,1.0,1.025,43
3,128,1,heuristic,1.0,1.0,0.05,5000,1.0,1.025,28
3,129,1,heuristic,1.0,1.0,0.05,5000,1.0,1.025,23
3,130,1,heuristic,1.0,1.0,0.05,5000,1.0,1.025,25
3,131,1,heuristic,1.0,1.0,0.05,5000,1.0,1.025,8
3,132,1,heuristic,1.0,1.0,0.05,5000,1.0,1.025,29
3,133,1,heuristic,1.0,1.0,0.05,5000,1.0,1.025,16
3,134,1,heuristic,1.0,1.0,0.05,5000,1.0,1.025,28
3,135,1,heuristic,1.0,1.0,0.05,5000,1.0,1.025,12
3,136,1,heuristic,1.0,1.0,0.05,5000,1.0,1.025,9
3,137,1,heuristic,1.0,1.0,0.05,5000,1.0,1.025,5
3,138,1,heuristic,1.0,1.0,0.05,5000,1.0,1.025,127
3,139,1,heuristic,1.0,1.0,0.05,5000,1.0,1.025,14
3,140,1,heuristic,1.0,1.0,0.05,5000,1.0,1.025,42
3,141,1,heuristic,1.0,1.0,0.05,5000,1.0,1.025,6
3,142,1,heuristic,1.0,1.0,0.05,5000,1.0,1.025,7
3,143,1,heuristic,1.0,1.0,0.05,5000,1.0,1.025,9
3,144,1,heuristic,1.0,1.0,0.05,5000,1.0,1.025,26
3,145,1,heuristic,1.0,1.0,0.05,5000,1.0,1.025,12
3,146,1,heuristic,1.0,1.0,0.05,5000,1.0,1.025,210
3,147,1,heuristic,1.0,1.0,0.05,5000,1.0,1.025,14
3,148,1,heuristic,1.0,1.0,0.05,5000,1.0,1.025,111
3,149,1,heuristic,1.0,1.0,0.05,5000,1.0,1.025,12
3,150,1,heuristic,1.0,1.0,0.05,5000,1.0,1.025,51
3,151,1,heuristic,1.0,1.0,0.05,5000,1.0,1.025,10
3,152,1,heuristic,1.0,1.0,0.05,5000,1.0,1.025,90
3,153,1,heuristic,1.0,1.0,0.05,5000,1.0,1.025,62
3,154,1,heuristic,1.0,1.0,0.05,5000,1.0,1.025,5
3,155,1,heuristic,1.0,1.0,0.05,5000,1.0,1.025,13
3,156,1,heuristic,1.0,1.0,0.05,5000,1.0,1.025,115
3,157,1,heuristic,1.0,1.0,0.05,5000,1.0,1.025,40
3,158,1,heuristic,1.0,1.0,0.05,5000,1.0,1.025,4
3,159,1,heuristic,1.0,1.0,0.05,5000,1.0,1.025,7
3,160,1,heuristic,1.0,1.0,0.05,5000,1.0,1.025,16
3,161,1,heuristic,1.0,1.0,0.05,5000,1.0,1.025,22
3,162,1,heuristic,1.0,1.0,0.05,5000,1.0,1.025,5
3,163,1,heuristic,1.0,1.0,0.05,5000,1.0,1.025,1
3,164,1,heuristic,1.0,1.0,0.05,5000,1.0,1.025,8
3,165,1,heuristic,1.0,1.0,0.05,5000,1.0,1.025,16
3,166,1,heuristic,1.0,1.0,0.05,5000,1.0,1.025,24
3,167,1,heuristic,1.0,1.0,0.05,5000,1.0,1.025,8
3,168,1,heuristic,1.0,1.0,0.05,5000,1.0,1.025,111
3,169,1,heuristic,1.0,1.0,0.05,5000,1.0,1.025,66
3,170,1,heuristic,1.0,1.0,0.05,5000,1.0,1.025,5
3,171,1,heuristic,1.0,1.0,0.05,5000,1.0,1.025,6
3,172,1,heuristic,1.0,1.0,0.05,5000,1.0,1.025,11
3,173,1,heuristic,1.0,1.0,0.05,5000,1.0,1.025,6
3,174,1,heuristic,1.0,1.0,0.05,5000,1.0,1.025,6
3,175,1,heuristic,1.0,1.0,0.05,5000,1.0,1.025,9
3,176,1,heuristic,1.0,1.0,0.05,5000,1.0,1.025,50
3,177,1,heuristic,1.0,1.0,0.05,5000,1.0,1.025,46
3,178,1,heuristic,1.0,1.0,0.05,5000,1.0,1.025,16
3,179,1,heuristic,1.0,1.0,0.05,5000,1.0,1.025,25
3,180,1,heuristic,1.0,1.0,0.05,5000,1.0,1.025,10
3,181,1,heuristic,1.0,1.0,0.05,5000,1.0,1.025,46
3,182,1,heuristic,1.0,1.0,0.05,5000,1.0,1.025,8
3,183,1,heuristic,1.0,1.0,0.05,5000,1.0,1.025,21
3,184,1,heuristic,1.0,1.0,0.05,5000,1.0,1.025,7
3,185,1,heuristic,1.0,1.0,0.05,5000,1.0,1.025,548
3,186,1,heuristic,1.0,1.0,0.05,5000,1.0,1.025,102
3,187,1,heuristic,1.0,1.0,0.05,5000,1.0,1.025,20
3,188,1,heuristic,1.0,1.0,0.05,5000,1.0,1.025,33
3,189,1,heuristic,1.0,1.0,0.05,5000,1.0,1.025,22
3,190,1,heuristic,1.0,1.0,0.05,5000,1.0,1.025,33
3,191,1,heuristic,1.0,1.0,0.05,5000,1.0,1.025,23
3,192,1,heuristic,1.0,1.0,0.05,5000,1.0,1.025,15
3,193,1,heuristic,1.0,1.0,0.05,5000,1.0,1.025,79
3,194,1,heuristic,1.0,1.0,0.05,5000,1.0,1.025,9
3,195,1,heuristic,1.0,1.0,0.05,5000,1.0,1.025,12
3,196,1,heuristic,1.0,1.0,0.05,5000,1.0,1.025,8
3,197,1,heuristic,1.0,1.0,0.05,5000,1.0,1.025,11
3,198,1,heuristic,1.0,1.0,0.05,5000,1.0,1.025,15
3,199,1,heuristic,1.0,1.0,0.05,5000,1.0,1.025,8
3,200,1,heuristic,1.0,1.0,0.05,5000,1.0,1.025,191
3,1,1,heuristic,1.0,1.0,0.05,5000,1.0,1.05,4
3,2,1,heuristic,1.0,1.0,0.05,5000,1.0,1.05,7
3,3,1,heuristic,1.0,1.0,0.05,5000,1.0,1.05,144
3,4,1,heuristic,1.0,1.0,0.05,5000,1.0,1.05,19
3,5,1,heuristic,1.0,1.0,0.05,5000,1.0,1.05,24
3,6,1,heuristic,1.0,1.0,0.05,5000,1.0,1.05,9
3,7,1,heuristic,1.0,1.0,0.05,5000,1.0,1.05,42
3,8,1,heuristic,1.0,1.0,0.05,5000,1.0,1.05,109
3,9,1,heuristic,1.0,1.0,0.05,5000,1.0,1.05,8
3,10,1,heuristic,1.0,1.0,0.05,5000,1.0,1.05,7
3,11,1,heuristic,1.0,1.0,0.05,5000,1.0,1.05,12
3,12,1,heuristic,1.0,1.0,0.05,5000,1.0,1.05,9
3,13,1,heuristic,1.0,1.0,0.05,5000,1.0,1.05,221
3,14,1,heuristic,1.0,1.0,0.05,5000,1.0,1.05,9
3,15,1,heuristic,1.0,1.0,0.05,5000,1.0,1.05,25
3,16,1,heuristic,1.0,1.0,0.05,5000,1.0,1.05,20
3,17,1,heuristic,1.0,1.0,0.05,5000,1.0,1.05,22
3,18,1,heuristic,1.0,1.0,0.05,5000,1.0,1.05,10
3,19,1,heuristic,1.0,1.0,0.05,5000,1.0,1.05,46
3,20,1,heuristic,1.0,1.0,0.05,5000,1.0,1.05,11
3,21,1,heuristic,1.0,1.0,0.05,5000,1.0,1.05,14
3,22,1,heuristic,1.0,1.0,0.05,5000,1.0,1.05,17
3,23,1,heuristic,1.0,1.0,0.05,5000,1.0,1.05,13
3,24,1,heuristic,1.0,1.0,0.05,5000,1.0,1.05,34
3,25,1,heuristic,1.0,1.0,0.05,5000,1.0,1.05,21
3,26,1,heuristic,1.0,1.0,0.05,5000,1.0,1.05,8
3,27,1,heuristic,1.0,1.0,0.05,5000,1.0,1.05,10
3,28,1,heuristic,1.0,1.0,0.05,5000,1.0,1.05,109
3,29,1,heuristic,1.0,1.0,0.05,5000,1.0,1.05,7
3,30,1,heuristic,1.0,1.0,0.05,5000,1.0,1.05,38
3,31,1,heuristic,1.0,1.0,0.05,5000,1.0,1.05,63
3,32,1,heuristic,1.0,1.0,0.05,5000,1.0,1.05,33
3,33,1,heuristic,1.0,1.0,0.05,5000,1.0,1.05,15
3,34,1,heuristic,1.0,1.0,0.05,5000,1.0,1.05,25
3,35,1,heuristic,1.0,1.0,0.05,5000,1.0,1.05,4
3,36,1,heuristic,1.0,1.0,0.05,5000,1.0,1.05,32
3,37,1,heuristic,1.0,1.0,0.05,5000,1.0,1.05,23
3,38,1,heuristic,1.0,1.0,0.05,5000,1.0,1.05,6
3,39,1,heuristic,1.0,1.0,0.05,5000,1.0,1.05,6
3,40,1,heuristic,1.0,1.0,0.05,5000,1.0,1.05,9
3,41,1,heuristic,1.0,1.0,0.05,5000,1.0,1.05,55
3,42,1,heuristic,1.0,1.0,0.05,5000,1.0,1.05,94
3,43,1,heuristic,1.0,1.0,0.05,5000,1.0,1.05,23
3,44,1,heuristic,1.0,1.0,0.05,5000,1.0,1.05,22
3,45,1,heuristic,1.0,1.0,0.05,5000,1.0,1.05,52
3,46,1,heuristic,1.0,1.0,0.05,5000,1.0,1.05,7
3,47,1,heuristic,1.0,1.0,0.05,5000,1.0,1.05,11
3,48,1,heuristic,1.0,1.0,0.05,5000,1.0,1.05,86
3,49,1,heuristic,1.0,1.0,0.05,5000,1.0,1.05,50
3,50,1,heuristic,1.0,1.0,0.05,5000,1.0,1.05,24
3,51,1,heuristic,1.0,1.0,0.05,5000,1.0,1.05,43
3,52,1,heuristic,1.0,1.0,0.05,5000,1.0,1.05,48
3,53,1,heuristic,1.0,1.0,0.05,5000,1.0,1.05,4
3,54,1,heuristic,1.0,1.0,0.05,5000,1.0,1.05,36
3,55,1,heuristic,1.0,1.0,0.05,5000,1.0,1.05,6
3,56,1,heuristic,1.0,1.0,0.05,5000,1.0,1.05,27
3,57,1,heuristic,1.0,1.0,0.05,5000,1.0,1.05,113
3,58,1,heuristic,1.0,1.0,0.05,5000,1.0,1.05,15
3,59,1,heuristic,1.0,1.0,0.05,5000,1.0,1.05,9
3,60,1,heuristic,1.0,1.0,0.05,5000,1.0,1.05,7
3,61,1,heuristic,1.0,1.0,0.05,5000,1.0,1.05,78
3,62,1,heuristic,1.0,1.0,0.05,5000,1.0,1.05,15
3,63,1,heuristic,1.0,1.0,0.05,5000,1.0,1.05,171
3,64,1,heuristic,1.0,1.0,0.05,5000,1.0,1.05,11
3,65,1,heuristic,1.0,1.0,0.05,5000,1.0,1.05,12
3,66,1,heuristic,1.0,1.0,0.05,5000,1.0,1.05,12
3,67,1,heuristic,1.0,1.0,0.05,5000,1.0,1.05,75
3,68,1,heuristic,1.0,1.0,0.05,5000,1.0,1.05,25
3,69,1,heuristic,1.0,1.0,0.05,5000,1.0,1.05,30
3,70,1,heuristic,1.0,1.0,0.05,5000,1.0,1.05,32
3,71,1,heuristic,1.0,1.0,0.05,5000,1.0,1.05,9
3,72,1,heuristic,1.0,1.0,0.05,5000,1.0,1.05,26
3,73,1,heuristic,1.0,1.0,0.05,5000,1.0,1.05,4
3,74,1,heuristic,1.0,1.0,0.05,5000,1.0,1.05,4
3,75,1,heuristic,1.0,1.0,0.05,5000,1.0,1.05,18
3,76,1,heuristic,1.0,1.0,0.05,5000,1.0,1.05,21
3,77,1,heuristic,1.0,1.0,0.05,5000,1.0,1.05,4
3,78,1,heuristic,1.0,1.0,0.05,5000,1.0,1.05,4
3,79,1,heuristic,1.0,1.0,0.05,5000,1.0,1.05,22
3,80,1,heuristic,1.0,1.0,0.05,5000,1.0,1.05,11
3,81,1,heuristic,1.0,1.0,0.05,5000,1.0,1.05,202
3,82,1,heuristic,1.0,1.0,0.05,5000,1.0,1.05,24
3,83,1,heuristic,1.0,1.0,0.05,5000,1.0,1.05,13
3,84,1,heuristic,1.0,1.0,0.05,5000,1.0,1.05,7
3,85,1,heuristic,1.0,1.0,0.05,5000,1.0,1.05,14
3,86,1,heuristic,1.0,1.0,0.05,5000,1.0,1.05,7
3,87,1,heuristic,1.0,1.0,0.05,5000,1.0,1.05,25
3,88,1,heuristic,1.0,1.0,0.05,5000,1.0,1.05,32
3,89,1,heuristic,1.0,1.0,0.05,5000,1.0,1.05,78
3,90,1,heuristic,1.0,1.0,0.05,5000,1.0,1.05,8
3,91,1,heuristic,1.0,1.0,0.05,5000,1.0,1.05,23
3,92,1,heuristic,1.0,1.0,0.05,5000,1.0,1.05,10
3,93,1,heuristic,1.0,1.0,0.05,5000,1.0,1.05,75
3,94,1,heuristic,1.0,1.0,0.05,5000,1.0,1.05,16
3,95,1,heuristic,1.0,1.0,0.05,5000,1.0,1.05,9
3,96,1,heuristic,1.0,1.0,0.05,5000,1.0,1.05,7
3,97,1,heuristic,1.0,1.0,0.05,5000,1.0,1.05,150
3,98,1,heuristic,1.0,1.0,0.05,5000,1.0,1.05,10
3,99,1,heuristic,1.0,1.0,0.05,5000,1.0,1.05,15
3,100,1,heuristic,1.0,1.0,0.05,5000,1.0,1.05,200
3,101,1,heuristic,1.0,1.0,0.05,5000,1.0,1.05,97
3,102,1,heuristic,1.0,1.0,0.05,5000,1.0,1.05,46
3,103,1,heuristic,1.0,1.0,0.05,5000,1.0,1.05,129
3,104,1,heuristic,1.0,1.0,0.05,5000,1.0,1.05,23
3,105,1,heuristic,1.0,1.0,0.05,5000,1.0,1.05,17
3,106,1,heuristic,1.0,1.0,0.05,5000,1.0,1.05,27
3,107,1,heuristic,1.0,1.0,0.05,5000,1.0,1.05,69
3,108,1,heuristic,1.0,1.0,0.05,5000,1.0,1.05,84
3,109,1,heuristic,1.0,1.0,0.05,5000,1.0,1.05,5
3,110,1,heuristic,1.0,1.0,0.05,5000,1.0,1.05,30
3,111,1,heuristic,1.0,1.0,0.05,5000,1.0,1.05,207
3,112,1,heuristic,1.0,1.0,0.05,5000,1.0,1.05,20
3,113,1,heuristic,1.0,1.0,0.05,5000,1.0,1.05,19
3,114,1,heuristic,1.0,1.0,0.05,5000,1.0,1.05,35
3,115,1,heuristic,1.0,1.0,0.05,5000,1.0,1.05,12
3,116,1,heuristic,1.0,1.0,0.05,5000,1.0,1.05,26
3,117,1,heuristic,1.0,1.0,0.05,5000,1.0,1.05,24
3,118,1,heuristic,1.0,1.0,0.05,5000,1.0,1.05,4
3,119,1,heuristic,1.0,1.0,0.05,5000,1.0,1.05,44
3,120,1,heuristic,1.0,1.0,0.05,5000,1.0,1.05,22
3,121,1,heuristic,1.0,1.0,0.05,5000,1.0,1.05,28
3,122,1,heuristic,1.0,1.0,0.05,5000,1.0,1.05,241
3,123,1,heuristic,1.0,1.0,0.05,5000,1.0,1.05,5
3,124,1,heuristic,1.0,1.0,0.05,5000,1.0,1.05,8
3,125,1,heuristic,1.0,1.0,0.05,5000,1.0,1.05,12
3,126,1,heuristic,1.0,1.0,0.05,5000,1.0,1.05,58
3,127,1,heuristic,1.0,1.0,0.05,5000,1.0,1.05,28
3,128,1,heuristic,1.0,1.0,0.05,5000,1.0,1.05,441
3,129,1,heuristic,1.0,1.0,0.05,5000,1.0,1.05,18
3,130,1,heuristic,1.0,1.0,0.05,5000,1.0,1.05,9
3,131,1,heuristic,1.0,1.0,0.05,5000,1.0,1.05,12
3,132,1,heuristic,1.0,1.0,0.05,5000,1.0,1.05,8
3,133,1,heuristic,1.0,1.0,0.05,5000,1.0,1.05,9
3,134,1,heuristic,1.0,1.0,0.05,5000,1.0,1.05,24
3,135,1,heuristic,1.0,1.0,0.05,5000,1.0,1.05,49
3,136,1,heuristic,1.0,1.0,0.05,5000,1.0,1.05,14
3,137,1,heuristic,1.0,1.0,0.05,5000,1.0,1.05,6
3,138,1,heuristic,1.0,1.0,0.05,5000,1.0,1.05,33
3,139,1,heuristic,1.0,1.0,0.05,5000,1.0,1.05,5
3,140,1,heuristic,1.0,1.0,0.05,5000,1.0,1.05,155
3,141,1,heuristic,1.0,1.0,0.05,5000,1.0,1.05,56
3,142,1,heuristic,1.0,1.0,0.05,5000,1.0,1.05,106
3,143,1,heuristic,1.0,1.0,0.05,5000,1.0,1.05,18
3,144,1,heuristic,1.0,1.0,0.05,5000,1.0,1.05,10
3,145,1,heuristic,1.0,1.0,0.05,5000,1.0,1.05,19
3,146,1,heuristic,1.0,1.0,0.05,5000,1.0,1.05,7
3,147,1,heuristic,1.0,1.0,0.05,5000,1.0,1.05,19
3,148,1,heuristic,1.0,1.0,0.05,5000,1.0,1.05,19
3,149,1,heuristic,1.0,1.0,0.05,5000,1.0,1.05,6
3,150,1,heuristic,1.0,1.0,0.05,5000,1.0,1.05,142
3,151,1,heuristic,1.0,1.0,0.05,5000,1.0,1.05,7
3,152,1,heuristic,1.0,1.0,0.05,5000,1.0,1.05,66
3,153,1,heuristic,1.0,1.0,0.05,5000,1.0,1.05,21
3,154,1,heuristic,1.0,1.0,0.05,5000,1.0,1.05,9
3,155,1,heuristic,1.0,1.0,0.05,5000,1.0,1.05,8
3,156,1,heuristic,1.0,1.0,0.05,5000,1.0,1.05,11
3,157,1,heuristic,1.0,1.0,0.05,5000,1.0,1.05,22
3,158,1,heuristic,1.0,1.0,0.05,5000,1.0,1.05,52
3,159,1,heuristic,1.0,1.0,0.05,5000,1.0,1.05,61
3,160,1,heuristic,1.0,1.0,0.05,5000,1.0,1.05,35
3,161,1,heuristic,1.0,1.0,0.05,5000,1.0,1.05,5
3,162,1,heuristic,1.0,1.0,0.05,5000,1.0,1.05,12
3,163,1,heuristic,1.0,1.0,0.05,5000,1.0,1.05,1
3,164,1,heuristic,1.0,1.0,0.05,5000,1.0,1.05,8
3,165,1,heuristic,1.0,1.0,0.05,5000,1.0,1.05,9
3,166,1,heuristic,1.0,1.0,0.05,5000,1.0,1.05,207
3,167,1,heuristic,1.0,1.0,0.05,5000,1.0,1.05,11
3,168,1,heuristic,1.0,1.0,0.05,5000,1.0,1.05,20
3,169,1,heuristic,1.0,1.0,0.05,5000,1.0,1.05,8
3,170,1,heuristic,1.0,1.0,0.05,5000,1.0,1.05,4
3,171,1,heuristic,1.0,1.0,0.05,5000,1.0,1.05,223
3,172,1,heuristic,1.0,1.0,0.05,5000,1.0,1.05,17
3,173,1,heuristic,1.0,1.0,0.05,5000,1.0,1.05,8
3,174,1,heuristic,1.0,1.0,0.05,5000,1.0,1.05,10
3,175,1,heuristic,1.0,1.0,0.05,5000,1.0,1.05,41
3,176,1,heuristic,1.0,1.0,0.05,5000,1.0,1.05,32
3,177,1,heuristic,1.0,1.0,0.05,5000,1.0,1.05,21
3,178,1,heuristic,1.0,1.0,0.05,5000,1.0,1.05,9
3,179,1,heuristic,1.0,1.0,0.05,5000,1.0,1.05,9
3,180,1,heuristic,1.0,1.0,0.05,5000,1.0,1.05,29
3,181,1,heuristic,1.0,1.0,0.05,5000,1.0,1.05,75
3,182,1,heuristic,1.0,1.0,0.05,5000,1.0,1.05,31
3,183,1,heuristic,1.0,1.0,0.05,5000,1.0,1.05,236
3,184,1,heuristic,1.0,1.0,0.05,5000,1.0,1.05,6
3,185,1,heuristic,1.0,1.0,0.05,5000,1.0,1.05,27
3,186,1,heuristic,1.0,1.0,0.05,5000,1.0,1.05,46
3,187,1,heuristic,1.0,1.0,0.05,5000,1.0,1.05,36
3,188,1,heuristic,1.0,1.0,0.05,5000,1.0,1.05,15
3,189,1,heuristic,1.0,1.0,0.05,5000,1.0,1.05,106
3,190,1,heuristic,1.0,1.0,0.05,5000,1.0,1.05,38
3,191,1,heuristic,1.0,1.0,0.05,5000,1.0,1.05,9
3,192,1,heuristic,1.0,1.0,0.05,5000,1.0,1.05,81
3,193,1,heuristic,1.0,1.0,0.05,5000,1.0,1.05,7
3,194,1,heuristic,1.0,1.0,0.05,5000,1.0,1.05,20
3,195,1,heuristic,1.0,1.0,0.05,5000,1.0,1.05,17
3,196,1,heuristic,1.0,1.0,0.05,5000,1.0,1.05,8
3,197,1,heuristic,1.0,1.0,0.05,5000,1.0,1.05,23
3,198,1,heuristic,1.0,1.0,0.05,5000,1.0,1.05,110
3,199,1,heuristic,1.0,1.0,0.05,5000,1.0,1.05,62
3,200,1,heuristic,1.0,1.0,0.05,5000,1.0,1.05,18
3,1,1,heuristic,1.0,1.0,0.05,5000,1.0,1.075,5
3,2,1,heuristic,1.0,1.0,0.05,5000,1.0,1.075,130
3,3,1,heuristic,1.0,1.0,0.05,5000,1.0,1.075,86
3,4,1,heuristic,1.0,1.0,0.05,5000,1.0,1.075,13
3,5,1,heuristic,1.0,1.0,0.05,5000,1.0,1.075,30
3,6,1,heuristic,1.0,1.0,0.05,5000,1.0,1.075,46
3,7,1,heuristic,1.0,1.0,0.05,5000,1.0,1.075,5
3,8,1,heuristic,1.0,1.0,0.05,5000,1.0,1.075,54
3,9,1,heuristic,1.0,1.0,0.05,5000,1.0,1.075,13
3,10,1,heuristic,1.0,1.0,0.05,5000,1.0,1.075,6
3,11,1,heuristic,1.0,1.0,0.05,5000,1.0,1.075,69
3,12,1,heuristic,1.0,1.0,0.05,5000,1.0,1.075,10
3,13,1,heuristic,1.0,1.0,0.05,5000,1.0,1.075,13
3,14,1,heuristic,1.0,1.0,0.05,5000,1.0,1.075,74
3,15,1,heuristic,1.0,1.0,0.05,5000,1.0,1.075,18
3,16,1,heuristic,1.0,1.0,0.05,5000,1.0,1.075,30
3,17,1,heuristic,1.0,1.0,0.05,5000,1.0,1.075,5
3,18,1,heuristic,1.0,1.0,0.05,5000,1.0,1.075,9
3,19,1,heuristic,1.0,1.0,0.05,5000,1.0,1.075,10
3,20,1,heuristic,1.0,1.0,0.05,5000,1.0,1.075,13
3,21,1,heuristic,1.0,1.0,0.05,5000,1.0,1.075,11
3,22,1,heuristic,1.0,1.0,0.05,5000,1.0,1.075,14
3,23,1,heuristic,1.0,1.0,0.05,5000,1.0,1.075,35
3,24,1,heuristic,1.0,1.0,0.05,5000,1.0,1.075,7
3,25,1,heuristic,1.0,1.0,0.05,5000,1.0,1.075,21
3,26,1,heuristic,1.0,1.0,0.05,5000,1.0,1.075,4
3,27,1,heuristic,1.0,1.0,0.05,5000,1.0,1.075,25
3,28,1,heuristic,1.0,1.0,0.05,5000,1.0,1.075,25
3,29,1,heuristic,1.0,1.0,0.05,5000,1.0,1.075,15
3,30,1,heuristic,1.0,1.0,0.05,5000,1.0,1.075,47
3,31,1,heuristic,1.0,1.0,0.05,5000,1.0,1.075,17
3,32,1,heuristic,1.0,1.0,0.05,5000,1.0,1.075,12
3,33,1,heuristic,1.0,1.0,0.05,5000,1.0,1.075,13
3,34,1,heuristic,1.0,1.0,0.05,5000,1.0,1.075,85
3,35,1,heuristic,1.0,1.0,0.05,5000,1.0,1.075,10
3,36,1,heuristic,1.0,1.0,0.05,5000,1.0,1.075,10
3,37,1,heuristic,1.0,1.0,0.05,5000,1.0,1.075,9
3,38,1,heuristic,1.0,1.0,0.05,5000,1.0,1.075,9
3,39,1,heuristic,1.0,1.0,0.05,5000,1.0,1.075,4
3,40,1,heuristic,1.0,1.0,0.05,5000,1.0,1.075,9
3,41,1,heuristic,1.0,1.0,0.05,5000,1.0,1.075,35
3,42,1,heuristic,1.0,1.0,0.05,5000,1.0,1.075,18
3,43,1,heuristic,1.0,1.0,0.05,5000,1.0,1.075,4
3,44,1,heuristic,1.0,1.0,0.05,5000,1.0,1.075,55
3,45,1,heuristic,1.0,1.0,0.05,5000,1.0,1.075,6
3,46,1,heuristic,1.0,1.0,0.05,5000,1.0,1.075,36
3,47,1,heuristic,1.0,1.0,0.05,5000,1.0,1.075,114
3,48,1,heuristic,1.0,1.0,0.05,5000,1.0,1.075,4
3,49,1,heuristic,1.0,1.0,0.05,5000,1.0,1.075,41
3,50,1,heuristic,1.0,1.0,0.05,5000,1.0,1.075,18
3,51,1,heuristic,1.0,1.0,0.05,5000,1.0,1.075,20
3,52,1,heuristic,1.0,1.0,0.05,5000,1.0,1.075,5
3,53,1,heuristic,1.0,1.0,0.05,5000,1.0,1.075,21
3,54,1,heuristic,1.0,1.0,0.05,5000,1.0,1.075,16
3,55,1,heuristic,1.0,1.0,0.05,5000,1.0,1.075,11
3,56,1,heuristic,1.0,1.0,0.05,5000,1.0,1.075,53
3,57,1,heuristic,1.0,1.0,0.05,5000,1.0,1.075,16
3,58,1,heuristic,1.0,1.0,0.05,5000,1.0,1.075,12
3,59,1,heuristic,1.0,1.0,0.05,5000,1.0,1.075,11
3,60,1,heuristic,1.0,1.0,0.05,5000,1.0,1.075,5
3,61,1,heuristic,1.0,1.0,0.05,5000,1.0,1.075,8
3,62,1,heuristic,1.0,1.0,0.05,5000,1.0,1.075,18
3,63,1,heuristic,1.0,1.0,0.05,5000,1.0,1.075,22
3,64,1,heuristic,1.0,1.0,0.05,5000,1.0,1.075,7
3,65,1,heuristic,1.0,1.0,0.05,5000,1.0,1.075,11
3,66,1,heuristic,1.0,1.0,0.05,5000,1.0,1.075,5
3,67,1,heuristic,1.0,1.0,0.05,5000,1.0,1.075,5
3,68,1,heuristic,1.0,1.0,0.05,5000,1.0,1.075,16
3,69,1,heuristic,1.0,1.0,0.05,5000,1.0,1.075,13
3,70,1,heuristic,1.0,1.0,0.05,5000,1.0,1.075,14
3,71,1,heuristic,1.0,1.0,0.05,5000,1.0,1.075,8
3,72,1,heuristic,1.0,1.0,0.05,5000,1.0,1.075,17
3,73,1,heuristic,1.0,1.0,0.05,5000,1.0,1.075,35
3,74,1,heuristic,1.0,1.0,0.05,5000,1.0,1.075,6
3,75,1,heuristic,1.0,1.0,0.05,5000,1.0,1.075,66
3,76,1,heuristic,1.0,1.0,0.05,5000,1.0,1.075,17
3,77,1,heuristic,1.0,1.0,0.05,5000,1.0,1.075,4
3,78,1,heuristic,1.0,1.0,0.05,5000,1.0,1.075,4
3,79,1,heuristic,1.0,1.0,0.05,5000,1.0,1.075,76
3,80,1,heuristic,1.0,1.0,0.05,5000,1.0,1.075,27
3,81,1,heuristic,1.0,1.0,0.05,5000,1.0,1.075,19
3,82,1,heuristic,1.0,1.0,0.05,5000,1.0,1.075,12
3,83,1,heuristic,1.0,1.0,0.05,5000,1.0,1.075,24
3,84,1,heuristic,1.0,1.0,0.05,5000,1.0,1.075,15
3,85,1,heuristic,1.0,1.0,0.05,5000,1.0,1.075,14
3,86,1,heuristic,1.0,1.0,0.05,5000,1.0,1.075,26
3,87,1,heuristic,1.0,1.0,0.05,5000,1.0,1.075,11
3,88,1,heuristic,1.0,1.0,0.05,5000,1.0,1.075,19
3,89,1,heuristic,1.0,1.0,0.05,5000,1.0,1.075,37
3,90,1,heuristic,1.0,1.0,0.05,5000,1.0,1.075,45
3,91,1,heuristic,1.0,1.0,0.05,5000,1.0,1.075,99
3,92,1,heuristic,1.0,1.0,0.05,5000,1.0,1.075,13
3,93,1,heuristic,1.0,1.0,0.05,5000,1.0,1.075,12
3,94,1,heuristic,1.0,1.0,0.05,5000,1.0,1.075,21
3,95,1,heuristic,1.0,1.0,0.05,5000,1.0,1.075,16
3,96,1,heuristic,1.0,1.0,0.05,5000,1.0,1.075,23
3,97,1,heuristic,1.0,1.0,0.05,5000,1.0,1.075,34
3,98,1,heuristic,1.0,1.0,0.05,5000,1.0,1.075,8
3,99,1,heuristic,1.0,1.0,0.05,5000,1.0,1.075,4
3,100,1,heuristic,1.0,1.0,0.05,5000,1.0,1.075,7
3,101,1,heuristic,1.0,1.0,0.05,5000,1.0,1.075,14
3,102,1,heuristic,1.0,1.0,0.05,5000,1.0,1.075,6
3,103,1,heuristic,1.0,1.0,0.05,5000,1.0,1.075,53
3,104,1,heuristic,1.0,1.0,0.05,5000,1.0,1.075,5
3,105,1,heuristic,1.0,1.0,0.05,5000,1.0,1.075,16
3,106,1,heuristic,1.0,1.0,0.05,5000,1.0,1.075,101
3,107,1,heuristic,1.0,1.0,0.05,5000,1.0,1.075,11
3,108,1,heuristic,1.0,1.0,0.05,5000,1.0,1.075,4
3,109,1,heuristic,1.0,1.0,0.05,5000,1.0,1.075,79
3,110,1,heuristic,1.0,1.0,0.05,5000,1.0,1.075,47
3,111,1,heuristic,1.0,1.0,0.05,5000,1.0,1.075,5
3,112,1,heuristic,1.0,1.0,0.05,5000,1.0,1.075,27
3,113,1,heuristic,1.0,1.0,0.05,5000,1.0,1.075,6
3,114,1,heuristic,1.0,1.0,0.05,5000,1.0,1.075,60
3,115,1,heuristic,1.0,1.0,0.05,5000,1.0,1.075,22
3,116,1,heuristic,1.0,1.0,0.05,5000,1.0,1.075,28
3,117,1,heuristic,1.0,1.0,0.05,5000,1.0,1.075,6
3,118,1,heuristic,1.0,1.0,0.05,5000,1.0,1.075,167
3,119,1,heuristic,1.0,1.0,0.05,5000,1.0,1.075,118
3,120,1,heuristic,1.0,1.0,0.05,5000,1.0,1.075,11
3,121,1,heuristic,1.0,1.0,0.05,5000,1.0,1.075,198
3,122,1,heuristic,1.0,1.0,0.05,5000,1.0,1.075,74
3,123,1,heuristic,1.0,1.0,0.05,5000,1.0,1.075,4
3,124,1,heuristic,1.0,1.0,0.05,5000,1.0,1.075,103
3,125,1,heuristic,1.0,1.0,0.05,5000,1.0,1.075,6
3,126,1,heuristic,1.0,1.0,0.05,5000,1.0,1.075,258
3,127,1,heuristic,1.0,1.0,0.05,5000,1.0,1.075,26
3,128,1,heuristic,1.0,1.0,0.05,5000,1.0,1.075,14
3,129,1,heuristic,1.0,1.0,0.05,5000,1.0,1.075,28
3,130,1,heuristic,1.0,1.0,0.05,5000,1.0,1.075,14
3,131,1,heuristic,1.0,1.0,0.05,5000,1.0,1.075,5
3,132,1,heuristic,1.0,1.0,0.05,5000,1.0,1.075,9
3,133,1,heuristic,1.0,1.0,0.05,5000,1.0,1.075,18
3,134,1,heuristic,1.0,1.0,0.05,5000,1.0,1.075,44
3,135,1,heuristic,1.0,1.0,0.05,5000,1.0,1.075,36
3,136,1,heuristic,1.0,1.0,0.05,5000,1.0,1.075,9
3,137,1,heuristic,1.0,1.0,0.05,5000,1.0,1.075,12
3,138,1,heuristic,1.0,1.0,0.05,5000,1.0,1.075,66
3,139,1,heuristic,1.0,1.0,0.05,5000,1.0,1.075,167
3,140,1,heuristic,1.0,1.0,0.05,5000,1.0,1.075,12
3,141,1,heuristic,1.0,1.0,0.05,5000,1.0,1.075,36
3,142,1,heuristic,1.0,1.0,0.05,5000,1.0,1.075,4
3,143,1,heuristic,1.0,1.0,0.05,5000,1.0,1.075,7
3,144,1,heuristic,1.0,1.0,0.05,5000,1.0,1.075,9
3,145,1,heuristic,1.0,1.0,0.05,5000,1.0,1.075,4
3,146,1,heuristic,1.0,1.0,0.05,5000,1.0,1.075,79
3,147,1,heuristic,1.0,1.0,0.05,5000,1.0,1.075,32
3,148,1,heuristic,1.0,1.0,0.05,5000,1.0,1.075,33
3,149,1,heuristic,1.0,1.0,0.05,5000,1.0,1.075,40
3,150,1,heuristic,1.0,1.0,0.05,5000,1.0,1.075,86
3,151,1,heuristic,1.0,1.0,0.05,5000,1.0,1.075,12
3,152,1,heuristic,1.0,1.0,0.05,5000,1.0,1.075,78
3,153,1,heuristic,1.0,1.0,0.05,5000,1.0,1.075,73
3,154,1,heuristic,1.0,1.0,0.05,5000,1.0,1.075,5
3,155,1,heuristic,1.0,1.0,0.05,5000,1.0,1.075,16
3,156,1,heuristic,1.0,1.0,0.05,5000,1.0,1.075,14
3,157,1,heuristic,1.0,1.0,0.05,5000,1.0,1.075,5
3,158,1,heuristic,1.0,1.0,0.05,5000,1.0,1.075,16
3,159,1,heuristic,1.0,1.0,0.05,5000,1.0,1.075,19
3,160,1,heuristic,1.0,1.0,0.05,5000,1.0,1.075,22
3,161,1,heuristic,1.0,1.0,0.05,5000,1.0,1.075,17
3,162,1,heuristic,1.0,1.0,0.05,5000,1.0,1.075,15
3,163,1,heuristic,1.0,1.0,0.05,5000,1.0,1.075,1
3,164,1,heuristic,1.0,1.0,0.05,5000,1.0,1.075,155
3,165,1,heuristic,1.0,1.0,0.05,5000,1.0,1.075,113
3,166,1,heuristic,1.0,1.0,0.05,5000,1.0,1.075,28
3,167,1,heuristic,1.0,1.0,0.05,5000,1.0,1.075,46
3,168,1,heuristic,1.0,1.0,0.05,5000,1.0,1.075,19
3,169,1,heuristic,1.0,1.0,0.05,5000,1.0,1.075,77
3,170,1,heuristic,1.0,1.0,0.05,5000,1.0,1.075,17
3,171,1,heuristic,1.0,1.0,0.05,5000,1.0,1.075,4
3,172,1,heuristic,1.0,1.0,0.05,5000,1.0,1.075,57
3,173,1,heuristic,1.0,1.0,0.05,5000,1.0,1.075,41
3,174,1,heuristic,1.0,1.0,0.05,5000,1.0,1.075,11
3,175,1,heuristic,1.0,1.0,0.05,5000,1.0,1.075,55
3,176,1,heuristic,1.0,1.0,0.05,5000,1.0,1.075,24
3,177,1,heuristic,1.0,1.0,0.05,5000,1.0,1.075,9
3,178,1,heuristic,1.0,1.0,0.05,5000,1.0,1.075,6
3,179,1,heuristic,1.0,1.0,0.05,5000,1.0,1.075,7
3,180,1,heuristic,1.0,1.0,0.05,5000,1.0,1.075,20
3,181,1,heuristic,1.0,1.0,0.05,5000,1.0,1.075,6
3,182,1,heuristic,1.0,1.0,0.05,5000,1.0,1.075,37
3,183,1,heuristic,1.0,1.0,0.05,5000,1.0,1.075,71
3,184,1,heuristic,1.0,1.0,0.05,5000,1.0,1.075,15
3,185,1,heuristic,1.0,1.0,0.05,5000,1.0,1.075,36
3,186,1,heuristic,1.0,1.0,0.05,5000,1.0,1.075,21
3,187,1,heuristic,1.0,1.0,0.05,5000,1.0,1.075,18
3,188,1,heuristic,1.0,1.0,0.05,5000,1.0,1.075,116
3,189,1,heuristic,1.0,1.0,0.05,5000,1.0,1.075,173
3,190,1,heuristic,1.0,1.0,0.05,5000,1.0,1.075,17
3,191,1,heuristic,1.0,1.0,0.05,5000,1.0,1.075,89
3,192,1,heuristic,1.0,1.0,0.05,5000,1.0,1.075,58
3,193,1,heuristic,1.0,1.0,0.05,5000,1.0,1.075,7
3,194,1,heuristic,1.0,1.0,0.05,5000,1.0,1.075,7
3,195,1,heuristic,1.0,1.0,0.05,5000,1.0,1.075,44
3,196,1,heuristic,1.0,1.0,0.05,5000,1.0,1.075,20
3,197,1,heuristic,1.0,1.0,0.05,5000,1.0,1.075,14
3,198,1,heuristic,1.0,1.0,0.05,5000,1.0,1.075,16
3,199,1,heuristic,1.0,1.0,0.05,5000,1.0,1.075,7
3,200,1,heuristic,1.0,1.0,0.05,5000,1.0,1.075,56
3,1,1,heuristic,1.0,1.0,0.05,5000,1.0,1.1,6
3,2,1,heuristic,1.0,1.0,0.05,5000,1.0,1.1,5
3,3,1,heuristic,1.0,1.0,0.05,5000,1.0,1.1,34
3,4,1,heuristic,1.0,1.0,0.05,5000,1.0,1.1,96
3,5,1,heuristic,1.0,1.0,0.05,5000,1.0,1.1,50
3,6,1,heuristic,1.0,1.0,0.05,5000,1.0,1.1,7
3,7,1,heuristic,1.0,1.0,0.05,5000,1.0,1.1,12
3,8,1,heuristic,1.0,1.0,0.05,5000,1.0,1.1,19
3,9,1,heuristic,1.0,1.0,0.05,5000,1.0,1.1,39
3,10,1,heuristic,1.0,1.0,0.05,5000,1.0,1.1,11
3,11,1,heuristic,1.0,1.0,0.05,5000,1.0,1.1,12
3,12,1,heuristic,1.0,1.0,0.05,5000,1.0,1.1,33
3,13,1,heuristic,1.0,1.0,0.05,5000,1.0,1.1,17
3,14,1,heuristic,1.0,1.0,0.05,5000,1.0,1.1,122
3,15,1,heuristic,1.0,1.0,0.05,5000,1.0,1.1,27
3,16,1,heuristic,1.0,1.0,0.05,5000,1.0,1.1,12
3,17,1,heuristic,1.0,1.0,0.05,5000,1.0,1.1,16
3,18,1,heuristic,1.0,1.0,0.05,5000,1.0,1.1,14
3,19,1,heuristic,1.0,1.0,0.05,5000,1.0,1.1,33
3,20,1,heuristic,1.0,1.0,0.05,5000,1.0,1.1,57
3,21,1,heuristic,1.0,1.0,0.05,5000,1.0,1.1,25
3,22,1,heuristic,1.0,1.0,0.05,5000,1.0,1.1,66
3,23,1,heuristic,1.0,1.0,0.05,5000,1.0,1.1,76
3,24,1,heuristic,1.0,1.0,0.05,5000,1.0,1.1,27
3,25,1,heuristic,1.0,1.0,0.05,5000,1.0,1.1,8
3,26,1,heuristic,1.0,1.0,0.05,5000,1.0,1.1,5
3,27,1,heuristic,1.0,1.0,0.05,5000,1.0,1.1,28
3,28,1,heuristic,1.0,1.0,0.05,5000,1.0,1.1,12
3,29,1,heuristic,1.0,1.0,0.05,5000,1.0,1.1,5
3,30,1,heuristic,1.0,1.0,0.05,5000,1.0,1.1,92
3,31,1,heuristic,1.0,1.0,0.05,5000,1.0,1.1,4
3,32,1,heuristic,1.0,1.0,0.05,5000,1.0,1.1,143
3,33,1,heuristic,1.0,1.0,0.05,5000,1.0,1.1,12
3,34,1,heuristic,1.0,1.0,0.05,5000,1.0,1.1,235
3,35,1,heuristic,1.0,1.0,0.05,5000,1.0,1.1,22
3,36,1,heuristic,1.0,1.0,0.05,5000,1.0,1.1,72
3,37,1,heuristic,1.0,1.0,0.05,5000,1.0,1.1,8
3,38,1,heuristic,1.0,1.0,0.05,5000,1.0,1.1,5
3,39,1,heuristic,1.0,1.0,0.05,5000,1.0,1.1,15
3,40,1,heuristic,1.0,1.0,0.05,5000,1.0,1.1,21
3,41,1,heuristic,1.0,1.0,0.05,5000,1.0,1.1,4
3,42,1,heuristic,1.0,1.0,0.05,5000,1.0,1.1,42
3,43,1,heuristic,1.0,1.0,0.05,5000,1.0,1.1,6
3,44,1,heuristic,1.0,1.0,0.05,5000,1.0,1.1,9
3,45,1,heuristic,1.0,1.0,0.05,5000,1.0,1.1,145
3,46,1,heuristic,1.0,1.0,0.05,5000,1.0,1.1,108
3,47,1,heuristic,1.0,1.0,0.05,5000,1.0,1.1,84
3,48,1,heuristic,1.0,1.0,0.05,5000,1.0,1.1,12
3,49,1,heuristic,1.0,1.0,0.05,5000,1.0,1.1,23
3,50,1,heuristic,1.0,1.0,0.05,5000,1.0,1.1,7
3,51,1,heuristic,1.0,1.0,0.05,5000,1.0,1.1,13
3,52,1,heuristic,1.0,1.0,0.05,5000,1.0,1.1,14
3,53,1,heuristic,1.0,1.0,0.05,5000,1.0,1.1,35
3,54,1,heuristic,1.0,1.0,0.05,5000,1.0,1.1,24
3,55,1,heuristic,1.0,1.0,0.05,5000,1.0,1.1,50
3,56,1,heuristic,1.0,1.0,0.05,5000,1.0,1.1,10
3,57,1,heuristic,1.0,1.0,0.05,5000,1.0,1.1,27
3,58,1,heuristic,1.0,1.0,0.05,5000,1.0,1.1,11
3,59,1,heuristic,1.0,1.0,0.05,5000,1.0,1.1,18
3,60,1,heuristic,1.0,1.0,0.05,5000,1.0,1.1,10
3,61,1,heuristic,1.0,1.0,0.05,5000,1.0,1.1,44
3,62,1,heuristic,1.0,1.0,0.05,5000,1.0,1.1,4
3,63,1,heuristic,1.0,1.0,0.05,5000,1.0,1.1,6
3,64,1,heuristic,1.0,1.0,0.05,5000,1.0,1.1,56
3,65,1,heuristic,1.0,1.0,0.05,5000,1.0,1.1,51
3,66,1,heuristic,1.0,1.0,0.05,5000,1.0,1.1,13
3,67,1,heuristic,1.0,1.0,0.05,5000,1.0,1.1,7
3,68,1,heuristic,1.0,1.0,0.05,5000,1.0,1.1,8
3,69,1,heuristic,1.0,1.0,0.05,5000,1.0,1.1,10
3,70,1,heuristic,1.0,1.0,0.05,5000,1.0,1.1,6
3,71,1,heuristic,1.0,1.0,0.05,5000,1.0,1.1,79
3,72,1,heuristic,1.0,1.0,0.05,5000,1.0,1.1,40
3,73,1,heuristic,1.0,1.0,0.05,5000,1.0,1.1,11
3,74,1,heuristic,1.0,1.0,0.05,5000,1.0,1.1,5
3,75,1,heuristic,1.0,1.0,0.05,5000,1.0,1.1,8
3,76,1,heuristic,1.0,1.0,0.05,5000,1.0,1.1,38
3,77,1,heuristic,1.0,1.0,0.05,5000,1.0,1.1,5
3,78,1,heuristic,1.0,1.0,0.05,5000,1.0,1.1,51
3,79,1,heuristic,1.0,1.0,0.05,5000,1.0,1.1,10
3,80,1,heuristic,1.0,1.0,0.05,5000,1.0,1.1,47
3,81,1,heuristic,1.0,1.0,0.05,5000,1.0,1.1,4
3,82,1,heuristic,1.0,1.0,0.05,5000,1.0,1.1,67
3,83,1,heuristic,1.0,1.0,0.05,5000,1.0,1.1,119
3,84,1,heuristic,1.0,1.0,0.05,5000,1.0,1.1,301
3,85,1,heuristic,1.0,1.0,0.05,5000,1.0,1.1,8
3,86,1,heuristic,1.0,1.0,0.05,5000,1.0,1.1,20
3,87,1,heuristic,1.0,1.0,0.05,5000,1.0,1.1,58
3,88,1,heuristic,1.0,1.0,0.05,5000,1.0,1.1,16
3,89,1,heuristic,1.0,1.0,0.05,5000,1.0,1.1,8
3,90,1,heuristic,1.0,1.0,0.05,5000,1.0,1.1,103
3,91,1,heuristic,1.0,1.0,0.05,5000,1.0,1.1,15
3,92,1,heuristic,1.0,1.0,0.05,5000,1.0,1.1,10
3,93,1,heuristic,1.0,1.0,0.05,5000,1.0,1.1,27
3,94,1,heuristic,1.0,1.0,0.05,5000,1.0,1.1,8
3,95,1,heuristic,1.0,1.0,0.05,5000,1.0,1.1,7
3,96,1,heuristic,1.0,1.0,0.05,5000,1.0,1.1,40
3,97,1,heuristic,1.0,1.0,0.05,5000,1.0,1.1,7
3,98,1,heuristic,1.0,1.0,0.05,5000,1.0,1.1,28
3,99,1,heuristic,1.0,1.0,0.05,5000,1.0,1.1,4
3,100,1,heuristic,1.0,1.0,0.05,5000,1.0,1.1,6
3,101,1,heuristic,1.0,1.0,0.05,5000,1.0,1.1,24
3,102,1,heuristic,1.0,1.0,0.05,5000,1.0,1.1,7
3,103,1,heuristic,1.0,1.0,0.05,5000,1.0,1.1,106
3,104,1,heuristic,1.0,1.0,0.05,5000,1.0,1.1,23
3,105,1,heuristic,1.0,1.0,0.05,5000,1.0,1.1,6
3,106,1,heuristic,1.0,1.0,0.05,5000,1.0,1.1,34
3,107,1,heuristic,1.0,1.0,0.05,5000,1.0,1.1,25
3,108,1,heuristic,1.0,1.0,0.05,5000,1.0,1.1,7
3,109,1,heuristic,1.0,1.0,0.05,5000,1.0,1.1,61
3,110,1,heuristic,1.0,1.0,0.05,5000,1.0,1.1,7
3,111,1,heuristic,1.0,1.0,0.05,5000,1.0,1.1,12
3,112,1,heuristic,1.0,1.0,0.05,5000,1.0,1.1,10
3,113,1,heuristic,1.0,1.0,0.05,5000,1.0,1.1,192
3,114,1,heuristic,1.0,1.0,0.05,5000,1.0,1.1,17
3,115,1,heuristic,1.0,1.0,0.05,5000,1.0,1.1,199
3,116,1,heuristic,1.0,1.0,0.05,5000,1.0,1.1,13
3,117,1,heuristic,1.0,1.0,0.05,5000,1.0,1.1,16
3,118,1,heuristic,1.0,1.0,0.05,5000,1.0,1.1,31
3,119,1,heuristic,1.0,1.0,0.05,5000,1.0,1.1,130
3,120,1,heuristic,1.0,1.0,0.05,5000,1.0,1.1,16
3,121,1,heuristic,1.0,1.0,0.05,5000,1.0,1.1,10
3,122,1,heuristic,1.0,1.0,0.05,5000,1.0,1.1,12
3,123,1,heuristic,1.0,1.0,0.05,5000,1.0,1.1,11
3,124,1,heuristic,1.0,1.0,0.05,5000,1.0,1.1,8
3,125,1,heuristic,1.0,1.0,0.05,5000,1.0,1.1,14
3,126,1,heuristic,1.0,1.0,0.05,5000,1.0,1.1,17
3,127,1,heuristic,1.0,1.0,0.05,5000,1.0,1.1,7
3,128,1,heuristic,1.0,1.0,0.05,5000,1.0,1.1,22
3,129,1,heuristic,1.0,1.0,0.05,5000,1.0,1.1,91
3,130,1,heuristic,1.0,1.0,0.05,5000,1.0,1.1,5
3,131,1,heuristic,1.0,1.0,0.05,5000,1.0,1.1,9
3,132,1,heuristic,1.0,1.0,0.05,5000,1.0,1.1,11
3,133,1,heuristic,1.0,1.0,0.05,5000,1.0,1.1,80
3,134,1,heuristic,1.0,1.0,0.05,5000,1.0,1.1,9
3,135,1,heuristic,1.0,1.0,0.05,5000,1.0,1.1,11
3,136,1,heuristic,1.0,1.0,0.05,5000,1.0,1.1,31
3,137,1,heuristic,1.0,1.0,0.05,5000,1.0,1.1,6
3,138,1,heuristic,1.0,1.0,0.05,5000,1.0,1.1,29
3,139,1,heuristic,1.0,1.0,0.05,5000,1.0,1.1,31
3,140,1,heuristic,1.0,1.0,0.05,5000,1.0,1.1,64
3,141,1,heuristic,1.0,1.0,0.05,5000,1.0,1.1,9
3,142,1,heuristic,1.0,1.0,0.05,5000,1.0,1.1,4
3,143,1,heuristic,1.0,1.0,0.05,5000,1.0,1.1,28
3,144,1,heuristic,1.0,1.0,0.05,5000,1.0,1.1,46
3,145,1,heuristic,1.0,1.0,0.05,5000,1.0,1.1,124
3,146,1,heuristic,1.0,1.0,0.05,5000,1.0,1.1,10
3,147,1,heuristic,1.0,1.0,0.05,5000,1.0,1.1,4
3,148,1,heuristic,1.0,1.0,0.05,5000,1.0,1.1,27
3,149,1,heuristic,1.0,1.0,0.05,5000,1.0,1.1,118
3,150,1,heuristic,1.0,1.0,0.05,5000,1.0,1.1,111
3,151,1,heuristic,1.0,1.0,0.05,5000,1.0,1.1,121
3,152,1,heuristic,1.0,1.0,0.05,5000,1.0,1.1,68
3,153,1,heuristic,1.0,1.0,0.05,5000,1.0,1.1,10
3,154,1,heuristic,1.0,1.0,0.05,5000,1.0,1.1,35
3,155,1,heuristic,1.0,1.0,0.05,5000,1.0,1.1,42
3,156,1,heuristic,1.0,1.0,0.05,5000,1.0,1.1,10
3,157,1,heuristic,1.0,1.0,0.05,5000,1.0,1.1,16
3,158,1,heuristic,1.0,1.0,0.05,5000,1.0,1.1,4
3,159,1,heuristic,1.0,1.0,0.05,5000,1.0,1.1,14
3,160,1,heuristic,1.0,1.0,0.05,5000,1.0,1.1,12
3,161,1,heuristic,1.0,1.0,0.05,5000,1.0,1.1,19
3,162,1,heuristic,1.0,1.0,0.05,5000,1.0,1.1,4
3,163,1,heuristic,1.0,1.0,0.05,5000,1.0,1.1,1
3,164,1,heuristic,1.0,1.0,0.05,5000,1.0,1.1,14
3,165,1,heuristic,1.0,1.0,0.05,5000,1.0,1.1,36
3,166,1,heuristic,1.0,1.0,0.05,5000,1.0,1.1,67
3,167,1,heuristic,1.0,1.0,0.05,5000,1.0,1.1,17
3,168,1,heuristic,1.0,1.0,0.05,5000,1.0,1.1,4
3,169,1,heuristic,1.0,1.0,0.05,5000,1.0,1.1,101
3,170,1,heuristic,1.0,1.0,0.05,5000,1.0,1.1,8
3,171,1,heuristic,1.0,1.0,0.05,5000,1.0,1.1,5
3,172,1,heuristic,1.0,1.0,0.05,5000,1.0,1.1,24
3,173,1,heuristic,1.0,1.0,0.05,5000,1.0,1.1,7
3,174,1,heuristic,1.0,1.0,0.05,5000,1.0,1.1,4
3,175,1,heuristic,1.0,1.0,0.05,5000,1.0,1.1,25
3,176,1,heuristic,1.0,1.0,0.05,5000,1.0,1.1,4
3,177,1,heuristic,1.0,1.0,0.05,5000,1.0,1.1,42
3,178,1,heuristic,1.0,1.0,0.05,5000,1.0,1.1,4
3,179,1,heuristic,1.0,1.0,0.05,5000,1.0,1.1,4
3,180,1,heuristic,1.0,1.0,0.05,5000,1.0,1.1,17
3,181,1,heuristic,1.0,1.0,0.05,5000,1.0,1.1,8
3,182,1,heuristic,1.0,1.0,0.05,5000,1.0,1.1,8
3,183,1,heuristic,1.0,1.0,0.05,5000,1.0,1.1,4
3,184,1,heuristic,1.0,1.0,0.05,5000,1.0,1.1,113
3,185,1,heuristic,1.0,1.0,0.05,5000,1.0,1.1,34
3,186,1,heuristic,1.0,1.0,0.05,5000,1.0,1.1,118
3,187,1,heuristic,1.0,1.0,0.05,5000,1.0,1.1,12
3,188,1,heuristic,1.0,1.0,0.05,5000,1.0,1.1,10
3,189,1,heuristic,1.0,1.0,0.05,5000,1.0,1.1,30
3,190,1,heuristic,1.0,1.0,0.05,5000,1.0,1.1,12
3,191,1,heuristic,1.0,1.0,0.05,5000,1.0,1.1,9
3,192,1,heuristic,1.0,1.0,0.05,5000,1.0,1.1,9
3,193,1,heuristic,1.0,1.0,0.05,5000,1.0,1.1,70
3,194,1,heuristic,1.0,1.0,0.05,5000,1.0,1.1,81
3,195,1,heuristic,1.0,1.0,0.05,5000,1.0,1.1,28
3,196,1,heuristic,1.0,1.0,0.05,5000,1.0,1.1,11
3,197,1,heuristic,1.0,1.0,0.05,5000,1.0,1.1,8
3,198,1,heuristic,1.0,1.0,0.05,5000,1.0,1.1,12
3,199,1,heuristic,1.0,1.0,0.05,5000,1.0,1.1,9
3,200,1,heuristic,1.0,1.0,0.05,5000,1.0,1.1,21
4,1,1,heuristic,1.0,1.0,0.05,5000,1.0,1.0,209
4,2,1,heuristic,1.0,1.0,0.05,5000,1.0,1.0,52
4,3,1,heuristic,1.0,1.0,0.05,5000,1.0,1.0,266
4,4,1,heuristic,1.0,1.0,0.05,5000,1.0,1.0,115
4,5,1,heuristic,1.0,1.0,0.05,5000,1.0,1.0,25
4,6,1,heuristic,1.0,1.0,0.05,5000,1.0,1.0,53
4,7,1,heuristic,1.0,1.0,0.05,5000,1.0,1.0,126
4,8,1,heuristic,1.0,1.0,0.05,5000,1.0,1.0,25
4,9,1,heuristic,1.0,1.0,0.05,5000,1.0,1.0,12
4,10,1,heuristic,1.0,1.0,0.05,5000,1.0,1.0,87
4,11,1,heuristic,1.0,1.0,0.05,5000,1.0,1.0,43
4,12,1,heuristic,1.0,1.0,0.05,5000,1.0,1.0,17
4,13,1,heuristic,1.0,1.0,0.05,5000,1.0,1.0,109
4,14,1,heuristic,1.0,1.0,0.05,5000,1.0,1.0,453
4,15,1,heuristic,1.0,1.0,0.05,5000,1.0,1.0,63
4,16,1,heuristic,1.0,1.0,0.05,5000,1.0,1.0,80
4,17,1,heuristic,1.0,1.0,0.05,5000,1.0,1.0,331
4,18,1,heuristic,1.0,1.0,0.05,5000,1.0,1.0,23
4,19,1,heuristic,1.0,1.0,0.05,5000,1.0,1.0,14
4,20,1,heuristic,1.0,1.0,0.05,5000,1.0,1.0,165
4,21,1,heuristic,1.0,1.0,0.05,5000,1.0,1.0,49
4,22,1,heuristic,1.0,1.0,0.05,5000,1.0,1.0,236
4,23,1,heuristic,1.0,1.0,0.05,5000,1.0,1.0,87
4,24,1,heuristic,1.0,1.0,0.05,5000,1.0,1.0,236
4,25,1,heuristic,1.0,1.0,0.05,5000,1.0,1.0,153
4,26,1,heuristic,1.0,1.0,0.05,5000,1.0,1.0,38
4,27,1,heuristic,1.0,1.0,0.05,5000,1.0,1.0,224
4,28,1,heuristic,1.0,1.0,0.05,5000,1.0,1.0,45
4,29,1,heuristic,1.0,1.0,0.05,5000,1.0,1.0,11
4,30,1,heuristic,1.0,1.0,0.05,5000,1.0,1.0,54
4,31,1,heuristic,1.0,1.0,0.05,5000,1.0,1.0,393
4,32,1,heuristic,1.0,1.0,0.05,5000,1.0,1.0,75
4,33,1,heuristic,1.0,1.0,0.05,5000,1.0,1.0,32
4,34,1,heuristic,1.0,1.0,0.05,5000,1.0,1.0,108
4,35,1,heuristic,1.0,1.0,0.05,5000,1.0,1.0,68
4,36,1,heuristic,1.0,1.0,0.05,5000,1.0,1.0,18
4,37,1,heuristic,1.0,1.0,0.05,5000,1.0,1.0,129
4,38,1,heuristic,1.0,1.0,0.05,5000,1.0,1.0,42
4,39,1,heuristic,1.0,1.0,0.05,5000,1.0,1.0,28
4,40,1,heuristic,1.0,1.0,0.05,5000,1.0,1.0,12
4,41,1,heuristic,1.0,1.0,0.05,5000,1.0,1.0,61
4,42,1,heuristic,1.0,1.0,0.05,5000,1.0,1.0,276
4,43,1,heuristic,1.0,1.0,0.05,5000,1.0,1.0,23
4,44,1,heuristic,1.0,1.0,0.05,5000,1.0,1.0,54
4,45,1,heuristic,1.0,1.0,0.05,5000,1.0,1.0,203
4,46,1,heuristic,1.0,1.0,0.05,5000,1.0,1.0,200
4,47,1,heuristic,1.0,1.0,0.05,5000,1.0,1.0,96
4,48,1,heuristic,1.0,1.0,0.05,5000,1.0,1.0,649
4,49,1,heuristic,1.0,1.0,0.05,5000,1.0,1.0,75
4,50,1,heuristic,1.0,1.0,0.05,5000,1.0,1.0,113
4,51,1,heuristic,1.0,1.0,0.05,5000,1.0,1.0,53
4,52,1,heuristic,1.0,1.0,0.05,5000,1.0,1.0,6
4,53,1,heuristic,1.0,1.0,0.05,5000,1.0,1.0,136
4,54,1,heuristic,1.0,1.0,0.05,5000,1.0,1.0,44
4,55,1,heuristic,1.0,1.0,0.05,5000,1.0,1.0,11
4,56,1,heuristic,1.0,1.0,0.05,5000,1.0,1.0,17
4,57,1,heuristic,1.0,1.0,0.05,5000,1.0,1.0,64
4,58,1,heuristic,1.0,1.0,0.05,5000,1.0,1.0,34
4,59,1,heuristic,1.0,1.0,0.05,5000,1.0,1.0,111
4,60,1,heuristic,1.0,1.0,0.05,5000,1.0,1.0,54
4,61,1,heuristic,1.0,1.0,0.05,5000,1.0,1.0,35
4,62,1,heuristic,1.0,1.0,0.05,5000,1.0,1.0,30
4,63,1,heuristic,1.0,1.0,0.05,5000,1.0,1.0,73
4,64,1,heuristic,1.0,1.0,0.05,5000,1.0,1.0,522
4,65,1,heuristic,1.0,1.0,0.05,5000,1.0,1.0,308
4,66,1,heuristic,1.0,1.0,0.05,5000,1.0,1.0,147
4,67,1,heuristic,1.0,1.0,0.05,5000,1.0,1.0,41
4,68,1,heuristic,1.0,1.0,0.05,5000,1.0,1.0,40
4,69,1,heuristic,1.0,1.0,0.05,5000,1.0,1.0,64
4,70,1,heuristic,1.0,1.0,0.05,5000,1.0,1.0,43
4,71,1,heuristic,1.0,1.0,0.05,5000,1.0,1.0,51
4,72,1,heuristic,1.0,1.0,0.05,5000,1.0,1.0,18
4,73,1,heuristic,1.0,1.0,0.05,5000,1.0,1.0,53
4,74,1,heuristic,1.0,1.0,0.05,5000,1.0,1.0,433
4,75,1,heuristic,1.0,1.0,0.05,5000,1.0,1.0,42
4,76,1,heuristic,1.0,1.0,0.05,5000,1.0,1.0,29
4,77,1,heuristic,1.0,1.0,0.05,5000,1.0,1.0,42
4,78,1,heuristic,1.0,1.0,0.05,5000,1.0,1.0,40
4,79,1,heuristic,1.0,1.0,0.05,5000,1.0,1.0,51
4,80,1,heuristic,1.0,1.0,0.05,5000,1.0,1.0,438
4,81,1,heuristic,1.0,1.0,0.05,5000,1.0,1.0,24
4,82,1,heuristic,1.0,1.0,0.05,5000,1.0,1.0,33
4,83,1,heuristic,1.0,1.0,0.05,5000,1.0,1.0,20
4,84,1,heuristic,1.0,1.0,0.05,5000,1.0,1.0,45
4,85,1,heuristic,1.0,1.0,0.05,5000,1.0,1.0,27
4,86,1,heuristic,1.0,1.0,0.05,5000,1.0,1.0,120
4,87,1,heuristic,1.0,1.0,0.05,5000,1.0,1.0,793
4,88,1,heuristic,1.0,1.0,0.05,5000,1.0,1.0,58
4,89,1,heuristic,1.0,1.0,0.05,5000,1.0,1.0,18
4,90,1,heuristic,1.0,1.0,0.05,5000,1.0,1.0,149
4,91,1,heuristic,1.0,1.0,0.05,5000,1.0,1.0,61
4,92,1,heuristic,1.0,1.0,0.05,5000,1.0,1.0,671
4,93,1,heuristic,1.0,1.0,0.05,5000,1.0,1.0,42
4,94,1,heuristic,1.0,1.0,0.05,5000,1.0,1.0,29
4,95,1,heuristic,1.0,1.0,0.05,5000,1.0,1.0,15
4,96,1,heuristic,1.0,1.0,0.05,5000,1.0,1.0,161
4,97,1,heuristic,1.0,1.0,0.05,5000,1.0,1.0,31
4,98,1,heuristic,1.0,1.0,0.05,5000,1.0,1.0,58
4,99,1,heuristic,1.0,1.0,0.05,5000,1.0,1.0,194
4,100,1,heuristic,1.0,1.0,0.05,5000,1.0,1.0,37
4,101,1,heuristic,1.0,1.0,0.05,5000,1.0,1.0,580
4,102,1,heuristic,1.0,1.0,0.05,5000,1.0,1.0,1084
4,103,1,heuristic,1.0,1.0,0.05,5000,1.0,1.0,121
4,104,1,heuristic,1.0,1.0,0.05,5000,1.0,1.0,38
4,105,1,heuristic,1.0,1.0,0.05,5000,1.0,1.0,40
4,106,1,heuristic,1.0,1.0,0.05,5000,1.0,1.0,77
4,107,1,heuristic,1.0,1.0,0.05,5000,1.0,1.0,111
4,108,1,heuristic,1.0,1.0,0.05,5000,1.0,1.0,14
4,109,1,heuristic,1.0,1.0,0.05,5000,1.0,1.0,16
4,110,1,heuristic,1.0,1.0,0.05,5000,1.0,1.0,30
4,111,1,heuristic,1.0,1.0,0.05,5000,1.0,1.0,143
4,112,1,heuristic,1.0,1.0,0.05,5000,1.0,1.0,21
4,113,1,heuristic,1.0,1.0,0.05,5000,1.0,1.0,31
4,114,1,heuristic,1.0,1.0,0.05,5000,1.0,1.0,20
4,115,1,heuristic,1.0,1.0,0.05,5000,1.0,1.0,159
4,116,1,heuristic,1.0,1.0,0.05,5000,1.0,1.0,20
4,117,1,heuristic,1.0,1.0,0.05,5000,1.0,1.0,34
4,118,1,heuristic,1.0,1.0,0.05,5000,1.0,1.0,5
4,119,1,heuristic,1.0,1.0,0.05,5000,1.0,1.0,28
4,120,1,heuristic,1.0,1.0,0.05,5000,1.0,1.0,258
4,121,1,heuristic,1.0,1.0,0.05,5000,1.0,1.0,48
4,122,1,heuristic,1.0,1.0,0.05,5000,1.0,1.0,105
4,123,1,heuristic,1.0,1.0,0.05,5000,1.0,1.0,190
4,124,1,heuristic,1.0,1.0,0.05,5000,1.0,1.0,18
4,125,1,heuristic,1.0,1.0,0.05,5000,1.0,1.0,175
4,126,1,heuristic,1.0,1.0,0.05,5000,1.0,1.0,226
4,127,1,heuristic,1.0,1.0,0.05,5000,1.0,1.0,14
4,128,1,heuristic,1.0,1.0,0.05,5000,1.0,1.0,38
4,129,1,heuristic,1.0,1.0,0.05,5000,1.0,1.0,39
4,130,1,heuristic,1.0,1.0,0.05,5000,1.0,1.0,34
4,131,1,heuristic,1.0,1.0,0.05,5000,1.0,1.0,12
4,132,1,heuristic,1.0,1.0,0.05,5000,1.0,1.0,385
4,133,1,heuristic,1.0,1.0,0.05,5000,1.0,1.0,66
4,134,1,heuristic,1.0,1.0,0.05,5000,1.0,1.0,31
4,135,1,heuristic,1.0,1.0,0.05,5000,1.0,1.0,547
4,136,1,heuristic,1.0,1.0,0.05,5000,1.0,1.0,626
4,137,1,heuristic,1.0,1.0,0.05,5000,1.0,1.0,9
4,138,1,heuristic,1.0,1.0,0.05,5000,1.0,1.0,50
4,139,1,heuristic,1.0,1.0,0.05,5000,1.0,1.0,27
4,140,1,heuristic,1.0,1.0,0.05,5000,1.0,1.0,353
4,141,1,heuristic,1.0,1.0,0.05,5000,1.0,1.0,23
4,142,1,heuristic,1.0,1.0,0.05,5000,1.0,1.0,177
4,143,1,heuristic,1.0,1.0,0.05,5000,1.0,1.0,35
4,144,1,heuristic,1.0,1.0,0.05,5000,1.0,1.0,10
4,145,1,heuristic,1.0,1.0,0.05,5000,1.0,1.0,10
4,146,1,heuristic,1.0,1.0,0.05,5000,1.0,1.0,112
4,147,1,heuristic,1.0,1.0,0.05,5000,1.0,1.0,163
4,148,1,heuristic,1.0,1.0,0.05,5000,1.0,1.0,14
4,149,1,heuristic,1.0,1.0,0.05,5000,1.0,1.0,202
4,150,1,heuristic,1.0,1.0,0.05,5000,1.0,1.0,438
4,151,1,heuristic,1.0,1.0,0.05,5000,1.0,1.0,49
4,152,1,heuristic,1.0,1.0,0.05,5000,1.0,1.0,87
4,153,1,heuristic,1.0,1.0,0.05,5000,1.0,1.0,286
4,154,1,heuristic,1.0,1.0,0.05,5000,1.0,1.0,233
4,155,1,heuristic,1.0,1.0,0.05,5000,1.0,1.0,8
4,156,1,heuristic,1.0,1.0,0.05,5000,1.0,1.0,62
4,157,1,heuristic,1.0,1.0,0.05,5000,1.0,1.0,145
4,158,1,heuristic,1.0,1.0,0.05,5000,1.0,1.0,72
4,159,1,heuristic,1.0,1.0,0.05,5000,1.0,1.0,260
4,160,1,heuristic,1.0,1.0,0.05,5000,1.0,1.0,320
4,161,1,heuristic,1.0,1.0,0.05,5000,1.0,1.0,16
4,162,1,heuristic,1.0,1.0,0.05,5000,1.0,1.0,25
4,163,1,heuristic,1.0,1.0,0.05,5000,1.0,1.0,12
4,164,1,heuristic,1.0,1.0,0.05,5000,1.0,1.0,216
4,165,1,heuristic,1.0,1.0,0.05,5000,1.0,1.0,124
4,166,1,heuristic,1.0,1.0,0.05,5000,1.0,1.0,25
4,167,1,heuristic,1.0,1.0,0.05,5000,1.0,1.0,11
4,168,1,heuristic,1.0,1.0,0.05,5000,1.0,1.0,178
4,169,1,heuristic,1.0,1.0,0.05,5000,1.0,1.0,442
4,170,1,heuristic,1.0,1.0,0.05,5000,1.0,1.0,60
4,171,1,heuristic,1.0,1.0,0.05,5000,1.0,1.0,57
4,172,1,heuristic,1.0,1.0,0.05,5000,1.0,1.0,483
4,173,1,heuristic,1.0,1.0,0.05,5000,1.0,1.0,52
4,174,1,heuristic,1.0,1.0,0.05,5000,1.0,1.0,11
4,175,1,heuristic,1.0,1.0,0.05,5000,1.0,1.0,58
4,176,1,heuristic,1.0,1.0,0.05,5000,1.0,1.0,58
4,177,1,heuristic,1.0,1.0,0.05,5000,1.0,1.0,40
4,178,1,heuristic,1.0,1.0,0.05,5000,1.0,1.0,87
4,179,1,heuristic,1.0,1.0,0.05,5000,1.0,1.0,311
4,180,1,heuristic,1.0,1.0,0.05,5000,1.0,1.0,34
4,181,1,heuristic,1.0,1.0,0.05,5000,1.0,1.0,214
4,182,1,heuristic,1.0,1.0,0.05,5000,1.0,1.0,212
4,183,1,heuristic,1.0,1.0,0.05,5000,1.0,1.0,190
4,184,1,heuristic,1.0,1.0,0.05,5000,1.0,1.0,187
4,185,1,heuristic,1.0,1.0,0.05,5000,1.0,1.0,259
4,186,1,heuristic,1.0,1.0,0.05,5000,1.0,1.0,308
4,187,1,heuristic,1.0,1.0,0.05,5000,1.0,1.0,52
4,188,1,heuristic,1.0,1.0,0.05,5000,1.0,1.0,153
4,189,1,heuristic,1.0,1.0,0.05,5000,1.0,1.0,15
4,190,1,heuristic,1.0,1.0,0.05,5000,1.0,1.0,58
4,191,1,heuristic,1.0,1.0,0.05,5000,1.0,1.0,43
4,192,1,heuristic,1.0,1.0,0.05,5000,1.0,1.0,38
4,193,1,heuristic,1.0,1.0,0.05,5000,1.0,1.0,26
4,194,1,heuristic,1.0,1.0,0.05,5000,1.0,1.0,18
4,195,1,heuristic,1.0,1.0,0.05,5000,1.0,1.0,146
4,196,1,heuristic,1.0,1.0,0.05,5000,1.0,1.0,19
4,197,1,heuristic,1.0,1.0,0.05,5000,1.0,1.0,165
4,198,1,heuristic,1.0,1.0,0.05,5000,1.0,1.0,152
4,199,1,heuristic,1.0,1.0,0.05,5000,1.0,1.0,41
4,200,1,heuristic,1.0,1.0,0.05,5000,1.0,1.0,162
4,1,1,heuristic,1.0,1.0,0.05,5000,1.0,1.025,13
4,2,1,heuristic,1.0,1.0,0.05,5000,1.0,1.025,26
4,3,1,heuristic,1.0,1.0,0.05,5000,1.0,1.025,53
4,4,1,heuristic,1.0,1.0,0.05,5000,1.0,1.025,31
4,5,1,heuristic,1.0,1.0,0.05,5000,1.0,1.025,113
4,6,1,heuristic,1.0,1.0,0.05,5000,1.0,1.025,96
4,7,1,heuristic,1.0,1.0,0.05,5000,1.0,1.025,47
4,8,1,heuristic,1.0,1.0,0.05,5000,1.0,1.025,86
4,9,1,heuristic,1.0,1.0,0.05,5000,1.0,1.025,245
4,10,1,heuristic,1.0,1.0,0.05,5000,1.0,1.025,108
4,11,1,heuristic,1.0,1.0,0.05,5000,1.0,1.025,142
4,12,1,heuristic,1.0,1.0,0.05,5000,1.0,1.025,94
4,13,1,heuristic,1.0,1.0,0.05,5000,1.0,1.025,27
4,14,1,heuristic,1.0,1.0,0.05,5000,1.0,1.025,41
4,15,1,heuristic,1.0,1.0,0.05,5000,1.0,1.025,52
4,16,1,heuristic,1.0,1.0,0.05,5000,1.0,1.025,41
4,17,1,heuristic,1.0,1.0,0.05,5000,1.0,1.025,76
4,18,1,heuristic,1.0,1.0,0.05,5000,1.0,1.025,63
4,19,1,heuristic,1.0,1.0,0.05,5000,1.0,1.025,58
4,20,1,heuristic,1.0,1.0,0.05,5000,1.0,1.025,291
4,21,1,heuristic,1.0,1.0,0.05,5000,1.0,1.025,34
4,22,1,heuristic,1.0,1.0,0.05,5000,1.0,1.025,25
4,23,1,heuristic,1.0,1.0,0.05,5000,1.0,1.025,50
4,24,1,heuristic,1.0,1.0,0.05,5000,1.0,1.025,75
4,25,1,heuristic,1.0,1.0,0.05,5000,1.0,1.025,60
4,26,1,heuristic,1.0,1.0,0.05,5000,1.0,1.025,79
4,27,1,heuristic,1.0,1.0,0.05,5000,1.0,1.025,25
4,28,1,heuristic,1.0,1.0,0.05,5000,1.0,1.025,22
4,29,1,heuristic,1.0,1.0,0.05,5000,1.0,1.025,486
4,30,1,heuristic,1.0,1.0,0.05,5000,1.0,1.025,43
4,31,1,heuristic,1.0,1.0,0.05,5000,1.0,1.025,70
4,32,1,heuristic,1.0,1.0,0.05,5000,1.0,1.025,716
4,33,1,heuristic,1.0,1.0,0.05,5000,1.0,1.025,49
4,34,1,heuristic,1.0,1.0,0.05,5000,1.0,1.025,293
4,35,1,heuristic,1.0,1.0,0.05,5000,1.0,1.025,5
4,36,1,heuristic,1.0,1.0,0.05,5000,1.0,1.025,31
4,37,1,heuristic,1.0,1.0,0.05,5000,1.0,1.025,454
4,38,1,heuristic,1.0,1.0,0.05,5000,1.0,1.025,45
4,39,1,heuristic,1.0,1.0,0.05,5000,1.0,1.025,62
4,40,1,heuristic,1.0,1.0,0.05,5000,1.0,1.025,87
4,41,1,heuristic,1.0,1.0,0.05,5000,1.0,1.025,11
4,42,1,heuristic,1.0,1.0,0.05,5000,1.0,1.025,20
4,43,1,heuristic,1.0,1.0,0.05,5000,1.0,1.025,145
4,44,1,heuristic,1.0,1.0,0.05,5000,1.0,1.025,305
4,45,1,heuristic,1.0,1.0,0.05,5000,1.0,1.025,35
4,46,1,heuristic,1.0,1.0,0.05,5000,1.0,1.025,47
4,47,1,heuristic,1.0,1.0,0.05,5000,1.0,1.025,118
4,48,1,heuristic,1.0,1.0,0.05,5000,1.0,1.025,45
4,49,1,heuristic,1.0,1.0,0.05,5000,1.0,1.025,62
4,50,1,heuristic,1.0,1.0,0.05,5000,1.0,1.025,158
4,51,1,heuristic,1.0,1.0,0.05,5000,1.0,1.025,298
4,52,1,heuristic,1.0,1.0,0.05,5000,1.0,1.025,81
4,53,1,heuristic,1.0,1.0,0.05,5000,1.0,1.025,345
4,54,1,heuristic,1.0,1.0,0.05,5000,1.0,1.025,23
4,55,1,heuristic,1.0,1.0,0.05,5000,1.0,1.025,240
4,56,1,heuristic,1.0,1.0,0.05,5000,1.0,1.025,11
4,57,1,heuristic,1.0,1.0,0.05,5000,1.0,1.025,34
4,58,1,heuristic,1.0,1.0,0.05,5000,1.0,1.025,27
4,59,1,heuristic,1.0,1.0,0.05,5000,1.0,1.025,45
4,60,1,heuristic,1.0,1.0,0.05,5000,1.0,1.025,19
4,61,1,heuristic,1.0,1.0,0.05,5000,1.0,1.025,34
4,62,1,heuristic,1.0,1.0,0.05,5000,1.0,1.025,349
4,63,1,heuristic,1.0,1.0,0.05,5000,1.0,1.025,54
4,64,1,heuristic,1.0,1.0,0.05,5000,1.0,1.025,46
4,65,1,heuristic,1.0,1.0,0.05,5000,1.0,1.025,30
4,66,1,heuristic,1.0,1.0,0.05,5000,1.0,1.025,84
4,67,1,heuristic,1.0,1.0,0.05,5000,1.0,1.025,218
4,68,1,heuristic,1.0,1.0,0.05,5000,1.0,1.025,108
4,69,1,heuristic,1.0,1.0,0.05,5000,1.0,1.025,7
4,70,1,heuristic,1.0,1.0,0.05,5000,1.0,1.025,235
4,71,1,heuristic,1.0,1.0,0.05,5000,1.0,1.025,389
4,72,1,heuristic,1.0,1.0,0.05,5000,1.0,1.025,35
4,73,1,heuristic,1.0,1.0,0.05,5000,1.0,1.025,24
4,74,1,heuristic,1.0,1.0,0.05,5000,1.0,1.025,6
4,75,1,heuristic,1.0,1.0,0.05,5000,1.0,1.025,113
4,76,1,heuristic,1.0,1.0,0.05,5000,1.0,1.025,275
4,77,1,heuristic,1.0,1.0,0.05,5000,1.0,1.025,350
4,78,1,heuristic,1.0,1.0,0.05,5000,1.0,1.025,71
4,79,1,heuristic,1.0,1.0,0.05,5000,1.0,1.025,60
4,80,1,heuristic,1.0,1.0,0.05,5000,1.0,1.025,173
4,81,1,heuristic,1.0,1.0,0.05,5000,1.0,1.025,144
4,82,1,heuristic,1.0,1.0,0.05,5000,1.0,1.025,246
4,83,1,heuristic,1.0,1.0,0.05,5000,1.0,1.025,31
4,84,1,heuristic,1.0,1.0,0.05,5000,1.0,1.025,20
4,85,1,heuristic,1.0,1.0,0.05,5000,1.0,1.025,409
4,86,1,heuristic,1.0,1.0,0.05,5000,1.0,1.025,674
4,87,1,heuristic,1.0,1.0,0.05,5000,1.0,1.025,51
4,88,1,heuristic,1.0,1.0,0.05,5000,1.0,1.025,32
4,89,1,heuristic,1.0,1.0,0.05,5000,1.0,1.025,180
4,90,1,heuristic,1.0,1.0,0.05,5000,1.0,1.025,70
4,91,1,heuristic,1.0,1.0,0.05,5000,1.0,1.025,130
4,92,1,heuristic,1.0,1.0,0.05,5000,1.0,1.025,84
4,93,1,heuristic,1.0,1.0,0.05,5000,1.0,1.025,92
4,94,1,heuristic,1.0,1.0,0.05,5000,1.0,1.025,21
4,95,1,heuristic,1.0,1.0,0.05,5000,1.0,1.025,19
4,96,1,heuristic,1.0,1.0,0.05,5000,1.0,1.025,41
4,97,1,heuristic,1.0,1.0,0.05,5000,1.0,1.025,105
4,98,1,heuristic,1.0,1.0,0.05,5000,1.0,1.025,31
4,99,1,heuristic,1.0,1.0,0.05,5000,1.0,1.025,44
4,100,1,heuristic,1.0,1.0,0.05,5000,1.0,1.025,37
4,101,1,heuristic,1.0,1.0,0.05,5000,1.0,1.025,627
4,102,1,heuristic,1.0,1.0,0.05,5000,1.0,1.025,58
4,103,1,heuristic,1.0,1.0,0.05,5000,1.0,1.025,36
4,104,1,heuristic,1.0,1.0,0.05,5000,1.0,1.025,19
4,105,1,heuristic,1.0,1.0,0.05,5000,1.0,1.025,24
4,106,1,heuristic,1.0,1.0,0.05,5000,1.0,1.025,21
4,107,1,heuristic,1.0,1.0,0.05,5000,1.0,1.025,65
4,108,1,heuristic,1.0,1.0,0.05,5000,1.0,1.025,25
4,109,1,heuristic,1.0,1.0,0.05,5000,1.0,1.025,23
4,110,1,heuristic,1.0,1.0,0.05,5000,1.0,1.025,111
4,111,1,heuristic,1.0,1.0,0.05,5000,1.0,1.025,17
4,112,1,heuristic,1.0,1.0,0.05,5000,1.0,1.025,22
4,113,1,heuristic,1.0,1.0,0.05,5000,1.0,1.025,140
4,114,1,heuristic,1.0,1.0,0.05,5000,1.0,1.025,23
4,115,1,heuristic,1.0,1.0,0.05,5000,1.0,1.025,78
4,116,1,heuristic,1.0,1.0,0.05,5000,1.0,1.025,103
4,117,1,heuristic,1.0,1.0,0.05,5000,1.0,1.025,185
4,118,1,heuristic,1.0,1.0,0.05,5000,1.0,1.025,35
4,119,1,heuristic,1.0,1.0,0.05,5000,1.0,1.025,73
4,120,1,heuristic,1.0,1.0,0.05,5000,1.0,1.025,47
4,121,1,heuristic,1.0,1.0,0.05,5000,1.0,1.025,687
4,122,1,heuristic,1.0,1.0,0.05,5000,1.0,1.025,181
4,123,1,heuristic,1.0,1.0,0.05,5000,1.0,1.025,92
4,124,1,heuristic,1.0,1.0,0.05,5000,1.0,1.025,43
4,125,1,heuristic,1.0,1.0,0.05,5000,1.0,1.025,234
4,126,1,heuristic,1.0,1.0,0.05,5000,1.0,1.025,34
4,127,1,heuristic,1.0,1.0,0.05,5000,1.0,1.025,63
4,128,1,heuristic,1.0,1.0,0.05,5000,1.0,1.025,78
4,129,1,heuristic,1.0,1.0,0.05,5000,1.0,1.025,97
4,130,1,heuristic,1.0,1.0,0.05,5000,1.0,1.025,113
4,131,1,heuristic,1.0,1.0,0.05,5000,1.0,1.025,24
4,132,1,heuristic,1.0,1.0,0.05,5000,1.0,1.025,23
4,133,1,heuristic,1.0,1.0,0.05,5000,1.0,1.025,124
4,134,1,heuristic,1.0,1.0,0.05,5000,1.0,1.025,17
4,135,1,heuristic,1.0,1.0,0.05,5000,1.0,1.025,62
4,136,1,heuristic,1.0,1.0,0.05,5000,1.0,1.025,34
4,137,1,heuristic,1.0,1.0,0.05,5000,1.0,1.025,77
4,138,1,heuristic,1.0,1.0,0.05,5000,1.0,1.025,231
4,139,1,heuristic,1.0,1.0,0.05,5000,1.0,1.025,145
4,140,1,heuristic,1.0,1.0,0.05,5000,1.0,1.025,82
4,141,1,heuristic,1.0,1.0,0.05,5000,1.0,1.025,97
4,142,1,heuristic,1.0,1.0,0.05,5000,1.0,1.025,168
4,143,1,heuristic,1.0,1.0,0.05,5000,1.0,1.025,52
4,144,1,heuristic,1.0,1.0,0.05,5000,1.0,1.025,22
4,145,1,heuristic,1.0,1.0,0.05,5000,1.0,1.025,59
4,146,1,heuristic,1.0,1.0,0.05,5000,1.0,1.025,157
4,147,1,heuristic,1.0,1.0,0.05,5000,1.0,1.025,232
4,148,1,heuristic,1.0,1.0,0.05,5000,1.0,1.025,115
4,149,1,heuristic,1.0,1.0,0.05,5000,1.0,1.025,133
4,150,1,heuristic,1.0,1.0,0.05,5000,1.0,1.025,93
4,151,1,heuristic,1.0,1.0,0.05,5000,1.0,1.025,22
4,152,1,heuristic,1.0,1.0,0.05,5000,1.0,1.025,11
4,153,1,heuristic,1.0,1.0,0.05,5000,1.0,1.025,167
4,154,1,heuristic,1.0,1.0,0.05,5000,1.0,1.025,92
4,155,1,heuristic,1.0,1.0,0.05,5000,1.0,1.025,304
4,156,1,heuristic,1.0,1.0,0.05,5000,1.0,1.025,36
4,157,1,heuristic,1.0,1.0,0.05,5000,1.0,1.025,60
4,158,1,heuristic,1.0,1.0,0.05,5000,1.0,1.025,66
4,159,1,heuristic,1.0,1.0,0.05,5000,1.0,1.025,191
4,160,1,heuristic,1.0,1.0,0.05,5000,1.0,1.025,106
4,161,1,heuristic,1.0,1.0,0.05,5000,1.0,1.025,118
4,162,1,heuristic,1.0,1.0,0.05,5000,1.0,1.025,16
4,163,1,heuristic,1.0,1.0,0.05,5000,1.0,1.025,15
4,164,1,heuristic,1.0,1.0,0.05,5000,1.0,1.025,55
4,165,1,heuristic,1.0,1.0,0.05,5000,1.0,1.025,313
4,166,1,heuristic,1.0,1.0,0.05,5000,1.0,1.025,50
4,167,1,heuristic,1.0,1.0,0.05,5000,1.0,1.025,105
4,168,1,heuristic,1.0,1.0,0.05,5000,1.0,1.025,36
4,169,1,heuristic,1.0,1.0,0.05,5000,1.0,1.025,220
4,170,1,heuristic,1.0,1.0,0.05,5000,1.0,1.025,60
4,171,1,heuristic,1.0,1.0,0.05,5000,1.0,1.025,8
4,172,1,heuristic,1.0,1.0,0.05,5000,1.0,1.025,290
4,173,1,heuristic,1.0,1.0,0.05,5000,1.0,1.025,72
4,174,1,heuristic,1.0,1.0,0.05,5000,1.0,1.025,80
4,175,1,heuristic,1.0,1.0,0.05,5000,1.0,1.025,36
4,176,1,heuristic,1.0,1.0,0.05,5000,1.0,1.025,37
4,177,1,heuristic,1.0,1.0,0.05,5000,1.0,1.025,53
4,178,1,heuristic,1.0,1.0,0.05,5000,1.0,1.025,81
4,179,1,heuristic,1.0,1.0,0.05,5000,1.0,1.025,130
4,180,1,heuristic,1.0,1.0,0.05,5000,1.0,1.025,101
4,181,1,heuristic,1.0,1.0,0.05,5000,1.0,1.025,96
4,182,1,heuristic,1.0,1.0,0.05,5000,1.0,1.025,300
4,183,1,heuristic,1.0,1.0,0.05,5000,1.0,1.025,48
4,184,1,heuristic,1.0,1.0,0.05,5000,1.0,1.025,38
4,185,1,heuristic,1.0,1.0,0.05,5000,1.0,1.025,63
4,186,1,heuristic,1.0,1.0,0.05,5000,1.0,1.025,137
4,187,1,heuristic,1.0,1.0,0.05,5000,1.0,1.025,65
4,188,1,heuristic,1.0,1.0,0.05,5000,1.0,1.025,62
4,189,1,heuristic,1.0,1.0,0.05,5000,1.0,1.025,157
4,190,1,heuristic,1.0,1.0,0.05,5000,1.0,1.025,46
4,191,1,heuristic,1.0,1.0,0.05,5000,1.0,1.025,236
4,192,1,heuristic,1.0,1.0,0.05,5000,1.0,1.025,131
4,193,1,heuristic,1.0,1.0,0.05,5000,1.0,1.025,65
4,194,1,heuristic,1.0,1.0,0.05,5000,1.0,1.025,59
4,195,1,heuristic,1.0,1.0,0.05,5000,1.0,1.025,88
4,196,1,heuristic,1.0,1.0,0.05,5000,1.0,1.025,91
4,197,1,heuristic,1.0,1.0,0.05,5000,1.0,1.025,56
4,198,1,heuristic,1.0,1.0,0.05,5000,1.0,1.025,30
4,199,1,heuristic,1.0,1.0,0.05,5000,1.0,1.025,55
4,200,1,heuristic,1.0,1.0,0.05,5000,1.0,1.025,25
4,1,1,heuristic,1.0,1.0,0.05,5000,1.0,1.05,36
4,2,1,heuristic,1.0,1.0,0.05,5000,1.0,1.05,42
4,3,1,heuristic,1.0,1.0,0.05,5000,1.0,1.05,142
4,4,1,heuristic,1.0,1.0,0.05,5000,1.0,1.05,414
4,5,1,heuristic,1.0,1.0,0.05,5000,1.0,1.05,75
4,6,1,heuristic,1.0,1.0,0.05,5000,1.0,1.05,262
4,7,1,heuristic,1.0,1.0,0.05,5000,1.0,1.05,138
4,8,1,heuristic,1.0,1.0,0.05,5000,1.0,1.05,170
4,9,1,heuristic,1.0,1.0,0.05,5000,1.0,1.05,126
4,10,1,heuristic,1.0,1.0,0.05,5000,1.0,1.05,69
4,11,1,heuristic,1.0,1.0,0.05,5000,1.0,1.05,42
4,12,1,heuristic,1.0,1.0,0.05,5000,1.0,1.05,57
4,13,1,heuristic,1.0,1.0,0.05,5000,1.0,1.05,17
4,14,1,heuristic,1.0,1.0,0.05,5000,1.0,1.05,16
4,15,1,heuristic,1.0,1.0,0.05,5000,1.0,1.05,142
4,16,1,heuristic,1.0,1.0,0.05,5000,1.0,1.05,41
4,17,1,heuristic,1.0,1.0,0.05,5000,1.0,1.05,602
4,18,1,heuristic,1.0,1.0,0.05,5000,1.0,1.05,154
4,19,1,heuristic,1.0,1.0,0.05,5000,1.0,1.05,24
4,20,1,heuristic,1.0,1.0,0.05,5000,1.0,1.05,16
4,21,1,heuristic,1.0,1.0,0.05,5000,1.0,1.05,36
4,22,1,heuristic,1.0,1.0,0.05,5000,1.0,1.05,27
4,23,1,heuristic,1.0,1.0,0.05,5000,1.0,1.05,31
4,24,1,heuristic,1.0,1.0,0.05,5000,1.0,1.05,55
4,25,1,heuristic,1.0,1.0,0.05,5000,1.0,1.05,19
4,26,1,heuristic,1.0,1.0,0.05,5000,1.0,1.05,124
4,27,1,heuristic,1.0,1.0,0.05,5000,1.0,1.05,57
4,28,1,heuristic,1.0,1.0,0.05,5000,1.0,1.05,97
4,29,1,heuristic,1.0,1.0,0.05,5000,1.0,1.05,79
4,30,1,heuristic,1.0,1.0,0.05,5000,1.0,1.05,293
4,31,1,heuristic,1.0,1.0,0.05,5000,1.0,1.05,51
4,32,1,heuristic,1.0,1.0,0.05,5000,1.0,1.05,22
4,33,1,heuristic,1.0,1.0,0.05,5000,1.0,1.05,493
4,34,1,heuristic,1.0,1.0,0.05,5000,1.0,1.05,23
4,35,1,heuristic,1.0,1.0,0.05,5000,1.0,1.05,70
4,36,1,heuristic,1.0,1.0,0.05,5000,1.0,1.05,176
4,37,1,heuristic,1.0,1.0,0.05,5000,1.0,1.05,25
4,38,1,heuristic,1.0,1.0,0.05,5000,1.0,1.05,113
4,39,1,heuristic,1.0,1.0,0.05,5000,1.0,1.05,81
4,40,1,heuristic,1.0,1.0,0.05,5000,1.0,1.05,22
4,41,1,heuristic,1.0,1.0,0.05,5000,1.0,1.05,105
4,42,1,heuristic,1.0,1.0,0.05,5000,1.0,1.05,86
4,43,1,heuristic,1.0,1.0,0.05,5000,1.0,1.05,217
4,44,1,heuristic,1.0,1.0,0.05,5000,1.0,1.05,62
4,45,1,heuristic,1.0,1.0,0.05,5000,1.0,1.05,247
4,46,1,heuristic,1.0,1.0,0.05,5000,1.0,1.05,54
4,47,1,heuristic,1.0,1.0,0.05,5000,1.0,1.05,13
4,48,1,heuristic,1.0,1.0,0.05,5000,1.0,1.05,41
4,49,1,heuristic,1.0,1.0,0.05,5000,1.0,1.05,180
4,50,1,heuristic,1.0,1.0,0.05,5000,1.0,1.05,35
4,51,1,heuristic,1.0,1.0,0.05,5000,1.0,1.05,54
4,52,1,heuristic,1.0,1.0,0.05,5000,1.0,1.05,25
4,53,1,heuristic,1.0,1.0,0.05,5000,1.0,1.05,141
4,54,1,heuristic,1.0,1.0,0.05,5000,1.0,1.05,268
4,55,1,heuristic,1.0,1.0,0.05,5000,1.0,1.05,91
4,56,1,heuristic,1.0,1.0,0.05,5000,1.0,1.05,118
4,57,1,heuristic,1.0,1.0,0.05,5000,1.0,1.05,323
4,58,1,heuristic,1.0,1.0,0.05,5000,1.0,1.05,66
4,59,1,heuristic,1.0,1.0,0.05,5000,1.0,1.05,77
4,60,1,heuristic,1.0,1.0,0.05,5000,1.0,1.05,54
4,61,1,heuristic,1.0,1.0,0.05,5000,1.0,1.05,70
4,62,1,heuristic,1.0,1.0,0.05,5000,1.0,1.05,395
4,63,1,heuristic,1.0,1.0,0.05,5000,1.0,1.05,66
4,64,1,heuristic,1.0,1.0,0.05,5000,1.0,1.05,190
4,65,1,heuristic,1.0,1.0,0.05,5000,1.0,1.05,11
4,66,1,heuristic,1.0,1.0,0.05,5000,1.0,1.05,238
4,67,1,heuristic,1.0,1.0,0.05,5000,1.0,1.05,26
4,68,1,heuristic,1.0,1.0,0.05,5000,1.0,1.05,214
4,69,1,heuristic,1.0,1.0,0.05,5000,1.0,1.05,53
4,70,1,heuristic,1.0,1.0,0.05,5000,1.0,1.05,70
4,71,1,heuristic,1.0,1.0,0.05,5000,1.0,1.05,79
4,72,1,heuristic,1.0,1.0,0.05,5000,1.0,1.05,14
4,73,1,heuristic,1.0,1.0,0.05,5000,1.0,1.05,287
4,74,1,heuristic,1.0,1.0,0.05,5000,1.0,1.05,188
4,75,1,heuristic,1.0,1.0,0.05,5000,1.0,1.05,167
4,76,1,heuristic,1.0,1.0,0.05,5000,1.0,1.05,116
4,77,1,heuristic,1.0,1.0,0.05,5000,1.0,1.05,71
4,78,1,heuristic,1.0,1.0,0.05,5000,1.0,1.05,61
4,79,1,heuristic,1.0,1.0,0.05,5000,1.0,1.05,32
4,80,1,heuristic,1.0,1.0,0.05,5000,1.0,1.05,15
4,81,1,heuristic,1.0,1.0,0.05,5000,1.0,1.05,109
4,82,1,heuristic,1.0,1.0,0.05,5000,1.0,1.05,105
4,83,1,heuristic,1.0,1.0,0.05,5000,1.0,1.05,122
4,84,1,heuristic,1.0,1.0,0.05,5000,1.0,1.05,10
4,85,1,heuristic,1.0,1.0,0.05,5000,1.0,1.05,206
4,86,1,heuristic,1.0,1.0,0.05,5000,1.0,1.05,144
4,87,1,heuristic,1.0,1.0,0.05,5000,1.0,1.05,43
4,88,1,heuristic,1.0,1.0,0.05,5000,1.0,1.05,230
4,89,1,heuristic,1.0,1.0,0.05,5000,1.0,1.05,37
4,90,1,heuristic,1.0,1.0,0.05,5000,1.0,1.05,64
4,91,1,heuristic,1.0,1.0,0.05,5000,1.0,1.05,23
4,92,1,heuristic,1.0,1.0,0.05,5000,1.0,1.05,7
4,93,1,heuristic,1.0,1.0,0.05,5000,1.0,1.05,297
4,94,1,heuristic,1.0,1.0,0.05,5000,1.0,1.05,159
4,95,1,heuristic,1.0,1.0,0.05,5000,1.0,1.05,184
4,96,1,heuristic,1.0,1.0,0.05,5000,1.0,1.05,74
4,97,1,heuristic,1.0,1.0,0.05,5000,1.0,1.05,10
4,98,1,heuristic,1.0,1.0,0.05,5000,1.0,1.05,14
4,99,1,heuristic,1.0,1.0,0.05,5000,1.0,1.05,41
4,100,1,heuristic,1.0,1.0,0.05,5000,1.0,1.05,444
4,101,1,heuristic,1.0,1.0,0.05,5000,1.0,1.05,55
4,102,1,heuristic,1.0,1.0,0.05,5000,1.0,1.05,207
4,103,1,heuristic,1.0,1.0,0.05,5000,1.0,1.05,16
4,104,1,heuristic,1.0,1.0,0.05,5000,1.0,1.05,81
4,105,1,heuristic,1.0,1.0,0.05,5000,1.0,1.05,315
4,106,1,heuristic,1.0,1.0,0.05,5000,1.0,1.05,102
4,107,1,heuristic,1.0,1.0,0.05,5000,1.0,1.05,89
4,108,1,heuristic,1.0,1.0,0.05,5000,1.0,1.05,104
4,109,1,heuristic,1.0,1.0,0.05,5000,1.0,1.05,173
4,110,1,heuristic,1.0,1.0,0.05,5000,1.0,1.05,83
4,111,1,heuristic,1.0,1.0,0.05,5000,1.0,1.05,17
4,112,1,heuristic,1.0,1.0,0.05,5000,1.0,1.05,153
4,113,1,heuristic,1.0,1.0,0.05,5000,1.0,1.05,48
4,114,1,heuristic,1.0,1.0,0.05,5000,1.0,1.05,33
4,115,1,heuristic,1.0,1.0,0.05,5000,1.0,1.05,17
4,116,1,heuristic,1.0,1.0,0.05,5000,1.0,1.05,72
4,117,1,heuristic,1.0,1.0,0.05,5000,1.0,1.05,109
4,118,1,heuristic,1.0,1.0,0.05,5000,1.0,1.05,71
4,119,1,heuristic,1.0,1.0,0.05,5000,1.0,1.05,133
4,120,1,heuristic,1.0,1.0,0.05,5000,1.0,1.05,60
4,121,1,heuristic,1.0,1.0,0.05,5000,1.0,1.05,17
4,122,1,heuristic,1.0,1.0,0.05,5000,1.0,1.05,49
4,123,1,heuristic,1.0,1.0,0.05,5000,1.0,1.05,10
4,124,1,heuristic,1.0,1.0,0.05,5000,1.0,1.05,98
4,125,1,heuristic,1.0,1.0,0.05,5000,1.0,1.05,76
4,126,1,heuristic,1.0,1.0,0.05,5000,1.0,1.05,15
4,127,1,heuristic,1.0,1.0,0.05,5000,1.0,1.05,19
4,128,1,heuristic,1.0,1.0,0.05,5000,1.0,1.05,33
4,129,1,heuristic,1.0,1.0,0.05,5000,1.0,1.05,203
4,130,1,heuristic,1.0,1.0,0.05,5000,1.0,1.05,52
4,131,1,heuristic,1.0,1.0,0.05,5000,1.0,1.05,47
4,132,1,heuristic,1.0,1.0,0.05,5000,1.0,1.05,181
4,133,1,heuristic,1.0,1.0,0.05,5000,1.0,1.05,99
4,134,1,heuristic,1.0,1.0,0.05,5000,1.0,1.05,97
4,135,1,heuristic,1.0,1.0,0.05,5000,1.0,1.05,50
4,136,1,heuristic,1.0,1.0,0.05,5000,1.0,1.05,130
4,137,1,heuristic,1.0,1.0,0.05,5000,1.0,1.05,30
4,138,1,heuristic,1.0,1.0,0.05,5000,1.0,1.05,25
4,139,1,heuristic,1.0,1.0,0.05,5000,1.0,1.05,40
4,140,1,heuristic,1.0,1.0,0.05,5000,1.0,1.05,485
4,141,1,heuristic,1.0,1.0,0.05,5000,1.0,1.05,56
4,142,1,heuristic,1.0,1.0,0.05,5000,1.0,1.05,20
4,143,1,heuristic,1.0,1.0,0.05,5000,1.0,1.05,69
4,144,1,heuristic,1.0,1.0,0.05,5000,1.0,1.05,9
4,145,1,heuristic,1.0,1.0,0.05,5000,1.0,1.05,24
4,146,1,heuristic,1.0,1.0,0.05,5000,1.0,1.05,28
4,147,1,heuristic,1.0,1.0,0.05,5000,1.0,1.05,68
4,148,1,heuristic,1.0,1.0,0.05,5000,1.0,1.05,49
4,149,1,heuristic,1.0,1.0,0.05,5000,1.0,1.05,58
4,150,1,heuristic,1.0,1.0,0.05,5000,1.0,1.05,122
4,151,1,heuristic,1.0,1.0,0.05,5000,1.0,1.05,23
4,152,1,heuristic,1.0,1.0,0.05,5000,1.0,1.05,69
4,153,1,heuristic,1.0,1.0,0.05,5000,1.0,1.05,89
4,154,1,heuristic,1.0,1.0,0.05,5000,1.0,1.05,50
4,155,1,heuristic,1.0,1.0,0.05,5000,1.0,1.05,70
4,156,1,heuristic,1.0,1.0,0.05,5000,1.0,1.05,397
4,157,1,heuristic,1.0,1.0,0.05,5000,1.0,1.05,19
4,158,1,heuristic,1.0,1.0,0.05,5000,1.0,1.05,46
4,159,1,heuristic,1.0,1.0,0.05,5000,1.0,1.05,112
4,160,1,heuristic,1.0,1.0,0.05,5000,1.0,1.05,48
4,161,1,heuristic,1.0,1.0,0.05,5000,1.0,1.05,15
4,162,1,heuristic,1.0,1.0,0.05,5000,1.0,1.05,112
4,163,1,heuristic,1.0,1.0,0.05,5000,1.0,1.05,101
4,164,1,heuristic,1.0,1.0,0.05,5000,1.0,1.05,95
4,165,1,heuristic,1.0,1.0,0.05,5000,1.0,1.05,83
4,166,1,heuristic,1.0,1.0,0.05,5000,1.0,1.05,22
4,167,1,heuristic,1.0,1.0,0.05,5000,1.0,1.05,117
4,168,1,heuristic,1.0,1.0,0.05,5000,1.0,1.05,22
4,169,1,heuristic,1.0,1.0,0.05,5000,1.0,1.05,101
4,170,1,heuristic,1.0,1.0,0.05,5000,1.0,1.05,12
4,171,1,heuristic,1.0,1.0,0.05,5000,1.0,1.05,23
4,172,1,heuristic,1.0,1.0,0.05,5000,1.0,1.05,327
4,173,1,heuristic,1.0,1.0,0.05,5000,1.0,1.05,12
4,174,1,heuristic,1.0,1.0,0.05,5000,1.0,1.05,33
4,175,1,heuristic,1.0,1.0,0.05,5000,1.0,1.05,94
4,176,1,heuristic,1.0,1.0,0.05,5000,1.0,1.05,81
4,177,1,heuristic,1.0,1.0,0.05,5000,1.0,1.05,11
4,178,1,heuristic,1.0,1.0,0.05,5000,1.0,1.05,15
4,179,1,heuristic,1.0,1.0,0.05,5000,1.0,1.05,82
4,180,1,heuristic,1.0,1.0,0.05,5000,1.0,1.05,108
4,181,1,heuristic,1.0,1.0,0.05,5000,1.0,1.05,22
4,182,1,heuristic,1.0,1.0,0.05,5000,1.0,1.05,75
4,183,1,heuristic,1.0,1.0,0.05,5000,1.0,1.05,139
4,184,1,heuristic,1.0,1.0,0.05,5000,1.0,1.05,15
4,185,1,heuristic,1.0,1.0,0.05,5000,1.0,1.05,121
4,186,1,heuristic,1.0,1.0,0.05,5000,1.0,1.05,53
4,187,1,heuristic,1.0,1.0,0.05,5000,1.0,1.05,35
4,188,1,heuristic,1.0,1.0,0.05,5000,1.0,1.05,76
4,189,1,heuristic,1.0,1.0,0.05,5000,1.0,1.05,152
4,190,1,heuristic,1.0,1.0,0.05,5000,1.0,1.05,74
4,191,1,heuristic,1.0,1.0,0.05,5000,1.0,1.05,38
4,192,1,heuristic,1.0,1.0,0.05,5000,1.0,1.05,16
4,193,1,heuristic,1.0,1.0,0.05,5000,1.0,1.05,126
4,194,1,heuristic,1.0,1.0,0.05,5000,1.0,1.05,9
4,195,1,heuristic,1.0,1.0,0.05,5000,1.0,1.05,90
4,196,1,heuristic,1.0,1.0,0.05,5000,1.0,1.05,13
4,197,1,heuristic,1.0,1.0,0.05,5000,1.0,1.05,56
4,198,1,heuristic,1.0,1.0,0.05,5000,1.0,1.05,17
4,199,1,heuristic,1.0,1.0,0.05,5000,1.0,1.05,35
4,200,1,heuristic,1.0,1.0,0.05,5000,1.0,1.05,71
4,1,1,heuristic,1.0,1.0,0.05,5000,1.0,1.075,40
4,2,1,heuristic,1.0,1.0,0.05,5000,1.0,1.075,41
4,3,1,heuristic,1.0,1.0,0.05,5000,1.0,1.075,34
4,4,1,heuristic,1.0,1.0,0.05,5000,1.0,1.075,38
4,5,1,heuristic,1.0,1.0,0.05,5000,1.0,1.075,180
4,6,1,heuristic,1.0,1.0,0.05,5000,1.0,1.075,88
4,7,1,heuristic,1.0,1.0,0.05,5000,1.0,1.075,165
4,8,1,heuristic,1.0,1.0,0.05,5000,1.0,1.075,60
4,9,1,heuristic,1.0,1.0,0.05,5000,1.0,1.075,26
4,10,1,heuristic,1.0,1.0,0.05,5000,1.0,1.075,44
4,11,1,heuristic,1.0,1.0,0.05,5000,1.0,1.075,100
4,12,1,heuristic,1.0,1.0,0.05,5000,1.0,1.075,65
4,13,1,heuristic,1.0,1.0,0.05,5000,1.0,1.075,158
4,14,1,heuristic,1.0,1.0,0.05,5000,1.0,1.075,247
4,15,1,heuristic,1.0,1.0,0.05,5000,1.0,1.075,64
4,16,1,heuristic,1.0,1.0,0.05,5000,1.0,1.075,53
4,17,1,heuristic,1.0,1.0,0.05,5000,1.0,1.075,37
4,18,1,heuristic,1.0,1.0,0.05,5000,1.0,1.075,283
4,19,1,heuristic,1.0,1.0,0.05,5000,1.0,1.075,64
4,20,1,heuristic,1.0,1.0,0.05,5000,1.0,1.075,90
4,21,1,heuristic,1.0,1.0,0.05,5000,1.0,1.075,40
4,22,1,heuristic,1.0,1.0,0.05,5000,1.0,1.075,28
4,23,1,heuristic,1.0,1.0,0.05,5000,1.0,1.075,179
4,24,1,heuristic,1.0,1.0,0.05,5000,1.0,1.075,84
4,25,1,heuristic,1.0,1.0,0.05,5000,1.0,1.075,101
4,26,1,heuristic,1.0,1.0,0.05,5000,1.0,1.075,8
4,27,1,heuristic,1.0,1.0,0.05,5000,1.0,1.075,54
4,28,1,heuristic,1.0,1.0,0.05,5000,1.0,1.075,89
4,29,1,heuristic,1.0,1.0,0.05,5000,1.0,1.075,32
4,30,1,heuristic,1.0,1.0,0.05,5000,1.0,1.075,52
4,31,1,heuristic,1.0,1.0,0.05,5000,1.0,1.075,27
4,32,1,heuristic,1.0,1.0,0.05,5000,1.0,1.075,89
4,33,1,heuristic,1.0,1.0,0.05,5000,1.0,1.075,198
4,34,1,heuristic,1.0,1.0,0.05,5000,1.0,1.075,48
4,35,1,heuristic,1.0,1.0,0.05,5000,1.0,1.075,8
4,36,1,heuristic,1.0,1.0,0.05,5000,1.0,1.075,103
4,37,1,heuristic,1.0,1.0,0.05,5000,1.0,1.075,27
4,38,1,heuristic,1.0,1.0,0.05,5000,1.0,1.075,93
4,39,1,heuristic,1.0,1.0,0.05,5000,1.0,1.075,12
4,40,1,heuristic,1.0,1.0,0.05,5000,1.0,1.075,15
4,41,1,heuristic,1.0,1.0,0.05,5000,1.0,1.075,35
4,42,1,heuristic,1.0,1.0,0.05,5000,1.0,1.075,27
4,43,1,heuristic,1.0,1.0,0.05,5000,1.0,1.075,65
4,44,1,heuristic,1.0,1.0,0.05,5000,1.0,1.075,15
4,45,1,heuristic,1.0,1.0,0.05,5000,1.0,1.075,70
4,46,1,heuristic,1.0,1.0,0.05,5000,1.0,1.075,332
4,47,1,heuristic,1.0,1.0,0.05,5000,1.0,1.075,22
4,48,1,heuristic,1.0,1.0,0.05,5000,1.0,1.075,47
4,49,1,heuristic,1.0,1.0,0.05,5000,1.0,1.075,271
4,50,1,heuristic,1.0,1.0,0.05,5000,1.0,1.075,223
4,51,1,heuristic,1.0,1.0,0.05,5000,1.0,1.075,71
4,52,1,heuristic,1.0,1.0,0.05,5000,1.0,1.075,1668
4,53,1,heuristic,1.0,1.0,0.05,5000,1.0,1.075,237
4,54,1,heuristic,1.0,1.0,0.05,5000,1.0,1.075,156
4,55,1,heuristic,1.0,1.0,0.05,5000,1.0,1.075,27
4,56,1,heuristic,1.0,1.0,0.05,5000,1.0,1.075,33
4,57,1,heuristic,1.0,1.0,0.05,5000,1.0,1.075,89
4,58,1,heuristic,1.0,1.0,0.05,5000,1.0,1.075,207
4,59,1,heuristic,1.0,1.0,0.05,5000,1.0,1.075,53
4,60,1,heuristic,1.0,1.0,0.05,5000,1.0,1.075,175
4,61,1,heuristic,1.0,1.0,0.05,5000,1.0,1.075,41
4,62,1,heuristic,1.0,1.0,0.05,5000,1.0,1.075,35
4,63,1,heuristic,1.0,1.0,0.05,5000,1.0,1.075,36
4,64,1,heuristic,1.0,1.0,0.05,5000,1.0,1.075,43
4,65,1,heuristic,1.0,1.0,0.05,5000,1.0,1.075,195
4,66,1,heuristic,1.0,1.0,0.05,5000,1.0,1.075,73
4,67,1,heuristic,1.0,1.0,0.05,5000,1.0,1.075,101
4,68,1,heuristic,1.0,1.0,0.05,5000,1.0,1.075,885
4,69,1,heuristic,1.0,1.0,0.05,5000,1.0,1.075,13
4,70,1,heuristic,1.0,1.0,0.05,5000,1.0,1.075,73
4,71,1,heuristic,1.0,1.0,0.05,5000,1.0,1.075,119
4,72,1,heuristic,1.0,1.0,0.05,5000,1.0,1.075,48
4,73,1,heuristic,1.0,1.0,0.05,5000,1.0,1.075,337
4,74,1,heuristic,1.0,1.0,0.05,5000,1.0,1.075,17
4,75,1,heuristic,1.0,1.0,0.05,5000,1.0,1.075,30
4,76,1,heuristic,1.0,1.0,0.05,5000,1.0,1.075,343
4,77,1,heuristic,1.0,1.0,0.05,5000,1.0,1.075,46
4,78,1,heuristic,1.0,1.0,0.05,5000,1.0,1.075,8
4,79,1,heuristic,1.0,1.0,0.05,5000,1.0,1.075,192
4,80,1,heuristic,1.0,1.0,0.05,5000,1.0,1.075,45
4,81,1,heuristic,1.0,1.0,0.05,5000,1.0,1.075,98
4,82,1,heuristic,1.0,1.0,0.05,5000,1.0,1.075,54
4,83,1,heuristic,1.0,1.0,0.05,5000,1.0,1.075,77
4,84,1,heuristic,1.0,1.0,0.05,5000,1.0,1.075,37
4,85,1,heuristic,1.0,1.0,0.05,5000,1.0,1.075,98
4,86,1,heuristic,1.0,1.0,0.05,5000,1.0,1.075,12
4,87,1,heuristic,1.0,1.0,0.05,5000,1.0,1.075,211
4,88,1,heuristic,1.0,1.0,0.05,5000,1.0,1.075,195
4,89,1,heuristic,1.0,1.0,0.05,5000,1.0,1.075,38
4,90,1,heuristic,1.0,1.0,0.05,5000,1.0,1.075,32
4,91,1,heuristic,1.0,1.0,0.05,5000,1.0,1.075,294
4,92,1,heuristic,1.0,1.0,0.05,5000,1.0,1.075,85
4,93,1,heuristic,1.0,1.0,0.05,5000,1.0,1.075,23
4,94,1,heuristic,1.0,1.0,0.05,5000,1.0,1.075,989
4,95,1,heuristic,1.0,1.0,0.05,5000,1.0,1.075,133
4,96,1,heuristic,1.0,1.0,0.05,5000,1.0,1.075,29
4,97,1,heuristic,1.0,1.0,0.05,5000,1.0,1.075,85
4,98,1,heuristic,1.0,1.0,0.05,5000,1.0,1.075,17
4,99,1,heuristic,1.0,1.0,0.05,5000,1.0,1.075,26
4,100,1,heuristic,1.0,1.0,0.05,5000,1.0,1.075,84
4,101,1,heuristic,1.0,1.0,0.05,5000,1.0,1.075,48
4,102,1,heuristic,1.0,1.0,0.05,5000,1.0,1.075,152
4,103,1,heuristic,1.0,1.0,0.05,5000,1.0,1.075,99
4,104,1,heuristic,1.0,1.0,0.05,5000,1.0,1.075,9
4,105,1,heuristic,1.0,1.0,0.05,5000,1.0,1.075,64
4,106,1,heuristic,1.0,1.0,0.05,5000,1.0,1.075,194
4,107,1,heuristic,1.0,1.0,0.05,5000,1.0,1.075,45
4,108,1,heuristic,1.0,1.0,0.05,5000,1.0,1.075,32
4,109,1,heuristic,1.0,1.0,0.05,5000,1.0,1.075,406
4,110,1,heuristic,1.0,1.0,0.05,5000,1.0,1.075,100
4,111,1,heuristic,1.0,1.0,0.05,5000,1.0,1.075,155
4,112,1,heuristic,1.0,1.0,0.05,5000,1.0,1.075,164
4,113,1,heuristic,1.0,1.0,0.05,5000,1.0,1.075,27
4,114,1,heuristic,1.0,1.0,0.05,5000,1.0,1.075,340
4,115,1,heuristic,1.0,1.0,0.05,5000,1.0,1.075,57
4,116,1,heuristic,1.0,1.0,0.05,5000,1.0,1.075,66
4,117,1,heuristic,1.0,1.0,0.05,5000,1.0,1.075,151
4,118,1,heuristic,1.0,1.0,0.05,5000,1.0,1.075,40
4,119,1,heuristic,1.0,1.0,0.05,5000,1.0,1.075,52
4,120,1,heuristic,1.0,1.0,0.05,5000,1.0,1.075,19
4,121,1,heuristic,1.0,1.0,0.05,5000,1.0,1.075,144
4,122,1,heuristic,1.0,1.0,0.05,5000,1.0,1.075,34
4,123,1,heuristic,1.0,1.0,0.05,5000,1.0,1.075,32
4,124,1,heuristic,1.0,1.0,0.05,5000,1.0,1.075,41
4,125,1,heuristic,1.0,1.0,0.05,5000,1.0,1.075,49
4,126,1,heuristic,1.0,1.0,0.05,5000,1.0,1.075,275
4,127,1,heuristic,1.0,1.0,0.05,5000,1.0,1.075,49
4,128,1,heuristic,1.0,1.0,0.05,5000,1.0,1.075,387
4,129,1,heuristic,1.0,1.0,0.05,5000,1.0,1.075,249
4,130,1,heuristic,1.0,1.0,0.05,5000,1.0,1.075,29
4,131,1,heuristic,1.0,1.0,0.05,5000,1.0,1.075,31
4,132,1,heuristic,1.0,1.0,0.05,5000,1.0,1.075,147
4,133,1,heuristic,1.0,1.0,0.05,5000,1.0,1.075,5
4,134,1,heuristic,1.0,1.0,0.05,5000,1.0,1.075,73
4,135,1,heuristic,1.0,1.0,0.05,5000,1.0,1.075,37
4,136,1,heuristic,1.0,1.0,0.05,5000,1.0,1.075,99
4,137,1,heuristic,1.0,1.0,0.05,5000,1.0,1.075,208
4,138,1,heuristic,1.0,1.0,0.05,5000,1.0,1.075,33
4,139,1,heuristic,1.0,1.0,0.05,5000,1.0,1.075,110
4,140,1,heuristic,1.0,1.0,0.05,5000,1.0,1.075,106
4,141,1,heuristic,1.0,1.0,0.05,5000,1.0,1.075,34
4,142,1,heuristic,1.0,1.0,0.05,5000,1.0,1.075,14
4,143,1,heuristic,1.0,1.0,0.05,5000,1.0,1.075,18
4,144,1,heuristic,1.0,1.0,0.05,5000,1.0,1.075,90
4,145,1,heuristic,1.0,1.0,0.05,5000,1.0,1.075,258
4,146,1,heuristic,1.0,1.0,0.05,5000,1.0,1.075,106
4,147,1,heuristic,1.0,1.0,0.05,5000,1.0,1.075,55
4,148,1,heuristic,1.0,1.0,0.05,5000,1.0,1.075,26
4,149,1,heuristic,1.0,1.0,0.05,5000,1.0,1.075,95
4,150,1,heuristic,1.0,1.0,0.05,5000,1.0,1.075,89
4,151,1,heuristic,1.0,1.0,0.05,5000,1.0,1.075,258
4,152,1,heuristic,1.0,1.0,0.05,5000,1.0,1.075,148
4,153,1,heuristic,1.0,1.0,0.05,5000,1.0,1.075,15
4,154,1,heuristic,1.0,1.0,0.05,5000,1.0,1.075,9
4,155,1,heuristic,1.0,1.0,0.05,5000,1.0,1.075,42
4,156,1,heuristic,1.0,1.0,0.05,5000,1.0,1.075,62
4,157,1,heuristic,1.0,1.0,0.05,5000,1.0,1.075,51
4,158,1,heuristic,1.0,1.0,0.05,5000,1.0,1.075,17
4,159,1,heuristic,1.0,1.0,0.05,5000,1.0,1.075,149
4,160,1,heuristic,1.0,1.0,0.05,5000,1.0,1.075,39
4,161,1,heuristic,1.0,1.0,0.05,5000,1.0,1.075,247
4,162,1,heuristic,1.0,1.0,0.05,5000,1.0,1.075,226
4,163,1,heuristic,1.0,1.0,0.05,5000,1.0,1.075,73
4,164,1,heuristic,1.0,1.0,0.05,5000,1.0,1.075,50
4,165,1,heuristic,1.0,1.0,0.05,5000,1.0,1.075,39
4,166,1,heuristic,1.0,1.0,0.05,5000,1.0,1.075,230
4,167,1,heuristic,1.0,1.0,0.05,5000,1.0,1.075,44
4,168,1,heuristic,1.0,1.0,0.05,5000,1.0,1.075,78
4,169,1,heuristic,1.0,1.0,0.05,5000,1.0,1.075,83
4,170,1,heuristic,1.0,1.0,0.05,5000,1.0,1.075,22
4,171,1,heuristic,1.0,1.0,0.05,5000,1.0,1.075,32
4,172,1,heuristic,1.0,1.0,0.05,5000,1.0,1.075,9
4,173,1,heuristic,1.0,1.0,0.05,5000,1.0,1.075,57
4,174,1,heuristic,1.0,1.0,0.05,5000,1.0,1.075,416
4,175,1,heuristic,1.0,1.0,0.05,5000,1.0,1.075,68
4,176,1,heuristic,1.0,1.0,0.05,5000,1.0,1.075,80
4,177,1,heuristic,1.0,1.0,0.05,5000,1.0,1.075,130
4,178,1,heuristic,1.0,1.0,0.05,5000,1.0,1.075,12
4,179,1,heuristic,1.0,1.0,0.05,5000,1.0,1.075,140
4,180,1,heuristic,1.0,1.0,0.05,5000,1.0,1.075,765
4,181,1,heuristic,1.0,1.0,0.05,5000,1.0,1.075,8
4,182,1,heuristic,1.0,1.0,0.05,5000,1.0,1.075,50
4,183,1,heuristic,1.0,1.0,0.05,5000,1.0,1.075,667
4,184,1,heuristic,1.0,1.0,0.05,5000,1.0,1.075,53
4,185,1,heuristic,1.0,1.0,0.05,5000,1.0,1.075,17
4,186,1,heuristic,1.0,1.0,0.05,5000,1.0,1.075,93
4,187,1,heuristic,1.0,1.0,0.05,5000,1.0,1.075,234
4,188,1,heuristic,1.0,1.0,0.05,5000,1.0,1.075,452
4,189,1,heuristic,1.0,1.0,0.05,5000,1.0,1.075,15
4,190,1,heuristic,1.0,1.0,0.05,5000,1.0,1.075,513
4,191,1,heuristic,1.0,1.0,0.05,5000,1.0,1.075,21
4,192,1,heuristic,1.0,1.0,0.05,5000,1.0,1.075,185
4,193,1,heuristic,1.0,1.0,0.05,5000,1.0,1.075,236
4,194,1,heuristic,1.0,1.0,0.05,5000,1.0,1.075,50
4,195,1,heuristic,1.0,1.0,0.05,5000,1.0,1.075,44
4,196,1,heuristic,1.0,1.0,0.05,5000,1.0,1.075,164
4,197,1,heuristic,1.0,1.0,0.05,5000,1.0,1.075,11
4,198,1,heuristic,1.0,1.0,0.05,5000,1.0,1.075,180
4,199,1,heuristic,1.0,1.0,0.05,5000,1.0,1.075,726
4,200,1,heuristic,1.0,1.0,0.05,5000,1.0,1.075,155
4,1,1,heuristic,1.0,1.0,0.05,5000,1.0,1.1,44
4,2,1,heuristic,1.0,1.0,0.05,5000,1.0,1.1,146
4,3,1,heuristic,1.0,1.0,0.05,5000,1.0,1.1,29
4,4,1,heuristic,1.0,1.0,0.05,5000,1.0,1.1,16
4,5,1,heuristic,1.0,1.0,0.05,5000,1.0,1.1,29
4,6,1,heuristic,1.0,1.0,0.05,5000,1.0,1.1,111
4,7,1,heuristic,1.0,1.0,0.05,5000,1.0,1.1,148
4,8,1,heuristic,1.0,1.0,0.05,5000,1.0,1.1,351
4,9,1,heuristic,1.0,1.0,0.05,5000,1.0,1.1,15
4,10,1,heuristic,1.0,1.0,0.05,5000,1.0,1.1,39
4,11,1,heuristic,1.0,1.0,0.05,5000,1.0,1.1,46
4,12,1,heuristic,1.0,1.0,0.05,5000,1.0,1.1,41
4,13,1,heuristic,1.0,1.0,0.05,5000,1.0,1.1,280
4,14,1,heuristic,1.0,1.0,0.05,5000,1.0,1.1,34
4,15,1,heuristic,1.0,1.0,0.05,5000,1.0,1.1,48
4,16,1,heuristic,1.0,1.0,0.05,5000,1.0,1.1,1236
4,17,1,heuristic,1.0,1.0,0.05,5000,1.0,1.1,94
4,18,1,heuristic,1.0,1.0,0.05,5000,1.0,1.1,224
4,19,1,heuristic,1.0,1.0,0.05,5000,1.0,1.1,105
4,20,1,heuristic,1.0,1.0,0.05,5000,1.0,1.1,74
4,21,1,heuristic,1.0,1.0,0.05,5000,1.0,1.1,52
4,22,1,heuristic,1.0,1.0,0.05,5000,1.0,1.1,76
4,23,1,heuristic,1.0,1.0,0.05,5000,1.0,1.1,493
4,24,1,heuristic,1.0,1.0,0.05,5000,1.0,1.1,117
4,25,1,heuristic,1.0,1.0,0.05,5000,1.0,1.1,24
4,26,1,heuristic,1.0,1.0,0.05,5000,1.0,1.1,94
4,27,1,heuristic,1.0,1.0,0.05,5000,1.0,1.1,81
4,28,1,heuristic,1.0,1.0,0.05,5000,1.0,1.1,649
4,29,1,heuristic,1.0,1.0,0.05,5000,1.0,1.1,163
4,30,1,heuristic,1.0,1.0,0.05,5000,1.0,1.1,105
4,31,1,heuristic,1.0,1.0,0.05,5000,1.0,1.1,138
4,32,1,heuristic,1.0,1.0,0.05,5000,1.0,1.1,649
4,33,1,heuristic,1.0,1.0,0.05,5000,1.0,1.1,78
4,34,1,heuristic,1.0,1.0,0.05,5000,1.0,1.1,47
4,35,1,heuristic,1.0,1.0,0.05,5000,1.0,1.1,74
4,36,1,heuristic,1.0,1.0,0.05,5000,1.0,1.1,57
4,37,1,heuristic,1.0,1.0,0.05,5000,1.0,1.1,68
4,38,1,heuristic,1.0,1.0,0.05,5000,1.0,1.1,41
4,39,1,heuristic,1.0,1.0,0.05,5000,1.0,1.1,48
4,40,1,heuristic,1.0,1.0,0.05,5000,1.0,1.1,11
4,41,1,heuristic,1.0,1.0,0.05,5000,1.0,1.1,202
4,42,1,heuristic,1.0,1.0,0.05,5000,1.0,1.1,50
4,43,1,heuristic,1.0,1.0,0.05,5000,1.0,1.1,264
4,44,1,heuristic,1.0,1.0,0.05,5000,1.0,1.1,28
4,45,1,heuristic,1.0,1.0,0.05,5000,1.0,1.1,148
4,46,1,heuristic,1.0,1.0,0.05,5000,1.0,1.1,309
4,47,1,heuristic,1.0,1.0,0.05,5000,1.0,1.1,50
4,48,1,heuristic,1.0,1.0,0.05,5000,1.0,1.1,96
4,49,1,heuristic,1.0,1.0,0.05,5000,1.0,1.1,256
4,50,1,heuristic,1.0,1.0,0.05,5000,1.0,1.1,125
4,51,1,heuristic,1.0,1.0,0.05,5000,1.0,1.1,140
4,52,1,heuristic,1.0,1.0,0.05,5000,1.0,1.1,398
4,53,1,heuristic,1.0,1.0,0.05,5000,1.0,1.1,54
4,54,1,heuristic,1.0,1.0,0.05,5000,1.0,1.1,189
4,55,1,heuristic,1.0,1.0,0.05,5000,1.0,1.1,69
4,56,1,heuristic,1.0,1.0,0.05,5000,1.0,1.1,58
4,57,1,heuristic,1.0,1.0,0.05,5000,1.0,1.1,42
4,58,1,heuristic,1.0,1.0,0.05,5000,1.0,1.1,36
4,59,1,heuristic,1.0,1.0,0.05,5000,1.0,1.1,20
4,60,1,heuristic,1.0,1.0,0.05,5000,1.0,1.1,170
4,61,1,heuristic,1.0,1.0,0.05,5000,1.0,1.1,143
4,62,1,heuristic,1.0,1.0,0.05,5000,1.0,1.1,162
4,63,1,heuristic,1.0,1.0,0.05,5000,1.0,1.1,109
4,64,1,heuristic,1.0,1.0,0.05,5000,1.0,1.1,12
4,65,1,heuristic,1.0,1.0,0.05,5000,1.0,1.1,174
4,66,1,heuristic,1.0,1.0,0.05,5000,1.0,1.1,30
4,67,1,heuristic,1.0,1.0,0.05,5000,1.0,1.1,146
4,68,1,heuristic,1.0,1.0,0.05,5000,1.0,1.1,115
4,69,1,heuristic,1.0,1.0,0.05,5000,1.0,1.1,66
4,70,1,heuristic,1.0,1.0,0.05,5000,1.0,1.1,50
4,71,1,heuristic,1.0,1.0,0.05,5000,1.0,1.1,18
4,72,1,heuristic,1.0,1.0,0.05,5000,1.0,1.1,24
4,73,1,heuristic,1.0,1.0,0.05,5000,1.0,1.1,27
4,74,1,heuristic,1.0,1.0,0.05,5000,1.0,1.1,18
4,75,1,heuristic,1.0,1.0,0.05,5000,1.0,1.1,70
4,76,1,heuristic,1.0,1.0,0.05,5000,1.0,1.1,46
4,77,1,heuristic,1.0,1.0,0.05,5000,1.0,1.1,227
4,78,1,heuristic,1.0,1.0,0.05,5000,1.0,1.1,41
4,79,1,heuristic,1.0,1.0,0.05,5000,1.0,1.1,63
4,80,1,heuristic,1.0,1.0,0.05,5000,1.0,1.1,176
4,81,1,heuristic,1.0,1.0,0.05,5000,1.0,1.1,42
4,82,1,heuristic,1.0,1.0,0.05,5000,1.0,1.1,51
4,83,1,heuristic,1.0,1.0,0.05,5000,1.0,1.1,20
4,84,1,heuristic,1.0,1.0,0.05,5000,1.0,1.1,123
4,85,1,heuristic,1.0,1.0,0.05,5000,1.0,1.1,93
4,86,1,heuristic,1.0,1.0,0.05,5000,1.0,1.1,100
4,87,1,heuristic,1.0,1.0,0.05,5000,1.0,1.1,154
4,88,1,heuristic,1.0,1.0,0.05,5000,1.0,1.1,30
4,89,1,heuristic,1.0,1.0,0.05,5000,1.0,1.1,22
4,90,1,heuristic,1.0,1.0,0.05,5000,1.0,1.1,16
4,91,1,heuristic,1.0,1.0,0.05,5000,1.0,1.1,71
4,92,1,heuristic,1.0,1.0,0.05,5000,1.0,1.1,11
4,93,1,heuristic,1.0,1.0,0.05,5000,1.0,1.1,48
4,94,1,heuristic,1.0,1.0,0.05,5000,1.0,1.1,52
4,95,1,heuristic,1.0,1.0,0.05,5000,1.0,1.1,70
4,96,1,heuristic,1.0,1.0,0.05,5000,1.0,1.1,13
4,97,1,heuristic,1.0,1.0,0.05,5000,1.0,1.1,21
4,98,1,heuristic,1.0,1.0,0.05,5000,1.0,1.1,214
4,99,1,heuristic,1.0,1.0,0.05,5000,1.0,1.1,85
4,100,1,heuristic,1.0,1.0,0.05,5000,1.0,1.1,195
4,101,1,heuristic,1.0,1.0,0.05,5000,1.0,1.1,150
4,102,1,heuristic,1.0,1.0,0.05,5000,1.0,1.1,52
4,103,1,heuristic,1.0,1.0,0.05,5000,1.0,1.1,106
4,104,1,heuristic,1.0,1.0,0.05,5000,1.0,1.1,115
4,105,1,heuristic,1.0,1.0,0.05,5000,1.0,1.1,27
4,106,1,heuristic,1.0,1.0,0.05,5000,1.0,1.1,110
4,107,1,heuristic,1.0,1.0,0.05,5000,1.0,1.1,51
4,108,1,heuristic,1.0,1.0,0.05,5000,1.0,1.1,7
4,109,1,heuristic,1.0,1.0,0.05,5000,1.0,1.1,27
4,110,1,heuristic,1.0,1.0,0.05,5000,1.0,1.1,34
4,111,1,heuristic,1.0,1.0,0.05,5000,1.0,1.1,86
4,112,1,heuristic,1.0,1.0,0.05,5000,1.0,1.1,32
4,113,1,heuristic,1.0,1.0,0.05,5000,1.0,1.1,263
4,114,1,heuristic,1.0,1.0,0.05,5000,1.0,1.1,73
4,115,1,heuristic,1.0,1.0,0.05,5000,1.0,1.1,52
4,116,1,heuristic,1.0,1.0,0.05,5000,1.0,1.1,37
4,117,1,heuristic,1.0,1.0,0.05,5000,1.0,1.1,358
4,118,1,heuristic,1.0,1.0,0.05,5000,1.0,1.1,105
4,119,1,heuristic,1.0,1.0,0.05,5000,1.0,1.1,63
4,120,1,heuristic,1.0,1.0,0.05,5000,1.0,1.1,79
4,121,1,heuristic,1.0,1.0,0.05,5000,1.0,1.1,128
4,122,1,heuristic,1.0,1.0,0.05,5000,1.0,1.1,135
4,123,1,heuristic,1.0,1.0,0.05,5000,1.0,1.1,18
4,124,1,heuristic,1.0,1.0,0.05,5000,1.0,1.1,16
4,125,1,heuristic,1.0,1.0,0.05,5000,1.0,1.1,23
4,126,1,heuristic,1.0,1.0,0.05,5000,1.0,1.1,33
4,127,1,heuristic,1.0,1.0,0.05,5000,1.0,1.1,42
4,128,1,heuristic,1.0,1.0,0.05,5000,1.0,1.1,69
4,129,1,heuristic,1.0,1.0,0.05,5000,1.0,1.1,22
4,130,1,heuristic,1.0,1.0,0.05,5000,1.0,1.1,53
4,131,1,heuristic,1.0,1.0,0.05,5000,1.0,1.1,39
4,132,1,heuristic,1.0,1.0,0.05,5000,1.0,1.1,75
4,133,1,heuristic,1.0,1.0,0.05,5000,1.0,1.1,67
4,134,1,heuristic,1.0,1.0,0.05,5000,1.0,1.1,52
4,135,1,heuristic,1.0,1.0,0.05,5000,1.0,1.1,46
4,136,1,heuristic,1.0,1.0,0.05,5000,1.0,1.1,24
4,137,1,heuristic,1.0,1.0,0.05,5000,1.0,1.1,458
4,138,1,heuristic,1.0,1.0,0.05,5000,1.0,1.1,90
4,139,1,heuristic,1.0,1.0,0.05,5000,1.0,1.1,208
4,140,1,heuristic,1.0,1.0,0.05,5000,1.0,1.1,39
4,141,1,heuristic,1.0,1.0,0.05,5000,1.0,1.1,87
4,142,1,heuristic,1.0,1.0,0.05,5000,1.0,1.1,43
4,143,1,heuristic,1.0,1.0,0.05,5000,1.0,1.1,208
4,144,1,heuristic,1.0,1.0,0.05,5000,1.0,1.1,11
4,145,1,heuristic,1.0,1.0,0.05,5000,1.0,1.1,72
4,146,1,heuristic,1.0,1.0,0.05,5000,1.0,1.1,406
4,147,1,heuristic,1.0,1.0,0.05,5000,1.0,1.1,94
4,148,1,heuristic,1.0,1.0,0.05,5000,1.0,1.1,985
4,149,1,heuristic,1.0,1.0,0.05,5000,1.0,1.1,23
4,150,1,heuristic,1.0,1.0,0.05,5000,1.0,1.1,30
4,151,1,heuristic,1.0,1.0,0.05,5000,1.0,1.1,74
4,152,1,heuristic,1.0,1.0,0.05,5000,1.0,1.1,21
4,153,1,heuristic,1.0,1.0,0.05,5000,1.0,1.1,35
4,154,1,heuristic,1.0,1.0,0.05,5000,1.0,1.1,15
4,155,1,heuristic,1.0,1.0,0.05,5000,1.0,1.1,36
4,156,1,heuristic,1.0,1.0,0.05,5000,1.0,1.1,8
4,157,1,heuristic,1.0,1.0,0.05,5000,1.0,1.1,151
4,158,1,heuristic,1.0,1.0,0.05,5000,1.0,1.1,223
4,159,1,heuristic,1.0,1.0,0.05,5000,1.0,1.1,66
4,160,1,heuristic,1.0,1.0,0.05,5000,1.0,1.1,12
4,161,1,heuristic,1.0,1.0,0.05,5000,1.0,1.1,287
4,162,1,heuristic,1.0,1.0,0.05,5000,1.0,1.1,94
4,163,1,heuristic,1.0,1.0,0.05,5000,1.0,1.1,214
4,164,1,heuristic,1.0,1.0,0.05,5000,1.0,1.1,34
4,165,1,heuristic,1.0,1.0,0.05,5000,1.0,1.1,224
4,166,1,heuristic,1.0,1.0,0.05,5000,1.0,1.1,42
4,167,1,heuristic,1.0,1.0,0.05,5000,1.0,1.1,181
4,168,1,heuristic,1.0,1.0,0.05,5000,1.0,1.1,22
4,169,1,heuristic,1.0,1.0,0.05,5000,1.0,1.1,100
4,170,1,heuristic,1.0,1.0,0.05,5000,1.0,1.1,15
4,171,1,heuristic,1.0,1.0,0.05,5000,1.0,1.1,46
4,172,1,heuristic,1.0,1.0,0.05,5000,1.0,1.1,49
4,173,1,heuristic,1.0,1.0,0.05,5000,1.0,1.1,190
4,174,1,heuristic,1.0,1.0,0.05,5000,1.0,1.1,9
4,175,1,heuristic,1.0,1.0,0.05,5000,1.0,1.1,16
4,176,1,heuristic,1.0,1.0,0.05,5000,1.0,1.1,103
4,177,1,heuristic,1.0,1.0,0.05,5000,1.0,1.1,7
4,178,1,heuristic,1.0,1.0,0.05,5000,1.0,1.1,46
4,179,1,heuristic,1.0,1.0,0.05,5000,1.0,1.1,77
4,180,1,heuristic,1.0,1.0,0.05,5000,1.0,1.1,117
4,181,1,heuristic,1.0,1.0,0.05,5000,1.0,1.1,33
4,182,1,heuristic,1.0,1.0,0.05,5000,1.0,1.1,39
4,183,1,heuristic,1.0,1.0,0.05,5000,1.0,1.1,141
4,184,1,heuristic,1.0,1.0,0.05,5000,1.0,1.1,52
4,185,1,heuristic,1.0,1.0,0.05,5000,1.0,1.1,60
4,186,1,heuristic,1.0,1.0,0.05,5000,1.0,1.1,31
4,187,1,heuristic,1.0,1.0,0.05,5000,1.0,1.1,125
4,188,1,heuristic,1.0,1.0,0.05,5000,1.0,1.1,44
4,189,1,heuristic,1.0,1.0,0.05,5000,1.0,1.1,92
4,190,1,heuristic,1.0,1.0,0.05,5000,1.0,1.1,94
4,191,1,heuristic,1.0,1.0,0.05,5000,1.0,1.1,121
4,192,1,heuristic,1.0,1.0,0.05,5000,1.0,1.1,15
4,193,1,heuristic,1.0,1.0,0.05,5000,1.0,1.1,36
4,194,1,heuristic,1.0,1.0,0.05,5000,1.0,1.1,86
4,195,1,heuristic,1.0,1.0,0.05,5000,1.0,1.1,28
4,196,1,heuristic,1.0,1.0,0.05,5000,1.0,1.1,39
4,197,1,heuristic,1.0,1.0,0.05,5000,1.0,1.1,55
4,198,1,heuristic,1.0,1.0,0.05,5000,1.0,1.1,24
4,199,1,heuristic,1.0,1.0,0.05,5000,1.0,1.1,125
4,200,1,heuristic,1.0,1.0,0.05,5000,1.0,1.1,372
2,1,1,bayesian,1.0,1.0,0.05,5000,1.0,1.0,1
2,2,1,bayesian,1.0,1.0,0.05,5000,1.0,1.0,3
2,3,1,bayesian,1.0,1.0,0.05,5000,1.0,1.0,5
2,4,1,bayesian,1.0,1.0,0.05,5000,1.0,1.0,5
2,5,1,bayesian,1.0,1.0,0.05,5000,1.0,1.0,4
2,6,1,bayesian,1.0,1.0,0.05,5000,1.0,1.0,5
2,7,1,bayesian,1.0,1.0,0.05,5000,1.0,1.0,1
2,8,1,bayesian,1.0,1.0,0.05,5000,1.0,1.0,4
2,9,1,bayesian,1.0,1.0,0.05,5000,1.0,1.0,9
2,10,1,bayesian,1.0,1.0,0.05,5000,1.0,1.0,3
2,11,1,bayesian,1.0,1.0,0.05,5000,1.0,1.0,5
2,12,1,bayesian,1.0,1.0,0.05,5000,1.0,1.0,3
2,13,1,bayesian,1.0,1.0,0.05,5000,1.0,1.0,4
2,14,1,bayesian,1.0,1.0,0.05,5000,1.0,1.0,6
2,15,1,bayesian,1.0,1.0,0.05,5000,1.0,1.0,5
2,16,1,bayesian,1.0,1.0,0.05,5000,1.0,1.0,6
2,17,1,bayesian,1.0,1.0,0.05,5000,1.0,1.0,7
2,18,1,bayesian,1.0,1.0,0.05,5000,1.0,1.0,6
2,19,1,bayesian,1.0,1.0,0.05,5000,1.0,1.0,5
2,20,1,bayesian,1.0,1.0,0.05,5000,1.0,1.0,7
2,21,1,bayesian,1.0,1.0,0.05,5000,1.0,1.0,8
2,22,1,bayesian,1.0,1.0,0.05,5000,1.0,1.0,43
2,23,1,bayesian,1.0,1.0,0.05,5000,1.0,1.0,5
2,24,1,bayesian,1.0,1.0,0.05,5000,1.0,1.0,5
2,25,1,bayesian,1.0,1.0,0.05,5000,1.0,1.0,12
2,26,1,bayesian,1.0,1.0,0.05,5000,1.0,1.0,10
2,27,1,bayesian,1.0,1.0,0.05,5000,1.0,1.0,5
2,28,1,bayesian,1.0,1.0,0.05,5000,1.0,1.0,6
2,29,1,bayesian,1.0,1.0,0.05,5000,1.0,1.0,3
2,30,1,bayesian,1.0,1.0,0.05,5000,1.0,1.0,5
2,31,1,bayesian,1.0,1.0,0.05,5000,1.0,1.0,16
2,32,1,bayesian,1.0,1.0,0.05,5000,1.0,1.0,5
2,33,1,bayesian,1.0,1.0,0.05,5000,1.0,1.0,5
2,34,1,bayesian,1.0,1.0,0.05,5000,1.0,1.0,5
2,35,1,bayesian,1.0,1.0,0.05,5000,1.0,1.0,16
2,36,1,bayesian,1.0,1.0,0.05,5000,1.0,1.0,11
2,37,1,bayesian,1.0,1.0,0.05,5000,1.0,1.0,11
2,38,1,bayesian,1.0,1.0,0.05,5000,1.0,1.0,3
2,39,1,bayesian,1.0,1.0,0.05,5000,1.0,1.0,8
2,40,1,bayesian,1.0,1.0,0.05,5000,1.0,1.0,6
2,41,1,bayesian,1.0,1.0,0.05,5000,1.0,1.0,38
2,42,1,bayesian,1.0,1.0,0.05,5000,1.0,1.0,6
2,43,1,bayesian,1.0,1.0,0.05,5000,1.0,1.0,2
2,44,1,bayesian,1.0,1.0,0.05,5000,1.0,1.0,23
2,45,1,bayesian,1.0,1.0,0.05,5000,1.0,1.0,5
2,46,1,bayesian,1.0,1.0,0.05,5000,1.0,1.0,4
2,47,1,bayesian,1.0,1.0,0.05,5000,1.0,1.0,6
2,48,1,bayesian,1.0,1.0,0.05,5000,1.0,1.0,10
2,49,1,bayesian,1.0,1.0,0.05,5000,1.0,1.0,6
2,50,1,bayesian,1.0,1.0,0.05,5000,1.0,1.0,4
2,51,1,bayesian,1.0,1.0,0.05,5000,1.0,1.0,10
2,52,1,bayesian,1.0,1.0,0.05,5000,1.0,1.0,4
2,53,1,bayesian,1.0,1.0,0.05,5000,1.0,1.0,5
2,54,1,bayesian,1.0,1.0,0.05,5000,1.0,1.0,5
2,55,1,bayesian,1.0,1.0,0.05,5000,1.0,1.0,7
2,56,1,bayesian,1.0,1.0,0.05,5000,1.0,1.0,8
2,57,1,bayesian,1.0,1.0,0.05,5000,1.0,1.0,4
2,58,1,bayesian,1.0,1.0,0.05,5000,1.0,1.0,15
2,59,1,bayesian,1.0,1.0,0.05,5000,1.0,1.0,5
2,60,1,bayesian,1.0,1.0,0.05,5000,1.0,1.0,11
2,61,1,bayesian,1.0,1.0,0.05,5000,1.0,1.0,5
2,62,1,bayesian,1.0,1.0,0.05,5000,1.0,1.0,3
2,63,1,bayesian,1.0,1.0,0.05,5000,1.0,1.0,15
2,64,1,bayesian,1.0,1.0,0.05,5000,1.0,1.0,5
2,65,1,bayesian,1.0,1.0,0.05,5000,1.0,1.0,4
2,66,1,bayesian,1.0,1.0,0.05,5000,1.0,1.0,9
2,67,1,bayesian,1.0,1.0,0.05,5000,1.0,1.0,3
2,68,1,bayesian,1.0,1.0,0.05,5000,1.0,1.0,7
2,69,1,bayesian,1.0,1.0,0.05,5000,1.0,1.0,4
2,70,1,bayesian,1.0,1.0,0.05,5000,1.0,1.0,3
2,71,1,bayesian,1.0,1.0,0.05,5000,1.0,1.0,10
2,72,1,bayesian,1.0,1.0,0.05,5000,1.0,1.0,4
2,73,1,bayesian,1.0,1.0,0.05,5000,1.0,1.0,1
2,74,1,bayesian,1.0,1.0,0.05,5000,1.0,1.0,3
2,75,1,bayesian,1.0,1.0,0.05,5000,1.0,1.0,9
2,76,1,bayesian,1.0,1.0,0.05,5000,1.0,1.0,9
2,77,1,bayesian,1.0,1.0,0.05,5000,1.0,1.0,5
2,78,1,bayesian,1.0,1.0,0.05,5000,1.0,1.0,5
2,79,1,bayesian,1.0,1.0,0.05,5000,1.0,1.0,7
2,80,1,bayesian,1.0,1.0,0.05,5000,1.0,1.0,26
2,81,1,bayesian,1.0,1.0,0.05,5000,1.0,1.0,3
2,82,1,bayesian,1.0,1.0,0.05,5000,1.0,1.0,5
2,83,1,bayesian,1.0,1.0,0.05,5000,1.0,1.0,3
2,84,1,bayesian,1.0,1.0,0.05,5000,1.0,1.0,5
2,85,1,bayesian,1.0,1.0,0.05,5000,1.0,1.0,11
2,86,1,bayesian,1.0,1.0,0.05,5000,1.0,1.0,16
2,87,1,bayesian,1.0,1.0,0.05,5000,1.0,1.0,4
2,88,1,bayesian,1.0,1.0,0.05,5000,1.0,1.0,5
2,89,1,bayesian,1.0,1.0,0.05,5000,1.0,1.0,6
2,90,1,bayesian,1.0,1.0,0.05,5000,1.0,1.0,6
2,91,1,bayesian,1.0,1.0,0.05,5000,1.0,1.0,6
2,92,1,bayesian,1.0,1.0,0.05,5000,1.0,1.0,1
2,93,1,bayesian,1.0,1.0,0.05,5000,1.0,1.0,7
2,94,1,bayesian,1.0,1.0,0.05,5000,1.0,1.0,6
2,95,1,bayesian,1.0,1.0,0.05,5000,1.0,1.0,4
2,96,1,bayesian,1.0,1.0,0.05,5000,1.0,1.0,7
2,97,1,bayesian,1.0,1.0,0.05,5000,1.0,1.0,7
2,98,1,bayesian,1.0,1.0,0.05,5000,1.0,1.0,4
2,99,1,bayesian,1.0,1.0,0.05,5000,1.0,1.0,4
2,100,1,bayesian,1.0,1.0,0.05,5000,1.0,1.0,7
2,101,1,bayesian,1.0,1.0,0.05,5000,1.0,1.0,40
2,102,1,bayesian,1.0,1.0,0.05,5000,1.0,1.0,5
2,103,1,bayesian,1.0,1.0,0.05,5000,1.0,1.0,5
2,104,1,bayesian,1.0,1.0,0.05,5000,1.0,1.0,4
2,105,1,bayesian,1.0,1.0,0.05,5000,1.0,1.0,5
2,106,1,bayesian,1.0,1.0,0.05,5000,1.0,1.0,6
2,107,1,bayesian,1.0,1.0,0.05,5000,1.0,1.0,1
2,108,1,bayesian,1.0,1.0,0.05,5000,1.0,1.0,3
2,109,1,bayesian,1.0,1.0,0.05,5000,1.0,1.0,4
2,110,1,bayesian,1.0,1.0,0.05,5000,1.0,1.0,10
2,111,1,bayesian,1.0,1.0,0.05,5000,1.0,1.0,7
2,112,1,bayesian,1.0,1.0,0.05,5000,1.0,1.0,5
2,113,1,bayesian,1.0,1.0,0.05,5000,1.0,1.0,4
2,114,1,bayesian,1.0,1.0,0.05,5000,1.0,1.0,9
2,115,1,bayesian,1.0,1.0,0.05,5000,1.0,1.0,7
2,116,1,bayesian,1.0,1.0,0.05,5000,1.0,1.0,7
2,117,1,bayesian,1.0,1.0,0.05,5000,1.0,1.0,5
2,118,1,bayesian,1.0,1.0,0.05,5000,1.0,1.0,5
2,119,1,bayesian,1.0,1.0,0.05,5000,1.0,1.0,35
2,120,1,bayesian,1.0,1.0,0.05,5000,1.0,1.0,6
2,121,1,bayesian,1.0,1.0,0.05,5000,1.0,1.0,5
2,122,1,bayesian,1.0,1.0,0.05,5000,1.0,1.0,15
2,123,1,bayesian,1.0,1.0,0.05,5000,1.0,1.0,5
2,124,1,bayesian,1.0,1.0,0.05,5000,1.0,1.0,3
2,125,1,bayesian,1.0,1.0,0.05,5000,1.0,1.0,7
2,126,1,bayesian,1.0,1.0,0.05,5000,1.0,1.0,4
2,127,1,bayesian,1.0,1.0,0.05,5000,1.0,1.0,7
2,128,1,bayesian,1.0,1.0,0.05,5000,1.0,1.0,20
2,129,1,bayesian,1.0,1.0,0.05,5000,1.0,1.0,7
2,130,1,bayesian,1.0,1.0,0.05,5000,1.0,1.0,5
2,131,1,bayesian,1.0,1.0,0.05,5000,1.0,1.0,8
2,132,1,bayesian,1.0,1.0,0.05,5000,1.0,1.0,8
2,133,1,bayesian,1.0,1.0,0.05,5000,1.0,1.0,10
2,134,1,bayesian,1.0,1.0,0.05,5000,1.0,1.0,5
2,135,1,bayesian,1.0,1.0,0.05,5000,1.0,1.0,4
2,136,1,bayesian,1.0,1.0,0.05,5000,1.0,1.0,3
2,137,1,bayesian,1.0,1.0,0.05,5000,1.0,1.0,15
2,138,1,bayesian,1.0,1.0,0.05,5000,1.0,1.0,6
2,139,1,bayesian,1.0,1.0,0.05,5000,1.0,1.0,3
2,140,1,bayesian,1.0,1.0,0.05,5000,1.0,1.0,6
2,141,1,bayesian,1.0,1.0,0.05,5000,1.0,1.0,7
2,142,1,bayesian,1.0,1.0,0.05,5000,1.0,1.0,6
2,143,1,bayesian,1.0,1.0,0.05,5000,1.0,1.0,4
2,144,1,bayesian,1.0,1.0,0.05,5000,1.0,1.0,4
2,145,1,bayesian,1.0,1.0,0.05,5000,1.0,1.0,1
2,146,1,bayesian,1.0,1.0,0.05,5000,1.0,1.0,4
2,147,1,bayesian,1.0,1.0,0.05,5000,1.0,1.0,5
2,148,1,bayesian,1.0,1.0,0.05,5000,1.0,1.0,5
2,149,1,bayesian,1.0,1.0,0.05,5000,1.0,1.0,4
2,150,1,bayesian,1.0,1.0,0.05,5000,1.0,1.0,14
2,151,1,bayesian,1.0,1.0,0.05,5000,1.0,1.0,13
2,152,1,bayesian,1.0,1.0,0.05,5000,1.0,1.0,6
2,153,1,bayesian,1.0,1.0,0.05,5000,1.0,1.0,4
2,154,1,bayesian,1.0,1.0,0.05,5000,1.0,1.0,12
2,155,1,bayesian,1.0,1.0,0.05,5000,1.0,1.0,5
2,156,1,bayesian,1.0,1.0,0.05,5000,1.0,1.0,38
2,157,1,bayesian,1.0,1.0,0.05,5000,1.0,1.0,5
2,158,1,bayesian,1.0,1.0,0.05,5000,1.0,1.0,15
2,159,1,bayesian,1.0,1.0,0.05,5000,1.0,1.0,7
2,160,1,bayesian,1.0,1.0,0.05,5000,1.0,1.0,6
2,161,1,bayesian,1.0,1.0,0.05,5000,1.0,1.0,3
2,162,1,bayesian,1.0,1.0,0.05,5000,1.0,1.0,8
2,163,1,bayesian,1.0,1.0,0.05,5000,1.0,1.0,1
2,164,1,bayesian,1.0,1.0,0.05,5000,1.0,1.0,6
2,165,1,bayesian,1.0,1.0,0.05,5000,1.0,1.0,10
2,166,1,bayesian,1.0,1.0,0.05,5000,1.0,1.0,3
2,167,1,bayesian,1.0,1.0,0.05,5000,1.0,1.0,9
2,168,1,bayesian,1.0,1.0,0.05,5000,1.0,1.0,18
2,169,1,bayesian,1.0,1.0,0.05,5000,1.0,1.0,5
2,170,1,bayesian,1.0,1.0,0.05,5000,1.0,1.0,5
2,171,1,bayesian,1.0,1.0,0.05,5000,1.0,1.0,1
2,172,1,bayesian,1.0,1.0,0.05,5000,1.0,1.0,13
2,173,1,bayesian,1.0,1.0,0.05,5000,1.0,1.0,3
2,174,1,bayesian,1.0,1.0,0.05,5000,1.0,1.0,4
2,175,1,bayesian,1.0,1.0,0.05,5000,1.0,1.0,10
2,176,1,bayesian,1.0,1.0,0.05,5000,1.0,1.0,5
2,177,1,bayesian,1.0,1.0,0.05,5000,1.0,1.0,5
2,178,1,bayesian,1.0,1.0,0.05,5000,1.0,1.0,5
2,179,1,bayesian,1.0,1.0,0.05,5000,1.0,1.0,3
2,180,1,bayesian,1.0,1.0,0.05,5000,1.0,1.0,5
2,181,1,bayesian,1.0,1.0,0.05,5000,1.0,1.0,26
2,182,1,bayesian,1.0,1.0,0.05,5000,1.0,1.0,6
2,183,1,bayesian,1.0,1.0,0.05,5000,1.0,1.0,5
2,184,1,bayesian,1.0,1.0,0.05,5000,1.0,1.0,4
2,185,1,bayesian,1.0,1.0,0.05,5000,1.0,1.0,6
2,186,1,bayesian,1.0,1.0,0.05,5000,1.0,1.0,5
2,187,1,bayesian,1.0,1.0,0.05,5000,1.0,1.0,14
2,188,1,bayesian,1.0,1.0,0.05,5000,1.0,1.0,4
2,189,1,bayesian,1.0,1.0,0.05,5000,1.0,1.0,3
2,190,1,bayesian,1.0,1.0,0.05,5000,1.0,1.0,10
2,191,1,bayesian,1.0,1.0,0.05,5000,1.0,1.0,4
2,192,1,bayesian,1.0,1.0,0.05,5000,1.0,1.0,5
2,193,1,bayesian,1.0,1.0,0.05,5000,1.0,1.0,6
2,194,1,bayesian,1.0,1.0,0.05,5000,1.0,1.0,4
2,195,1,bayesian,1.0,1.0,0.05,5000,1.0,1.0,5
2,196,1,bayesian,1.0,1.0,0.05,5000,1.0,1.0,9
2,197,1,bayesian,1.0,1.0,0.05,5000,1.0,1.0,5
2,198,1,bayesian,1.0,1.0,0.05,5000,1.0,1.0,12
2,199,1,bayesian,1.0,1.0,0.05,5000,1.0,1.0,3
2,200,1,bayesian,1.0,1.0,0.05,5000,1.0,1.0,4
2,1,1,bayesian,1.0,1.0,0.05,5000,1.0,1.025,1
2,2,1,bayesian,1.0,1.0,0.05,5000,1.0,1.025,8
2,3,1,bayesian,1.0,1.0,0.05,5000,1.0,1.025,30
2,4,1,bayesian,1.0,1.0,0.05,5000,1.0,1.025,9
2,5,1,bayesian,1.0,1.0,0.05,5000,1.0,1.025,4
2,6,1,bayesian,1.0,1.0,0.05,5000,1.0,1.025,4
2,7,1,bayesian,1.0,1.0,0.05,5000,1.0,1.025,1
2,8,1,bayesian,1.0,1.0,0.05,5000,1.0,1.025,4
2,9,1,bayesian,1.0,1.0,0.05,5000,1.0,1.025,6
2,10,1,bayesian,1.0,1.0,0.05,5000,1.0,1.025,2
2,11,1,bayesian,1.0,1.0,0.05,5000,1.0,1.025,6
2,12,1,bayesian,1.0,1.0,0.05,5000,1.0,1.025,4
2,13,1,bayesian,1.0,1.0,0.05,5000,1.0,1.025,17
2,14,1,bayesian,1.0,1.0,0.05,5000,1.0,1.025,5
2,15,1,bayesian,1.0,1.0,0.05,5000,1.0,1.025,9
2,16,1,bayesian,1.0,1.0,0.05,5000,1.0,1.025,7
2,17,1,bayesian,1.0,1.0,0.05,5000,1.0,1.025,14
2,18,1,bayesian,1.0,1.0,0.05,5000,1.0,1.025,12
2,19,1,bayesian,1.0,1.0,0.05,5000,1.0,1.025,5
2,20,1,bayesian,1.0,1.0,0.05,5000,1.0,1.025,5
2,21,1,bayesian,1.0,1.0,0.05,5000,1.0,1.025,3
2,22,1,bayesian,1.0,1.0,0.05,5000,1.0,1.025,18
2,23,1,bayesian,1.0,1.0,0.05,5000,1.0,1.025,6
2,24,1,bayesian,1.0,1.0,0.05,5000,1.0,1.025,5
2,25,1,bayesian,1.0,1.0,0.05,5000,1.0,1.025,6
2,26,1,bayesian,1.0,1.0,0.05,5000,1.0,1.025,5
2,27,1,bayesian,1.0,1.0,0.05,5000,1.0,1.025,3
2,28,1,bayesian,1.0,1.0,0.05,5000,1.0,1.025,4
2,29,1,bayesian,1.0,1.0,0.05,5000,1.0,1.025,3
2,30,1,bayesian,1.0,1.0,0.05,5000,1.0,1.025,8
2,31,1,bayesian,1.0,1.0,0.05,5000,1.0,1.025,7
2,32,1,bayesian,1.0,1.0,0.05,5000,1.0,1.025,5
2,33,1,bayesian,1.0,1.0,0.05,5000,1.0,1.025,9
2,34,1,bayesian,1.0,1.0,0.05,5000,1.0,1.025,5
2,35,1,bayesian,1.0,1.0,0.05,5000,1.0,1.025,3
2,36,1,bayesian,1.0,1.0,0.05,5000,1.0,1.025,6
2,37,1,bayesian,1.0,1.0,0.05,5000,1.0,1.025,14
2,38,1,bayesian,1.0,1.0,0.05,5000,1.0,1.025,5
2,39,1,bayesian,1.0,1.0,0.05,5000,1.0,1.025,15
2,40,1,bayesian,1.0,1.0,0.05,5000,1.0,1.025,10
2,41,1,bayesian,1.0,1.0,0.05,5000,1.0,1.025,12
2,42,1,bayesian,1.0,1.0,0.05,5000,1.0,1.025,22
2,43,1,bayesian,1.0,1.0,0.05,5000,1.0,1.025,2
2,44,1,bayesian,1.0,1.0,0.05,5000,1.0,1.025,5
2,45,1,bayesian,1.0,1.0,0.05,5000,1.0,1.025,7
2,46,1,bayesian,1.0,1.0,0.05,5000,1.0,1.025,3
2,47,1,bayesian,1.0,1.0,0.05,5000,1.0,1.025,3
2,48,1,bayesian,1.0,1.0,0.05,5000,1.0,1.025,5
2,49,1,bayesian,1.0,1.0,0.05,5000,1.0,1.025,7
2,50,1,bayesian,1.0,1.0,0.05,5000,1.0,1.025,5
2,51,1,bayesian,1.0,1.0,0.05,5000,1.0,1.025,3
2,52,1,bayesian,1.0,1.0,0.05,5000,1.0,1.025,18
2,53,1,bayesian,1.0,1.0,0.05,5000,1.0,1.025,5
2,54,1,bayesian,1.0,1.0,0.05,5000,1.0,1.025,5
2,55,1,bayesian,1.0,1.0,0.05,5000,1.0,1.025,4
2,56,1,bayesian,1.0,1.0,0.05,5000,1.0,1.025,5
2,57,1,bayesian,1.0,1.0,0.05,5000,1.0,1.025,4
2,58,1,bayesian,1.0,1.0,0.05,5000,1.0,1.025,5
2,59,1,bayesian,1.0,1.0,0.05,5000,1.0,1.025,4
2,60,1,bayesian,1.0,1.0,0.05,5000,1.0,1.025,4
2,61,1,bayesian,1.0,1.0,0.05,5000,1.0,1.025,5
2,62,1,bayesian,1.0,1.0,0.05,5000,1.0,1.025,3
2,63,1,bayesian,1.0,1.0,0.05,5000,1.0,1.025,5
2,64,1,bayesian,1.0,1.0,0.05,5000,1.0,1.025,4
2,65,1,bayesian,1.0,1.0,0.05,5000,1.0,1.025,6
2,66,1,bayesian,1.0,1.0,0.05,5000,1.0,1.025,4
2,67,1,bayesian,1.0,1.0,0.05,5000,1.0,1.025,5
2,68,1,bayesian,1.0,1.0,0.05,5000,1.0,1.025,7
2,69,1,bayesian,1.0,1.0,0.05,5000,1.0,1.025,9
2,70,1,bayesian,1.0,1.0,0.05,5000,1.0,1.025,3
2,71,1,bayesian,1.0,1.0,0.05,5000,1.0,1.025,3
2,72,1,bayesian,1.0,1.0,0.05,5000,1.0,1.025,13
2,73,1,bayesian,1.0,1.0,0.05,5000,1.0,1.025,1
2,74,1,bayesian,1.0,1.0,0.05,5000,1.0,1.025,4
2,75,1,bayesian,1.0,1.0,0.05,5000,1.0,1.025,4
2,76,1,bayesian,1.0,1.0,0.05,5000,1.0,1.025,4
2,77,1,bayesian,1.0,1.0,0.05,5000,1.0,1.025,4
2,78,1,bayesian,1.0,1.0,0.05,5000,1.0,1.025,3
2,79,1,bayesian,1.0,1.0,0.05,5000,1.0,1.025,10
2,80,1,bayesian,1.0,1.0,0.05,5000,1.0,1.025,6
2,81,1,bayesian,1.0,1.0,0.05,5000,1.0,1.025,4
2,82,1,bayesian,1.0,1.0,0.05,5000,1.0,1.025,5
2,83,1,bayesian,1.0,1.0,0.05,5000,1.0,1.025,3
2,84,1,bayesian,1.0,1.0,0.05,5000,1.0,1.025,5
2,85,1,bayesian,1.0,1.0,0.05,5000,1.0,1.025,5
2,86,1,bayesian,1.0,1.0,0.05,5000,1.0,1.025,5
2,87,1,bayesian,1.0,1.0,0.05,5000,1.0,1.025,4
2,88,1,bayesian,1.0,1.0,0.05,5000,1.0,1.025,23
2,89,1,bayesian,1.0,1.0,0.05,5000,1.0,1.025,7
2,90,1,bayesian,1.0,1.0,0.05,5000,1.0,1.025,7
2,91,1,bayesian,1.0,1.0,0.05,5000,1.0,1.025,10
2,92,1,bayesian,1.0,1.0,0.05,5000,1.0,1.025,1
2,93,1,bayesian,1.0,1.0,0.05,5000,1.0,1.025,9
2,94,1,bayesian,1.0,1.0,0.05,5000,1.0,1.025,5
2,95,1,bayesian,1.0,1.0,0.05,5000,1.0,1.025,4
2,96,1,bayesian,1.0,1.0,0.05,5000,1.0,1.025,3
2,97,1,bayesian,1.0,1.0,0.05,5000,1.0,1.025,4
2,98,1,bayesian,1.0,1.0,0.05,5000,1.0,1.025,3
2,99,1,bayesian,1.0,1.0,0.05,5000,1.0,1.025,15
2,100,1,bayesian,1.0,1.0,0.05,5000,1.0,1.025,4
2,101,1,bayesian,1.0,1.0,0.05,5000,1.0,1.025,4
2,102,1,bayesian,1.0,1.0,0.05,5000,1.0,1.025,4
2,103,1,bayesian,1.0,1.0,0.05,5000,1.0,1.025,4
2,104,1,bayesian,1.0,1.0,0.05,5000,1.0,1.025,6
2,105,1,bayesian,1.0,1.0,0.05,5000,1.0,1.025,6
2,106,1,bayesian,1.0,1.0,0.05,5000,1.0,1.025,5
2,107,1,bayesian,1.0,1.0,0.05,5000,1.0,1.025,1
2,108,1,bayesian,1.0,1.0,0.05,5000,1.0,1.025,3
2,109,1,bayesian,1.0,1.0,0.05,5000,1.0,1.025,8
2,110,1,bayesian,1.0,1.0,0.05,5000,1.0,1.025,8
2,111,1,bayesian,1.0,1.0,0.05,5000,1.0,1.025,4
2,112,1,bayesian,1.0,1.0,0.05,5000,1.0,1.025,5
2,113,1,bayesian,1.0,1.0,0.05,5000,1.0,1.025,4
2,114,1,bayesian,1.0,1.0,0.05,5000,1.0,1.025,3
2,115,1,bayesian,1.0,1.0,0.05,5000,1.0,1.025,4
2,116,1,bayesian,1.0,1.0,0.05,5000,1.0,1.025,6
2,117,1,bayesian,1.0,1.0,0.05,5000,1.0,1.025,5
2,118,1,bayesian,1.0,1.0,0.05,5000,1.0,1.025,3
2,119,1,bayesian,1.0,1.0,0.05,5000,1.0,1.025,4
2,120,1,bayesian,1.0,1.0,0.05,5000,1.0,1.025,6
2,121,1,bayesian,1.0,1.0,0.05,5000,1.0,1.025,5
2,122,1,bayesian,1.0,1.0,0.05,5000,1.0,1.025,5
2,123,1,bayesian,1.0,1.0,0.05,5000,1.0,1.025,3
2,124,1,bayesian,1.0,1.0,0.05,5000,1.0,1.025,3
2,125,1,bayesian,1.0,1.0,0.05,5000,1.0,1.025,7
2,126,1,bayesian,1.0,1.0,0.05,5000,1.0,1.025,6
2,127,1,bayesian,1.0,1.0,0.05,5000,1.0,1.025,6
2,128,1,bayesian,1.0,1.0,0.05,5000,1.0,1.025,14
2,129,1,bayesian,1.0,1.0,0.05,5000,1.0,1.025,5
2,130,1,bayesian,1.0,1.0,0.05,5000,1.0,1.025,4
2,131,1,bayesian,1.0,1.0,0.05,5000,1.0,1.025,3
2,132,1,bayesian,1.0,1.0,0.05,5000,1.0,1.025,10
2,133,1,bayesian,1.0,1.0,0.05,5000,1.0,1.025,3
2,134,1,bayesian,1.0,1.0,0.05,5000,1.0,1.025,8
2,135,1,bayesian,1.0,1.0,0.05,5000,1.0,1.025,11
2,136,1,bayesian,1.0,1.0,0.05,5000,1.0,1.025,3
2,137,1,bayesian,1.0,1.0,0.05,5000,1.0,1.025,10
2,138,1,bayesian,1.0,1.0,0.05,5000,1.0,1.025,5
2,139,1,bayesian,1.0,1.0,0.05,5000,1.0,1.025,3
2,140,1,bayesian,1.0,1.0,0.05,5000,1.0,1.025,17
2,141,1,bayesian,1.0,1.0,0.05,5000,1.0,1.025,4
2,142,1,bayesian,1.0,1.0,0.05,5000,1.0,1.025,3
2,143,1,bayesian,1.0,1.0,0.05,5000,1.0,1.025,3
2,144,1,bayesian,1.0,1.0,0.05,5000,1.0,1.025,3
2,145,1,bayesian,1.0,1.0,0.05,5000,1.0,1.025,1
2,146,1,bayesian,1.0,1.0,0.05,5000,1.0,1.025,3
2,147,1,bayesian,1.0,1.0,0.05,5000,1.0,1.025,6
2,148,1,bayesian,1.0,1.0,0.05,5000,1.0,1.025,5
2,149,1,bayesian,1.0,1.0,0.05,5000,1.0,1.025,5
2,150,1,bayesian,1.0,1.0,0.05,5000,1.0,1.025,4
2,151,1,bayesian,1.0,1.0,0.05,5000,1.0,1.025,3
2,152,1,bayesian,1.0,1.0,0.05,5000,1.0,1.025,7
2,153,1,bayesian,1.0,1.0,0.05,5000,1.0,1.025,4
2,154,1,bayesian,1.0,1.0,0.05,5000,1.0,1.025,4
2,155,1,bayesian,1.0,1.0,0.05,5000,1.0,1.025,6
2,156,1,bayesian,1.0,1.0,0.05,5000,1.0,1.025,5
2,157,1,bayesian,1.0,1.0,0.05,5000,1.0,1.025,4
2,158,1,bayesian,1.0,1.0,0.05,5000,1.0,1.025,4
2,159,1,bayesian,1.0,1.0,0.05,5000,1.0,1.025,7
2,160,1,bayesian,1.0,1.0,0.05,5000,1.0,1.025,20
2,161,1,bayesian,1.0,1.0,0.05,5000,1.0,1.025,7
2,162,1,bayesian,1.0,1.0,0.05,5000,1.0,1.025,3
2,163,1,bayesian,1.0,1.0,0.05,5000,1.0,1.025,1
2,164,1,bayesian,1.0,1.0,0.05,5000,1.0,1.025,4
2,165,1,bayesian,1.0,1.0,0.05,5000,1.0,1.025,6
2,166,1,bayesian,1.0,1.0,0.05,5000,1.0,1.025,3
2,167,1,bayesian,1.0,1.0,0.05,5000,1.0,1.025,4
2,168,1,bayesian,1.0,1.0,0.05,5000,1.0,1.025,13
2,169,1,bayesian,1.0,1.0,0.05,5000,1.0,1.025,14
2,170,1,bayesian,1.0,1.0,0.05,5000,1.0,1.025,2
2,171,1,bayesian,1.0,1.0,0.05,5000,1.0,1.025,1
2,172,1,bayesian,1.0,1.0,0.05,5000,1.0,1.025,4
2,173,1,bayesian,1.0,1.0,0.05,5000,1.0,1.025,3
2,174,1,bayesian,1.0,1.0,0.05,5000,1.0,1.025,3
2,175,1,bayesian,1.0,1.0,0.05,5000,1.0,1.025,6
2,176,1,bayesian,1.0,1.0,0.05,5000,1.0,1.025,3
2,177,1,bayesian,1.0,1.0,0.05,5000,1.0,1.025,4
2,178,1,bayesian,1.0,1.0,0.05,5000,1.0,1.025,3
2,179,1,bayesian,1.0,1.0,0.05,5000,1.0,1.025,3
2,180,1,bayesian,1.0,1.0,0.05,5000,1.0,1.025,5
2,181,1,bayesian,1.0,1.0,0.05,5000,1.0,1.025,7
2,182,1,bayesian,1.0,1.0,0.05,5000,1.0,1.025,5
2,183,1,bayesian,1.0,1.0,0.05,5000,1.0,1.025,11
2,184,1,bayesian,1.0,1.0,0.05,5000,1.0,1.025,3
2,185,1,bayesian,1.0,1.0,0.05,5000,1.0,1.025,6
2,186,1,bayesian,1.0,1.0,0.05,5000,1.0,1.025,5
2,187,1,bayesian,1.0,1.0,0.05,5000,1.0,1.025,5
2,188,1,bayesian,1.0,1.0,0.05,5000,1.0,1.025,3
2,189,1,bayesian,1.0,1.0,0.05,5000,1.0,1.025,2
2,190,1,bayesian,1.0,1.0,0.05,5000,1.0,1.025,5
2,191,1,bayesian,1.0,1.0,0.05,5000,1.0,1.025,5
2,192,1,bayesian,1.0,1.0,0.05,5000,1.0,1.025,11
2,193,1,bayesian,1.0,1.0,0.05,5000,1.0,1.025,4
2,194,1,bayesian,1.0,1.0,0.05,5000,1.0,1.025,4
2,195,1,bayesian,1.0,1.0,0.05,5000,1.0,1.025,11
2,196,1,bayesian,1.0,1.0,0.05,5000,1.0,1.025,5
2,197,1,bayesian,1.0,1.0,0.05,5000,1.0,1.025,3
2,198,1,bayesian,1.0,1.0,0.05,5000,1.0,1.025,3
2,199,1,bayesian,1.0,1.0,0.05,5000,1.0,1.025,3
2,200,1,bayesian,1.0,1.0,0.05,5000,1.0,1.025,6
2,1,1,bayesian,1.0,1.0,0.05,5000,1.0,1.05,1
2,2,1,bayesian,1.0,1.0,0.05,5000,1.0,1.05,12
2,3,1,bayesian,1.0,1.0,0.05,5000,1.0,1.05,4
2,4,1,bayesian,1.0,1.0,0.05,5000,1.0,1.05,3
2,5,1,bayesian,1.0,1.0,0.05,5000,1.0,1.05,4
2,6,1,bayesian,1.0,1.0,0.05,5000,1.0,1.05,4
2,7,1,bayesian,1.0,1.0,0.05,5000,1.0,1.05,1
2,8,1,bayesian,1.0,1.0,0.05,5000,1.0,1.05,15
2,9,1,bayesian,1.0,1.0,0.05,5000,1.0,1.05,5
2,10,1,bayesian,1.0,1.0,0.05,5000,1.0,1.05,2
2,11,1,bayesian,1.0,1.0,0.05,5000,1.0,1.05,5
2,12,1,bayesian,1.0,1.0,0.05,5000,1.0,1.05,2
2,13,1,bayesian,1.0,1.0,0.05,5000,1.0,1.05,5
2,14,1,bayesian,1.0,1.0,0.05,5000,1.0,1.05,5
2,15,1,bayesian,1.0,1.0,0.05,5000,1.0,1.05,4
2,16,1,bayesian,1.0,1.0,0.05,5000,1.0,1.05,6
2,17,1,bayesian,1.0,1.0,0.05,5000,1.0,1.05,5
2,18,1,bayesian,1.0,1.0,0.05,5000,1.0,1.05,16
2,19,1,bayesian,1.0,1.0,0.05,5000,1.0,1.05,13
2,20,1,bayesian,1.0,1.0,0.05,5000,1.0,1.05,4
2,21,1,bayesian,1.0,1.0,0.05,5000,1.0,1.05,2
2,22,1,bayesian,1.0,1.0,0.05,5000,1.0,1.05,5
2,23,1,bayesian,1.0,1.0,0.05,5000,1.0,1.05,4
2,24,1,bayesian,1.0,1.0,0.05,5000,1.0,1.05,4
2,25,1,bayesian,1.0,1.0,0.05,5000,1.0,1.05,4
2,26,1,bayesian,1.0,1.0,0.05,5000,1.0,1.05,4
2,27,1,bayesian,1.0,1.0,0.05,5000,1.0,1.05,4
2,28,1,bayesian,1.0,1.0,0.05,5000,1.0,1.05,5
2,29,1,bayesian,1.0,1.0,0.05,5000,1.0,1.05,4
2,30,1,bayesian,1.0,1.0,0.05,5000,1.0,1.05,5
2,31,1,bayesian,1.0,1.0,0.05,5000,1.0,1.05,10
2,32,1,bayesian,1.0,1.0,0.05,5000,1.0,1.05,7
2,33,1,bayesian,1.0,1.0,0.05,5000,1.0,1.05,3
2,34,1,bayesian,1.0,1.0,0.05,5000,1.0,1.05,6
2,35,1,bayesian,1.0,1.0,0.05,5000,1.0,1.05,3
2,36,1,bayesian,1.0,1.0,0.05,5000,1.0,1.05,5
2,37,1,bayesian,1.0,1.0,0.05,5000,1.0,1.05,5
2,38,1,bayesian,1.0,1.0,0.05,5000,1.0,1.05,2
2,39,1,bayesian,1.0,1.0,0.05,5000,1.0,1.05,4
2,40,1,bayesian,1.0,1.0,0.05,5000,1.0,1.05,3
2,41,1,bayesian,1.0,1.0,0.05,5000,1.0,1.05,3
2,42,1,bayesian,1.0,1.0,0.05,5000,1.0,1.05,4
2,43,1,bayesian,1.0,1.0,0.05,5000,1.0,1.05,2
2,44,1,bayesian,1.0,1.0,0.05,5000,1.0,1.05,15
2,45,1,bayesian,1.0,1.0,0.05,5000,1.0,1.05,5
2,46,1,bayesian,1.0,1.0,0.05,5000,1.0,1.05,5
2,47,1,bayesian,1.0,1.0,0.05,5000,1.0,1.05,3
2,48,1,bayesian,1.0,1.0,0.05,5000,1.0,1.05,16
2,49,1,bayesian,1.0,1.0,0.05,5000,1.0,1.05,4
2,50,1,bayesian,1.0,1.0,0.05,5000,1.0,1.05,4
2,51,1,bayesian,1.0,1.0,0.05,5000,1.0,1.05,5
2,52,1,bayesian,1.0,1.0,0.05,5000,1.0,1.05,3
2,53,1,bayesian,1.0,1.0,0.05,5000,1.0,1.05,4
2,54,1,bayesian,1.0,1.0,0.05,5000,1.0,1.05,5
2,55,1,bayesian,1.0,1.0,0.05,5000,1.0,1.05,3
2,56,1,bayesian,1.0,1.0,0.05,5000,1.0,1.05,3
2,57,1,bayesian,1.0,1.0,0.05,5000,1.0,1.05,12
2,58,1,bayesian,1.0,1.0,0.05,5000,1.0,1.05,10
2,59,1,bayesian,1.0,1.0,0.05,5000,1.0,1.05,7
2,60,1,bayesian,1.0,1.0,0.05,5000,1.0,1.05,4
2,61,1,bayesian,1.0,1.0,0.05,5000,1.0,1.05,4
2,62,1,bayesian,1.0,1.0,0.05,5000,1.0,1.05,3
2,63,1,bayesian,1.0,1.0,0.05,5000,1.0,1.05,4
2,64,1,bayesian,1.0,1.0,0.05,5000,1.0,1.05,3
2,65,1,bayesian,1.0,1.0,0.05,5000,1.0,1.05,3
2,66,1,bayesian,1.0,1.0,0.05,5000,1.0,1.05,5
2,67,1,bayesian,1.0,1.0,0.05,5000,1.0,1.05,4
2,68,1,bayesian,1.0,1.0,0.05,5000,1.0,1.05,7
2,69,1,bayesian,1.0,1.0,0.05,5000,1.0,1.05,9
2,70,1,bayesian,1.0,1.0,0.05,5000,1.0,1.05,3
2,71,1,bayesian,1.0,1.0,0.05,5000,1.0,1.05,5
2,72,1,bayesian,1.0,1.0,0.05,5000,1.0,1.05,3
2,73,1,bayesian,1.0,1.0,0.05,5000,1.0,1.05,1
2,74,1,bayesian,1.0,1.0,0.05,5000,1.0,1.05,5
2,75,1,bayesian,1.0,1.0,0.05,5000,1.0,1.05,5
2,76,1,bayesian,1.0,1.0,0.05,5000,1.0,1.05,3
2,77,1,bayesian,1.0,1.0,0.05,5000,1.0,1.05,3
2,78,1,bayesian,1.0,1.0,0.05,5000,1.0,1.05,2
2,79,1,bayesian,1.0,1.0,0.05,5000,1.0,1.05,4
2,80,1,bayesian,1.0,1.0,0.05,5000,1.0,1.05,5
2,81,1,bayesian,1.0,1.0,0.05,5000,1.0,1.05,1
2,82,1,bayesian,1.0,1.0,0.05,5000,1.0,1.05,8
2,83,1,bayesian,1.0,1.0,0.05,5000,1.0,1.05,3
2,84,1,bayesian,1.0,1.0,0.05,5000,1.0,1.05,23
2,85,1,bayesian,1.0,1.0,0.05,5000,1.0,1.05,4
2,86,1,bayesian,1.0,1.0,0.05,5000,1.0,1.05,5
2,87,1,bayesian,1.0,1.0,0.05,5000,1.0,1.05,4
2,88,1,bayesian,1.0,1.0,0.05,5000,1.0,1.05,3
2,89,1,bayesian,1.0,1.0,0.05,5000,1.0,1.05,3
2,90,1,bayesian,1.0,1.0,0.05,5000,1.0,1.05,4
2,91,1,bayesian,1.0,1.0,0.05,5000,1.0,1.05,8
2,92,1,bayesian,1.0,1.0,0.05,5000,1.0,1.05,1
2,93,1,bayesian,1.0,1.0,0.05,5000,1.0,1.05,5
2,94,1,bayesian,1.0,1.0,0.05,5000,1.0,1.05,6
2,95,1,bayesian,1.0,1.0,0.05,5000,1.0,1.05,3
2,96,1,bayesian,1.0,1.0,0.05,5000,1.0,1.05,5
2,97,1,bayesian,1.0,1.0,0.05,5000,1.0,1.05,4
2,98,1,bayesian,1.0,1.0,0.05,5000,1.0,1.05,3
2,99,1,bayesian,1.0,1.0,0.05,5000,1.0,1.05,3
2,100,1,bayesian,1.0,1.0,0.05,5000,1.0,1.05,3
2,101,1,bayesian,1.0,1.0,0.05,5000,1.0,1.05,7
2,102,1,bayesian,1.0,1.0,0.05,5000,1.0,1.05,2
2,103,1,bayesian,1.0,1.0,0.05,5000,1.0,1.05,6
2,104,1,bayesian,1.0,1.0,0.05,5000,1.0,1.05,3
2,105,1,bayesian,1.0,1.0,0.05,5000,1.0,1.05,6
2,106,1,bayesian,1.0,1.0,0.05,5000,1.0,1.05,21
2,107,1,bayesian,1.0,1.0,0.05,5000,1.0,1.05,1
2,108,1,bayesian,1.0,1.0,0.05,5000,1.0,1.05,3
2,109,1,bayesian,1.0,1.0,0.05,5000,1.0,1.05,2
2,110,1,bayesian,1.0,1.0,0.05,5000,1.0,1.05,5
2,111,1,bayesian,1.0,1.0,0.05,5000,1.0,1.05,4
2,112,1,bayesian,1.0,1.0,0.05,5000,1.0,1.05,4
2,113,1,bayesian,1.0,1.0,0.05,5000,1.0,1.05,3
2,114,1,bayesian,1.0,1.0,0.05,5000,1.0,1.05,11
2,115,1,bayesian,1.0,1.0,0.05,5000,1.0,1.05,4
2,116,1,bayesian,1.0,1.0,0.05,5000,1.0,1.05,5
2,117,1,bayesian,1.0,1.0,0.05,5000,1.0,1.05,4
2,118,1,bayesian,1.0,1.0,0.05,5000,1.0,1.05,2
2,119,1,bayesian,1.0,1.0,0.05,5000,1.0,1.05,4
2,120,1,bayesian,1.0,1.0,0.05,5000,1.0,1.05,4
2,121,1,bayesian,1.0,1.0,0.05,5000,1.0,1.05,6
2,122,1,bayesian,1.0,1.0,0.05,5000,1.0,1.05,4
2,123,1,bayesian,1.0,1.0,0.05,5000,1.0,1.05,3
2,124,1,bayesian,1.0,1.0,0.05,5000,1.0,1.05,2
2,125,1,bayesian,1.0,1.0,0.05,5000,1.0,1.05,3
2,126,1,bayesian,1.0,1.0,0.05,5000,1.0,1.05,15
2,127,1,bayesian,1.0,1.0,0.05,5000,1.0,1.05,26
2,128,1,bayesian,1.0,1.0,0.05,5000,1.0,1.05,7
2,129,1,bayesian,1.0,1.0,0.05,5000,1.0,1.05,5
2,130,1,bayesian,1.0,1.0,0.05,5000,1.0,1.05,16
2,131,1,bayesian,1.0,1.0,0.05,5000,1.0,1.05,3
2,132,1,bayesian,1.0,1.0,0.05,5000,1.0,1.05,5
2,133,1,bayesian,1.0,1.0,0.05,5000,1.0,1.05,3
2,134,1,bayesian,1.0,1.0,0.05,5000,1.0,1.05,3
2,135,1,bayesian,1.0,1.0,0.05,5000,1.0,1.05,3
2,136,1,bayesian,1.0,1.0,0.05,5000,1.0,1.05,4
2,137,1,bayesian,1.0,1.0,0.05,5000,1.0,1.05,3
2,138,1,bayesian,1.0,1.0,0.05,5000,1.0,1.05,5
2,139,1,bayesian,1.0,1.0,0.05,5000,1.0,1.05,3
2,140,1,bayesian,1.0,1.0,0.05,5000,1.0,1.05,4
2,141,1,bayesian,1.0,1.0,0.05,5000,1.0,1.05,3
2,142,1,bayesian,1.0,1.0,0.05,5000,1.0,1.05,4
2,143,1,bayesian,1.0,1.0,0.05,5000,1.0,1.05,2
2,144,1,bayesian,1.0,1.0,0.05,5000,1.0,1.05,4
2,145,1,bayesian,1.0,1.0,0.05,5000,1.0,1.05,1
2,146,1,bayesian,1.0,1.0,0.05,5000,1.0,1.05,3
2,147,1,bayesian,1.0,1.0,0.05,5000,1.0,1.05,4
2,148,1,bayesian,1.0,1.0,0.05,5000,1.0,1.05,4
2,149,1,bayesian,1.0,1.0,0.05,5000,1.0,1.05,3
2,150,1,bayesian,1.0,1.0,0.05,5000,1.0,1.05,6
2,151,1,bayesian,1.0,1.0,0.05,5000,1.0,1.05,5
2,152,1,bayesian,1.0,1.0,0.05,5000,1.0,1.05,4
2,153,1,bayesian,1.0,1.0,0.05,5000,1.0,1.05,5
2,154,1,bayesian,1.0,1.0,0.05,5000,1.0,1.05,11
2,155,1,bayesian,1.0,1.0,0.05,5000,1.0,1.05,16
2,156,1,bayesian,1.0,1.0,0.05,5000,1.0,1.05,4
2,157,1,bayesian,1.0,1.0,0.05,5000,1.0,1.05,6
2,158,1,bayesian,1.0,1.0,0.05,5000,1.0,1.05,4
2,159,1,bayesian,1.0,1.0,0.05,5000,1.0,1.05,4
2,160,1,bayesian,1.0,1.0,0.05,5000,1.0,1.05,11
2,161,1,bayesian,1.0,1.0,0.05,5000,1.0,1.05,3
2,162,1,bayesian,1.0,1.0,0.05,5000,1.0,1.05,2
2,163,1,bayesian,1.0,1.0,0.05,5000,1.0,1.05,1
2,164,1,bayesian,1.0,1.0,0.05,5000,1.0,1.05,7
2,165,1,bayesian,1.0,1.0,0.05,5000,1.0,1.05,5
2,166,1,bayesian,1.0,1.0,0.05,5000,1.0,1.05,13
2,167,1,bayesian,1.0,1.0,0.05,5000,1.0,1.05,3
2,168,1,bayesian,1.0,1.0,0.05,5000,1.0,1.05,3
2,169,1,bayesian,1.0,1.0,0.05,5000,1.0,1.05,4
2,170,1,bayesian,1.0,1.0,0.05,5000,1.0,1.05,2
2,171,1,bayesian,1.0,1.0,0.05,5000,1.0,1.05,1
2,172,1,bayesian,1.0,1.0,0.05,5000,1.0,1.05,3
2,173,1,bayesian,1.0,1.0,0.05,5000,1.0,1.05,4
2,174,1,bayesian,1.0,1.0,0.05,5000,1.0,1.05,3
2,175,1,bayesian,1.0,1.0,0.05,5000,1.0,1.05,11
2,176,1,bayesian,1.0,1.0,0.05,5000,1.0,1.05,3
2,177,1,bayesian,1.0,1.0,0.05,5000,1.0,1.05,14
2,178,1,bayesian,1.0,1.0,0.05,5000,1.0,1.05,3
2,179,1,bayesian,1.0,1.0,0.05,5000,1.0,1.05,3
2,180,1,bayesian,1.0,1.0,0.05,5000,1.0,1.05,4
2,181,1,bayesian,1.0,1.0,0.05,5000,1.0,1.05,3
2,182,1,bayesian,1.0,1.0,0.05,5000,1.0,1.05,4
2,183,1,bayesian,1.0,1.0,0.05,5000,1.0,1.05,3
2,184,1,bayesian,1.0,1.0,0.05,5000,1.0,1.05,7
2,185,1,bayesian,1.0,1.0,0.05,5000,1.0,1.05,3
2,186,1,bayesian,1.0,1.0,0.05,5000,1.0,1.05,6
2,187,1,bayesian,1.0,1.0,0.05,5000,1.0,1.05,7
2,188,1,bayesian,1.0,1.0,0.05,5000,1.0,1.05,5
2,189,1,bayesian,1.0,1.0,0.05,5000,1.0,1.05,2
2,190,1,bayesian,1.0,1.0,0.05,5000,1.0,1.05,4
2,191,1,bayesian,1.0,1.0,0.05,5000,1.0,1.05,2
2,192,1,bayesian,1.0,1.0,0.05,5000,1.0,1.05,4
2,193,1,bayesian,1.0,1.0,0.05,5000,1.0,1.05,3
2,194,1,bayesian,1.0,1.0,0.05,5000,1.0,1.05,3
2,195,1,bayesian,1.0,1.0,0.05,5000,1.0,1.05,10
2,196,1,bayesian,1.0,1.0,0.05,5000,1.0,1.05,5
2,197,1,bayesian,1.0,1.0,0.05,5000,1.0,1.05,2
2,198,1,bayesian,1.0,1.0,0.05,5000,1.0,1.05,5
2,199,1,bayesian,1.0,1.0,0.05,5000,1.0,1.05,2
2,200,1,bayesian,1.0,1.0,0.05,5000,1.0,1.05,6
2,1,1,bayesian,1.0,1.0,0.05,5000,1.0,1.075,1
2,2,1,bayesian,1.0,1.0,0.05,5000,1.0,1.075,5
2,3,1,bayesian,1.0,1.0,0.05,5000,1.0,1.075,3
2,4,1,bayesian,1.0,1.0,0.05,5000,1.0,1.075,4
2,5,1,bayesian,1.0,1.0,0.05,5000,1.0,1.075,3
2,6,1,bayesian,1.0,1.0,0.05,5000,1.0,1.075,4
2,7,1,bayesian,1.0,1.0,0.05,5000,1.0,1.075,1
2,8,1,bayesian,1.0,1.0,0.05,5000,1.0,1.075,8
2,9,1,bayesian,1.0,1.0,0.05,5000,1.0,1.075,3
2,10,1,bayesian,1.0,1.0,0.05,5000,1.0,1.075,2
2,11,1,bayesian,1.0,1.0,0.05,5000,1.0,1.075,4
2,12,1,bayesian,1.0,1.0,0.05,5000,1.0,1.075,2
2,13,1,bayesian,1.0,1.0,0.05,5000,1.0,1.075,5
2,14,1,bayesian,1.0,1.0,0.05,5000,1.0,1.075,4
2,15,1,bayesian,1.0,1.0,0.05,5000,1.0,1.075,3
2,16,1,bayesian,1.0,1.0,0.05,5000,1.0,1.075,4
2,17,1,bayesian,1.0,1.0,0.05,5000,1.0,1.075,4
2,18,1,bayesian,1.0,1.0,0.05,5000,1.0,1.075,3
2,19,1,bayesian,1.0,1.0,0.05,5000,1.0,1.075,6
2,20,1,bayesian,1.0,1.0,0.05,5000,1.0,1.075,3
2,21,1,bayesian,1.0,1.0,0.05,5000,1.0,1.075,2
2,22,1,bayesian,1.0,1.0,0.05,5000,1.0,1.075,4
2,23,1,bayesian,1.0,1.0,0.05,5000,1.0,1.075,3
2,24,1,bayesian,1.0,1.0,0.05,5000,1.0,1.075,4
2,25,1,bayesian,1.0,1.0,0.05,5000,1.0,1.075,3
2,26,1,bayesian,1.0,1.0,0.05,5000,1.0,1.075,3
2,27,1,bayesian,1.0,1.0,0.05,5000,1.0,1.075,2
2,28,1,bayesian,1.0,1.0,0.05,5000,1.0,1.075,4
2,29,1,bayesian,1.0,1.0,0.05,5000,1.0,1.075,3
2,30,1,bayesian,1.0,1.0,0.05,5000,1.0,1.075,4
2,31,1,bayesian,1.0,1.0,0.05,5000,1.0,1.075,3
2,32,1,bayesian,1.0,1.0,0.05,5000,1.0,1.075,4
2,33,1,bayesian,1.0,1.0,0.05,5000,1.0,1.075,9
2,34,1,bayesian,1.0,1.0,0.05,5000,1.0,1.075,3
2,35,1,bayesian,1.0,1.0,0.05,5000,1.0,1.075,2
2,36,1,bayesian,1.0,1.0,0.05,5000,1.0,1.075,3
2,37,1,bayesian,1.0,1.0,0.05,5000,1.0,1.075,4
2,38,1,bayesian,1.0,1.0,0.05,5000,1.0,1.075,2
2,39,1,bayesian,1.0,1.0,0.05,5000,1.0,1.075,4
2,40,1,bayesian,1.0,1.0,0.05,5000,1.0,1.075,3
2,41,1,bayesian,1.0,1.0,0.05,5000,1.0,1.075,5
2,42,1,bayesian,1.0,1.0,0.05,5000,1.0,1.075,4
2,43,1,bayesian,1.0,1.0,0.05,5000,1.0,1.075,2
2,44,1,bayesian,1.0,1.0,0.05,5000,1.0,1.075,3
2,45,1,bayesian,1.0,1.0,0.05,5000,1.0,1.075,3
2,46,1,bayesian,1.0,1.0,0.05,5000,1.0,1.075,4
2,47,1,bayesian,1.0,1.0,0.05,5000,1.0,1.075,11
2,48,1,bayesian,1.0,1.0,0.05,5000,1.0,1.075,3
2,49,1,bayesian,1.0,1.0,0.05,5000,1.0,1.075,3
2,50,1,bayesian,1.0,1.0,0.05,5000,1.0,1.075,16
2,51,1,bayesian,1.0,1.0,0.05,5000,1.0,1.075,3
2,52,1,bayesian,1.0,1.0,0.05,5000,1.0,1.075,4
2,53,1,bayesian,1.0,1.0,0.05,5000,1.0,1.075,3
2,54,1,bayesian,1.0,1.0,0.05,5000,1.0,1.075,6
2,55,1,bayesian,1.0,1.0,0.05,5000,1.0,1.075,4
2,56,1,bayesian,1.0,1.0,0.05,5000,1.0,1.075,3
2,57,1,bayesian,1.0,1.0,0.05,5000,1.0,1.075,9
2,58,1,bayesian,1.0,1.0,0.05,5000,1.0,1.075,8
2,59,1,bayesian,1.0,1.0,0.05,5000,1.0,1.075,3
2,60,1,bayesian,1.0,1.0,0.05,5000,1.0,1.075,4
2,61,1,bayesian,1.0,1.0,0.05,5000,1.0,1.075,3
2,62,1,bayesian,1.0,1.0,0.05,5000,1.0,1.075,2
2,63,1,bayesian,1.0,1.0,0.05,5000,1.0,1.075,3
2,64,1,bayesian,1.0,1.0,0.05,5000,1.0,1.075,3
2,65,1,bayesian,1.0,1.0,0.05,5000,1.0,1.075,3
2,66,1,bayesian,1.0,1.0,0.05,5000,1.0,1.075,4
2,67,1,bayesian,1.0,1.0,0.05,5000,1.0,1.075,2
2,68,1,bayesian,1.0,1.0,0.05,5000,1.0,1.075,12
2,69,1,bayesian,1.0,1.0,0.05,5000,1.0,1.075,6
2,70,1,bayesian,1.0,1.0,0.05,5000,1.0,1.075,37
2,71,1,bayesian,1.0,1.0,0.05,5000,1.0,1.075,3
2,72,1,bayesian,1.0,1.0,0.05,5000,1.0,1.075,3
2,73,1,bayesian,1.0,1.0,0.05,5000,1.0,1.075,1
2,74,1,bayesian,1.0,1.0,0.05,5000,1.0,1.075,4
2,75,1,bayesian,1.0,1.0,0.05,5000,1.0,1.075,7
2,76,1,bayesian,1.0,1.0,0.05,5000,1.0,1.075,3
2,77,1,bayesian,1.0,1.0,0.05,5000,1.0,1.075,12
2,78,1,bayesian,1.0,1.0,0.05,5000,1.0,1.075,2
2,79,1,bayesian,1.0,1.0,0.05,5000,1.0,1.075,3
2,80,1,bayesian,1.0,1.0,0.05,5000,1.0,1.075,3
2,81,1,bayesian,1.0,1.0,0.05,5000,1.0,1.075,1
2,82,1,bayesian,1.0,1.0,0.05,5000,1.0,1.075,6
2,83,1,bayesian,1.0,1.0,0.05,5000,1.0,1.075,8
2,84,1,bayesian,1.0,1.0,0.05,5000,1.0,1.075,3
2,85,1,bayesian,1.0,1.0,0.05,5000,1.0,1.075,3
2,86,1,bayesian,1.0,1.0,0.05,5000,1.0,1.075,17
2,87,1,bayesian,1.0,1.0,0.05,5000,1.0,1.075,4
2,88,1,bayesian,1.0,1.0,0.05,5000,1.0,1.075,4
2,89,1,bayesian,1.0,1.0,0.05,5000,1.0,1.075,3
2,90,1,bayesian,1.0,1.0,0.05,5000,1.0,1.075,3
2,91,1,bayesian,1.0,1.0,0.05,5000,1.0,1.075,12
2,92,1,bayesian,1.0,1.0,0.05,5000,1.0,1.075,1
2,93,1,bayesian,1.0,1.0,0.05,5000,1.0,1.075,7
2,94,1,bayesian,1.0,1.0,0.05,5000,1.0,1.075,3
2,95,1,bayesian,1.0,1.0,0.05,5000,1.0,1.075,4
2,96,1,bayesian,1.0,1.0,0.05,5000,1.0,1.075,4
2,97,1,bayesian,1.0,1.0,0.05,5000,1.0,1.075,3
2,98,1,bayesian,1.0,1.0,0.05,5000,1.0,1.075,2
2,99,1,bayesian,1.0,1.0,0.05,5000,1.0,1.075,2
2,100,1,bayesian,1.0,1.0,0.05,5000,1.0,1.075,8
2,101,1,bayesian,1.0,1.0,0.05,5000,1.0,1.075,11
2,102,1,bayesian,1.0,1.0,0.05,5000,1.0,1.075,2
2,103,1,bayesian,1.0,1.0,0.05,5000,1.0,1.075,3
2,104,1,bayesian,1.0,1.0,0.05,5000,1.0,1.075,4
2,105,1,bayesian,1.0,1.0,0.05,5000,1.0,1.075,4
2,106,1,bayesian,1.0,1.0,0.05,5000,1.0,1.075,4
2,107,1,bayesian,1.0,1.0,0.05,5000,1.0,1.075,1
2,108,1,bayesian,1.0,1.0,0.05,5000,1.0,1.075,2
2,109,1,bayesian,1.0,1.0,0.05,5000,1.0,1.075,2
2,110,1,bayesian,1.0,1.0,0.05,5000,1.0,1.075,10
2,111,1,bayesian,1.0,1.0,0.05,5000,1.0,1.075,3
2,112,1,bayesian,1.0,1.0,0.05,5000,1.0,1.075,4
2,113,1,bayesian,1.0,1.0,0.05,5000,1.0,1.075,3
2,114,1,bayesian,1.0,1.0,0.05,5000,1.0,1.075,5
2,115,1,bayesian,1.0,1.0,0.05,5000,1.0,1.075,4
2,116,1,bayesian,1.0,1.0,0.05,5000,1.0,1.075,4
2,117,1,bayesian,1.0,1.0,0.05,5000,1.0,1.075,4
2,118,1,bayesian,1.0,1.0,0.05,5000,1.0,1.075,2
2,119,1,bayesian,1.0,1.0,0.05,5000,1.0,1.075,4
2,120,1,bayesian,1.0,1.0,0.05,5000,1.0,1.075,3
2,121,1,bayesian,1.0,1.0,0.05,5000,1.0,1.075,4
2,122,1,bayesian,1.0,1.0,0.05,5000,1.0,1.075,4
2,123,1,bayesian,1.0,1.0,0.05,5000,1.0,1.075,3
2,124,1,bayesian,1.0,1.0,0.05,5000,1.0,1.075,2
2,125,1,bayesian,1.0,1.0,0.05,5000,1.0,1.075,7
2,126,1,bayesian,1.0,1.0,0.05,5000,1.0,1.075,5
2,127,1,bayesian,1.0,1.0,0.05,5000,1.0,1.075,4
2,128,1,bayesian,1.0,1.0,0.05,5000,1.0,1.075,4
2,129,1,bayesian,1.0,1.0,0.05,5000,1.0,1.075,4
2,130,1,bayesian,1.0,1.0,0.05,5000,1.0,1.075,3
2,131,1,bayesian,1.0,1.0,0.05,5000,1.0,1.075,3
2,132,1,bayesian,1.0,1.0,0.05,5000,1.0,1.075,3
2,133,1,bayesian,1.0,1.0,0.05,5000,1.0,1.075,3
2,134,1,bayesian,1.0,1.0,0.05,5000,1.0,1.075,3
2,135,1,bayesian,1.0,1.0,0.05,5000,1.0,1.075,3
2,136,1,bayesian,1.0,1.0,0.05,5000,1.0,1.075,2
2,137,1,bayesian,1.0,1.0,0.05,5000,1.0,1.075,3
2,138,1,bayesian,1.0,1.0,0.05,5000,1.0,1.075,3
2,139,1,bayesian,1.0,1.0,0.05,5000,1.0,1.075,3
2,140,1,bayesian,1.0,1.0,0.05,5000,1.0,1.075,4
2,141,1,bayesian,1.0,1.0,0.05,5000,1.0,1.075,14
2,142,1,bayesian,1.0,1.0,0.05,5000,1.0,1.075,3
2,143,1,bayesian,1.0,1.0,0.05,5000,1.0,1.075,2
2,144,1,bayesian,1.0,1.0,0.05,5000,1.0,1.075,5
2,145,1,bayesian,1.0,1.0,0.05,5000,1.0,1.075,1
2,146,1,bayesian,1.0,1.0,0.05,5000,1.0,1.075,5
2,147,1,bayesian,1.0,1.0,0.05,5000,1.0,1.075,5
2,148,1,bayesian,1.0,1.0,0.05,5000,1.0,1.075,7
2,149,1,bayesian,1.0,1.0,0.05,5000,1.0,1.075,12
2,150,1,bayesian,1.0,1.0,0.05,5000,1.0,1.075,8
2,151,1,bayesian,1.0,1.0,0.05,5000,1.0,1.075,3
2,152,1,bayesian,1.0,1.0,0.05,5000,1.0,1.075,3
2,153,1,bayesian,1.0,1.0,0.05,5000,1.0,1.075,12
2,154,1,bayesian,1.0,1.0,0.05,5000,1.0,1.075,3
2,155,1,bayesian,1.0,1.0,0.05,5000,1.0,1.075,3
2,156,1,bayesian,1.0,1.0,0.05,5000,1.0,1.075,4
2,157,1,bayesian,1.0,1.0,0.05,5000,1.0,1.075,3
2,158,1,bayesian,1.0,1.0,0.05,5000,1.0,1.075,4
2,159,1,bayesian,1.0,1.0,0.05,5000,1.0,1.075,3
2,160,1,bayesian,1.0,1.0,0.05,5000,1.0,1.075,3
2,161,1,bayesian,1.0,1.0,0.05,5000,1.0,1.075,4
2,162,1,bayesian,1.0,1.0,0.05,5000,1.0,1.075,2
2,163,1,bayesian,1.0,1.0,0.05,5000,1.0,1.075,1
2,164,1,bayesian,1.0,1.0,0.05,5000,1.0,1.075,5
2,165,1,bayesian,1.0,1.0,0.05,5000,1.0,1.075,4
2,166,1,bayesian,1.0,1.0,0.05,5000,1.0,1.075,2
2,167,1,bayesian,1.0,1.0,0.05,5000,1.0,1.075,4
2,168,1,bayesian,1.0,1.0,0.05,5000,1.0,1.075,3
2,169,1,bayesian,1.0,1.0,0.05,5000,1.0,1.075,3
2,170,1,bayesian,1.0,1.0,0.05,5000,1.0,1.075,2
2,171,1,bayesian,1.0,1.0,0.05,5000,1.0,1.075,1
2,172,1,bayesian,1.0,1.0,0.05,5000,1.0,1.075,3
2,173,1,bayesian,1.0,1.0,0.05,5000,1.0,1.075,2
2,174,1,bayesian,1.0,1.0,0.05,5000,1.0,1.075,3
2,175,1,bayesian,1.0,1.0,0.05,5000,1.0,1.075,5
2,176,1,bayesian,1.0,1.0,0.05,5000,1.0,1.075,12
2,177,1,bayesian,1.0,1.0,0.05,5000,1.0,1.075,4
2,178,1,bayesian,1.0,1.0,0.05,5000,1.0,1.075,3
2,179,1,bayesian,1.0,1.0,0.05,5000,1.0,1.075,2
2,180,1,bayesian,1.0,1.0,0.05,5000,1.0,1.075,5
2,181,1,bayesian,1.0,1.0,0.05,5000,1.0,1.075,3
2,182,1,bayesian,1.0,1.0,0.05,5000,1.0,1.075,3
2,183,1,bayesian,1.0,1.0,0.05,5000,1.0,1.075,5
2,184,1,bayesian,1.0,1.0,0.05,5000,1.0,1.075,7
2,185,1,bayesian,1.0,1.0,0.05,5000,1.0,1.075,3
2,186,1,bayesian,1.0,1.0,0.05,5000,1.0,1.075,6
2,187,1,bayesian,1.0,1.0,0.05,5000,1.0,1.075,4
2,188,1,bayesian,1.0,1.0,0.05,5000,1.0,1.075,3
2,189,1,bayesian,1.0,1.0,0.05,5000,1.0,1.075,2
2,190,1,bayesian,1.0,1.0,0.05,5000,1.0,1.075,7
2,191,1,bayesian,1.0,1.0,0.05,5000,1.0,1.075,2
2,192,1,bayesian,1.0,1.0,0.05,5000,1.0,1.075,3
2,193,1,bayesian,1.0,1.0,0.05,5000,1.0,1.075,2
2,194,1,bayesian,1.0,1.0,0.05,5000,1.0,1.075,2
2,195,1,bayesian,1.0,1.0,0.05,5000,1.0,1.075,3
2,196,1,bayesian,1.0,1.0,0.05,5000,1.0,1.075,4
2,197,1,bayesian,1.0,1.0,0.05,5000,1.0,1.075,2
2,198,1,bayesian,1.0,1.0,0.05,5000,1.0,1.075,16
2,199,1,bayesian,1.0,1.0,0.05,5000,1.0,1.075,2
2,200,1,bayesian,1.0,1.0,0.05,5000,1.0,1.075,3
2,1,1,bayesian,1.0,1.0,0.05,5000,1.0,1.1,1
2,2,1,bayesian,1.0,1.0,0.05,5000,1.0,1.1,2
2,3,1,bayesian,1.0,1.0,0.05,5000,1.0,1.1,5
2,4,1,bayesian,1.0,1.0,0.05,5000,1.0,1.1,8
2,5,1,bayesian,1.0,1.0,0.05,5000,1.0,1.1,2
2,6,1,bayesian,1.0,1.0,0.05,5000,1.0,1.1,2
2,7,1,bayesian,1.0,1.0,0.05,5000,1.0,1.1,1
2,8,1,bayesian,1.0,1.0,0.05,5000,1.0,1.1,3
2,9,1,bayesian,1.0,1.0,0.05,5000,1.0,1.1,3
2,10,1,bayesian,1.0,1.0,0.05,5000,1.0,1.1,2
2,11,1,bayesian,1.0,1.0,0.05,5000,1.0,1.1,4
2,12,1,bayesian,1.0,1.0,0.05,5000,1.0,1.1,2
2,13,1,bayesian,1.0,1.0,0.05,5000,1.0,1.1,3
2,14,1,bayesian,1.0,1.0,0.05,5000,1.0,1.1,3
2,15,1,bayesian,1.0,1.0,0.05,5000,1.0,1.1,3
2,16,1,bayesian,1.0,1.0,0.05,5000,1.0,1.1,5
2,17,1,bayesian,1.0,1.0,0.05,5000,1.0,1.1,3
2,18,1,bayesian,1.0,1.0,0.05,5000,1.0,1.1,5
2,19,1,bayesian,1.0,1.0,0.05,5000,1.0,1.1,5
2,20,1,bayesian,1.0,1.0,0.05,5000,1.0,1.1,3
2,21,1,bayesian,1.0,1.0,0.05,5000,1.0,1.1,2
2,22,1,bayesian,1.0,1.0,0.05,5000,1.0,1.1,4
2,23,1,bayesian,1.0,1.0,0.05,5000,1.0,1.1,5
2,24,1,bayesian,1.0,1.0,0.05,5000,1.0,1.1,4
2,25,1,bayesian,1.0,1.0,0.05,5000,1.0,1.1,3
2,26,1,bayesian,1.0,1.0,0.05,5000,1.0,1.1,3
2,27,1,bayesian,1.0,1.0,0.05,5000,1.0,1.1,2
2,28,1,bayesian,1.0,1.0,0.05,5000,1.0,1.1,4
2,29,1,bayesian,1.0,1.0,0.05,5000,1.0,1.1,8
2,30,1,bayesian,1.0,1.0,0.05,5000,1.0,1.1,7
2,31,1,bayesian,1.0,1.0,0.05,5000,1.0,1.1,4
2,32,1,bayesian,1.0,1.0,0.05,5000,1.0,1.1,4
2,33,1,bayesian,1.0,1.0,0.05,5000,1.0,1.1,12
2,34,1,bayesian,1.0,1.0,0.05,5000,1.0,1.1,3
2,35,1,bayesian,1.0,1.0,0.05,5000,1.0,1.1,2
2,36,1,bayesian,1.0,1.0,0.05,5000,1.0,1.1,7
2,37,1,bayesian,1.0,1.0,0.05,5000,1.0,1.1,3
2,38,1,bayesian,1.0,1.0,0.05,5000,1.0,1.1,2
2,39,1,bayesian,1.0,1.0,0.05,5000,1.0,1.1,3
2,40,1,bayesian,1.0,1.0,0.05,5000,1.0,1.1,4
2,41,1,bayesian,1.0,1.0,0.05,5000,1.0,1.1,3
2,42,1,bayesian,1.0,1.0,0.05,5000,1.0,1.1,3
2,43,1,bayesian,1.0,1.0,0.05,5000,1.0,1.1,2
2,44,1,bayesian,1.0,1.0,0.05,5000,1.0,1.1,3
2,45,1,bayesian,1.0,1.0,0.05,5000,1.0,1.1,7
2,46,1,bayesian,1.0,1.0,0.05,5000,1.0,1.1,7
2,47,1,bayesian,1.0,1.0,0.05,5000,1.0,1.1,2
2,48,1,bayesian,1.0,1.0,0.05,5000,1.0,1.1,3
2,49,1,bayesian,1.0,1.0,0.05,5000,1.0,1.1,4
2,50,1,bayesian,1.0,1.0,0.05,5000,1.0,1.1,3
2,51,1,bayesian,1.0,1.0,0.05,5000,1.0,1.1,4
2,52,1,bayesian,1.0,1.0,0.05,5000,1.0,1.1,2
2,53,1,bayesian,1.0,1.0,0.05,5000,1.0,1.1,8
2,54,1,bayesian,1.0,1.0,0.05,5000,1.0,1.1,3
2,55,1,bayesian,1.0,1.0,0.05,5000,1.0,1.1,2
2,56,1,bayesian,1.0,1.0,0.05,5000,1.0,1.1,3
2,57,1,bayesian,1.0,1.0,0.05,5000,1.0,1.1,4
2,58,1,bayesian,1.0,1.0,0.05,5000,1.0,1.1,3
2,59,1,bayesian,1.0,1.0,0.05,5000,1.0,1.1,3
2,60,1,bayesian,1.0,1.0,0.05,5000,1.0,1.1,3
2,61,1,bayesian,1.0,1.0,0.05,5000,1.0,1.1,3
2,62,1,bayesian,1.0,1.0,0.05,5000,1.0,1.1,3
2,63,1,bayesian,1.0,1.0,0.05,5000,1.0,1.1,12
2,64,1,bayesian,1.0,1.0,0.05,5000,1.0,1.1,3
2,65,1,bayesian,1.0,1.0,0.05,5000,1.0,1.1,5
2,66,1,bayesian,1.0,1.0,0.05,5000,1.0,1.1,4
2,67,1,bayesian,1.0,1.0,0.05,5000,1.0,1.1,2
2,68,1,bayesian,1.0,1.0,0.05,5000,1.0,1.1,3
2,69,1,bayesian,1.0,1.0,0.05,5000,1.0,1.1,2
2,70,1,bayesian,1.0,1.0,0.05,5000,1.0,1.1,2
2,71,1,bayesian,1.0,1.0,0.05,5000,1.0,1.1,7
2,72,1,bayesian,1.0,1.0,0.05,5000,1.0,1.1,2
2,73,1,bayesian,1.0,1.0,0.05,5000,1.0,1.1,1
2,74,1,bayesian,1.0,1.0,0.05,5000,1.0,1.1,2
2,75,1,bayesian,1.0,1.0,0.05,5000,1.0,1.1,2
2,76,1,bayesian,1.0,1.0,0.05,5000,1.0,1.1,34
2,77,1,bayesian,1.0,1.0,0.05,5000,1.0,1.1,3
2,78,1,bayesian,1.0,1.0,0.05,5000,1.0,1.1,2
2,79,1,bayesian,1.0,1.0,0.05,5000,1.0,1.1,9
2,80,1,bayesian,1.0,1.0,0.05,5000,1.0,1.1,3
2,81,1,bayesian,1.0,1.0,0.05,5000,1.0,1.1,1
2,82,1,bayesian,1.0,1.0,0.05,5000,1.0,1.1,3
2,83,1,bayesian,1.0,1.0,0.05,5000,1.0,1.1,2
2,84,1,bayesian,1.0,1.0,0.05,5000,1.0,1.1,5
2,85,1,bayesian,1.0,1.0,0.05,5000,1.0,1.1,3
2,86,1,bayesian,1.0,1.0,0.05,5000,1.0,1.1,3
2,87,1,bayesian,1.0,1.0,0.05,5000,1.0,1.1,4
2,88,1,bayesian,1.0,1.0,0.05,5000,1.0,1.1,3
2,89,1,bayesian,1.0,1.0,0.05,5000,1.0,1.1,4
2,90,1,bayesian,1.0,1.0,0.05,5000,1.0,1.1,4
2,91,1,bayesian,1.0,1.0,0.05,5000,1.0,1.1,5
2,92,1,bayesian,1.0,1.0,0.05,5000,1.0,1.1,1
2,93,1,bayesian,1.0,1.0,0.05,5000,1.0,1.1,8
2,94,1,bayesian,1.0,1.0,0.05,5000,1.0,1.1,12
2,95,1,bayesian,1.0,1.0,0.05,5000,1.0,1.1,5
2,96,1,bayesian,1.0,1.0,0.05,5000,1.0,1.1,2
2,97,1,bayesian,1.0,1.0,0.05,5000,1.0,1.1,3
2,98,1,bayesian,1.0,1.0,0.05,5000,1.0,1.1,2
2,99,1,bayesian,1.0,1.0,0.05,5000,1.0,1.1,2
2,100,1,bayesian,1.0,1.0,0.05,5000,1.0,1.1,3
2,101,1,bayesian,1.0,1.0,0.05,5000,1.0,1.1,3
2,102,1,bayesian,1.0,1.0,0.05,5000,1.0,1.1,2
2,103,1,bayesian,1.0,1.0,0.05,5000,1.0,1.1,3
2,104,1,bayesian,1.0,1.0,0.05,5000,1.0,1.1,3
2,105,1,bayesian,1.0,1.0,0.05,5000,1.0,1.1,3
2,106,1,bayesian,1.0,1.0,0.05,5000,1.0,1.1,4
2,107,1,bayesian,1.0,1.0,0.05,5000,1.0,1.1,1
2,108,1,bayesian,1.0,1.0,0.05,5000,1.0,1.1,2
2,109,1,bayesian,1.0,1.0,0.05,5000,1.0,1.1,2
2,110,1,bayesian,1.0,1.0,0.05,5000,1.0,1.1,3
2,111,1,bayesian,1.0,1.0,0.05,5000,1.0,1.1,3
2,112,1,bayesian,1.0,1.0,0.05,5000,1.0,1.1,4
2,113,1,bayesian,1.0,1.0,0.05,5000,1.0,1.1,4
2,114,1,bayesian,1.0,1.0,0.05,5000,1.0,1.1,16
2,115,1,bayesian,1.0,1.0,0.05,5000,1.0,1.1,3
2,116,1,bayesian,1.0,1.0,0.05,5000,1.0,1.1,8
2,117,1,bayesian,1.0,1.0,0.05,5000,1.0,1.1,3
2,118,1,bayesian,1.0,1.0,0.05,5000,1.0,1.1,2
2,119,1,bayesian,1.0,1.0,0.05,5000,1.0,1.1,3
2,120,1,bayesian,1.0,1.0,0.05,5000,1.0,1.1,3
2,121,1,bayesian,1.0,1.0,0.05,5000,1.0,1.1,3
2,122,1,bayesian,1.0,1.0,0.05,5000,1.0,1.1,6
2,123,1,bayesian,1.0,1.0,0.05,5000,1.0,1.1,5
2,124,1,bayesian,1.0,1.0,0.05,5000,1.0,1.1,2
2,125,1,bayesian,1.0,1.0,0.05,5000,1.0,1.1,3
2,126,1,bayesian,1.0,1.0,0.05,5000,1.0,1.1,4
2,127,1,bayesian,1.0,1.0,0.05,5000,1.0,1.1,3
2,128,1,bayesian,1.0,1.0,0.05,5000,1.0,1.1,4
2,129,1,bayesian,1.0,1.0,0.05,5000,1.0,1.1,3
2,130,1,bayesian,1.0,1.0,0.05,5000,1.0,1.1,3
2,131,1,bayesian,1.0,1.0,0.05,5000,1.0,1.1,2
2,132,1,bayesian,1.0,1.0,0.05,5000,1.0,1.1,5
2,133,1,bayesian,1.0,1.0,0.05,5000,1.0,1.1,3
2,134,1,bayesian,1.0,1.0,0.05,5000,1.0,1.1,3
2,135,1,bayesian,1.0,1.0,0.05,5000,1.0,1.1,3
2,136,1,bayesian,1.0,1.0,0.05,5000,1.0,1.1,2
2,137,1,bayesian,1.0,1.0,0.05,5000,1.0,1.1,3
2,138,1,bayesian,1.0,1.0,0.05,5000,1.0,1.1,3
2,139,1,bayesian,1.0,1.0,0.05,5000,1.0,1.1,2
2,140,1,bayesian,1.0,1.0,0.05,5000,1.0,1.1,3
2,141,1,bayesian,1.0,1.0,0.05,5000,1.0,1.1,3
2,142,1,bayesian,1.0,1.0,0.05,5000,1.0,1.1,5
2,143,1,bayesian,1.0,1.0,0.05,5000,1.0,1.1,2
2,144,1,bayesian,1.0,1.0,0.05,5000,1.0,1.1,3
2,145,1,bayesian,1.0,1.0,0.05,5000,1.0,1.1,1
2,146,1,bayesian,1.0,1.0,0.05,5000,1.0,1.1,3
2,147,1,bayesian,1.0,1.0,0.05,5000,1.0,1.1,13
2,148,1,bayesian,1.0,1.0,0.05,5000,1.0,1.1,3
2,149,1,bayesian,1.0,1.0,0.05,5000,1.0,1.1,9
2,150,1,bayesian,1.0,1.0,0.05,5000,1.0,1.1,7
2,151,1,bayesian,1.0,1.0,0.05,5000,1.0,1.1,2
2,152,1,bayesian,1.0,1.0,0.05,5000,1.0,1.1,3
2,153,1,bayesian,1.0,1.0,0.05,5000,1.0,1.1,6
2,154,1,bayesian,1.0,1.0,0.05,5000,1.0,1.1,2
2,155,1,bayesian,1.0,1.0,0.05,5000,1.0,1.1,4
2,156,1,bayesian,1.0,1.0,0.05,5000,1.0,1.1,5
2,157,1,bayesian,1.0,1.0,0.05,5000,1.0,1.1,33
2,158,1,bayesian,1.0,1.0,0.05,5000,1.0,1.1,23
2,159,1,bayesian,1.0,1.0,0.05,5000,1.0,1.1,4
2,160,1,bayesian,1.0,1.0,0.05,5000,1.0,1.1,3
2,161,1,bayesian,1.0,1.0,0.05,5000,1.0,1.1,2
2,162,1,bayesian,1.0,1.0,0.05,5000,1.0,1.1,2
2,163,1,bayesian,1.0,1.0,0.05,5000,1.0,1.1,1
2,164,1,bayesian,1.0,1.0,0.05,5000,1.0,1.1,5
2,165,1,bayesian,1.0,1.0,0.05,5000,1.0,1.1,3
2,166,1,bayesian,1.0,1.0,0.05,5000,1.0,1.1,2
2,167,1,bayesian,1.0,1.0,0.05,5000,1.0,1.1,3
2,168,1,bayesian,1.0,1.0,0.05,5000,1.0,1.1,3
2,169,1,bayesian,1.0,1.0,0.05,5000,1.0,1.1,18
2,170,1,bayesian,1.0,1.0,0.05,5000,1.0,1.1,2
2,171,1,bayesian,1.0,1.0,0.05,5000,1.0,1.1,1
2,172,1,bayesian,1.0,1.0,0.05,5000,1.0,1.1,3
2,173,1,bayesian,1.0,1.0,0.05,5000,1.0,1.1,3
2,174,1,bayesian,1.0,1.0,0.05,5000,1.0,1.1,2
2,175,1,bayesian,1.0,1.0,0.05,5000,1.0,1.1,6
2,176,1,bayesian,1.0,1.0,0.05,5000,1.0,1.1,3
2,177,1,bayesian,1.0,1.0,0.05,5000,1.0,1.1,4
2,178,1,bayesian,1.0,1.0,0.05,5000,1.0,1.1,4
2,179,1,bayesian,1.0,1.0,0.05,5000,1.0,1.1,2
2,180,1,bayesian,1.0,1.0,0.05,5000,1.0,1.1,4
2,181,1,bayesian,1.0,1.0,0.05,5000,1.0,1.1,3
2,182,1,bayesian,1.0,1.0,0.05,5000,1.0,1.1,3
2,183,1,bayesian,1.0,1.0,0.05,5000,1.0,1.1,5
2,184,1,bayesian,1.0,1.0,0.05,5000,1.0,1.1,7
2,185,1,bayesian,1.0,1.0,0.05,5000,1.0,1.1,4
2,186,1,bayesian,1.0,1.0,0.05,5000,1.0,1.1,3
2,187,1,bayesian,1.0,1.0,0.05,5000,1.0,1.1,3
2,188,1,bayesian,1.0,1.0,0.05,5000,1.0,1.1,2
2,189,1,bayesian,1.0,1.0,0.05,5000,1.0,1.1,2
2,190,1,bayesian,1.0,1.0,0.05,5000,1.0,1.1,3
2,191,1,bayesian,1.0,1.0,0.05,5000,1.0,1.1,2
2,192,1,bayesian,1.0,1.0,0.05,5000,1.0,1.1,3
2,193,1,bayesian,1.0,1.0,0.05,5000,1.0,1.1,2
2,194,1,bayesian,1.0,1.0,0.05,5000,1.0,1.1,2
2,195,1,bayesian,1.0,1.0,0.05,5000,1.0,1.1,5
2,196,1,bayesian,1.0,1.0,0.05,5000,1.0,1.1,3
2,197,1,bayesian,1.0,1.0,0.05,5000,1.0,1.1,2
2,198,1,bayesian,1.0,1.0,0.05,5000,1.0,1.1,3
2,199,1,bayesian,1.0,1.0,0.05,5000,1.0,1.1,2
2,200,1,bayesian,1.0,1.0,0.05,5000,1.0,1.1,4
3,1,1,bayesian,1.0,1.0,0.05,5000,1.0,1.0,56
3,2,1,bayesian,1.0,1.0,0.05,5000,1.0,1.0,57
3,3,1,bayesian,1.0,1.0,0.05,5000,1.0,1.0,19
3,4,1,bayesian,1.0,1.0,0.05,5000,1.0,1.0,77
3,5,1,bayesian,1.0,1.0,0.05,5000,1.0,1.0,16
3,6,1,bayesian,1.0,1.0,0.05,5000,1.0,1.0,36
3,7,1,bayesian,1.0,1.0,0.05,5000,1.0,1.0,54
3,8,1,bayesian,1.0,1.0,0.05,5000,1.0,1.0,65
3,9,1,bayesian,1.0,1.0,0.05,5000,1.0,1.0,27
3,10,1,bayesian,1.0,1.0,0.05,5000,1.0,1.0,14
3,11,1,bayesian,1.0,1.0,0.05,5000,1.0,1.0,183
3,12,1,bayesian,1.0,1.0,0.05,5000,1.0,1.0,19
3,13,1,bayesian,1.0,1.0,0.05,5000,1.0,1.0,79
3,14,1,bayesian,1.0,1.0,0.05,5000,1.0,1.0,19
3,15,1,bayesian,1.0,1.0,0.05,5000,1.0,1.0,31
3,16,1,bayesian,1.0,1.0,0.05,5000,1.0,1.0,19
3,17,1,bayesian,1.0,1.0,0.05,5000,1.0,1.0,39
3,18,1,bayesian,1.0,1.0,0.05,5000,1.0,1.0,164
3,19,1,bayesian,1.0,1.0,0.05,5000,1.0,1.0,19
3,20,1,bayesian,1.0,1.0,0.05,5000,1.0,1.0,18
3,21,1,bayesian,1.0,1.0,0.05,5000,1.0,1.0,14
3,22,1,bayesian,1.0,1.0,0.05,5000,1.0,1.0,21
3,23,1,bayesian,1.0,1.0,0.05,5000,1.0,1.0,123
3,24,1,bayesian,1.0,1.0,0.05,5000,1.0,1.0,19
3,25,1,bayesian,1.0,1.0,0.05,5000,1.0,1.0,24
3,26,1,bayesian,1.0,1.0,0.05,5000,1.0,1.0,24
3,27,1,bayesian,1.0,1.0,0.05,5000,1.0,1.0,27
3,28,1,bayesian,1.0,1.0,0.05,5000,1.0,1.0,15
3,29,1,bayesian,1.0,1.0,0.05,5000,1.0,1.0,92
3,30,1,bayesian,1.0,1.0,0.05,5000,1.0,1.0,39
3,31,1,bayesian,1.0,1.0,0.05,5000,1.0,1.0,345
3,32,1,bayesian,1.0,1.0,0.05,5000,1.0,1.0,18
3,33,1,bayesian,1.0,1.0,0.05,5000,1.0,1.0,17
3,34,1,bayesian,1.0,1.0,0.05,5000,1.0,1.0,36
3,35,1,bayesian,1.0,1.0,0.05,5000,1.0,1.0,22
3,36,1,bayesian,1.0,1.0,0.05,5000,1.0,1.0,21
3,37,1,bayesian,1.0,1.0,0.05,5000,1.0,1.0,144
3,38,1,bayesian,1.0,1.0,0.05,5000,1.0,1.0,13
3,39,1,bayesian,1.0,1.0,0.05,5000,1.0,1.0,93
3,40,1,bayesian,1.0,1.0,0.05,5000,1.0,1.0,62
3,41,1,bayesian,1.0,1.0,0.05,5000,1.0,1.0,93
3,42,1,bayesian,1.0,1.0,0.05,5000,1.0,1.0,52
3,43,1,bayesian,1.0,1.0,0.05,5000,1.0,1.0,22
3,44,1,bayesian,1.0,1.0,0.05,5000,1.0,1.0,31
3,45,1,bayesian,1.0,1.0,0.05,5000,1.0,1.0,151
3,46,1,bayesian,1.0,1.0,0.05,5000,1.0,1.0,61
3,47,1,bayesian,1.0,1.0,0.05,5000,1.0,1.0,41
3,48,1,bayesian,1.0,1.0,0.05,5000,1.0,1.0,41
3,49,1,bayesian,1.0,1.0,0.05,5000,1.0,1.0,81
3,50,1,bayesian,1.0,1.0,0.05,5000,1.0,1.0,33
3,51,1,bayesian,1.0,1.0,0.05,5000,1.0,1.0,86
3,52,1,bayesian,1.0,1.0,0.05,5000,1.0,1.0,19
3,53,1,bayesian,1.0,1.0,0.05,5000,1.0,1.0,41
3,54,1,bayesian,1.0,1.0,0.05,5000,1.0,1.0,71
3,55,1,bayesian,1.0,1.0,0.05,5000,1.0,1.0,262
3,56,1,bayesian,1.0,1.0,0.05,5000,1.0,1.0,33
3,57,1,bayesian,1.0,1.0,0.05,5000,1.0,1.0,28
3,58,1,bayesian,1.0,1.0,0.05,5000,1.0,1.0,18
3,59,1,bayesian,1.0,1.0,0.05,5000,1.0,1.0,106
3,60,1,bayesian,1.0,1.0,0.05,5000,1.0,1.0,96
3,61,1,bayesian,1.0,1.0,0.05,5000,1.0,1.0,42
3,62,1,bayesian,1.0,1.0,0.05,5000,1.0,1.0,16
3,63,1,bayesian,1.0,1.0,0.05,5000,1.0,1.0,34
3,64,1,bayesian,1.0,1.0,0.05,5000,1.0,1.0,205
3,65,1,bayesian,1.0,1.0,0.05,5000,1.0,1.0,30
3,66,1,bayesian,1.0,1.0,0.05,5000,1.0,1.0,150
3,67,1,bayesian,1.0,1.0,0.05,5000,1.0,1.0,63
3,68,1,bayesian,1.0,1.0,0.05,5000,1.0,1.0,23
3,69,1,bayesian,1.0,1.0,0.05,5000,1.0,1.0,44
3,70,1,bayesian,1.0,1.0,0.05,5000,1.0,1.0,81
3,71,1,bayesian,1.0,1.0,0.05,5000,1.0,1.0,15
3,72,1,bayesian,1.0,1.0,0.05,5000,1.0,1.0,35
3,73,1,bayesian,1.0,1.0,0.05,5000,1.0,1.0,36
3,74,1,bayesian,1.0,1.0,0.05,5000,1.0,1.0,14
3,75,1,bayesian,1.0,1.0,0.05,5000,1.0,1.0,253
3,76,1,bayesian,1.0,1.0,0.05,5000,1.0,1.0,141
3,77,1,bayesian,1.0,1.0,0.05,5000,1.0,1.0,77
3,78,1,bayesian,1.0,1.0,0.05,5000,1.0,1.0,27
3,79,1,bayesian,1.0,1.0,0.05,5000,1.0,1.0,69
3,80,1,bayesian,1.0,1.0,0.05,5000,1.0,1.0,91
3,81,1,bayesian,1.0,1.0,0.05,5000,1.0,1.0,446
3,82,1,bayesian,1.0,1.0,0.05,5000,1.0,1.0,14
3,83,1,bayesian,1.0,1.0,0.05,5000,1.0,1.0,100
3,84,1,bayesian,1.0,1.0,0.05,5000,1.0,1.0,25
3,85,1,bayesian,1.0,1.0,0.05,5000,1.0,1.0,46
3,86,1,bayesian,1.0,1.0,0.05,5000,1.0,1.0,24
3,87,1,bayesian,1.0,1.0,0.05,5000,1.0,1.0,23
3,88,1,bayesian,1.0,1.0,0.05,5000,1.0,1.0,76
3,89,1,bayesian,1.0,1.0,0.05,5000,1.0,1.0,22
3,90,1,bayesian,1.0,1.0,0.05,5000,1.0,1.0,182
3,91,1,bayesian,1.0,1.0,0.05,5000,1.0,1.0,39
3,92,1,bayesian,1.0,1.0,0.05,5000,1.0,1.0,26
3,93,1,bayesian,1.0,1.0,0.05,5000,1.0,1.0,59
3,94,1,bayesian,1.0,1.0,0.05,5000,1.0,1.0,170
3,95,1,bayesian,1.0,1.0,0.05,5000,1.0,1.0,64
3,96,1,bayesian,1.0,1.0,0.05,5000,1.0,1.0,160
3,97,1,bayesian,1.0,1.0,0.05,5000,1.0,1.0,209
3,98,1,bayesian,1.0,1.0,0.05,5000,1.0,1.0,29
3,99,1,bayesian,1.0,1.0,0.05,5000,1.0,1.0,186
3,100,1,bayesian,1.0,1.0,0.05,5000,1.0,1.0,21
3,101,1,bayesian,1.0,1.0,0.05,5000,1.0,1.0,40
3,102,1,bayesian,1.0,1.0,0.05,5000,1.0,1.0,23
3,103,1,bayesian,1.0,1.0,0.05,5000,1.0,1.0,22
3,104,1,bayesian,1.0,1.0,0.05,5000,1.0,1.0,53
3,105,1,bayesian,1.0,1.0,0.05,5000,1.0,1.0,25
3,106,1,bayesian,1.0,1.0,0.05,5000,1.0,1.0,29
3,107,1,bayesian,1.0,1.0,0.05,5000,1.0,1.0,18
3,108,1,bayesian,1.0,1.0,0.05,5000,1.0,1.0,21
3,109,1,bayesian,1.0,1.0,0.05,5000,1.0,1.0,33
3,110,1,bayesian,1.0,1.0,0.05,5000,1.0,1.0,33
3,111,1,bayesian,1.0,1.0,0.05,5000,1.0,1.0,35
3,112,1,bayesian,1.0,1.0,0.05,5000,1.0,1.0,94
3,113,1,bayesian,1.0,1.0,0.05,5000,1.0,1.0,54
3,114,1,bayesian,1.0,1.0,0.05,5000,1.0,1.0,21
3,115,1,bayesian,1.0,1.0,0.05,5000,1.0,1.0,176
3,116,1,bayesian,1.0,1.0,0.05,5000,1.0,1.0,33
3,117,1,bayesian,1.0,1.0,0.05,5000,1.0,1.0,23
3,118,1,bayesian,1.0,1.0,0.05,5000,1.0,1.0,38
3,119,1,bayesian,1.0,1.0,0.05,5000,1.0,1.0,28
3,120,1,bayesian,1.0,1.0,0.05,5000,1.0,1.0,52
3,121,1,bayesian,1.0,1.0,0.05,5000,1.0,1.0,40
3,122,1,bayesian,1.0,1.0,0.05,5000,1.0,1.0,79
3,123,1,bayesian,1.0,1.0,0.05,5000,1.0,1.0,67
3,124,1,bayesian,1.0,1.0,0.05,5000,1.0,1.0,21
3,125,1,bayesian,1.0,1.0,0.05,5000,1.0,1.0,705
3,126,1,bayesian,1.0,1.0,0.05,5000,1.0,1.0,59
3,127,1,bayesian,1.0,1.0,0.05,5000,1.0,1.0,20
3,128,1,bayesian,1.0,1.0,0.05,5000,1.0,1.0,17
3,129,1,bayesian,1.0,1.0,0.05,5000,1.0,1.0,17
3,130,1,bayesian,1.0,1.0,0.05,5000,1.0,1.0,21
3,131,1,bayesian,1.0,1.0,0.05,5000,1.0,1.0,15
3,132,1,bayesian,1.0,1.0,0.05,5000,1.0,1.0,194
3,133,1,bayesian,1.0,1.0,0.05,5000,1.0,1.0,19
3,134,1,bayesian,1.0,1.0,0.05,5000,1.0,1.0,23
3,135,1,bayesian,1.0,1.0,0.05,5000,1.0,1.0,49
3,136,1,bayesian,1.0,1.0,0.05,5000,1.0,1.0,44
3,137,1,bayesian,1.0,1.0,0.05,5000,1.0,1.0,49
3,138,1,bayesian,1.0,1.0,0.05,5000,1.0,1.0,123
3,139,1,bayesian,1.0,1.0,0.05,5000,1.0,1.0,42
3,140,1,bayesian,1.0,1.0,0.05,5000,1.0,1.0,27
3,141,1,bayesian,1.0,1.0,0.05,5000,1.0,1.0,69
3,142,1,bayesian,1.0,1.0,0.05,5000,1.0,1.0,31
3,143,1,bayesian,1.0,1.0,0.05,5000,1.0,1.0,52
3,144,1,bayesian,1.0,1.0,0.05,5000,1.0,1.0,19
3,145,1,bayesian,1.0,1.0,0.05,5000,1.0,1.0,24
3,146,1,bayesian,1.0,1.0,0.05,5000,1.0,1.0,29
3,147,1,bayesian,1.0,1.0,0.05,5000,1.0,1.0,22
3,148,1,bayesian,1.0,1.0,0.05,5000,1.0,1.0,34
3,149,1,bayesian,1.0,1.0,0.05,5000,1.0,1.0,81
3,150,1,bayesian,1.0,1.0,0.05,5000,1.0,1.0,243
3,151,1,bayesian,1.0,1.0,0.05,5000,1.0,1.0,122
3,152,1,bayesian,1.0,1.0,0.05,5000,1.0,1.0,17
3,153,1,bayesian,1.0,1.0,0.05,5000,1.0,1.0,52
3,154,1,bayesian,1.0,1.0,0.05,5000,1.0,1.0,18
3,155,1,bayesian,1.0,1.0,0.05,5000,1.0,1.0,61
3,156,1,bayesian,1.0,1.0,0.05,5000,1.0,1.0,70
3,157,1,bayesian,1.0,1.0,0.05,5000,1.0,1.0,29
3,158,1,bayesian,1.0,1.0,0.05,5000,1.0,1.0,14
3,159,1,bayesian,1.0,1.0,0.05,5000,1.0,1.0,20
3,160,1,bayesian,1.0,1.0,0.05,5000,1.0,1.0,71
3,161,1,bayesian,1.0,1.0,0.05,5000,1.0,1.0,97
3,162,1,bayesian,1.0,1.0,0.05,5000,1.0,1.0,21
3,163,1,bayesian,1.0,1.0,0.05,5000,1.0,1.0,1
3,164,1,bayesian,1.0,1.0,0.05,5000,1.0,1.0,22
3,165,1,bayesian,1.0,1.0,0.05,5000,1.0,1.0,38
3,166,1,bayesian,1.0,1.0,0.05,5000,1.0,1.0,32
3,167,1,bayesian,1.0,1.0,0.05,5000,1.0,1.0,60
3,168,1,bayesian,1.0,1.0,0.05,5000,1.0,1.0,33
3,169,1,bayesian,1.0,1.0,0.05,5000,1.0,1.0,36
3,170,1,bayesian,1.0,1.0,0.05,5000,1.0,1.0,100
3,171,1,bayesian,1.0,1.0,0.05,5000,1.0,1.0,18
3,172,1,bayesian,1.0,1.0,0.05,5000,1.0,1.0,98
3,173,1,bayesian,1.0,1.0,0.05,5000,1.0,1.0,25
3,174,1,bayesian,1.0,1.0,0.05,5000,1.0,1.0,507
3,175,1,bayesian,1.0,1.0,0.05,5000,1.0,1.0,28
3,176,1,bayesian,1.0,1.0,0.05,5000,1.0,1.0,36
3,177,1,bayesian,1.0,1.0,0.05,5000,1.0,1.0,26
3,178,1,bayesian,1.0,1.0,0.05,5000,1.0,1.0,51
3,179,1,bayesian,1.0,1.0,0.05,5000,1.0,1.0,22
3,180,1,bayesian,1.0,1.0,0.05,5000,1.0,1.0,121
3,181,1,bayesian,1.0,1.0,0.05,5000,1.0,1.0,14
3,182,1,bayesian,1.0,1.0,0.05,5000,1.0,1.0,171
3,183,1,bayesian,1.0,1.0,0.05,5000,1.0,1.0,102
3,184,1,bayesian,1.0,1.0,0.05,5000,1.0,1.0,29
3,185,1,bayesian,1.0,1.0,0.05,5000,1.0,1.0,160
3,186,1,bayesian,1.0,1.0,0.05,5000,1.0,1.0,44
3,187,1,bayesian,1.0,1.0,0.05,5000,1.0,1.0,48
3,188,1,bayesian,1.0,1.0,0.05,5000,1.0,1.0,85
3,189,1,bayesian,1.0,1.0,0.05,5000,1.0,1.0,121
3,190,1,bayesian,1.0,1.0,0.05,5000,1.0,1.0,55
3,191,1,bayesian,1.0,1.0,0.05,5000,1.0,1.0,13
3,192,1,bayesian,1.0,1.0,0.05,5000,1.0,1.0,43
3,193,1,bayesian,1.0,1.0,0.05,5000,1.0,1.0,41
3,194,1,bayesian,1.0,1.0,0.05,5000,1.0,1.0,16
3,195,1,bayesian,1.0,1.0,0.05,5000,1.0,1.0,47
3,196,1,bayesian,1.0,1.0,0.05,5000,1.0,1.0,45
3,197,1,bayesian,1.0,1.0,0.05,5000,1.0,1.0,19
3,198,1,bayesian,1.0,1.0,0.05,5000,1.0,1.0,27
3,199,1,bayesian,1.0,1.0,0.05,5000,1.0,1.0,24
3,200,1,bayesian,1.0,1.0,0.05,5000,1.0,1.0,70
3,1,1,bayesian,1.0,1.0,0.05,5000,1.0,1.025,17
3,2,1,bayesian,1.0,1.0,0.05,5000,1.0,1.025,15
3,3,1,bayesian,1.0,1.0,0.05,5000,1.0,1.025,77
3,4,1,bayesian,1.0,1.0,0.05,5000,1.0,1.025,82
3,5,1,bayesian,1.0,1.0,0.05,5000,1.0,1.025,355
3,6,1,bayesian,1.0,1.0,0.05,5000,1.0,1.025,198
3,7,1,bayesian,1.0,1.0,0.05,5000,1.0,1.025,16
3,8,1,bayesian,1.0,1.0,0.05,5000,1.0,1.025,12
3,9,1,bayesian,1.0,1.0,0.05,5000,1.0,1.025,68
3,10,1,bayesian,1.0,1.0,0.05,5000,1.0,1.025,20
3,11,1,bayesian,1.0,1.0,0.05,5000,1.0,1.025,21
3,12,1,bayesian,1.0,1.0,0.05,5000,1.0,1.025,229
3,13,1,bayesian,1.0,1.0,0.05,5000,1.0,1.025,35
3,14,1,bayesian,1.0,1.0,0.05,5000,1.0,1.025,35
3,15,1,bayesian,1.0,1.0,0.05,5000,1.0,1.025,57
3,16,1,bayesian,1.0,1.0,0.05,5000,1.0,1.025,105
3,17,1,bayesian,1.0,1.0,0.05,5000,1.0,1.025,39
3,18,1,bayesian,1.0,1.0,0.05,5000,1.0,1.025,85
3,19,1,bayesian,1.0,1.0,0.05,5000,1.0,1.025,157
3,20,1,bayesian,1.0,1.0,0.05,5000,1.0,1.025,37
3,21,1,bayesian,1.0,1.0,0.05,5000,1.0,1.025,38
3,22,1,bayesian,1.0,1.0,0.05,5000,1.0,1.025,32
3,23,1,bayesian,1.0,1.0,0.05,5000,1.0,1.025,18
3,24,1,bayesian,1.0,1.0,0.05,5000,1.0,1.025,14
3,25,1,bayesian,1.0,1.0,0.05,5000,1.0,1.025,53
3,26,1,bayesian,1.0,1.0,0.05,5000,1.0,1.025,16
3,27,1,bayesian,1.0,1.0,0.05,5000,1.0,1.025,20
3,28,1,bayesian,1.0,1.0,0.05,5000,1.0,1.025,63
3,29,1,bayesian,1.0,1.0,0.05,5000,1.0,1.025,52
3,30,1,bayesian,1.0,1.0,0.05,5000,1.0,1.025,18
3,31,1,bayesian,1.0,1.0,0.05,5000,1.0,1.025,39
3,32,1,bayesian,1.0,1.0,0.05,5000,1.0,1.025,54
3,33,1,bayesian,1.0,1.0,0.05,5000,1.0,1.025,360
3,34,1,bayesian,1.0,1.0,0.05,5000,1.0,1.025,55
3,35,1,bayesian,1.0,1.0,0.05,5000,1.0,1.025,26
3,36,1,bayesian,1.0,1.0,0.05,5000,1.0,1.025,31
3,37,1,bayesian,1.0,1.0,0.05,5000,1.0,1.025,15
3,38,1,bayesian,1.0,1.0,0.05,5000,1.0,1.025,96
3,39,1,bayesian,1.0,1.0,0.05,5000,1.0,1.025,46
3,40,1,bayesian,1.0,1.0,0.05,5000,1.0,1.025,80
3,41,1,bayesian,1.0,1.0,0.05,5000,1.0,1.025,97
3,42,1,bayesian,1.0,1.0,0.05,5000,1.0,1.025,53
3,43,1,bayesian,1.0,1.0,0.05,5000,1.0,1.025,30
3,44,1,bayesian,1.0,1.0,0.05,5000,1.0,1.025,25
3,45,1,bayesian,1.0,1.0,0.05,5000,1.0,1.025,18
3,46,1,bayesian,1.0,1.0,0.05,5000,1.0,1.025,108
3,47,1,bayesian,1.0,1.0,0.05,5000,1.0,1.025,186
3,48,1,bayesian,1.0,1.0,0.05,5000,1.0,1.025,87
3,49,1,bayesian,1.0,1.0,0.05,5000,1.0,1.025,197
3,50,1,bayesian,1.0,1.0,0.05,5000,1.0,1.025,25
3,51,1,bayesian,1.0,1.0,0.05,5000,1.0,1.025,45
3,52,1,bayesian,1.0,1.0,0.05,5000,1.0,1.025,23
3,53,1,bayesian,1.0,1.0,0.05,5000,1.0,1.025,153
3,54,1,bayesian,1.0,1.0,0.05,5000,1.0,1.025,29
3,55,1,bayesian,1.0,1.0,0.05,5000,1.0,1.025,166
3,56,1,bayesian,1.0,1.0,0.05,5000,1.0,1.025,13
3,57,1,bayesian,1.0,1.0,0.05,5000,1.0,1.025,48
3,58,1,bayesian,1.0,1.0,0.05,5000,1.0,1.025,34
3,59,1,bayesian,1.0,1.0,0.05,5000,1.0,1.025,51
3,60,1,bayesian,1.0,1.0,0.05,5000,1.0,1.025,65
3,61,1,bayesian,1.0,1.0,0.05,5000,1.0,1.025,81
3,62,1,bayesian,1.0,1.0,0.05,5000,1.0,1.025,53
3,63,1,bayesian,1.0,1.0,0.05,5000,1.0,1.025,59
3,64,1,bayesian,1.0,1.0,0.05,5000,1.0,1.025,51
3,65,1,bayesian,1.0,1.0,0.05,5000,1.0,1.025,57
3,66,1,bayesian,1.0,1.0,0.05,5000,1.0,1.025,32
3,67,1,bayesian,1.0,1.0,0.05,5000,1.0,1.025,26
3,68,1,bayesian,1.0,1.0,0.05,5000,1.0,1.025,26
3,69,1,bayesian,1.0,1.0,0.05,5000,1.0,1.025,16
3,70,1,bayesian,1.0,1.0,0.05,5000,1.0,1.025,23
3,71,1,bayesian,1.0,1.0,0.05,5000,1.0,1.025,66
3,72,1,bayesian,1.0,1.0,0.05,5000,1.0,1.025,26
3,73,1,bayesian,1.0,1.0,0.05,5000,1.0,1.025,33
3,74,1,bayesian,1.0,1.0,0.05,5000,1.0,1.025,14
3,75,1,bayesian,1.0,1.0,0.05,5000,1.0,1.025,69
3,76,1,bayesian,1.0,1.0,0.05,5000,1.0,1.025,49
3,77,1,bayesian,1.0,1.0,0.05,5000,1.0,1.025,23
3,78,1,bayesian,1.0,1.0,0.05,5000,1.0,1.025,19
3,79,1,bayesian,1.0,1.0,0.05,5000,1.0,1.025,74
3,80,1,bayesian,1.0,1.0,0.05,5000,1.0,1.025,15
3,81,1,bayesian,1.0,1.0,0.05,5000,1.0,1.025,32
3,82,1,bayesian,1.0,1.0,0.05,5000,1.0,1.025,80
3,83,1,bayesian,1.0,1.0,0.05,5000,1.0,1.025,44
3,84,1,bayesian,1.0,1.0,0.05,5000,1.0,1.025,22
3,85,1,bayesian,1.0,1.0,0.05,5000,1.0,1.025,96
3,86,1,bayesian,1.0,1.0,0.05,5000,1.0,1.025,34
3,87,1,bayesian,1.0,1.0,0.05,5000,1.0,1.025,24
3,88,1,bayesian,1.0,1.0,0.05,5000,1.0,1.025,47
3,89,1,bayesian,1.0,1.0,0.05,5000,1.0,1.025,24
3,90,1,bayesian,1.0,1.0,0.05,5000,1.0,1.025,38
3,91,1,bayesian,1.0,1.0,0.05,5000,1.0,1.025,61
3,92,1,bayesian,1.0,1.0,0.05,5000,1.0,1.025,18
3,93,1,bayesian,1.0,1.0,0.05,5000,1.0,1.025,37
3,94,1,bayesian,1.0,1.0,0.05,5000,1.0,1.025,77
3,95,1,bayesian,1.0,1.0,0.05,5000,1.0,1.025,245
3,96,1,bayesian,1.0,1.0,0.05,5000,1.0,1.025,25
3,97,1,bayesian,1.0,1.0,0.05,5000,1.0,1.025,23
3,98,1,bayesian,1.0,1.0,0.05,5000,1.0,1.025,20
3,99,1,bayesian,1.0,1.0,0.05,5000,1.0,1.025,32
3,100,1,bayesian,1.0,1.0,0.05,5000,1.0,1.025,28
3,101,1,bayesian,1.0,1.0,0.05,5000,1.0,1.025,135
3,102,1,bayesian,1.0,1.0,0.05,5000,1.0,1.025,98
3,103,1,bayesian,1.0,1.0,0.05,5000,1.0,1.025,47
3,104,1,bayesian,1.0,1.0,0.05,5000,1.0,1.025,77
3,105,1,bayesian,1.0,1.0,0.05,5000,1.0,1.025,22
3,106,1,bayesian,1.0,1.0,0.05,5000,1.0,1.025,153
3,107,1,bayesian,1.0,1.0,0.05,5000,1.0,1.025,19
3,108,1,bayesian,1.0,1.0,0.05,5000,1.0,1.025,34
3,109,1,bayesian,1.0,1.0,0.05,5000,1.0,1.025,14
3,110,1,bayesian,1.0,1.0,0.05,5000,1.0,1.025,74
3,111,1,bayesian,1.0,1.0,0.05,5000,1.0,1.025,65
3,112,1,bayesian,1.0,1.0,0.05,5000,1.0,1.025,171
3,113,1,bayesian,1.0,1.0,0.05,5000,1.0,1.025,46
3,114,1,bayesian,1.0,1.0,0.05,5000,1.0,1.025,102
3,115,1,bayesian,1.0,1.0,0.05,5000,1.0,1.025,41
3,116,1,bayesian,1.0,1.0,0.05,5000,1.0,1.025,23
3,117,1,bayesian,1.0,1.0,0.05,5000,1.0,1.025,22
3,118,1,bayesian,1.0,1.0,0.05,5000,1.0,1.025,30
3,119,1,bayesian,1.0,1.0,0.05,5000,1.0,1.025,33
3,120,1,bayesian,1.0,1.0,0.05,5000,1.0,1.025,17
3,121,1,bayesian,1.0,1.0,0.05,5000,1.0,1.025,30
3,122,1,bayesian,1.0,1.0,0.05,5000,1.0,1.025,15
3,123,1,bayesian,1.0,1.0,0.05,5000,1.0,1.025,25
3,124,1,bayesian,1.0,1.0,0.05,5000,1.0,1.025,18
3,125,1,bayesian,1.0,1.0,0.05,5000,1.0,1.025,27
3,126,1,bayesian,1.0,1.0,0.05,5000,1.0,1.025,18
3,127,1,bayesian,1.0,1.0,0.05,5000,1.0,1.025,97
3,128,1,bayesian,1.0,1.0,0.05,5000,1.0,1.025,26
3,129,1,bayesian,1.0,1.0,0.05,5000,1.0,1.025,24
3,130,1,bayesian,1.0,1.0,0.05,5000,1.0,1.025,86
3,131,1,bayesian,1.0,1.0,0.05,5000,1.0,1.025,42
3,132,1,bayesian,1.0,1.0,0.05,5000,1.0,1.025,19
3,133,1,bayesian,1.0,1.0,0.05,5000,1.0,1.025,18
3,134,1,bayesian,1.0,1.0,0.05,5000,1.0,1.025,20
3,135,1,bayesian,1.0,1.0,0.05,5000,1.0,1.025,71
3,136,1,bayesian,1.0,1.0,0.05,5000,1.0,1.025,49
3,137,1,bayesian,1.0,1.0,0.05,5000,1.0,1.025,210
3,138,1,bayesian,1.0,1.0,0.05,5000,1.0,1.025,115
3,139,1,bayesian,1.0,1.0,0.05,5000,1.0,1.025,18
3,140,1,bayesian,1.0,1.0,0.05,5000,1.0,1.025,52
3,141,1,bayesian,1.0,1.0,0.05,5000,1.0,1.025,39
3,142,1,bayesian,1.0,1.0,0.05,5000,1.0,1.025,20
3,143,1,bayesian,1.0,1.0,0.05,5000,1.0,1.025,53
3,144,1,bayesian,1.0,1.0,0.05,5000,1.0,1.025,20
3,145,1,bayesian,1.0,1.0,0.05,5000,1.0,1.025,33
3,146,1,bayesian,1.0,1.0,0.05,5000,1.0,1.025,38
3,147,1,bayesian,1.0,1.0,0.05,5000,1.0,1.025,41
3,148,1,bayesian,1.0,1.0,0.05,5000,1.0,1.025,100
3,149,1,bayesian,1.0,1.0,0.05,5000,1.0,1.025,29
3,150,1,bayesian,1.0,1.0,0.05,5000,1.0,1.025,51
3,151,1,bayesian,1.0,1.0,0.05,5000,1.0,1.025,45
3,152,1,bayesian,1.0,1.0,0.05,5000,1.0,1.025,50
3,153,1,bayesian,1.0,1.0,0.05,5000,1.0,1.025,55
3,154,1,bayesian,1.0,1.0,0.05,5000,1.0,1.025,21
3,155,1,bayesian,1.0,1.0,0.05,5000,1.0,1.025,26
3,156,1,bayesian,1.0,1.0,0.05,5000,1.0,1.025,101
3,157,1,bayesian,1.0,1.0,0.05,5000,1.0,1.025,18
3,158,1,bayesian,1.0,1.0,0.05,5000,1.0,1.025,25
3,159,1,bayesian,1.0,1.0,0.05,5000,1.0,1.025,100
3,160,1,bayesian,1.0,1.0,0.05,5000,1.0,1.025,27
3,161,1,bayesian,1.0,1.0,0.05,5000,1.0,1.025,21
3,162,1,bayesian,1.0,1.0,0.05,5000,1.0,1.025,19
3,163,1,bayesian,1.0,1.0,0.05,5000,1.0,1.025,1
3,164,1,bayesian,1.0,1.0,0.05,5000,1.0,1.025,169
3,165,1,bayesian,1.0,1.0,0.05,5000,1.0,1.025,38
3,166,1,bayesian,1.0,1.0,0.05,5000,1.0,1.025,164
3,167,1,bayesian,1.0,1.0,0.05,5000,1.0,1.025,126
3,168,1,bayesian,1.0,1.0,0.05,5000,1.0,1.025,49
3,169,1,bayesian,1.0,1.0,0.05,5000,1.0,1.025,221
3,170,1,bayesian,1.0,1.0,0.05,5000,1.0,1.025,103
3,171,1,bayesian,1.0,1.0,0.05,5000,1.0,1.025,51
3,172,1,bayesian,1.0,1.0,0.05,5000,1.0,1.025,24
3,173,1,bayesian,1.0,1.0,0.05,5000,1.0,1.025,23
3,174,1,bayesian,1.0,1.0,0.05,5000,1.0,1.025,26
3,175,1,bayesian,1.0,1.0,0.05,5000,1.0,1.025,23
3,176,1,bayesian,1.0,1.0,0.05,5000,1.0,1.025,79
3,177,1,bayesian,1.0,1.0,0.05,5000,1.0,1.025,21
3,178,1,bayesian,1.0,1.0,0.05,5000,1.0,1.025,16
3,179,1,bayesian,1.0,1.0,0.05,5000,1.0,1.025,26
3,180,1,bayesian,1.0,1.0,0.05,5000,1.0,1.025,141
3,181,1,bayesian,1.0,1.0,0.05,5000,1.0,1.025,98
3,182,1,bayesian,1.0,1.0,0.05,5000,1.0,1.025,13
3,183,1,bayesian,1.0,1.0,0.05,5000,1.0,1.025,62
3,184,1,bayesian,1.0,1.0,0.05,5000,1.0,1.025,29
3,185,1,bayesian,1.0,1.0,0.05,5000,1.0,1.025,24
3,186,1,bayesian,1.0,1.0,0.05,5000,1.0,1.025,18
3,187,1,bayesian,1.0,1.0,0.05,5000,1.0,1.025,16
3,188,1,bayesian,1.0,1.0,0.05,5000,1.0,1.025,203
3,189,1,bayesian,1.0,1.0,0.05,5000,1.0,1.025,40
3,190,1,bayesian,1.0,1.0,0.05,5000,1.0,1.025,49
3,191,1,bayesian,1.0,1.0,0.05,5000,1.0,1.025,36
3,192,1,bayesian,1.0,1.0,0.05,5000,1.0,1.025,55
3,193,1,bayesian,1.0,1.0,0.05,5000,1.0,1.025,106
3,194,1,bayesian,1.0,1.0,0.05,5000,1.0,1.025,19
3,195,1,bayesian,1.0,1.0,0.05,5000,1.0,1.025,61
3,196,1,bayesian,1.0,1.0,0.05,5000,1.0,1.025,31
3,197,1,bayesian,1.0,1.0,0.05,5000,1.0,1.025,50
3,198,1,bayesian,1.0,1.0,0.05,5000,1.0,1.025,15
3,199,1,bayesian,1.0,1.0,0.05,5000,1.0,1.025,25
3,200,1,bayesian,1.0,1.0,0.05,5000,1.0,1.025,194
3,1,1,bayesian,1.0,1.0,0.05,5000,1.0,1.05,72
3,2,1,bayesian,1.0,1.0,0.05,5000,1.0,1.05,25
3,3,1,bayesian,1.0,1.0,0.05,5000,1.0,1.05,32
3,4,1,bayesian,1.0,1.0,0.05,5000,1.0,1.05,22
3,5,1,bayesian,1.0,1.0,0.05,5000,1.0,1.05,72
3,6,1,bayesian,1.0,1.0,0.05,5000,1.0,1.05,32
3,7,1,bayesian,1.0,1.0,0.05,5000,1.0,1.05,15
3,8,1,bayesian,1.0,1.0,0.05,5000,1.0,1.05,38
3,9,1,bayesian,1.0,1.0,0.05,5000,1.0,1.05,31
3,10,1,bayesian,1.0,1.0,0.05,5000,1.0,1.05,12
3,11,1,bayesian,1.0,1.0,0.05,5000,1.0,1.05,22
3,12,1,bayesian,1.0,1.0,0.05,5000,1.0,1.05,78
3,13,1,bayesian,1.0,1.0,0.05,5000,1.0,1.05,90
3,14,1,bayesian,1.0,1.0,0.05,5000,1.0,1.05,78
3,15,1,bayesian,1.0,1.0,0.05,5000,1.0,1.05,62
3,16,1,bayesian,1.0,1.0,0.05,5000,1.0,1.05,170
3,17,1,bayesian,1.0,1.0,0.05,5000,1.0,1.05,44
3,18,1,bayesian,1.0,1.0,0.05,5000,1.0,1.05,638
3,19,1,bayesian,1.0,1.0,0.05,5000,1.0,1.05,19
3,20,1,bayesian,1.0,1.0,0.05,5000,1.0,1.05,220
3,21,1,bayesian,1.0,1.0,0.05,5000,1.0,1.05,64
3,22,1,bayesian,1.0,1.0,0.05,5000,1.0,1.05,21
3,23,1,bayesian,1.0,1.0,0.05,5000,1.0,1.05,226
3,24,1,bayesian,1.0,1.0,0.05,5000,1.0,1.05,80
3,25,1,bayesian,1.0,1.0,0.05,5000,1.0,1.05,73
3,26,1,bayesian,1.0,1.0,0.05,5000,1.0,1.05,29
3,27,1,bayesian,1.0,1.0,0.05,5000,1.0,1.05,114
3,28,1,bayesian,1.0,1.0,0.05,5000,1.0,1.05,61
3,29,1,bayesian,1.0,1.0,0.05,5000,1.0,1.05,120
3,30,1,bayesian,1.0,1.0,0.05,5000,1.0,1.05,78
3,31,1,bayesian,1.0,1.0,0.05,5000,1.0,1.05,16
3,32,1,bayesian,1.0,1.0,0.05,5000,1.0,1.05,31
3,33,1,bayesian,1.0,1.0,0.05,5000,1.0,1.05,24
3,34,1,bayesian,1.0,1.0,0.05,5000,1.0,1.05,43
3,35,1,bayesian,1.0,1.0,0.05,5000,1.0,1.05,23
3,36,1,bayesian,1.0,1.0,0.05,5000,1.0,1.05,32
3,37,1,bayesian,1.0,1.0,0.05,5000,1.0,1.05,283
3,38,1,bayesian,1.0,1.0,0.05,5000,1.0,1.05,14
3,39,1,bayesian,1.0,1.0,0.05,5000,1.0,1.05,74
3,40,1,bayesian,1.0,1.0,0.05,5000,1.0,1.05,36
3,41,1,bayesian,1.0,1.0,0.05,5000,1.0,1.05,61
3,42,1,bayesian,1.0,1.0,0.05,5000,1.0,1.05,35
3,43,1,bayesian,1.0,1.0,0.05,5000,1.0,1.05,19
3,44,1,bayesian,1.0,1.0,0.05,5000,1.0,1.05,363
3,45,1,bayesian,1.0,1.0,0.05,5000,1.0,1.05,42
3,46,1,bayesian,1.0,1.0,0.05,5000,1.0,1.05,16
3,47,1,bayesian,1.0,1.0,0.05,5000,1.0,1.05,23
3,48,1,bayesian,1.0,1.0,0.05,5000,1.0,1.05,237
3,49,1,bayesian,1.0,1.0,0.05,5000,1.0,1.05,296
3,50,1,bayesian,1.0,1.0,0.05,5000,1.0,1.05,30
3,51,1,bayesian,1.0,1.0,0.05,5000,1.0,1.05,66
3,52,1,bayesian,1.0,1.0,0.05,5000,1.0,1.05,53
3,53,1,bayesian,1.0,1.0,0.05,5000,1.0,1.05,85
3,54,1,bayesian,1.0,1.0,0.05,5000,1.0,1.05,88
3,55,1,bayesian,1.0,1.0,0.05,5000,1.0,1.05,54
3,56,1,bayesian,1.0,1.0,0.05,5000,1.0,1.05,284
3,57,1,bayesian,1.0,1.0,0.05,5000,1.0,1.05,52
3,58,1,bayesian,1.0,1.0,0.05,5000,1.0,1.05,39
3,59,1,bayesian,1.0,1.0,0.05,5000,1.0,1.05,65
3,60,1,bayesian,1.0,1.0,0.05,5000,1.0,1.05,81
3,61,1,bayesian,1.0,1.0,0.05,5000,1.0,1.05,28
3,62,1,bayesian,1.0,1.0,0.05,5000,1.0,1.05,27
3,63,1,bayesian,1.0,1.0,0.05,5000,1.0,1.05,47
3,64,1,bayesian,1.0,1.0,0.05,5000,1.0,1.05,16
3,65,1,bayesian,1.0,1.0,0.05,5000,1.0,1.05,29
3,66,1,bayesian,1.0,1.0,0.05,5000,1.0,1.05,22
3,67,1,bayesian,1.0,1.0,0.05,5000,1.0,1.05,180
3,68,1,bayesian,1.0,1.0,0.05,5000,1.0,1.05,33
3,69,1,bayesian,1.0,1.0,0.05,5000,1.0,1.05,41
3,70,1,bayesian,1.0,1.0,0.05,5000,1.0,1.05,47
3,71,1,bayesian,1.0,1.0,0.05,5000,1.0,1.05,50
3,72,1,bayesian,1.0,1.0,0.05,5000,1.0,1.05,24
3,73,1,bayesian,1.0,1.0,0.05,5000,1.0,1.05,35
3,74,1,bayesian,1.0,1.0,0.05,5000,1.0,1.05,39
3,75,1,bayesian,1.0,1.0,0.05,5000,1.0,1.05,35
3,76,1,bayesian,1.0,1.0,0.05,5000,1.0,1.05,137
3,77,1,bayesian,1.0,1.0,0.05,5000,1.0,1.05,42
3,78,1,bayesian,1.0,1.0,0.05,5000,1.0,1.05,67
3,79,1,bayesian,1.0,1.0,0.05,5000,1.0,1.05,206
3,80,1,bayesian,1.0,1.0,0.05,5000,1.0,1.05,33
3,81,1,bayesian,1.0,1.0,0.05,5000,1.0,1.05,95
3,82,1,bayesian,1.0,1.0,0.05,5000,1.0,1.05,34
3,83,1,bayesian,1.0,1.0,0.05,5000,1.0,1.05,50
3,84,1,bayesian,1.0,1.0,0.05,5000,1.0,1.05,57
3,85,1,bayesian,1.0,1.0,0.05,5000,1.0,1.05,69
3,86,1,bayesian,1.0,1.0,0.05,5000,1.0,1.05,38
3,87,1,bayesian,1.0,1.0,0.05,5000,1.0,1.05,27
3,88,1,bayesian,1.0,1.0,0.05,5000,1.0,1.05,22
3,89,1,bayesian,1.0,1.0,0.05,5000,1.0,1.05,126
3,90,1,bayesian,1.0,1.0,0.05,5000,1.0,1.05,133
3,91,1,bayesian,1.0,1.0,0.05,5000,1.0,1.05,13
3,92,1,bayesian,1.0,1.0,0.05,5000,1.0,1.05,55
3,93,1,bayesian,1.0,1.0,0.05,5000,1.0,1.05,65
3,94,1,bayesian,1.0,1.0,0.05,5000,1.0,1.05,275
3,95,1,bayesian,1.0,1.0,0.05,5000,1.0,1.05,78
3,96,1,bayesian,1.0,1.0,0.05,5000,1.0,1.05,56
3,97,1,bayesian,1.0,1.0,0.05,5000,1.0,1.05,97
3,98,1,bayesian,1.0,1.0,0.05,5000,1.0,1.05,19
3,99,1,bayesian,1.0,1.0,0.05,5000,1.0,1.05,35
3,100,1,bayesian,1.0,1.0,0.05,5000,1.0,1.05,141
3,101,1,bayesian,1.0,1.0,0.05,5000,1.0,1.05,19
3,102,1,bayesian,1.0,1.0,0.05,5000,1.0,1.05,458
3,103,1,bayesian,1.0,1.0,0.05,5000,1.0,1.05,29
3,104,1,bayesian,1.0,1.0,0.05,5000,1.0,1.05,37
3,105,1,bayesian,1.0,1.0,0.05,5000,1.0,1.05,44
3,106,1,bayesian,1.0,1.0,0.05,5000,1.0,1.05,162
3,107,1,bayesian,1.0,1.0,0.05,5000,1.0,1.05,34
3,108,1,bayesian,1.0,1.0,0.05,5000,1.0,1.05,15
3,109,1,bayesian,1.0,1.0,0.05,5000,1.0,1.05,41
3,110,1,bayesian,1.0,1.0,0.05,5000,1.0,1.05,33
3,111,1,bayesian,1.0,1.0,0.05,5000,1.0,1.05,113
3,112,1,bayesian,1.0,1.0,0.05,5000,1.0,1.05,22
3,113,1,bayesian,1.0,1.0,0.05,5000,1.0,1.05,163
3,114,1,bayesian,1.0,1.0,0.05,5000,1.0,1.05,33
3,115,1,bayesian,1.0,1.0,0.05,5000,1.0,1.05,37
3,116,1,bayesian,1.0,1.0,0.05,5000,1.0,1.05,158
3,117,1,bayesian,1.0,1.0,0.05,5000,1.0,1.05,47
3,118,1,bayesian,1.0,1.0,0.05,5000,1.0,1.05,85
3,119,1,bayesian,1.0,1.0,0.05,5000,1.0,1.05,23
3,120,1,bayesian,1.0,1.0,0.05,5000,1.0,1.05,181
3,121,1,bayesian,1.0,1.0,0.05,5000,1.0,1.05,60
3,122,1,bayesian,1.0,1.0,0.05,5000,1.0,1.05,74
3,123,1,bayesian,1.0,1.0,0.05,5000,1.0,1.05,44
3,124,1,bayesian,1.0,1.0,0.05,5000,1.0,1.05,17
3,125,1,bayesian,1.0,1.0,0.05,5000,1.0,1.05,27
3,126,1,bayesian,1.0,1.0,0.05,5000,1.0,1.05,22
3,127,1,bayesian,1.0,1.0,0.05,5000,1.0,1.05,113
3,128,1,bayesian,1.0,1.0,0.05,5000,1.0,1.05,174
3,129,1,bayesian,1.0,1.0,0.05,5000,1.0,1.05,86
3,130,1,bayesian,1.0,1.0,0.05,5000,1.0,1.05,15
3,131,1,bayesian,1.0,1.0,0.05,5000,1.0,1.05,46
3,132,1,bayesian,1.0,1.0,0.05,5000,1.0,1.05,711
3,133,1,bayesian,1.0,1.0,0.05,5000,1.0,1.05,48
3,134,1,bayesian,1.0,1.0,0.05,5000,1.0,1.05,53
3,135,1,bayesian,1.0,1.0,0.05,5000,1.0,1.05,51
3,136,1,bayesian,1.0,1.0,0.05,5000,1.0,1.05,50
3,137,1,bayesian,1.0,1.0,0.05,5000,1.0,1.05,24
3,138,1,bayesian,1.0,1.0,0.05,5000,1.0,1.05,31
3,139,1,bayesian,1.0,1.0,0.05,5000,1.0,1.05,157
3,140,1,bayesian,1.0,1.0,0.05,5000,1.0,1.05,24
3,141,1,bayesian,1.0,1.0,0.05,5000,1.0,1.05,39
3,142,1,bayesian,1.0,1.0,0.05,5000,1.0,1.05,29
3,143,1,bayesian,1.0,1.0,0.05,5000,1.0,1.05,53
3,144,1,bayesian,1.0,1.0,0.05,5000,1.0,1.05,16
3,145,1,bayesian,1.0,1.0,0.05,5000,1.0,1.05,35
3,146,1,bayesian,1.0,1.0,0.05,5000,1.0,1.05,40
3,147,1,bayesian,1.0,1.0,0.05,5000,1.0,1.05,31
3,148,1,bayesian,1.0,1.0,0.05,5000,1.0,1.05,111
3,149,1,bayesian,1.0,1.0,0.05,5000,1.0,1.05,32
3,150,1,bayesian,1.0,1.0,0.05,5000,1.0,1.05,82
3,151,1,bayesian,1.0,1.0,0.05,5000,1.0,1.05,39
3,152,1,bayesian,1.0,1.0,0.05,5000,1.0,1.05,59
3,153,1,bayesian,1.0,1.0,0.05,5000,1.0,1.05,128
3,154,1,bayesian,1.0,1.0,0.05,5000,1.0,1.05,111
3,155,1,bayesian,1.0,1.0,0.05,5000,1.0,1.05,41
3,156,1,bayesian,1.0,1.0,0.05,5000,1.0,1.05,38
3,157,1,bayesian,1.0,1.0,0.05,5000,1.0,1.05,19
3,158,1,bayesian,1.0,1.0,0.05,5000,1.0,1.05,28
3,159,1,bayesian,1.0,1.0,0.05,5000,1.0,1.05,67
3,160,1,bayesian,1.0,1.0,0.05,5000,1.0,1.05,89
3,161,1,bayesian,1.0,1.0,0.05,5000,1.0,1.05,21
3,162,1,bayesian,1.0,1.0,0.05,5000,1.0,1.05,26
3,163,1,bayesian,1.0,1.0,0.05,5000,1.0,1.05,1
3,164,1,bayesian,1.0,1.0,0.05,5000,1.0,1.05,16
3,165,1,bayesian,1.0,1.0,0.05,5000,1.0,1.05,19
3,166,1,bayesian,1.0,1.0,0.05,5000,1.0,1.05,26
3,167,1,bayesian,1.0,1.0,0.05,5000,1.0,1.05,99
3,168,1,bayesian,1.0,1.0,0.05,5000,1.0,1.05,53
3,169,1,bayesian,1.0,1.0,0.05,5000,1.0,1.05,32
3,170,1,bayesian,1.0,1.0,0.05,5000,1.0,1.05,190
3,171,1,bayesian,1.0,1.0,0.05,5000,1.0,1.05,29
3,172,1,bayesian,1.0,1.0,0.05,5000,1.0,1.05,40
3,173,1,bayesian,1.0,1.0,0.05,5000,1.0,1.05,59
3,174,1,bayesian,1.0,1.0,0.05,5000,1.0,1.05,16
3,175,1,bayesian,1.0,1.0,0.05,5000,1.0,1.05,40
3,176,1,bayesian,1.0,1.0,0.05,5000,1.0,1.05,41
3,177,1,bayesian,1.0,1.0,0.05,5000,1.0,1.05,51
3,178,1,bayesian,1.0,1.0,0.05,5000,1.0,1.05,41
3,179,1,bayesian,1.0,1.0,0.05,5000,1.0,1.05,85
3,180,1,bayesian,1.0,1.0,0.05,5000,1.0,1.05,40
3,181,1,bayesian,1.0,1.0,0.05,5000,1.0,1.05,19
3,182,1,bayesian,1.0,1.0,0.05,5000,1.0,1.05,20
3,183,1,bayesian,1.0,1.0,0.05,5000,1.0,1.05,46
3,184,1,bayesian,1.0,1.0,0.05,5000,1.0,1.05,17
3,185,1,bayesian,1.0,1.0,0.05,5000,1.0,1.05,15
3,186,1,bayesian,1.0,1.0,0.05,5000,1.0,1.05,32
3,187,1,bayesian,1.0,1.0,0.05,5000,1.0,1.05,96
3,188,1,bayesian,1.0,1.0,0.05,5000,1.0,1.05,170
3,189,1,bayesian,1.0,1.0,0.05,5000,1.0,1.05,38
3,190,1,bayesian,1.0,1.0,0.05,5000,1.0,1.05,56
3,191,1,bayesian,1.0,1.0,0.05,5000,1.0,1.05,46
3,192,1,bayesian,1.0,1.0,0.05,5000,1.0,1.05,53
3,193,1,bayesian,1.0,1.0,0.05,5000,1.0,1.05,191
3,194,1,bayesian,1.0,1.0,0.05,5000,1.0,1.05,67
3,195,1,bayesian,1.0,1.0,0.05,5000,1.0,1.05,19
3,196,1,bayesian,1.0,1.0,0.05,5000,1.0,1.05,35
3,197,1,bayesian,1.0,1.0,0.05,5000,1.0,1.05,28
3,198,1,bayesian,1.0,1.0,0.05,5000,1.0,1.05,32
3,199,1,bayesian,1.0,1.0,0.05,5000,1.0,1.05,132
3,200,1,bayesian,1.0,1.0,0.05,5000,1.0,1.05,43
3,1,1,bayesian,1.0,1.0,0.05,5000,1.0,1.075,36
3,2,1,bayesian,1.0,1.0,0.05,5000,1.0,1.075,78
3,3,1,bayesian,1.0,1.0,0.05,5000,1.0,1.075,40
3,4,1,bayesian,1.0,1.0,0.05,5000,1.0,1.075,115
3,5,1,bayesian,1.0,1.0,0.05,5000,1.0,1.075,73
3,6,1,bayesian,1.0,1.0,0.05,5000,1.0,1.075,146
3,7,1,bayesian,1.0,1.0,0.05,5000,1.0,1.075,43
3,8,1,bayesian,1.0,1.0,0.05,5000,1.0,1.075,23
3,9,1,bayesian,1.0,1.0,0.05,5000,1.0,1.075,34
3,10,1,bayesian,1.0,1.0,0.05,5000,1.0,1.075,25
3,11,1,bayesian,1.0,1.0,0.05,5000,1.0,1.075,39
3,12,1,bayesian,1.0,1.0,0.05,5000,1.0,1.075,86
3,13,1,bayesian,1.0,1.0,0.05,5000,1.0,1.075,103
3,14,1,bayesian,1.0,1.0,0.05,5000,1.0,1.075,49
3,15,1,bayesian,1.0,1.0,0.05,5000,1.0,1.075,285
3,16,1,bayesian,1.0,1.0,0.05,5000,1.0,1.075,33
3,17,1,bayesian,1.0,1.0,0.05,5000,1.0,1.075,107
3,18,1,bayesian,1.0,1.0,0.05,5000,1.0,1.075,80
3,19,1,bayesian,1.0,1.0,0.05,5000,1.0,1.075,30
3,20,1,bayesian,1.0,1.0,0.05,5000,1.0,1.075,58
3,21,1,bayesian,1.0,1.0,0.05,5000,1.0,1.075,34
3,22,1,bayesian,1.0,1.0,0.05,5000,1.0,1.075,244
3,23,1,bayesian,1.0,1.0,0.05,5000,1.0,1.075,13
3,24,1,bayesian,1.0,1.0,0.05,5000,1.0,1.075,23
3,25,1,bayesian,1.0,1.0,0.05,5000,1.0,1.075,27
3,26,1,bayesian,1.0,1.0,0.05,5000,1.0,1.075,59
3,27,1,bayesian,1.0,1.0,0.05,5000,1.0,1.075,80
3,28,1,bayesian,1.0,1.0,0.05,5000,1.0,1.075,17
3,29,1,bayesian,1.0,1.0,0.05,5000,1.0,1.075,19
3,30,1,bayesian,1.0,1.0,0.05,5000,1.0,1.075,85
3,31,1,bayesian,1.0,1.0,0.05,5000,1.0,1.075,62
3,32,1,bayesian,1.0,1.0,0.05,5000,1.0,1.075,82
3,33,1,bayesian,1.0,1.0,0.05,5000,1.0,1.075,16
3,34,1,bayesian,1.0,1.0,0.05,5000,1.0,1.075,49
3,35,1,bayesian,1.0,1.0,0.05,5000,1.0,1.075,40
3,36,1,bayesian,1.0,1.0,0.05,5000,1.0,1.075,28
3,37,1,bayesian,1.0,1.0,0.05,5000,1.0,1.075,124
3,38,1,bayesian,1.0,1.0,0.05,5000,1.0,1.075,162
3,39,1,bayesian,1.0,1.0,0.05,5000,1.0,1.075,46
3,40,1,bayesian,1.0,1.0,0.05,5000,1.0,1.075,121
3,41,1,bayesian,1.0,1.0,0.05,5000,1.0,1.075,20
3,42,1,bayesian,1.0,1.0,0.05,5000,1.0,1.075,55
3,43,1,bayesian,1.0,1.0,0.05,5000,1.0,1.075,16
3,44,1,bayesian,1.0,1.0,0.05,5000,1.0,1.075,51
3,45,1,bayesian,1.0,1.0,0.05,5000,1.0,1.075,106
3,46,1,bayesian,1.0,1.0,0.05,5000,1.0,1.075,54
3,47,1,bayesian,1.0,1.0,0.05,5000,1.0,1.075,260
3,48,1,bayesian,1.0,1.0,0.05,5000,1.0,1.075,69
3,49,1,bayesian,1.0,1.0,0.05,5000,1.0,1.075,26
3,50,1,bayesian,1.0,1.0,0.05,5000,1.0,1.075,44
3,51,1,bayesian,1.0,1.0,0.05,5000,1.0,1.075,81
3,52,1,bayesian,1.0,1.0,0.05,5000,1.0,1.075,58
3,53,1,bayesian,1.0,1.0,0.05,5000,1.0,1.075,44
3,54,1,bayesian,1.0,1.0,0.05,5000,1.0,1.075,28
3,55,1,bayesian,1.0,1.0,0.05,5000,1.0,1.075,67
3,56,1,bayesian,1.0,1.0,0.05,5000,1.0,1.075,17
3,57,1,bayesian,1.0,1.0,0.05,5000,1.0,1.075,97
3,58,1,bayesian,1.0,1.0,0.05,5000,1.0,1.075,50
3,59,1,bayesian,1.0,1.0,0.05,5000,1.0,1.075,190
3,60,1,bayesian,1.0,1.0,0.05,5000,1.0,1.075,70
3,61,1,bayesian,1.0,1.0,0.05,5000,1.0,1.075,242
3,62,1,bayesian,1.0,1.0,0.05,5000,1.0,1.075,172
3,63,1,bayesian,1.0,1.0,0.05,5000,1.0,1.075,15
3,64,1,bayesian,1.0,1.0,0.05,5000,1.0,1.075,93
3,65,1,bayesian,1.0,1.0,0.05,5000,1.0,1.075,34
3,66,1,bayesian,1.0,1.0,0.05,5000,1.0,1.075,371
3,67,1,bayesian,1.0,1.0,0.05,5000,1.0,1.075,132
3,68,1,bayesian,1.0,1.0,0.05,5000,1.0,1.075,35
3,69,1,bayesian,1.0,1.0,0.05,5000,1.0,1.075,16
3,70,1,bayesian,1.0,1.0,0.05,5000,1.0,1.075,28
3,71,1,bayesian,1.0,1.0,0.05,5000,1.0,1.075,175
3,72,1,bayesian,1.0,1.0,0.05,5000,1.0,1.075,54
3,73,1,bayesian,1.0,1.0,0.05,5000,1.0,1.075,26
3,74,1,bayesian,1.0,1.0,0.05,5000,1.0,1.075,40
3,75,1,bayesian,1.0,1.0,0.05,5000,1.0,1.075,71
3,76,1,bayesian,1.0,1.0,0.05,5000,1.0,1.075,36
3,77,1,bayesian,1.0,1.0,0.05,5000,1.0,1.075,58
3,78,1,bayesian,1.0,1.0,0.05,5000,1.0,1.075,58
3,79,1,bayesian,1.0,1.0,0.05,5000,1.0,1.075,82
3,80,1,bayesian,1.0,1.0,0.05,5000,1.0,1.075,14
3,81,1,bayesian,1.0,1.0,0.05,5000,1.0,1.075,21
3,82,1,bayesian,1.0,1.0,0.05,5000,1.0,1.075,79
3,83,1,bayesian,1.0,1.0,0.05,5000,1.0,1.075,38
3,84,1,bayesian,1.0,1.0,0.05,5000,1.0,1.075,38
3,85,1,bayesian,1.0,1.0,0.05,5000,1.0,1.075,38
3,86,1,bayesian,1.0,1.0,0.05,5000,1.0,1.075,15
3,87,1,bayesian,1.0,1.0,0.05,5000,1.0,1.075,60
3,88,1,bayesian,1.0,1.0,0.05,5000,1.0,1.075,17
3,89,1,bayesian,1.0,1.0,0.05,5000,1.0,1.075,87
3,90,1,bayesian,1.0,1.0,0.05,5000,1.0,1.075,150
3,91,1,bayesian,1.0,1.0,0.05,5000,1.0,1.075,61
3,92,1,bayesian,1.0,1.0,0.05,5000,1.0,1.075,24
3,93,1,bayesian,1.0,1.0,0.05,5000,1.0,1.075,17
3,94,1,bayesian,1.0,1.0,0.05,5000,1.0,1.075,142
3,95,1,bayesian,1.0,1.0,0.05,5000,1.0,1.075,30
3,96,1,bayesian,1.0,1.0,0.05,5000,1.0,1.075,25
3,97,1,bayesian,1.0,1.0,0.05,5000,1.0,1.075,48
3,98,1,bayesian,1.0,1.0,0.05,5000,1.0,1.075,27
3,99,1,bayesian,1.0,1.0,0.05,5000,1.0,1.075,38
3,100,1,bayesian,1.0,1.0,0.05,5000,1.0,1.075,19
3,101,1,bayesian,1.0,1.0,0.05,5000,1.0,1.075,20
3,102,1,bayesian,1.0,1.0,0.05,5000,1.0,1.075,18
3,103,1,bayesian,1.0,1.0,0.05,5000,1.0,1.075,18
3,104,1,bayesian,1.0,1.0,0.05,5000,1.0,1.075,29
3,105,1,bayesian,1.0,1.0,0.05,5000,1.0,1.075,19
3,106,1,bayesian,1.0,1.0,0.05,5000,1.0,1.075,146
3,107,1,bayesian,1.0,1.0,0.05,5000,1.0,1.075,36
3,108,1,bayesian,1.0,1.0,0.05,5000,1.0,1.075,98
3,109,1,bayesian,1.0,1.0,0.05,5000,1.0,1.075,17
3,110,1,bayesian,1.0,1.0,0.05,5000,1.0,1.075,43
3,111,1,bayesian,1.0,1.0,0.05,5000,1.0,1.075,107
3,112,1,bayesian,1.0,1.0,0.05,5000,1.0,1.075,35
3,113,1,bayesian,1.0,1.0,0.05,5000,1.0,1.075,16
3,114,1,bayesian,1.0,1.0,0.05,5000,1.0,1.075,31
3,115,1,bayesian,1.0,1.0,0.05,5000,1.0,1.075,29
3,116,1,bayesian,1.0,1.0,0.05,5000,1.0,1.075,185
3,117,1,bayesian,1.0,1.0,0.05,5000,1.0,1.075,71
3,118,1,bayesian,1.0,1.0,0.05,5000,1.0,1.075,126
3,119,1,bayesian,1.0,1.0,0.05,5000,1.0,1.075,29
3,120,1,bayesian,1.0,1.0,0.05,5000,1.0,1.075,38
3,121,1,bayesian,1.0,1.0,0.05,5000,1.0,1.075,68
3,122,1,bayesian,1.0,1.0,0.05,5000,1.0,1.075,20
3,123,1,bayesian,1.0,1.0,0.05,5000,1.0,1.075,16
3,124,1,bayesian,1.0,1.0,0.05,5000,1.0,1.075,13
3,125,1,bayesian,1.0,1.0,0.05,5000,1.0,1.075,99
3,126,1,bayesian,1.0,1.0,0.05,5000,1.0,1.075,69
3,127,1,bayesian,1.0,1.0,0.05,5000,1.0,1.075,78
3,128,1,bayesian,1.0,1.0,0.05,5000,1.0,1.075,38
3,129,1,bayesian,1.0,1.0,0.05,5000,1.0,1.075,16
3,130,1,bayesian,1.0,1.0,0.05,5000,1.0,1.075,82
3,131,1,bayesian,1.0,1.0,0.05,5000,1.0,1.075,17
3,132,1,bayesian,1.0,1.0,0.05,5000,1.0,1.075,29
3,133,1,bayesian,1.0,1.0,0.05,5000,1.0,1.075,16
3,134,1,bayesian,1.0,1.0,0.05,5000,1.0,1.075,36
3,135,1,bayesian,1.0,1.0,0.05,5000,1.0,1.075,25
3,136,1,bayesian,1.0,1.0,0.05,5000,1.0,1.075,104
3,137,1,bayesian,1.0,1.0,0.05,5000,1.0,1.075,132
3,138,1,bayesian,1.0,1.0,0.05,5000,1.0,1.075,34
3,139,1,bayesian,1.0,1.0,0.05,5000,1.0,1.075,132
3,140,1,bayesian,1.0,1.0,0.05,5000,1.0,1.075,38
3,141,1,bayesian,1.0,1.0,0.05,5000,1.0,1.075,18
3,142,1,bayesian,1.0,1.0,0.05,5000,1.0,1.075,25
3,143,1,bayesian,1.0,1.0,0.05,5000,1.0,1.075,19
3,144,1,bayesian,1.0,1.0,0.05,5000,1.0,1.075,24
3,145,1,bayesian,1.0,1.0,0.05,5000,1.0,1.075,110
3,146,1,bayesian,1.0,1.0,0.05,5000,1.0,1.075,19
3,147,1,bayesian,1.0,1.0,0.05,5000,1.0,1.075,57
3,148,1,bayesian,1.0,1.0,0.05,5000,1.0,1.075,22
3,149,1,bayesian,1.0,1.0,0.05,5000,1.0,1.075,126
3,150,1,bayesian,1.0,1.0,0.05,5000,1.0,1.075,22
3,151,1,bayesian,1.0,1.0,0.05,5000,1.0,1.075,26
3,152,1,bayesian,1.0,1.0,0.05,5000,1.0,1.075,30
3,153,1,bayesian,1.0,1.0,0.05,5000,1.0,1.075,198
3,154,1,bayesian,1.0,1.0,0.05,5000,1.0,1.075,36
3,155,1,bayesian,1.0,1.0,0.05,5000,1.0,1.075,143
3,156,1,bayesian,1.0,1.0,0.05,5000,1.0,1.075,81
3,157,1,bayesian,1.0,1.0,0.05,5000,1.0,1.075,57
3,158,1,bayesian,1.0,1.0,0.05,5000,1.0,1.075,29
3,159,1,bayesian,1.0,1.0,0.05,5000,1.0,1.075,16
3,160,1,bayesian,1.0,1.0,0.05,5000,1.0,1.075,18
3,161,1,bayesian,1.0,1.0,0.05,5000,1.0,1.075,111
3,162,1,bayesian,1.0,1.0,0.05,5000,1.0,1.075,480
3,163,1,bayesian,1.0,1.0,0.05,5000,1.0,1.075,1
3,164,1,bayesian,1.0,1.0,0.05,5000,1.0,1.075,22
3,165,1,bayesian,1.0,1.0,0.05,5000,1.0,1.075,90
3,166,1,bayesian,1.0,1.0,0.05,5000,1.0,1.075,46
3,167,1,bayesian,1.0,1.0,0.05,5000,1.0,1.075,61
3,168,1,bayesian,1.0,1.0,0.05,5000,1.0,1.075,21
3,169,1,bayesian,1.0,1.0,0.05,5000,1.0,1.075,44
3,170,1,bayesian,1.0,1.0,0.05,5000,1.0,1.075,18
3,171,1,bayesian,1.0,1.0,0.05,5000,1.0,1.075,33
3,172,1,bayesian,1.0,1.0,0.05,5000,1.0,1.075,30
3,173,1,bayesian,1.0,1.0,0.05,5000,1.0,1.075,78
3,174,1,bayesian,1.0,1.0,0.05,5000,1.0,1.075,14
3,175,1,bayesian,1.0,1.0,0.05,5000,1.0,1.075,58
3,176,1,bayesian,1.0,1.0,0.05,5000,1.0,1.075,98
3,177,1,bayesian,1.0,1.0,0.05,5000,1.0,1.075,36
3,178,1,bayesian,1.0,1.0,0.05,5000,1.0,1.075,17
3,179,1,bayesian,1.0,1.0,0.05,5000,1.0,1.075,159
3,180,1,bayesian,1.0,1.0,0.05,5000,1.0,1.075,16
3,181,1,bayesian,1.0,1.0,0.05,5000,1.0,1.075,15
3,182,1,bayesian,1.0,1.0,0.05,5000,1.0,1.075,79
3,183,1,bayesian,1.0,1.0,0.05,5000,1.0,1.075,79
3,184,1,bayesian,1.0,1.0,0.05,5000,1.0,1.075,179
3,185,1,bayesian,1.0,1.0,0.05,5000,1.0,1.075,40
3,186,1,bayesian,1.0,1.0,0.05,5000,1.0,1.075,111
3,187,1,bayesian,1.0,1.0,0.05,5000,1.0,1.075,27
3,188,1,bayesian,1.0,1.0,0.05,5000,1.0,1.075,101
3,189,1,bayesian,1.0,1.0,0.05,5000,1.0,1.075,83
3,190,1,bayesian,1.0,1.0,0.05,5000,1.0,1.075,218
3,191,1,bayesian,1.0,1.0,0.05,5000,1.0,1.075,31
3,192,1,bayesian,1.0,1.0,0.05,5000,1.0,1.075,14
3,193,1,bayesian,1.0,1.0,0.05,5000,1.0,1.075,93
3,194,1,bayesian,1.0,1.0,0.05,5000,1.0,1.075,14
3,195,1,bayesian,1.0,1.0,0.05,5000,1.0,1.075,86
3,196,1,bayesian,1.0,1.0,0.05,5000,1.0,1.075,18
3,197,1,bayesian,1.0,1.0,0.05,5000,1.0,1.075,23
3,198,1,bayesian,1.0,1.0,0.05,5000,1.0,1.075,28
3,199,1,bayesian,1.0,1.0,0.05,5000,1.0,1.075,16
3,200,1,bayesian,1.0,1.0,0.05,5000,1.0,1.075,227
3,1,1,bayesian,1.0,1.0,0.05,5000,1.0,1.1,26
3,2,1,bayesian,1.0,1.0,0.05,5000,1.0,1.1,113
3,3,1,bayesian,1.0,1.0,0.05,5000,1.0,1.1,25
3,4,1,bayesian,1.0,1.0,0.05,5000,1.0,1.1,33
3,5,1,bayesian,1.0,1.0,0.05,5000,1.0,1.1,18
3,6,1,bayesian,1.0,1.0,0.05,5000,1.0,1.1,54
3,7,1,bayesian,1.0,1.0,0.05,5000,1.0,1.1,132
3,8,1,bayesian,1.0,1.0,0.05,5000,1.0,1.1,53
3,9,1,bayesian,1.0,1.0,0.05,5000,1.0,1.1,28
3,10,1,bayesian,1.0,1.0,0.05,5000,1.0,1.1,30
3,11,1,bayesian,1.0,1.0,0.05,5000,1.0,1.1,49
3,12,1,bayesian,1.0,1.0,0.05,5000,1.0,1.1,24
3,13,1,bayesian,1.0,1.0,0.05,5000,1.0,1.1,37
3,14,1,bayesian,1.0,1.0,0.05,5000,1.0,1.1,122
3,15,1,bayesian,1.0,1.0,0.05,5000,1.0,1.1,88
3,16,1,bayesian,1.0,1.0,0.05,5000,1.0,1.1,24
3,17,1,bayesian,1.0,1.0,0.05,5000,1.0,1.1,35
3,18,1,bayesian,1.0,1.0,0.05,5000,1.0,1.1,30
3,19,1,bayesian,1.0,1.0,0.05,5000,1.0,1.1,23
3,20,1,bayesian,1.0,1.0,0.05,5000,1.0,1.1,52
3,21,1,bayesian,1.0,1.0,0.05,5000,1.0,1.1,37
3,22,1,bayesian,1.0,1.0,0.05,5000,1.0,1.1,67
3,23,1,bayesian,1.0,1.0,0.05,5000,1.0,1.1,17
3,24,1,bayesian,1.0,1.0,0.05,5000,1.0,1.1,16
3,25,1,bayesian,1.0,1.0,0.05,5000,1.0,1.1,32
3,26,1,bayesian,1.0,1.0,0.05,5000,1.0,1.1,17
3,27,1,bayesian,1.0,1.0,0.05,5000,1.0,1.1,18
3,28,1,bayesian,1.0,1.0,0.05,5000,1.0,1.1,23
3,29,1,bayesian,1.0,1.0,0.05,5000,1.0,1.1,31
3,30,1,bayesian,1.0,1.0,0.05,5000,1.0,1.1,36
3,31,1,bayesian,1.0,1.0,0.05,5000,1.0,1.1,96
3,32,1,bayesian,1.0,1.0,0.05,5000,1.0,1.1,43
3,33,1,bayesian,1.0,1.0,0.05,5000,1.0,1.1,20
3,34,1,bayesian,1.0,1.0,0.05,5000,1.0,1.1,34
3,35,1,bayesian,1.0,1.0,0.05,5000,1.0,1.1,46
3,36,1,bayesian,1.0,1.0,0.05,5000,1.0,1.1,73
3,37,1,bayesian,1.0,1.0,0.05,5000,1.0,1.1,124
3,38,1,bayesian,1.0,1.0,0.05,5000,1.0,1.1,67
3,39,1,bayesian,1.0,1.0,0.05,5000,1.0,1.1,22
3,40,1,bayesian,1.0,1.0,0.05,5000,1.0,1.1,74
3,41,1,bayesian,1.0,1.0,0.05,5000,1.0,1.1,15
3,42,1,bayesian,1.0,1.0,0.05,5000,1.0,1.1,67
3,43,1,bayesian,1.0,1.0,0.05,5000,1.0,1.1,56
3,44,1,bayesian,1.0,1.0,0.05,5000,1.0,1.1,15
3,45,1,bayesian,1.0,1.0,0.05,5000,1.0,1.1,35
3,46,1,bayesian,1.0,1.0,0.05,5000,1.0,1.1,14
3,47,1,bayesian,1.0,1.0,0.05,5000,1.0,1.1,34
3,48,1,bayesian,1.0,1.0,0.05,5000,1.0,1.1,15
3,49,1,bayesian,1.0,1.0,0.05,5000,1.0,1.1,16
3,50,1,bayesian,1.0,1.0,0.05,5000,1.0,1.1,59
3,51,1,bayesian,1.0,1.0,0.05,5000,1.0,1.1,126
3,52,1,bayesian,1.0,1.0,0.05,5000,1.0,1.1,98
3,53,1,bayesian,1.0,1.0,0.05,5000,1.0,1.1,21
3,54,1,bayesian,1.0,1.0,0.05,5000,1.0,1.1,55
3,55,1,bayesian,1.0,1.0,0.05,5000,1.0,1.1,25
3,56,1,bayesian,1.0,1.0,0.05,5000,1.0,1.1,16
3,57,1,bayesian,1.0,1.0,0.05,5000,1.0,1.1,30
3,58,1,bayesian,1.0,1.0,0.05,5000,1.0,1.1,34
3,59,1,bayesian,1.0,1.0,0.05,5000,1.0,1.1,94
3,60,1,bayesian,1.0,1.0,0.05,5000,1.0,1.1,17
3,61,1,bayesian,1.0,1.0,0.05,5000,1.0,1.1,28
3,62,1,bayesian,1.0,1.0,0.05,5000,1.0,1.1,53
3,63,1,bayesian,1.0,1.0,0.05,5000,1.0,1.1,20
3,64,1,bayesian,1.0,1.0,0.05,5000,1.0,1.1,23
3,65,1,bayesian,1.0,1.0,0.05,5000,1.0,1.1,23
3,66,1,bayesian,1.0,1.0,0.05,5000,1.0,1.1,66
3,67,1,bayesian,1.0,1.0,0.05,5000,1.0,1.1,21
3,68,1,bayesian,1.0,1.0,0.05,5000,1.0,1.1,18
3,69,1,bayesian,1.0,1.0,0.05,5000,1.0,1.1,24
3,70,1,bayesian,1.0,1.0,0.05,5000,1.0,1.1,32
3,71,1,bayesian,1.0,1.0,0.05,5000,1.0,1.1,43
3,72,1,bayesian,1.0,1.0,0.05,5000,1.0,1.1,21
3,73,1,bayesian,1.0,1.0,0.05,5000,1.0,1.1,54
3,74,1,bayesian,1.0,1.0,0.05,5000,1.0,1.1,145
3,75,1,bayesian,1.0,1.0,0.05,5000,1.0,1.1,21
3,76,1,bayesian,1.0,1.0,0.05,5000,1.0,1.1,99
3,77,1,bayesian,1.0,1.0,0.05,5000,1.0,1.1,121
3,78,1,bayesian,1.0,1.0,0.05,5000,1.0,1.1,26
3,79,1,bayesian,1.0,1.0,0.05,5000,1.0,1.1,15
3,80,1,bayesian,1.0,1.0,0.05,5000,1.0,1.1,112
3,81,1,bayesian,1.0,1.0,0.05,5000,1.0,1.1,44
3,82,1,bayesian,1.0,1.0,0.05,5000,1.0,1.1,100
3,83,1,bayesian,1.0,1.0,0.05,5000,1.0,1.1,24
3,84,1,bayesian,1.0,1.0,0.05,5000,1.0,1.1,96
3,85,1,bayesian,1.0,1.0,0.05,5000,1.0,1.1,33
3,86,1,bayesian,1.0,1.0,0.05,5000,1.0,1.1,24
3,87,1,bayesian,1.0,1.0,0.05,5000,1.0,1.1,36
3,88,1,bayesian,1.0,1.0,0.05,5000,1.0,1.1,48
3,89,1,bayesian,1.0,1.0,0.05,5000,1.0,1.1,32
3,90,1,bayesian,1.0,1.0,0.05,5000,1.0,1.1,102
3,91,1,bayesian,1.0,1.0,0.05,5000,1.0,1.1,125
3,92,1,bayesian,1.0,1.0,0.05,5000,1.0,1.1,24
3,93,1,bayesian,1.0,1.0,0.05,5000,1.0,1.1,23
3,94,1,bayesian,1.0,1.0,0.05,5000,1.0,1.1,64
3,95,1,bayesian,1.0,1.0,0.05,5000,1.0,1.1,34
3,96,1,bayesian,1.0,1.0,0.05,5000,1.0,1.1,15
3,97,1,bayesian,1.0,1.0,0.05,5000,1.0,1.1,71
3,98,1,bayesian,1.0,1.0,0.05,5000,1.0,1.1,33
3,99,1,bayesian,1.0,1.0,0.05,5000,1.0,1.1,31
3,100,1,bayesian,1.0,1.0,0.05,5000,1.0,1.1,53
3,101,1,bayesian,1.0,1.0,0.05,5000,1.0,1.1,41
3,102,1,bayesian,1.0,1.0,0.05,5000,1.0,1.1,47
3,103,1,bayesian,1.0,1.0,0.05,5000,1.0,1.1,142
3,104,1,bayesian,1.0,1.0,0.05,5000,1.0,1.1,133
3,105,1,bayesian,1.0,1.0,0.05,5000,1.0,1.1,34
3,106,1,bayesian,1.0,1.0,0.05,5000,1.0,1.1,17
3,107,1,bayesian,1.0,1.0,0.05,5000,1.0,1.1,24
3,108,1,bayesian,1.0,1.0,0.05,5000,1.0,1.1,13
3,109,1,bayesian,1.0,1.0,0.05,5000,1.0,1.1,36
3,110,1,bayesian,1.0,1.0,0.05,5000,1.0,1.1,70
3,111,1,bayesian,1.0,1.0,0.05,5000,1.0,1.1,108
3,112,1,bayesian,1.0,1.0,0.05,5000,1.0,1.1,42
3,113,1,bayesian,1.0,1.0,0.05,5000,1.0,1.1,22
3,114,1,bayesian,1.0,1.0,0.05,5000,1.0,1.1,48
3,115,1,bayesian,1.0,1.0,0.05,5000,1.0,1.1,120
3,116,1,bayesian,1.0,1.0,0.05,5000,1.0,1.1,33
3,117,1,bayesian,1.0,1.0,0.05,5000,1.0,1.1,64
3,118,1,bayesian,1.0,1.0,0.05,5000,1.0,1.1,19
3,119,1,bayesian,1.0,1.0,0.05,5000,1.0,1.1,20
3,120,1,bayesian,1.0,1.0,0.05,5000,1.0,1.1,30
3,121,1,bayesian,1.0,1.0,0.05,5000,1.0,1.1,27
3,122,1,bayesian,1.0,1.0,0.05,5000,1.0,1.1,80
3,123,1,bayesian,1.0,1.0,0.05,5000,1.0,1.1,35
3,124,1,bayesian,1.0,1.0,0.05,5000,1.0,1.1,44
3,125,1,bayesian,1.0,1.0,0.05,5000,1.0,1.1,181
3,126,1,bayesian,1.0,1.0,0.05,5000,1.0,1.1,134
3,127,1,bayesian,1.0,1.0,0.05,5000,1.0,1.1,27
3,128,1,bayesian,1.0,1.0,0.05,5000,1.0,1.1,36
3,129,1,bayesian,1.0,1.0,0.05,5000,1.0,1.1,48
3,130,1,bayesian,1.0,1.0,0.05,5000,1.0,1.1,165
3,131,1,bayesian,1.0,1.0,0.05,5000,1.0,1.1,30
3,132,1,bayesian,1.0,1.0,0.05,5000,1.0,1.1,191
3,133,1,bayesian,1.0,1.0,0.05,5000,1.0,1.1,44
3,134,1,bayesian,1.0,1.0,0.05,5000,1.0,1.1,85
3,135,1,bayesian,1.0,1.0,0.05,5000,1.0,1.1,31
3,136,1,bayesian,1.0,1.0,0.05,5000,1.0,1.1,19
3,137,1,bayesian,1.0,1.0,0.05,5000,1.0,1.1,330
3,138,1,bayesian,1.0,1.0,0.05,5000,1.0,1.1,28
3,139,1,bayesian,1.0,1.0,0.05,5000,1.0,1.1,38
3,140,1,bayesian,1.0,1.0,0.05,5000,1.0,1.1,17
3,141,1,bayesian,1.0,1.0,0.05,5000,1.0,1.1,83
3,142,1,bayesian,1.0,1.0,0.05,5000,1.0,1.1,161
3,143,1,bayesian,1.0,1.0,0.05,5000,1.0,1.1,24
3,144,1,bayesian,1.0,1.0,0.05,5000,1.0,1.1,163
3,145,1,bayesian,1.0,1.0,0.05,5000,1.0,1.1,54
3,146,1,bayesian,1.0,1.0,0.05,5000,1.0,1.1,27
3,147,1,bayesian,1.0,1.0,0.05,5000,1.0,1.1,79
3,148,1,bayesian,1.0,1.0,0.05,5000,1.0,1.1,14
3,149,1,bayesian,1.0,1.0,0.05,5000,1.0,1.1,74
3,150,1,bayesian,1.0,1.0,0.05,5000,1.0,1.1,48
3,151,1,bayesian,1.0,1.0,0.05,5000,1.0,1.1,81
3,152,1,bayesian,1.0,1.0,0.05,5000,1.0,1.1,349
3,153,1,bayesian,1.0,1.0,0.05,5000,1.0,1.1,14
3,154,1,bayesian,1.0,1.0,0.05,5000,1.0,1.1,18
3,155,1,bayesian,1.0,1.0,0.05,5000,1.0,1.1,22
3,156,1,bayesian,1.0,1.0,0.05,5000,1.0,1.1,279
3,157,1,bayesian,1.0,1.0,0.05,5000,1.0,1.1,15
3,158,1,bayesian,1.0,1.0,0.05,5000,1.0,1.1,17
3,159,1,bayesian,1.0,1.0,0.05,5000,1.0,1.1,186
3,160,1,bayesian,1.0,1.0,0.05,5000,1.0,1.1,24
3,161,1,bayesian,1.0,1.0,0.05,5000,1.0,1.1,16
3,162,1,bayesian,1.0,1.0,0.05,5000,1.0,1.1,46
3,163,1,bayesian,1.0,1.0,0.05,5000,1.0,1.1,1
3,164,1,bayesian,1.0,1.0,0.05,5000,1.0,1.1,41
3,165,1,bayesian,1.0,1.0,0.05,5000,1.0,1.1,27
3,166,1,bayesian,1.0,1.0,0.05,5000,1.0,1.1,37
3,167,1,bayesian,1.0,1.0,0.05,5000,1.0,1.1,43
3,168,1,bayesian,1.0,1.0,0.05,5000,1.0,1.1,131
3,169,1,bayesian,1.0,1.0,0.05,5000,1.0,1.1,220
3,170,1,bayesian,1.0,1.0,0.05,5000,1.0,1.1,26
3,171,1,bayesian,1.0,1.0,0.05,5000,1.0,1.1,41
3,172,1,bayesian,1.0,1.0,0.05,5000,1.0,1.1,67
3,173,1,bayesian,1.0,1.0,0.05,5000,1.0,1.1,64
3,174,1,bayesian,1.0,1.0,0.05,5000,1.0,1.1,41
3,175,1,bayesian,1.0,1.0,0.05,5000,1.0,1.1,123
3,176,1,bayesian,1.0,1.0,0.05,5000,1.0,1.1,43
3,177,1,bayesian,1.0,1.0,0.05,5000,1.0,1.1,36
3,178,1,bayesian,1.0,1.0,0.05,5000,1.0,1.1,23
3,179,1,bayesian,1.0,1.0,0.05,5000,1.0,1.1,58
3,180,1,bayesian,1.0,1.0,0.05,5000,1.0,1.1,135
3,181,1,bayesian,1.0,1.0,0.05,5000,1.0,1.1,63
3,182,1,bayesian,1.0,1.0,0.05,5000,1.0,1.1,20
3,183,1,bayesian,1.0,1.0,0.05,5000,1.0,1.1,68
3,184,1,bayesian,1.0,1.0,0.05,5000,1.0,1.1,19
3,185,1,bayesian,1.0,1.0,0.05,5000,1.0,1.1,63
3,186,1,bayesian,1.0,1.0,0.05,5000,1.0,1.1,106
3,187,1,bayesian,1.0,1.0,0.05,5000,1.0,1.1,38
3,188,1,bayesian,1.0,1.0,0.05,5000,1.0,1.1,32
3,189,1,bayesian,1.0,1.0,0.05,5000,1.0,1.1,33
3,190,1,bayesian,1.0,1.0,0.05,5000,1.0,1.1,41
3,191,1,bayesian,1.0,1.0,0.05,5000,1.0,1.1,21
3,192,1,bayesian,1.0,1.0,0.05,5000,1.0,1.1,34
3,193,1,bayesian,1.0,1.0,0.05,5000,1.0,1.1,40
3,194,1,bayesian,1.0,1.0,0.05,5000,1.0,1.1,90
3,195,1,bayesian,1.0,1.0,0.05,5000,1.0,1.1,69
3,196,1,bayesian,1.0,1.0,0.05,5000,1.0,1.1,80
3,197,1,bayesian,1.0,1.0,0.05,5000,1.0,1.1,114
3,198,1,bayesian,1.0,1.0,0.05,5000,1.0,1.1,18
3,199,1,bayesian,1.0,1.0,0.05,5000,1.0,1.1,42
3,200,1,bayesian,1.0,1.0,0.05,5000,1.0,1.1,32
4,1,1,bayesian,1.0,1.0,0.05,5000,1.0,1.0,147
4,2,1,bayesian,1.0,1.0,0.05,5000,1.0,1.0,130
4,3,1,bayesian,1.0,1.0,0.05,5000,1.0,1.0,195
4,4,1,bayesian,1.0,1.0,0.05,5000,1.0,1.0,97
4,5,1,bayesian,1.0,1.0,0.05,5000,1.0,1.0,112
4,6,1,bayesian,1.0,1.0,0.05,5000,1.0,1.0,133
4,7,1,bayesian,1.0,1.0,0.05,5000,1.0,1.0,102
4,8,1,bayesian,1.0,1.0,0.05,5000,1.0,1.0,85
4,9,1,bayesian,1.0,1.0,0.05,5000,1.0,1.0,118
4,10,1,bayesian,1.0,1.0,0.05,5000,1.0,1.0,74
4,11,1,bayesian,1.0,1.0,0.05,5000,1.0,1.0,115
4,12,1,bayesian,1.0,1.0,0.05,5000,1.0,1.0,47
4,13,1,bayesian,1.0,1.0,0.05,5000,1.0,1.0,128
4,14,1,bayesian,1.0,1.0,0.05,5000,1.0,1.0,318
4,15,1,bayesian,1.0,1.0,0.05,5000,1.0,1.0,259
4,16,1,bayesian,1.0,1.0,0.05,5000,1.0,1.0,84
4,17,1,bayesian,1.0,1.0,0.05,5000,1.0,1.0,298
4,18,1,bayesian,1.0,1.0,0.05,5000,1.0,1.0,203
4,19,1,bayesian,1.0,1.0,0.05,5000,1.0,1.0,342
4,20,1,bayesian,1.0,1.0,0.05,5000,1.0,1.0,59
4,21,1,bayesian,1.0,1.0,0.05,5000,1.0,1.0,41
4,22,1,bayesian,1.0,1.0,0.05,5000,1.0,1.0,36
4,23,1,bayesian,1.0,1.0,0.05,5000,1.0,1.0,211
4,24,1,bayesian,1.0,1.0,0.05,5000,1.0,1.0,76
4,25,1,bayesian,1.0,1.0,0.05,5000,1.0,1.0,121
4,26,1,bayesian,1.0,1.0,0.05,5000,1.0,1.0,128
4,27,1,bayesian,1.0,1.0,0.05,5000,1.0,1.0,82
4,28,1,bayesian,1.0,1.0,0.05,5000,1.0,1.0,235
4,29,1,bayesian,1.0,1.0,0.05,5000,1.0,1.0,50
4,30,1,bayesian,1.0,1.0,0.05,5000,1.0,1.0,76
4,31,1,bayesian,1.0,1.0,0.05,5000,1.0,1.0,584
4,32,1,bayesian,1.0,1.0,0.05,5000,1.0,1.0,126
4,33,1,bayesian,1.0,1.0,0.05,5000,1.0,1.0,322
4,34,1,bayesian,1.0,1.0,0.05,5000,1.0,1.0,28
4,35,1,bayesian,1.0,1.0,0.05,5000,1.0,1.0,79
4,36,1,bayesian,1.0,1.0,0.05,5000,1.0,1.0,85
4,37,1,bayesian,1.0,1.0,0.05,5000,1.0,1.0,116
4,38,1,bayesian,1.0,1.0,0.05,5000,1.0,1.0,186
4,39,1,bayesian,1.0,1.0,0.05,5000,1.0,1.0,55
4,40,1,bayesian,1.0,1.0,0.05,5000,1.0,1.0,245
4,41,1,bayesian,1.0,1.0,0.05,5000,1.0,1.0,100
4,42,1,bayesian,1.0,1.0,0.05,5000,1.0,1.0,143
4,43,1,bayesian,1.0,1.0,0.05,5000,1.0,1.0,1362
4,44,1,bayesian,1.0,1.0,0.05,5000,1.0,1.0,59
4,45,1,bayesian,1.0,1.0,0.05,5000,1.0,1.0,63
4,46,1,bayesian,1.0,1.0,0.05,5000,1.0,1.0,22
4,47,1,bayesian,1.0,1.0,0.05,5000,1.0,1.0,27
4,48,1,bayesian,1.0,1.0,0.05,5000,1.0,1.0,38
4,49,1,bayesian,1.0,1.0,0.05,5000,1.0,1.0,47
4,50,1,bayesian,1.0,1.0,0.05,5000,1.0,1.0,53
4,51,1,bayesian,1.0,1.0,0.05,5000,1.0,1.0,295
4,52,1,bayesian,1.0,1.0,0.05,5000,1.0,1.0,45
4,53,1,bayesian,1.0,1.0,0.05,5000,1.0,1.0,103
4,54,1,bayesian,1.0,1.0,0.05,5000,1.0,1.0,272
4,55,1,bayesian,1.0,1.0,0.05,5000,1.0,1.0,83
4,56,1,bayesian,1.0,1.0,0.05,5000,1.0,1.0,79
4,57,1,bayesian,1.0,1.0,0.05,5000,1.0,1.0,34
4,58,1,bayesian,1.0,1.0,0.05,5000,1.0,1.0,177
4,59,1,bayesian,1.0,1.0,0.05,5000,1.0,1.0,86
4,60,1,bayesian,1.0,1.0,0.05,5000,1.0,1.0,124
4,61,1,bayesian,1.0,1.0,0.05,5000,1.0,1.0,114
4,62,1,bayesian,1.0,1.0,0.05,5000,1.0,1.0,102
4,63,1,bayesian,1.0,1.0,0.05,5000,1.0,1.0,775
4,64,1,bayesian,1.0,1.0,0.05,5000,1.0,1.0,60
4,65,1,bayesian,1.0,1.0,0.05,5000,1.0,1.0,139
4,66,1,bayesian,1.0,1.0,0.05,5000,1.0,1.0,53
4,67,1,bayesian,1.0,1.0,0.05,5000,1.0,1.0,295
4,68,1,bayesian,1.0,1.0,0.05,5000,1.0,1.0,316
4,69,1,bayesian,1.0,1.0,0.05,5000,1.0,1.0,45
4,70,1,bayesian,1.0,1.0,0.05,5000,1.0,1.0,137
4,71,1,bayesian,1.0,1.0,0.05,5000,1.0,1.0,127
4,72,1,bayesian,1.0,1.0,0.05,5000,1.0,1.0,67
4,73,1,bayesian,1.0,1.0,0.05,5000,1.0,1.0,156
4,74,1,bayesian,1.0,1.0,0.05,5000,1.0,1.0,41
4,75,1,bayesian,1.0,1.0,0.05,5000,1.0,1.0,49
4,76,1,bayesian,1.0,1.0,0.05,5000,1.0,1.0,266
4,77,1,bayesian,1.0,1.0,0.05,5000,1.0,1.0,27
4,78,1,bayesian,1.0,1.0,0.05,5000,1.0,1.0,45
4,79,1,bayesian,1.0,1.0,0.05,5000,1.0,1.0,28
4,80,1,bayesian,1.0,1.0,0.05,5000,1.0,1.0,51
4,81,1,bayesian,1.0,1.0,0.05,5000,1.0,1.0,362
4,82,1,bayesian,1.0,1.0,0.05,5000,1.0,1.0,239
4,83,1,bayesian,1.0,1.0,0.05,5000,1.0,1.0,58
4,84,1,bayesian,1.0,1.0,0.05,5000,1.0,1.0,124
4,85,1,bayesian,1.0,1.0,0.05,5000,1.0,1.0,74
4,86,1,bayesian,1.0,1.0,0.05,5000,1.0,1.0,305
4,87,1,bayesian,1.0,1.0,0.05,5000,1.0,1.0,29
4,88,1,bayesian,1.0,1.0,0.05,5000,1.0,1.0,70
4,89,1,bayesian,1.0,1.0,0.05,5000,1.0,1.0,85
4,90,1,bayesian,1.0,1.0,0.05,5000,1.0,1.0,126
4,91,1,bayesian,1.0,1.0,0.05,5000,1.0,1.0,27
4,92,1,bayesian,1.0,1.0,0.05,5000,1.0,1.0,72
4,93,1,bayesian,1.0,1.0,0.05,5000,1.0,1.0,31
4,94,1,bayesian,1.0,1.0,0.05,5000,1.0,1.0,80
4,95,1,bayesian,1.0,1.0,0.05,5000,1.0,1.0,88
4,96,1,bayesian,1.0,1.0,0.05,5000,1.0,1.0,593
4,97,1,bayesian,1.0,1.0,0.05,5000,1.0,1.0,72
4,98,1,bayesian,1.0,1.0,0.05,5000,1.0,1.0,134
4,99,1,bayesian,1.0,1.0,0.05,5000,1.0,1.0,150
4,100,1,bayesian,1.0,1.0,0.05,5000,1.0,1.0,174
4,101,1,bayesian,1.0,1.0,0.05,5000,1.0,1.0,89
4,102,1,bayesian,1.0,1.0,0.05,5000,1.0,1.0,70
4,103,1,bayesian,1.0,1.0,0.05,5000,1.0,1.0,1624
4,104,1,bayesian,1.0,1.0,0.05,5000,1.0,1.0,138
4,105,1,bayesian,1.0,1.0,0.05,5000,1.0,1.0,116
4,106,1,bayesian,1.0,1.0,0.05,5000,1.0,1.0,153
4,107,1,bayesian,1.0,1.0,0.05,5000,1.0,1.0,52
4,108,1,bayesian,1.0,1.0,0.05,5000,1.0,1.0,139
4,109,1,bayesian,1.0,1.0,0.05,5000,1.0,1.0,87
4,110,1,bayesian,1.0,1.0,0.05,5000,1.0,1.0,32
4,111,1,bayesian,1.0,1.0,0.05,5000,1.0,1.0,71
4,112,1,bayesian,1.0,1.0,0.05,5000,1.0,1.0,76
4,113,1,bayesian,1.0,1.0,0.05,5000,1.0,1.0,34
4,114,1,bayesian,1.0,1.0,0.05,5000,1.0,1.0,279
4,115,1,bayesian,1.0,1.0,0.05,5000,1.0,1.0,37
4,116,1,bayesian,1.0,1.0,0.05,5000,1.0,1.0,113
4,117,1,bayesian,1.0,1.0,0.05,5000,1.0,1.0,48
4,118,1,bayesian,1.0,1.0,0.05,5000,1.0,1.0,27
4,119,1,bayesian,1.0,1.0,0.05,5000,1.0,1.0,187
4,120,1,bayesian,1.0,1.0,0.05,5000,1.0,1.0,481
4,121,1,bayesian,1.0,1.0,0.05,5000,1.0,1.0,184
4,122,1,bayesian,1.0,1.0,0.05,5000,1.0,1.0,159
4,123,1,bayesian,1.0,1.0,0.05,5000,1.0,1.0,134
4,124,1,bayesian,1.0,1.0,0.05,5000,1.0,1.0,20
4,125,1,bayesian,1.0,1.0,0.05,5000,1.0,1.0,55
4,126,1,bayesian,1.0,1.0,0.05,5000,1.0,1.0,94
4,127,1,bayesian,1.0,1.0,0.05,5000,1.0,1.0,41
4,128,1,bayesian,1.0,1.0,0.05,5000,1.0,1.0,98
4,129,1,bayesian,1.0,1.0,0.05,5000,1.0,1.0,43
4,130,1,bayesian,1.0,1.0,0.05,5000,1.0,1.0,31
4,131,1,bayesian,1.0,1.0,0.05,5000,1.0,1.0,25
4,132,1,bayesian,1.0,1.0,0.05,5000,1.0,1.0,207
4,133,1,bayesian,1.0,1.0,0.05,5000,1.0,1.0,68
4,134,1,bayesian,1.0,1.0,0.05,5000,1.0,1.0,293
4,135,1,bayesian,1.0,1.0,0.05,5000,1.0,1.0,136
4,136,1,bayesian,1.0,1.0,0.05,5000,1.0,1.0,86
4,137,1,bayesian,1.0,1.0,0.05,5000,1.0,1.0,94
4,138,1,bayesian,1.0,1.0,0.05,5000,1.0,1.0,172
4,139,1,bayesian,1.0,1.0,0.05,5000,1.0,1.0,57
4,140,1,bayesian,1.0,1.0,0.05,5000,1.0,1.0,34
4,141,1,bayesian,1.0,1.0,0.05,5000,1.0,1.0,167
4,142,1,bayesian,1.0,1.0,0.05,5000,1.0,1.0,30
4,143,1,bayesian,1.0,1.0,0.05,5000,1.0,1.0,279
4,144,1,bayesian,1.0,1.0,0.05,5000,1.0,1.0,37
4,145,1,bayesian,1.0,1.0,0.05,5000,1.0,1.0,107
4,146,1,bayesian,1.0,1.0,0.05,5000,1.0,1.0,38
4,147,1,bayesian,1.0,1.0,0.05,5000,1.0,1.0,49
4,148,1,bayesian,1.0,1.0,0.05,5000,1.0,1.0,67
4,149,1,bayesian,1.0,1.0,0.05,5000,1.0,1.0,74
4,150,1,bayesian,1.0,1.0,0.05,5000,1.0,1.0,18
4,151,1,bayesian,1.0,1.0,0.05,5000,1.0,1.0,330
4,152,1,bayesian,1.0,1.0,0.05,5000,1.0,1.0,118
4,153,1,bayesian,1.0,1.0,0.05,5000,1.0,1.0,161
4,154,1,bayesian,1.0,1.0,0.05,5000,1.0,1.0,455
4,155,1,bayesian,1.0,1.0,0.05,5000,1.0,1.0,48
4,156,1,bayesian,1.0,1.0,0.05,5000,1.0,1.0,154
4,157,1,bayesian,1.0,1.0,0.05,5000,1.0,1.0,97
4,158,1,bayesian,1.0,1.0,0.05,5000,1.0,1.0,50
4,159,1,bayesian,1.0,1.0,0.05,5000,1.0,1.0,126
4,160,1,bayesian,1.0,1.0,0.05,5000,1.0,1.0,343
4,161,1,bayesian,1.0,1.0,0.05,5000,1.0,1.0,66
4,162,1,bayesian,1.0,1.0,0.05,5000,1.0,1.0,48
4,163,1,bayesian,1.0,1.0,0.05,5000,1.0,1.0,30
4,164,1,bayesian,1.0,1.0,0.05,5000,1.0,1.0,114
4,165,1,bayesian,1.0,1.0,0.05,5000,1.0,1.0,35
4,166,1,bayesian,1.0,1.0,0.05,5000,1.0,1.0,47
4,167,1,bayesian,1.0,1.0,0.05,5000,1.0,1.0,92
4,168,1,bayesian,1.0,1.0,0.05,5000,1.0,1.0,38
4,169,1,bayesian,1.0,1.0,0.05,5000,1.0,1.0,39
4,170,1,bayesian,1.0,1.0,0.05,5000,1.0,1.0,339
4,171,1,bayesian,1.0,1.0,0.05,5000,1.0,1.0,118
4,172,1,bayesian,1.0,1.0,0.05,5000,1.0,1.0,68
4,173,1,bayesian,1.0,1.0,0.05,5000,1.0,1.0,281
4,174,1,bayesian,1.0,1.0,0.05,5000,1.0,1.0,61
4,175,1,bayesian,1.0,1.0,0.05,5000,1.0,1.0,427
4,176,1,bayesian,1.0,1.0,0.05,5000,1.0,1.0,209
4,177,1,bayesian,1.0,1.0,0.05,5000,1.0,1.0,49
4,178,1,bayesian,1.0,1.0,0.05,5000,1.0,1.0,57
4,179,1,bayesian,1.0,1.0,0.05,5000,1.0,1.0,81
4,180,1,bayesian,1.0,1.0,0.05,5000,1.0,1.0,250
4,181,1,bayesian,1.0,1.0,0.05,5000,1.0,1.0,53
4,182,1,bayesian,1.0,1.0,0.05,5000,1.0,1.0,345
4,183,1,bayesian,1.0,1.0,0.05,5000,1.0,1.0,54
4,184,1,bayesian,1.0,1.0,0.05,5000,1.0,1.0,58
4,185,1,bayesian,1.0,1.0,0.05,5000,1.0,1.0,832
4,186,1,bayesian,1.0,1.0,0.05,5000,1.0,1.0,74
4,187,1,bayesian,1.0,1.0,0.05,5000,1.0,1.0,573
4,188,1,bayesian,1.0,1.0,0.05,5000,1.0,1.0,133
4,189,1,bayesian,1.0,1.0,0.05,5000,1.0,1.0,79
4,190,1,bayesian,1.0,1.0,0.05,5000,1.0,1.0,55
4,191,1,bayesian,1.0,1.0,0.05,5000,1.0,1.0,95
4,192,1,bayesian,1.0,1.0,0.05,5000,1.0,1.0,72
4,193,1,bayesian,1.0,1.0,0.05,5000,1.0,1.0,44
4,194,1,bayesian,1.0,1.0,0.05,5000,1.0,1.0,152
4,195,1,bayesian,1.0,1.0,0.05,5000,1.0,1.0,40
4,196,1,bayesian,1.0,1.0,0.05,5000,1.0,1.0,51
4,197,1,bayesian,1.0,1.0,0.05,5000,1.0,1.0,25
4,198,1,bayesian,1.0,1.0,0.05,5000,1.0,1.0,181
4,199,1,bayesian,1.0,1.0,0.05,5000,1.0,1.0,111
4,200,1,bayesian,1.0,1.0,0.05,5000,1.0,1.0,81
4,1,1,bayesian,1.0,1.0,0.05,5000,1.0,1.025,40
4,2,1,bayesian,1.0,1.0,0.05,5000,1.0,1.025,34
4,3,1,bayesian,1.0,1.0,0.05,5000,1.0,1.025,64
4,4,1,bayesian,1.0,1.0,0.05,5000,1.0,1.025,614
4,5,1,bayesian,1.0,1.0,0.05,5000,1.0,1.025,154
4,6,1,bayesian,1.0,1.0,0.05,5000,1.0,1.025,127
4,7,1,bayesian,1.0,1.0,0.05,5000,1.0,1.025,83
4,8,1,bayesian,1.0,1.0,0.05,5000,1.0,1.025,396
4,9,1,bayesian,1.0,1.0,0.05,5000,1.0,1.025,506
4,10,1,bayesian,1.0,1.0,0.05,5000,1.0,1.025,72
4,11,1,bayesian,1.0,1.0,0.05,5000,1.0,1.025,149
4,12,1,bayesian,1.0,1.0,0.05,5000,1.0,1.025,36
4,13,1,bayesian,1.0,1.0,0.05,5000,1.0,1.025,146
4,14,1,bayesian,1.0,1.0,0.05,5000,1.0,1.025,329
4,15,1,bayesian,1.0,1.0,0.05,5000,1.0,1.025,538
4,16,1,bayesian,1.0,1.0,0.05,5000,1.0,1.025,163
4,17,1,bayesian,1.0,1.0,0.05,5000,1.0,1.025,85
4,18,1,bayesian,1.0,1.0,0.05,5000,1.0,1.025,42
4,19,1,bayesian,1.0,1.0,0.05,5000,1.0,1.025,57
4,20,1,bayesian,1.0,1.0,0.05,5000,1.0,1.025,83
4,21,1,bayesian,1.0,1.0,0.05,5000,1.0,1.025,68
4,22,1,bayesian,1.0,1.0,0.05,5000,1.0,1.025,261
4,23,1,bayesian,1.0,1.0,0.05,5000,1.0,1.025,152
4,24,1,bayesian,1.0,1.0,0.05,5000,1.0,1.025,71
4,25,1,bayesian,1.0,1.0,0.05,5000,1.0,1.025,71
4,26,1,bayesian,1.0,1.0,0.05,5000,1.0,1.025,27
4,27,1,bayesian,1.0,1.0,0.05,5000,1.0,1.025,102
4,28,1,bayesian,1.0,1.0,0.05,5000,1.0,1.025,982
4,29,1,bayesian,1.0,1.0,0.05,5000,1.0,1.025,71
4,30,1,bayesian,1.0,1.0,0.05,5000,1.0,1.025,104
4,31,1,bayesian,1.0,1.0,0.05,5000,1.0,1.025,70
4,32,1,bayesian,1.0,1.0,0.05,5000,1.0,1.025,98
4,33,1,bayesian,1.0,1.0,0.05,5000,1.0,1.025,142
4,34,1,bayesian,1.0,1.0,0.05,5000,1.0,1.025,82
4,35,1,bayesian,1.0,1.0,0.05,5000,1.0,1.025,43
4,36,1,bayesian,1.0,1.0,0.05,5000,1.0,1.025,131
4,37,1,bayesian,1.0,1.0,0.05,5000,1.0,1.025,75
4,38,1,bayesian,1.0,1.0,0.05,5000,1.0,1.025,423
4,39,1,bayesian,1.0,1.0,0.05,5000,1.0,1.025,42
4,40,1,bayesian,1.0,1.0,0.05,5000,1.0,1.025,693
4,41,1,bayesian,1.0,1.0,0.05,5000,1.0,1.025,84
4,42,1,bayesian,1.0,1.0,0.05,5000,1.0,1.025,91
4,43,1,bayesian,1.0,1.0,0.05,5000,1.0,1.025,28
4,44,1,bayesian,1.0,1.0,0.05,5000,1.0,1.025,35
4,45,1,bayesian,1.0,1.0,0.05,5000,1.0,1.025,20
4,46,1,bayesian,1.0,1.0,0.05,5000,1.0,1.025,98
4,47,1,bayesian,1.0,1.0,0.05,5000,1.0,1.025,379
4,48,1,bayesian,1.0,1.0,0.05,5000,1.0,1.025,75
4,49,1,bayesian,1.0,1.0,0.05,5000,1.0,1.025,262
4,50,1,bayesian,1.0,1.0,0.05,5000,1.0,1.025,26
4,51,1,bayesian,1.0,1.0,0.05,5000,1.0,1.025,270
4,52,1,bayesian,1.0,1.0,0.05,5000,1.0,1.025,91
4,53,1,bayesian,1.0,1.0,0.05,5000,1.0,1.025,31
4,54,1,bayesian,1.0,1.0,0.05,5000,1.0,1.025,56
4,55,1,bayesian,1.0,1.0,0.05,5000,1.0,1.025,124
4,56,1,bayesian,1.0,1.0,0.05,5000,1.0,1.025,44
4,57,1,bayesian,1.0,1.0,0.05,5000,1.0,1.025,47
4,58,1,bayesian,1.0,1.0,0.05,5000,1.0,1.025,104
4,59,1,bayesian,1.0,1.0,0.05,5000,1.0,1.025,61
4,60,1,bayesian,1.0,1.0,0.05,5000,1.0,1.025,162
4,61,1,bayesian,1.0,1.0,0.05,5000,1.0,1.025,50
4,62,1,bayesian,1.0,1.0,0.05,5000,1.0,1.025,54
4,63,1,bayesian,1.0,1.0,0.05,5000,1.0,1.025,232
4,64,1,bayesian,1.0,1.0,0.05,5000,1.0,1.025,77
4,65,1,bayesian,1.0,1.0,0.05,5000,1.0,1.025,192
4,66,1,bayesian,1.0,1.0,0.05,5000,1.0,1.025,149
4,67,1,bayesian,1.0,1.0,0.05,5000,1.0,1.025,28
4,68,1,bayesian,1.0,1.0,0.05,5000,1.0,1.025,126
4,69,1,bayesian,1.0,1.0,0.05,5000,1.0,1.025,99
4,70,1,bayesian,1.0,1.0,0.05,5000,1.0,1.025,194
4,71,1,bayesian,1.0,1.0,0.05,5000,1.0,1.025,182
4,72,1,bayesian,1.0,1.0,0.05,5000,1.0,1.025,72
4,73,1,bayesian,1.0,1.0,0.05,5000,1.0,1.025,253
4,74,1,bayesian,1.0,1.0,0.05,5000,1.0,1.025,101
4,75,1,bayesian,1.0,1.0,0.05,5000,1.0,1.025,140
4,76,1,bayesian,1.0,1.0,0.05,5000,1.0,1.025,127
4,77,1,bayesian,1.0,1.0,0.05,5000,1.0,1.025,65
4,78,1,bayesian,1.0,1.0,0.05,5000,1.0,1.025,44
4,79,1,bayesian,1.0,1.0,0.05,5000,1.0,1.025,92
4,80,1,bayesian,1.0,1.0,0.05,5000,1.0,1.025,94
4,81,1,bayesian,1.0,1.0,0.05,5000,1.0,1.025,25
4,82,1,bayesian,1.0,1.0,0.05,5000,1.0,1.025,218
4,83,1,bayesian,1.0,1.0,0.05,5000,1.0,1.025,314
4,84,1,bayesian,1.0,1.0,0.05,5000,1.0,1.025,361
4,85,1,bayesian,1.0,1.0,0.05,5000,1.0,1.025,102
4,86,1,bayesian,1.0,1.0,0.05,5000,1.0,1.025,36
4,87,1,bayesian,1.0,1.0,0.05,5000,1.0,1.025,291
4,88,1,bayesian,1.0,1.0,0.05,5000,1.0,1.025,57
4,89,1,bayesian,1.0,1.0,0.05,5000,1.0,1.025,123
4,90,1,bayesian,1.0,1.0,0.05,5000,1.0,1.025,134
4,91,1,bayesian,1.0,1.0,0.05,5000,1.0,1.025,41
4,92,1,bayesian,1.0,1.0,0.05,5000,1.0,1.025,77
4,93,1,bayesian,1.0,1.0,0.05,5000,1.0,1.025,175
4,94,1,bayesian,1.0,1.0,0.05,5000,1.0,1.025,432
4,95,1,bayesian,1.0,1.0,0.05,5000,1.0,1.025,32
4,96,1,bayesian,1.0,1.0,0.05,5000,1.0,1.025,230
4,97,1,bayesian,1.0,1.0,0.05,5000,1.0,1.025,90
4,98,1,bayesian,1.0,1.0,0.05,5000,1.0,1.025,140
4,99,1,bayesian,1.0,1.0,0.05,5000,1.0,1.025,70
4,100,1,bayesian,1.0,1.0,0.05,5000,1.0,1.025,97
4,101,1,bayesian,1.0,1.0,0.05,5000,1.0,1.025,68
4,102,1,bayesian,1.0,1.0,0.05,5000,1.0,1.025,22
4,103,1,bayesian,1.0,1.0,0.05,5000,1.0,1.025,70
4,104,1,bayesian,1.0,1.0,0.05,5000,1.0,1.025,288
4,105,1,bayesian,1.0,1.0,0.05,5000,1.0,1.025,89
4,106,1,bayesian,1.0,1.0,0.05,5000,1.0,1.025,49
4,107,1,bayesian,1.0,1.0,0.05,5000,1.0,1.025,121
4,108,1,bayesian,1.0,1.0,0.05,5000,1.0,1.025,113
4,109,1,bayesian,1.0,1.0,0.05,5000,1.0,1.025,24
4,110,1,bayesian,1.0,1.0,0.05,5000,1.0,1.025,83
4,111,1,bayesian,1.0,1.0,0.05,5000,1.0,1.025,24
4,112,1,bayesian,1.0,1.0,0.05,5000,1.0,1.025,115
4,113,1,bayesian,1.0,1.0,0.05,5000,1.0,1.025,81
4,114,1,bayesian,1.0,1.0,0.05,5000,1.0,1.025,620
4,115,1,bayesian,1.0,1.0,0.05,5000,1.0,1.025,50
4,116,1,bayesian,1.0,1.0,0.05,5000,1.0,1.025,153
4,117,1,bayesian,1.0,1.0,0.05,5000,1.0,1.025,660
4,118,1,bayesian,1.0,1.0,0.05,5000,1.0,1.025,45
4,119,1,bayesian,1.0,1.0,0.05,5000,1.0,1.025,45
4,120,1,bayesian,1.0,1.0,0.05,5000,1.0,1.025,227
4,121,1,bayesian,1.0,1.0,0.05,5000,1.0,1.025,21
4,122,1,bayesian,1.0,1.0,0.05,5000,1.0,1.025,39
4,123,1,bayesian,1.0,1.0,0.05,5000,1.0,1.025,67
4,124,1,bayesian,1.0,1.0,0.05,5000,1.0,1.025,21
4,125,1,bayesian,1.0,1.0,0.05,5000,1.0,1.025,133
4,126,1,bayesian,1.0,1.0,0.05,5000,1.0,1.025,49
4,127,1,bayesian,1.0,1.0,0.05,5000,1.0,1.025,91
4,128,1,bayesian,1.0,1.0,0.05,5000,1.0,1.025,328
4,129,1,bayesian,1.0,1.0,0.05,5000,1.0,1.025,29
4,130,1,bayesian,1.0,1.0,0.05,5000,1.0,1.025,272
4,131,1,bayesian,1.0,1.0,0.05,5000,1.0,1.025,180
4,132,1,bayesian,1.0,1.0,0.05,5000,1.0,1.025,50
4,133,1,bayesian,1.0,1.0,0.05,5000,1.0,1.025,31
4,134,1,bayesian,1.0,1.0,0.05,5000,1.0,1.025,62
4,135,1,bayesian,1.0,1.0,0.05,5000,1.0,1.025,330
4,136,1,bayesian,1.0,1.0,0.05,5000,1.0,1.025,36
4,137,1,bayesian,1.0,1.0,0.05,5000,1.0,1.025,75
4,138,1,bayesian,1.0,1.0,0.05,5000,1.0,1.025,97
4,139,1,bayesian,1.0,1.0,0.05,5000,1.0,1.025,178
4,140,1,bayesian,1.0,1.0,0.05,5000,1.0,1.025,182
4,141,1,bayesian,1.0,1.0,0.05,5000,1.0,1.025,58
4,142,1,bayesian,1.0,1.0,0.05,5000,1.0,1.025,121
4,143,1,bayesian,1.0,1.0,0.05,5000,1.0,1.025,83
4,144,1,bayesian,1.0,1.0,0.05,5000,1.0,1.025,101
4,145,1,bayesian,1.0,1.0,0.05,5000,1.0,1.025,71
4,146,1,bayesian,1.0,1.0,0.05,5000,1.0,1.025,79
4,147,1,bayesian,1.0,1.0,0.05,5000,1.0,1.025,35
4,148,1,bayesian,1.0,1.0,0.05,5000,1.0,1.025,88
4,149,1,bayesian,1.0,1.0,0.05,5000,1.0,1.025,80
4,150,1,bayesian,1.0,1.0,0.05,5000,1.0,1.025,95
4,151,1,bayesian,1.0,1.0,0.05,5000,1.0,1.025,122
4,152,1,bayesian,1.0,1.0,0.05,5000,1.0,1.025,39
4,153,1,bayesian,1.0,1.0,0.05,5000,1.0,1.025,210
4,154,1,bayesian,1.0,1.0,0.05,5000,1.0,1.025,317
4,155,1,bayesian,1.0,1.0,0.05,5000,1.0,1.025,244
4,156,1,bayesian,1.0,1.0,0.05,5000,1.0,1.025,400
4,157,1,bayesian,1.0,1.0,0.05,5000,1.0,1.025,25
4,158,1,bayesian,1.0,1.0,0.05,5000,1.0,1.025,91
4,159,1,bayesian,1.0,1.0,0.05,5000,1.0,1.025,57
4,160,1,bayesian,1.0,1.0,0.05,5000,1.0,1.025,192
4,161,1,bayesian,1.0,1.0,0.05,5000,1.0,1.025,169
4,162,1,bayesian,1.0,1.0,0.05,5000,1.0,1.025,48
4,163,1,bayesian,1.0,1.0,0.05,5000,1.0,1.025,36
4,164,1,bayesian,1.0,1.0,0.05,5000,1.0,1.025,184
4,165,1,bayesian,1.0,1.0,0.05,5000,1.0,1.025,44
4,166,1,bayesian,1.0,1.0,0.05,5000,1.0,1.025,128
4,167,1,bayesian,1.0,1.0,0.05,5000,1.0,1.025,107
4,168,1,bayesian,1.0,1.0,0.05,5000,1.0,1.025,96
4,169,1,bayesian,1.0,1.0,0.05,5000,1.0,1.025,117
4,170,1,bayesian,1.0,1.0,0.05,5000,1.0,1.025,118
4,171,1,bayesian,1.0,1.0,0.05,5000,1.0,1.025,59
4,172,1,bayesian,1.0,1.0,0.05,5000,1.0,1.025,161
4,173,1,bayesian,1.0,1.0,0.05,5000,1.0,1.025,105
4,174,1,bayesian,1.0,1.0,0.05,5000,1.0,1.025,86
4,175,1,bayesian,1.0,1.0,0.05,5000,1.0,1.025,156
4,176,1,bayesian,1.0,1.0,0.05,5000,1.0,1.025,237
4,177,1,bayesian,1.0,1.0,0.05,5000,1.0,1.025,54
4,178,1,bayesian,1.0,1.0,0.05,5000,1.0,1.025,113
4,179,1,bayesian,1.0,1.0,0.05,5000,1.0,1.025,103
4,180,1,bayesian,1.0,1.0,0.05,5000,1.0,1.025,71
4,181,1,bayesian,1.0,1.0,0.05,5000,1.0,1.025,75
4,182,1,bayesian,1.0,1.0,0.05,5000,1.0,1.025,194
4,183,1,bayesian,1.0,1.0,0.05,5000,1.0,1.025,77
4,184,1,bayesian,1.0,1.0,0.05,5000,1.0,1.025,40
4,185,1,bayesian,1.0,1.0,0.05,5000,1.0,1.025,146
4,186,1,bayesian,1.0,1.0,0.05,5000,1.0,1.025,31
4,187,1,bayesian,1.0,1.0,0.05,5000,1.0,1.025,117
4,188,1,bayesian,1.0,1.0,0.05,5000,1.0,1.025,18
4,189,1,bayesian,1.0,1.0,0.05,5000,1.0,1.025,34
4,190,1,bayesian,1.0,1.0,0.05,5000,1.0,1.025,619
4,191,1,bayesian,1.0,1.0,0.05,5000,1.0,1.025,168
4,192,1,bayesian,1.0,1.0,0.05,5000,1.0,1.025,325
4,193,1,bayesian,1.0,1.0,0.05,5000,1.0,1.025,115
4,194,1,bayesian,1.0,1.0,0.05,5000,1.0,1.025,69
4,195,1,bayesian,1.0,1.0,0.05,5000,1.0,1.025,193
4,196,1,bayesian,1.0,1.0,0.05,5000,1.0,1.025,49
4,197,1,bayesian,1.0,1.0,0.05,5000,1.0,1.025,80
4,198,1,bayesian,1.0,1.0,0.05,5000,1.0,1.025,17
4,199,1,bayesian,1.0,1.0,0.05,5000,1.0,1.025,41
4,200,1,bayesian,1.0,1.0,0.05,5000,1.0,1.025,24
4,1,1,bayesian,1.0,1.0,0.05,5000,1.0,1.05,139
4,2,1,bayesian,1.0,1.0,0.05,5000,1.0,1.05,256
4,3,1,bayesian,1.0,1.0,0.05,5000,1.0,1.05,106
4,4,1,bayesian,1.0,1.0,0.05,5000,1.0,1.05,38
4,5,1,bayesian,1.0,1.0,0.05,5000,1.0,1.05,64
4,6,1,bayesian,1.0,1.0,0.05,5000,1.0,1.05,47
4,7,1,bayesian,1.0,1.0,0.05,5000,1.0,1.05,176
4,8,1,bayesian,1.0,1.0,0.05,5000,1.0,1.05,144
4,9,1,bayesian,1.0,1.0,0.05,5000,1.0,1.05,56
4,10,1,bayesian,1.0,1.0,0.05,5000,1.0,1.05,183
4,11,1,bayesian,1.0,1.0,0.05,5000,1.0,1.05,205
4,12,1,bayesian,1.0,1.0,0.05,5000,1.0,1.05,21
4,13,1,bayesian,1.0,1.0,0.05,5000,1.0,1.05,127
4,14,1,bayesian,1.0,1.0,0.05,5000,1.0,1.05,98
4,15,1,bayesian,1.0,1.0,0.05,5000,1.0,1.05,55
4,16,1,bayesian,1.0,1.0,0.05,5000,1.0,1.05,241
4,17,1,bayesian,1.0,1.0,0.05,5000,1.0,1.05,145
4,18,1,bayesian,1.0,1.0,0.05,5000,1.0,1.05,447
4,19,1,bayesian,1.0,1.0,0.05,5000,1.0,1.05,50
4,20,1,bayesian,1.0,1.0,0.05,5000,1.0,1.05,287
4,21,1,bayesian,1.0,1.0,0.05,5000,1.0,1.05,110
4,22,1,bayesian,1.0,1.0,0.05,5000,1.0,1.05,39
4,23,1,bayesian,1.0,1.0,0.05,5000,1.0,1.05,92
4,24,1,bayesian,1.0,1.0,0.05,5000,1.0,1.05,27
4,25,1,bayesian,1.0,1.0,0.05,5000,1.0,1.05,244
4,26,1,bayesian,1.0,1.0,0.05,5000,1.0,1.05,477
4,27,1,bayesian,1.0,1.0,0.05,5000,1.0,1.05,39
4,28,1,bayesian,1.0,1.0,0.05,5000,1.0,1.05,54
4,29,1,bayesian,1.0,1.0,0.05,5000,1.0,1.05,45
4,30,1,bayesian,1.0,1.0,0.05,5000,1.0,1.05,121
4,31,1,bayesian,1.0,1.0,0.05,5000,1.0,1.05,117
4,32,1,bayesian,1.0,1.0,0.05,5000,1.0,1.05,288
4,33,1,bayesian,1.0,1.0,0.05,5000,1.0,1.05,220
4,34,1,bayesian,1.0,1.0,0.05,5000,1.0,1.05,44
4,35,1,bayesian,1.0,1.0,0.05,5000,1.0,1.05,182
4,36,1,bayesian,1.0,1.0,0.05,5000,1.0,1.05,28
4,37,1,bayesian,1.0,1.0,0.05,5000,1.0,1.05,168
4,38,1,bayesian,1.0,1.0,0.05,5000,1.0,1.05,205
4,39,1,bayesian,1.0,1.0,0.05,5000,1.0,1.05,166
4,40,1,bayesian,1.0,1.0,0.05,5000,1.0,1.05,92
4,41,1,bayesian,1.0,1.0,0.05,5000,1.0,1.05,91
4,42,1,bayesian,1.0,1.0,0.05,5000,1.0,1.05,21
4,43,1,bayesian,1.0,1.0,0.05,5000,1.0,1.05,149
4,44,1,bayesian,1.0,1.0,0.05,5000,1.0,1.05,120
4,45,1,bayesian,1.0,1.0,0.05,5000,1.0,1.05,94
4,46,1,bayesian,1.0,1.0,0.05,5000,1.0,1.05,307
4,47,1,bayesian,1.0,1.0,0.05,5000,1.0,1.05,244
4,48,1,bayesian,1.0,1.0,0.05,5000,1.0,1.05,390
4,49,1,bayesian,1.0,1.0,0.05,5000,1.0,1.05,60
4,50,1,bayesian,1.0,1.0,0.05,5000,1.0,1.05,20
4,51,1,bayesian,1.0,1.0,0.05,5000,1.0,1.05,410
4,52,1,bayesian,1.0,1.0,0.05,5000,1.0,1.05,35
4,53,1,bayesian,1.0,1.0,0.05,5000,1.0,1.05,144
4,54,1,bayesian,1.0,1.0,0.05,5000,1.0,1.05,225
4,55,1,bayesian,1.0,1.0,0.05,5000,1.0,1.05,43
4,56,1,bayesian,1.0,1.0,0.05,5000,1.0,1.05,359
4,57,1,bayesian,1.0,1.0,0.05,5000,1.0,1.05,91
4,58,1,bayesian,1.0,1.0,0.05,5000,1.0,1.05,132
4,59,1,bayesian,1.0,1.0,0.05,5000,1.0,1.05,170
4,60,1,bayesian,1.0,1.0,0.05,5000,1.0,1.05,48
4,61,1,bayesian,1.0,1.0,0.05,5000,1.0,1.05,57
4,62,1,bayesian,1.0,1.0,0.05,5000,1.0,1.05,52
4,63,1,bayesian,1.0,1.0,0.05,5000,1.0,1.05,211
4,64,1,bayesian,1.0,1.0,0.05,5000,1.0,1.05,47
4,65,1,bayesian,1.0,1.0,0.05,5000,1.0,1.05,387
4,66,1,bayesian,1.0,1.0,0.05,5000,1.0,1.05,88
4,67,1,bayesian,1.0,1.0,0.05,5000,1.0,1.05,197
4,68,1,bayesian,1.0,1.0,0.05,5000,1.0,1.05,71
4,69,1,bayesian,1.0,1.0,0.05,5000,1.0,1.05,79
4,70,1,bayesian,1.0,1.0,0.05,5000,1.0,1.05,77
4,71,1,bayesian,1.0,1.0,0.05,5000,1.0,1.05,67
4,72,1,bayesian,1.0,1.0,0.05,5000,1.0,1.05,126
4,73,1,bayesian,1.0,1.0,0.05,5000,1.0,1.05,153
4,74,1,bayesian,1.0,1.0,0.05,5000,1.0,1.05,286
4,75,1,bayesian,1.0,1.0,0.05,5000,1.0,1.05,1049
4,76,1,bayesian,1.0,1.0,0.05,5000,1.0,1.05,107
4,77,1,bayesian,1.0,1.0,0.05,5000,1.0,1.05,220
4,78,1,bayesian,1.0,1.0,0.05,5000,1.0,1.05,37
4,79,1,bayesian,1.0,1.0,0.05,5000,1.0,1.05,166
4,80,1,bayesian,1.0,1.0,0.05,5000,1.0,1.05,127
4,81,1,bayesian,1.0,1.0,0.05,5000,1.0,1.05,111
4,82,1,bayesian,1.0,1.0,0.05,5000,1.0,1.05,55
4,83,1,bayesian,1.0,1.0,0.05,5000,1.0,1.05,40
4,84,1,bayesian,1.0,1.0,0.05,5000,1.0,1.05,42
4,85,1,bayesian,1.0,1.0,0.05,5000,1.0,1.05,44
4,86,1,bayesian,1.0,1.0,0.05,5000,1.0,1.05,129
4,87,1,bayesian,1.0,1.0,0.05,5000,1.0,1.05,663
4,88,1,bayesian,1.0,1.0,0.05,5000,1.0,1.05,49
4,89,1,bayesian,1.0,1.0,0.05,5000,1.0,1.05,188
4,90,1,bayesian,1.0,1.0,0.05,5000,1.0,1.05,137
4,91,1,bayesian,1.0,1.0,0.05,5000,1.0,1.05,28
4,92,1,bayesian,1.0,1.0,0.05,5000,1.0,1.05,216
4,93,1,bayesian,1.0,1.0,0.05,5000,1.0,1.05,237
4,94,1,bayesian,1.0,1.0,0.05,5000,1.0,1.05,47
4,95,1,bayesian,1.0,1.0,0.05,5000,1.0,1.05,20
4,96,1,bayesian,1.0,1.0,0.05,5000,1.0,1.05,63
4,97,1,bayesian,1.0,1.0,0.05,5000,1.0,1.05,627
4,98,1,bayesian,1.0,1.0,0.05,5000,1.0,1.05,24
4,99,1,bayesian,1.0,1.0,0.05,5000,1.0,1.05,41
4,100,1,bayesian,1.0,1.0,0.05,5000,1.0,1.05,89
4,101,1,bayesian,1.0,1.0,0.05,5000,1.0,1.05,201
4,102,1,bayesian,1.0,1.0,0.05,5000,1.0,1.05,60
4,103,1,bayesian,1.0,1.0,0.05,5000,1.0,1.05,82
4,104,1,bayesian,1.0,1.0,0.05,5000,1.0,1.05,95
4,105,1,bayesian,1.0,1.0,0.05,5000,1.0,1.05,132
4,106,1,bayesian,1.0,1.0,0.05,5000,1.0,1.05,43
4,107,1,bayesian,1.0,1.0,0.05,5000,1.0,1.05,81
4,108,1,bayesian,1.0,1.0,0.05,5000,1.0,1.05,215
4,109,1,bayesian,1.0,1.0,0.05,5000,1.0,1.05,38
4,110,1,bayesian,1.0,1.0,0.05,5000,1.0,1.05,159
4,111,1,bayesian,1.0,1.0,0.05,5000,1.0,1.05,153
4,112,1,bayesian,1.0,1.0,0.05,5000,1.0,1.05,120
4,113,1,bayesian,1.0,1.0,0.05,5000,1.0,1.05,169
4,114,1,bayesian,1.0,1.0,0.05,5000,1.0,1.05,32
4,115,1,bayesian,1.0,1.0,0.05,5000,1.0,1.05,83
4,116,1,bayesian,1.0,1.0,0.05,5000,1.0,1.05,57
4,117,1,bayesian,1.0,1.0,0.05,5000,1.0,1.05,49
4,118,1,bayesian,1.0,1.0,0.05,5000,1.0,1.05,132
4,119,1,bayesian,1.0,1.0,0.05,5000,1.0,1.05,35
4,120,1,bayesian,1.0,1.0,0.05,5000,1.0,1.05,129
4,121,1,bayesian,1.0,1.0,0.05,5000,1.0,1.05,140
4,122,1,bayesian,1.0,1.0,0.05,5000,1.0,1.05,177
4,123,1,bayesian,1.0,1.0,0.05,5000,1.0,1.05,33
4,124,1,bayesian,1.0,1.0,0.05,5000,1.0,1.05,116
4,125,1,bayesian,1.0,1.0,0.05,5000,1.0,1.05,314
4,126,1,bayesian,1.0,1.0,0.05,5000,1.0,1.05,68
4,127,1,bayesian,1.0,1.0,0.05,5000,1.0,1.05,75
4,128,1,bayesian,1.0,1.0,0.05,5000,1.0,1.05,140
4,129,1,bayesian,1.0,1.0,0.05,5000,1.0,1.05,56
4,130,1,bayesian,1.0,1.0,0.05,5000,1.0,1.05,22
4,131,1,bayesian,1.0,1.0,0.05,5000,1.0,1.05,145
4,132,1,bayesian,1.0,1.0,0.05,5000,1.0,1.05,102
4,133,1,bayesian,1.0,1.0,0.05,5000,1.0,1.05,70
4,134,1,bayesian,1.0,1.0,0.05,5000,1.0,1.05,47
4,135,1,bayesian,1.0,1.0,0.05,5000,1.0,1.05,154
4,136,1,bayesian,1.0,1.0,0.05,5000,1.0,1.05,37
4,137,1,bayesian,1.0,1.0,0.05,5000,1.0,1.05,810
4,138,1,bayesian,1.0,1.0,0.05,5000,1.0,1.05,24
4,139,1,bayesian,1.0,1.0,0.05,5000,1.0,1.05,60
4,140,1,bayesian,1.0,1.0,0.05,5000,1.0,1.05,105
4,141,1,bayesian,1.0,1.0,0.05,5000,1.0,1.05,606
4,142,1,bayesian,1.0,1.0,0.05,5000,1.0,1.05,30
4,143,1,bayesian,1.0,1.0,0.05,5000,1.0,1.05,200
4,144,1,bayesian,1.0,1.0,0.05,5000,1.0,1.05,233
4,145,1,bayesian,1.0,1.0,0.05,5000,1.0,1.05,39
4,146,1,bayesian,1.0,1.0,0.05,5000,1.0,1.05,127
4,147,1,bayesian,1.0,1.0,0.05,5000,1.0,1.05,105
4,148,1,bayesian,1.0,1.0,0.05,5000,1.0,1.05,576
4,149,1,bayesian,1.0,1.0,0.05,5000,1.0,1.05,92
4,150,1,bayesian,1.0,1.0,0.05,5000,1.0,1.05,473
4,151,1,bayesian,1.0,1.0,0.05,5000,1.0,1.05,47
4,152,1,bayesian,1.0,1.0,0.05,5000,1.0,1.05,190
4,153,1,bayesian,1.0,1.0,0.05,5000,1.0,1.05,249
4,154,1,bayesian,1.0,1.0,0.05,5000,1.0,1.05,31
4,155,1,bayesian,1.0,1.0,0.05,5000,1.0,1.05,131
4,156,1,bayesian,1.0,1.0,0.05,5000,1.0,1.05,53
4,157,1,bayesian,1.0,1.0,0.05,5000,1.0,1.05,174
4,158,1,bayesian,1.0,1.0,0.05,5000,1.0,1.05,107
4,159,1,bayesian,1.0,1.0,0.05,5000,1.0,1.05,60
4,160,1,bayesian,1.0,1.0,0.05,5000,1.0,1.05,125
4,161,1,bayesian,1.0,1.0,0.05,5000,1.0,1.05,125
4,162,1,bayesian,1.0,1.0,0.05,5000,1.0,1.05,38
4,163,1,bayesian,1.0,1.0,0.05,5000,1.0,1.05,133
4,164,1,bayesian,1.0,1.0,0.05,5000,1.0,1.05,374
4,165,1,bayesian,1.0,1.0,0.05,5000,1.0,1.05,84
4,166,1,bayesian,1.0,1.0,0.05,5000,1.0,1.05,175
4,167,1,bayesian,1.0,1.0,0.05,5000,1.0,1.05,68
4,168,1,bayesian,1.0,1.0,0.05,5000,1.0,1.05,103
4,169,1,bayesian,1.0,1.0,0.05,5000,1.0,1.05,19
4,170,1,bayesian,1.0,1.0,0.05,5000,1.0,1.05,177
4,171,1,bayesian,1.0,1.0,0.05,5000,1.0,1.05,86
4,172,1,bayesian,1.0,1.0,0.05,5000,1.0,1.05,350
4,173,1,bayesian,1.0,1.0,0.05,5000,1.0,1.05,118
4,174,1,bayesian,1.0,1.0,0.05,5000,1.0,1.05,309
4,175,1,bayesian,1.0,1.0,0.05,5000,1.0,1.05,78
4,176,1,bayesian,1.0,1.0,0.05,5000,1.0,1.05,215
4,177,1,bayesian,1.0,1.0,0.05,5000,1.0,1.05,199
4,178,1,bayesian,1.0,1.0,0.05,5000,1.0,1.05,42
4,179,1,bayesian,1.0,1.0,0.05,5000,1.0,1.05,195
4,180,1,bayesian,1.0,1.0,0.05,5000,1.0,1.05,30
4,181,1,bayesian,1.0,1.0,0.05,5000,1.0,1.05,190
4,182,1,bayesian,1.0,1.0,0.05,5000,1.0,1.05,169
4,183,1,bayesian,1.0,1.0,0.05,5000,1.0,1.05,169
4,184,1,bayesian,1.0,1.0,0.05,5000,1.0,1.05,65
4,185,1,bayesian,1.0,1.0,0.05,5000,1.0,1.05,349
4,186,1,bayesian,1.0,1.0,0.05,5000,1.0,1.05,133
4,187,1,bayesian,1.0,1.0,0.05,5000,1.0,1.05,26
4,188,1,bayesian,1.0,1.0,0.05,5000,1.0,1.05,34
4,189,1,bayesian,1.0,1.0,0.05,5000,1.0,1.05,179
4,190,1,bayesian,1.0,1.0,0.05,5000,1.0,1.05,115
4,191,1,bayesian,1.0,1.0,0.05,5000,1.0,1.05,121
4,192,1,bayesian,1.0,1.0,0.05,5000,1.0,1.05,367
4,193,1,bayesian,1.0,1.0,0.05,5000,1.0,1.05,39
4,194,1,bayesian,1.0,1.0,0.05,5000,1.0,1.05,420
4,195,1,bayesian,1.0,1.0,0.05,5000,1.0,1.05,88
4,196,1,bayesian,1.0,1.0,0.05,5000,1.0,1.05,110
4,197,1,bayesian,1.0,1.0,0.05,5000,1.0,1.05,153
4,198,1,bayesian,1.0,1.0,0.05,5000,1.0,1.05,20
4,199,1,bayesian,1.0,1.0,0.05,5000,1.0,1.05,67
4,200,1,bayesian,1.0,1.0,0.05,5000,1.0,1.05,110
4,1,1,bayesian,1.0,1.0,0.05,5000,1.0,1.075,58
4,2,1,bayesian,1.0,1.0,0.05,5000,1.0,1.075,58
4,3,1,bayesian,1.0,1.0,0.05,5000,1.0,1.075,104
4,4,1,bayesian,1.0,1.0,0.05,5000,1.0,1.075,136
4,5,1,bayesian,1.0,1.0,0.05,5000,1.0,1.075,77
4,6,1,bayesian,1.0,1.0,0.05,5000,1.0,1.075,191
4,7,1,bayesian,1.0,1.0,0.05,5000,1.0,1.075,32
4,8,1,bayesian,1.0,1.0,0.05,5000,1.0,1.075,21
4,9,1,bayesian,1.0,1.0,0.05,5000,1.0,1.075,398
4,10,1,bayesian,1.0,1.0,0.05,5000,1.0,1.075,99
4,11,1,bayesian,1.0,1.0,0.05,5000,1.0,1.075,23
4,12,1,bayesian,1.0,1.0,0.05,5000,1.0,1.075,221
4,13,1,bayesian,1.0,1.0,0.05,5000,1.0,1.075,130
4,14,1,bayesian,1.0,1.0,0.05,5000,1.0,1.075,119
4,15,1,bayesian,1.0,1.0,0.05,5000,1.0,1.075,27
4,16,1,bayesian,1.0,1.0,0.05,5000,1.0,1.075,97
4,17,1,bayesian,1.0,1.0,0.05,5000,1.0,1.075,44
4,18,1,bayesian,1.0,1.0,0.05,5000,1.0,1.075,26
4,19,1,bayesian,1.0,1.0,0.05,5000,1.0,1.075,45
4,20,1,bayesian,1.0,1.0,0.05,5000,1.0,1.075,141
4,21,1,bayesian,1.0,1.0,0.05,5000,1.0,1.075,356
4,22,1,bayesian,1.0,1.0,0.05,5000,1.0,1.075,167
4,23,1,bayesian,1.0,1.0,0.05,5000,1.0,1.075,171
4,24,1,bayesian,1.0,1.0,0.05,5000,1.0,1.075,212
4,25,1,bayesian,1.0,1.0,0.05,5000,1.0,1.075,52
4,26,1,bayesian,1.0,1.0,0.05,5000,1.0,1.075,79
4,27,1,bayesian,1.0,1.0,0.05,5000,1.0,1.075,138
4,28,1,bayesian,1.0,1.0,0.05,5000,1.0,1.075,166
4,29,1,bayesian,1.0,1.0,0.05,5000,1.0,1.075,313
4,30,1,bayesian,1.0,1.0,0.05,5000,1.0,1.075,106
4,31,1,bayesian,1.0,1.0,0.05,5000,1.0,1.075,476
4,32,1,bayesian,1.0,1.0,0.05,5000,1.0,1.075,136
4,33,1,bayesian,1.0,1.0,0.05,5000,1.0,1.075,108
4,34,1,bayesian,1.0,1.0,0.05,5000,1.0,1.075,32
4,35,1,bayesian,1.0,1.0,0.05,5000,1.0,1.075,64
4,36,1,bayesian,1.0,1.0,0.05,5000,1.0,1.075,226
4,37,1,bayesian,1.0,1.0,0.05,5000,1.0,1.075,46
4,38,1,bayesian,1.0,1.0,0.05,5000,1.0,1.075,77
4,39,1,bayesian,1.0,1.0,0.05,5000,1.0,1.075,25
4,40,1,bayesian,1.0,1.0,0.05,5000,1.0,1.075,32
4,41,1,bayesian,1.0,1.0,0.05,5000,1.0,1.075,55
4,42,1,bayesian,1.0,1.0,0.05,5000,1.0,1.075,39
4,43,1,bayesian,1.0,1.0,0.05,5000,1.0,1.075,140
4,44,1,bayesian,1.0,1.0,0.05,5000,1.0,1.075,192
4,45,1,bayesian,1.0,1.0,0.05,5000,1.0,1.075,151
4,46,1,bayesian,1.0,1.0,0.05,5000,1.0,1.075,204
4,47,1,bayesian,1.0,1.0,0.05,5000,1.0,1.075,452
4,48,1,bayesian,1.0,1.0,0.05,5000,1.0,1.075,147
4,49,1,bayesian,1.0,1.0,0.05,5000,1.0,1.075,50
4,50,1,bayesian,1.0,1.0,0.05,5000,1.0,1.075,113
4,51,1,bayesian,1.0,1.0,0.05,5000,1.0,1.075,495
4,52,1,bayesian,1.0,1.0,0.05,5000,1.0,1.075,44
4,53,1,bayesian,1.0,1.0,0.05,5000,1.0,1.075,389
4,54,1,bayesian,1.0,1.0,0.05,5000,1.0,1.075,123
4,55,1,bayesian,1.0,1.0,0.05,5000,1.0,1.075,60
4,56,1,bayesian,1.0,1.0,0.05,5000,1.0,1.075,19
4,57,1,bayesian,1.0,1.0,0.05,5000,1.0,1.075,129
4,58,1,bayesian,1.0,1.0,0.05,5000,1.0,1.075,571
4,59,1,bayesian,1.0,1.0,0.05,5000,1.0,1.075,150
4,60,1,bayesian,1.0,1.0,0.05,5000,1.0,1.075,54
4,61,1,bayesian,1.0,1.0,0.05,5000,1.0,1.075,117
4,62,1,bayesian,1.0,1.0,0.05,5000,1.0,1.075,27
4,63,1,bayesian,1.0,1.0,0.05,5000,1.0,1.075,78
4,64,1,bayesian,1.0,1.0,0.05,5000,1.0,1.075,99
4,65,1,bayesian,1.0,1.0,0.05,5000,1.0,1.075,244
4,66,1,bayesian,1.0,1.0,0.05,5000,1.0,1.075,40
4,67,1,bayesian,1.0,1.0,0.05,5000,1.0,1.075,81
4,68,1,bayesian,1.0,1.0,0.05,5000,1.0,1.075,25
4,69,1,bayesian,1.0,1.0,0.05,5000,1.0,1.075,109
4,70,1,bayesian,1.0,1.0,0.05,5000,1.0,1.075,107
4,71,1,bayesian,1.0,1.0,0.05,5000,1.0,1.075,107
4,72,1,bayesian,1.0,1.0,0.05,5000,1.0,1.075,130
4,73,1,bayesian,1.0,1.0,0.05,5000,1.0,1.075,22
4,74,1,bayesian,1.0,1.0,0.05,5000,1.0,1.075,187
4,75,1,bayesian,1.0,1.0,0.05,5000,1.0,1.075,169
4,76,1,bayesian,1.0,1.0,0.05,5000,1.0,1.075,302
4,77,1,bayesian,1.0,1.0,0.05,5000,1.0,1.075,80
4,78,1,bayesian,1.0,1.0,0.05,5000,1.0,1.075,37
4,79,1,bayesian,1.0,1.0,0.05,5000,1.0,1.075,42
4,80,1,bayesian,1.0,1.0,0.05,5000,1.0,1.075,132
4,81,1,bayesian,1.0,1.0,0.05,5000,1.0,1.075,145
4,82,1,bayesian,1.0,1.0,0.05,5000,1.0,1.075,50
4,83,1,bayesian,1.0,1.0,0.05,5000,1.0,1.075,107
4,84,1,bayesian,1.0,1.0,0.05,5000,1.0,1.075,224
4,85,1,bayesian,1.0,1.0,0.05,5000,1.0,1.075,115
4,86,1,bayesian,1.0,1.0,0.05,5000,1.0,1.075,213
4,87,1,bayesian,1.0,1.0,0.05,5000,1.0,1.075,93
4,88,1,bayesian,1.0,1.0,0.05,5000,1.0,1.075,396
4,89,1,bayesian,1.0,1.0,0.05,5000,1.0,1.075,56
4,90,1,bayesian,1.0,1.0,0.05,5000,1.0,1.075,75
4,91,1,bayesian,1.0,1.0,0.05,5000,1.0,1.075,43
4,92,1,bayesian,1.0,1.0,0.05,5000,1.0,1.075,48
4,93,1,bayesian,1.0,1.0,0.05,5000,1.0,1.075,154
4,94,1,bayesian,1.0,1.0,0.05,5000,1.0,1.075,90
4,95,1,bayesian,1.0,1.0,0.05,5000,1.0,1.075,60
4,96,1,bayesian,1.0,1.0,0.05,5000,1.0,1.075,336
4,97,1,bayesian,1.0,1.0,0.05,5000,1.0,1.075,53
4,98,1,bayesian,1.0,1.0,0.05,5000,1.0,1.075,98
4,99,1,bayesian,1.0,1.0,0.05,5000,1.0,1.075,265
4,100,1,bayesian,1.0,1.0,0.05,5000,1.0,1.075,175
4,101,1,bayesian,1.0,1.0,0.05,5000,1.0,1.075,28
4,102,1,bayesian,1.0,1.0,0.05,5000,1.0,1.075,276
4,103,1,bayesian,1.0,1.0,0.05,5000,1.0,1.075,171
4,104,1,bayesian,1.0,1.0,0.05,5000,1.0,1.075,671
4,105,1,bayesian,1.0,1.0,0.05,5000,1.0,1.075,169
4,106,1,bayesian,1.0,1.0,0.05,5000,1.0,1.075,90
4,107,1,bayesian,1.0,1.0,0.05,5000,1.0,1.075,38
4,108,1,bayesian,1.0,1.0,0.05,5000,1.0,1.075,197
4,109,1,bayesian,1.0,1.0,0.05,5000,1.0,1.075,47
4,110,1,bayesian,1.0,1.0,0.05,5000,1.0,1.075,184
4,111,1,bayesian,1.0,1.0,0.05,5000,1.0,1.075,103
4,112,1,bayesian,1.0,1.0,0.05,5000,1.0,1.075,26
4,113,1,bayesian,1.0,1.0,0.05,5000,1.0,1.075,83
4,114,1,bayesian,1.0,1.0,0.05,5000,1.0,1.075,342
4,115,1,bayesian,1.0,1.0,0.05,5000,1.0,1.075,206
4,116,1,bayesian,1.0,1.0,0.05,5000,1.0,1.075,42
4,117,1,bayesian,1.0,1.0,0.05,5000,1.0,1.075,108
4,118,1,bayesian,1.0,1.0,0.05,5000,1.0,1.075,35
4,119,1,bayesian,1.0,1.0,0.05,5000,1.0,1.075,40
4,120,1,bayesian,1.0,1.0,0.05,5000,1.0,1.075,47
4,121,1,bayesian,1.0,1.0,0.05,5000,1.0,1.075,281
4,122,1,bayesian,1.0,1.0,0.05,5000,1.0,1.075,403
4,123,1,bayesian,1.0,1.0,0.05,5000,1.0,1.075,51
4,124,1,bayesian,1.0,1.0,0.05,5000,1.0,1.075,233
4,125,1,bayesian,1.0,1.0,0.05,5000,1.0,1.075,106
4,126,1,bayesian,1.0,1.0,0.05,5000,1.0,1.075,39
4,127,1,bayesian,1.0,1.0,0.05,5000,1.0,1.075,96
4,128,1,bayesian,1.0,1.0,0.05,5000,1.0,1.075,49
4,129,1,bayesian,1.0,1.0,0.05,5000,1.0,1.075,87
4,130,1,bayesian,1.0,1.0,0.05,5000,1.0,1.075,43
4,131,1,bayesian,1.0,1.0,0.05,5000,1.0,1.075,345
4,132,1,bayesian,1.0,1.0,0.05,5000,1.0,1.075,66
4,133,1,bayesian,1.0,1.0,0.05,5000,1.0,1.075,103
4,134,1,bayesian,1.0,1.0,0.05,5000,1.0,1.075,33
4,135,1,bayesian,1.0,1.0,0.05,5000,1.0,1.075,86
4,136,1,bayesian,1.0,1.0,0.05,5000,1.0,1.075,192
4,137,1,bayesian,1.0,1.0,0.05,5000,1.0,1.075,193
4,138,1,bayesian,1.0,1.0,0.05,5000,1.0,1.075,49
4,139,1,bayesian,1.0,1.0,0.05,5000,1.0,1.075,72
4,140,1,bayesian,1.0,1.0,0.05,5000,1.0,1.075,20
4,141,1,bayesian,1.0,1.0,0.05,5000,1.0,1.075,27
4,142,1,bayesian,1.0,1.0,0.05,5000,1.0,1.075,139
4,143,1,bayesian,1.0,1.0,0.05,5000,1.0,1.075,713
4,144,1,bayesian,1.0,1.0,0.05,5000,1.0,1.075,145
4,145,1,bayesian,1.0,1.0,0.05,5000,1.0,1.075,170
4,146,1,bayesian,1.0,1.0,0.05,5000,1.0,1.075,49
4,147,1,bayesian,1.0,1.0,0.05,5000,1.0,1.075,185
4,148,1,bayesian,1.0,1.0,0.05,5000,1.0,1.075,89
4,149,1,bayesian,1.0,1.0,0.05,5000,1.0,1.075,87
4,150,1,bayesian,1.0,1.0,0.05,5000,1.0,1.075,39
4,151,1,bayesian,1.0,1.0,0.05,5000,1.0,1.075,53
4,152,1,bayesian,1.0,1.0,0.05,5000,1.0,1.075,309
4,153,1,bayesian,1.0,1.0,0.05,5000,1.0,1.075,132
4,154,1,bayesian,1.0,1.0,0.05,5000,1.0,1.075,134
4,155,1,bayesian,1.0,1.0,0.05,5000,1.0,1.075,69
4,156,1,bayesian,1.0,1.0,0.05,5000,1.0,1.075,112
4,157,1,bayesian,1.0,1.0,0.05,5000,1.0,1.075,84
4,158,1,bayesian,1.0,1.0,0.05,5000,1.0,1.075,113
4,159,1,bayesian,1.0,1.0,0.05,5000,1.0,1.075,96
4,160,1,bayesian,1.0,1.0,0.05,5000,1.0,1.075,71
4,161,1,bayesian,1.0,1.0,0.05,5000,1.0,1.075,89
4,162,1,bayesian,1.0,1.0,0.05,5000,1.0,1.075,63
4,163,1,bayesian,1.0,1.0,0.05,5000,1.0,1.075,131
4,164,1,bayesian,1.0,1.0,0.05,5000,1.0,1.075,195
4,165,1,bayesian,1.0,1.0,0.05,5000,1.0,1.075,408
4,166,1,bayesian,1.0,1.0,0.05,5000,1.0,1.075,38
4,167,1,bayesian,1.0,1.0,0.05,5000,1.0,1.075,65
4,168,1,bayesian,1.0,1.0,0.05,5000,1.0,1.075,118
4,169,1,bayesian,1.0,1.0,0.05,5000,1.0,1.075,37
4,170,1,bayesian,1.0,1.0,0.05,5000,1.0,1.075,49
4,171,1,bayesian,1.0,1.0,0.05,5000,1.0,1.075,74
4,172,1,bayesian,1.0,1.0,0.05,5000,1.0,1.075,169
4,173,1,bayesian,1.0,1.0,0.05,5000,1.0,1.075,172
4,174,1,bayesian,1.0,1.0,0.05,5000,1.0,1.075,40
4,175,1,bayesian,1.0,1.0,0.05,5000,1.0,1.075,42
4,176,1,bayesian,1.0,1.0,0.05,5000,1.0,1.075,134
4,177,1,bayesian,1.0,1.0,0.05,5000,1.0,1.075,161
4,178,1,bayesian,1.0,1.0,0.05,5000,1.0,1.075,25
4,179,1,bayesian,1.0,1.0,0.05,5000,1.0,1.075,91
4,180,1,bayesian,1.0,1.0,0.05,5000,1.0,1.075,353
4,181,1,bayesian,1.0,1.0,0.05,5000,1.0,1.075,50
4,182,1,bayesian,1.0,1.0,0.05,5000,1.0,1.075,663
4,183,1,bayesian,1.0,1.0,0.05,5000,1.0,1.075,93
4,184,1,bayesian,1.0,1.0,0.05,5000,1.0,1.075,101
4,185,1,bayesian,1.0,1.0,0.05,5000,1.0,1.075,78
4,186,1,bayesian,1.0,1.0,0.05,5000,1.0,1.075,358
4,187,1,bayesian,1.0,1.0,0.05,5000,1.0,1.075,50
4,188,1,bayesian,1.0,1.0,0.05,5000,1.0,1.075,37
4,189,1,bayesian,1.0,1.0,0.05,5000,1.0,1.075,99
4,190,1,bayesian,1.0,1.0,0.05,5000,1.0,1.075,36
4,191,1,bayesian,1.0,1.0,0.05,5000,1.0,1.075,91
4,192,1,bayesian,1.0,1.0,0.05,5000,1.0,1.075,26
4,193,1,bayesian,1.0,1.0,0.05,5000,1.0,1.075,494
4,194,1,bayesian,1.0,1.0,0.05,5000,1.0,1.075,58
4,195,1,bayesian,1.0,1.0,0.05,5000,1.0,1.075,23
4,196,1,bayesian,1.0,1.0,0.05,5000,1.0,1.075,45
4,197,1,bayesian,1.0,1.0,0.05,5000,1.0,1.075,66
4,198,1,bayesian,1.0,1.0,0.05,5000,1.0,1.075,48
4,199,1,bayesian,1.0,1.0,0.05,5000,1.0,1.075,51
4,200,1,bayesian,1.0,1.0,0.05,5000,1.0,1.075,39
4,1,1,bayesian,1.0,1.0,0.05,5000,1.0,1.1,69
4,2,1,bayesian,1.0,1.0,0.05,5000,1.0,1.1,405
4,3,1,bayesian,1.0,1.0,0.05,5000,1.0,1.1,134
4,4,1,bayesian,1.0,1.0,0.05,5000,1.0,1.1,97
4,5,1,bayesian,1.0,1.0,0.05,5000,1.0,1.1,17
4,6,1,bayesian,1.0,1.0,0.05,5000,1.0,1.1,214
4,7,1,bayesian,1.0,1.0,0.05,5000,1.0,1.1,59
4,8,1,bayesian,1.0,1.0,0.05,5000,1.0,1.1,92
4,9,1,bayesian,1.0,1.0,0.05,5000,1.0,1.1,90
4,10,1,bayesian,1.0,1.0,0.05,5000,1.0,1.1,40
4,11,1,bayesian,1.0,1.0,0.05,5000,1.0,1.1,49
4,12,1,bayesian,1.0,1.0,0.05,5000,1.0,1.1,203
4,13,1,bayesian,1.0,1.0,0.05,5000,1.0,1.1,96
4,14,1,bayesian,1.0,1.0,0.05,5000,1.0,1.1,40
4,15,1,bayesian,1.0,1.0,0.05,5000,1.0,1.1,87
4,16,1,bayesian,1.0,1.0,0.05,5000,1.0,1.1,92
4,17,1,bayesian,1.0,1.0,0.05,5000,1.0,1.1,60
4,18,1,bayesian,1.0,1.0,0.05,5000,1.0,1.1,18
4,19,1,bayesian,1.0,1.0,0.05,5000,1.0,1.1,235
4,20,1,bayesian,1.0,1.0,0.05,5000,1.0,1.1,87
4,21,1,bayesian,1.0,1.0,0.05,5000,1.0,1.1,55
4,22,1,bayesian,1.0,1.0,0.05,5000,1.0,1.1,47
4,23,1,bayesian,1.0,1.0,0.05,5000,1.0,1.1,211
4,24,1,bayesian,1.0,1.0,0.05,5000,1.0,1.1,142
4,25,1,bayesian,1.0,1.0,0.05,5000,1.0,1.1,103
4,26,1,bayesian,1.0,1.0,0.05,5000,1.0,1.1,112
4,27,1,bayesian,1.0,1.0,0.05,5000,1.0,1.1,246
4,28,1,bayesian,1.0,1.0,0.05,5000,1.0,1.1,228
4,29,1,bayesian,1.0,1.0,0.05,5000,1.0,1.1,46
4,30,1,bayesian,1.0,1.0,0.05,5000,1.0,1.1,341
4,31,1,bayesian,1.0,1.0,0.05,5000,1.0,1.1,84
4,32,1,bayesian,1.0,1.0,0.05,5000,1.0,1.1,95
4,33,1,bayesian,1.0,1.0,0.05,5000,1.0,1.1,65
4,34,1,bayesian,1.0,1.0,0.05,5000,1.0,1.1,35
4,35,1,bayesian,1.0,1.0,0.05,5000,1.0,1.1,145
4,36,1,bayesian,1.0,1.0,0.05,5000,1.0,1.1,49
4,37,1,bayesian,1.0,1.0,0.05,5000,1.0,1.1,374
4,38,1,bayesian,1.0,1.0,0.05,5000,1.0,1.1,25
4,39,1,bayesian,1.0,1.0,0.05,5000,1.0,1.1,98
4,40,1,bayesian,1.0,1.0,0.05,5000,1.0,1.1,147
4,41,1,bayesian,1.0,1.0,0.05,5000,1.0,1.1,35
4,42,1,bayesian,1.0,1.0,0.05,5000,1.0,1.1,90
4,43,1,bayesian,1.0,1.0,0.05,5000,1.0,1.1,142
4,44,1,bayesian,1.0,1.0,0.05,5000,1.0,1.1,134
4,45,1,bayesian,1.0,1.0,0.05,5000,1.0,1.1,277
4,46,1,bayesian,1.0,1.0,0.05,5000,1.0,1.1,135
4,47,1,bayesian,1.0,1.0,0.05,5000,1.0,1.1,49
4,48,1,bayesian,1.0,1.0,0.05,5000,1.0,1.1,38
4,49,1,bayesian,1.0,1.0,0.05,5000,1.0,1.1,256
4,50,1,bayesian,1.0,1.0,0.05,5000,1.0,1.1,47
4,51,1,bayesian,1.0,1.0,0.05,5000,1.0,1.1,253
4,52,1,bayesian,1.0,1.0,0.05,5000,1.0,1.1,119
4,53,1,bayesian,1.0,1.0,0.05,5000,1.0,1.1,135
4,54,1,bayesian,1.0,1.0,0.05,5000,1.0,1.1,62
4,55,1,bayesian,1.0,1.0,0.05,5000,1.0,1.1,56
4,56,1,bayesian,1.0,1.0,0.05,5000,1.0,1.1,25
4,57,1,bayesian,1.0,1.0,0.05,5000,1.0,1.1,28
4,58,1,bayesian,1.0,1.0,0.05,5000,1.0,1.1,324
4,59,1,bayesian,1.0,1.0,0.05,5000,1.0,1.1,64
4,60,1,bayesian,1.0,1.0,0.05,5000,1.0,1.1,80
4,61,1,bayesian,1.0,1.0,0.05,5000,1.0,1.1,233
4,62,1,bayesian,1.0,1.0,0.05,5000,1.0,1.1,84
4,63,1,bayesian,1.0,1.0,0.05,5000,1.0,1.1,21
4,64,1,bayesian,1.0,1.0,0.05,5000,1.0,1.1,97
4,65,1,bayesian,1.0,1.0,0.05,5000,1.0,1.1,26
4,66,1,bayesian,1.0,1.0,0.05,5000,1.0,1.1,21
4,67,1,bayesian,1.0,1.0,0.05,5000,1.0,1.1,132
4,68,1,bayesian,1.0,1.0,0.05,5000,1.0,1.1,240
4,69,1,bayesian,1.0,1.0,0.05,5000,1.0,1.1,68
4,70,1,bayesian,1.0,1.0,0.05,5000,1.0,1.1,37
4,71,1,bayesian,1.0,1.0,0.05,5000,1.0,1.1,143
4,72,1,bayesian,1.0,1.0,0.05,5000,1.0,1.1,56
4,73,1,bayesian,1.0,1.0,0.05,5000,1.0,1.1,34
4,74,1,bayesian,1.0,1.0,0.05,5000,1.0,1.1,64
4,75,1,bayesian,1.0,1.0,0.05,5000,1.0,1.1,48
4,76,1,bayesian,1.0,1.0,0.05,5000,1.0,1.1,159
4,77,1,bayesian,1.0,1.0,0.05,5000,1.0,1.1,45
4,78,1,bayesian,1.0,1.0,0.05,5000,1.0,1.1,168
4,79,1,bayesian,1.0,1.0,0.05,5000,1.0,1.1,73
4,80,1,bayesian,1.0,1.0,0.05,5000,1.0,1.1,140
4,81,1,bayesian,1.0,1.0,0.05,5000,1.0,1.1,217
4,82,1,bayesian,1.0,1.0,0.05,5000,1.0,1.1,114
4,83,1,bayesian,1.0,1.0,0.05,5000,1.0,1.1,27
4,84,1,bayesian,1.0,1.0,0.05,5000,1.0,1.1,57
4,85,1,bayesian,1.0,1.0,0.05,5000,1.0,1.1,21
4,86,1,bayesian,1.0,1.0,0.05,5000,1.0,1.1,97
4,87,1,bayesian,1.0,1.0,0.05,5000,1.0,1.1,36
4,88,1,bayesian,1.0,1.0,0.05,5000,1.0,1.1,32
4,89,1,bayesian,1.0,1.0,0.05,5000,1.0,1.1,227
4,90,1,bayesian,1.0,1.0,0.05,5000,1.0,1.1,18
4,91,1,bayesian,1.0,1.0,0.05,5000,1.0,1.1,138
4,92,1,bayesian,1.0,1.0,0.05,5000,1.0,1.1,134
4,93,1,bayesian,1.0,1.0,0.05,5000,1.0,1.1,151
4,94,1,bayesian,1.0,1.0,0.05,5000,1.0,1.1,75
4,95,1,bayesian,1.0,1.0,0.05,5000,1.0,1.1,195
4,96,1,bayesian,1.0,1.0,0.05,5000,1.0,1.1,19
4,97,1,bayesian,1.0,1.0,0.05,5000,1.0,1.1,46
4,98,1,bayesian,1.0,1.0,0.05,5000,1.0,1.1,54
4,99,1,bayesian,1.0,1.0,0.05,5000,1.0,1.1,23
4,100,1,bayesian,1.0,1.0,0.05,5000,1.0,1.1,171
4,101,1,bayesian,1.0,1.0,0.05,5000,1.0,1.1,158
4,102,1,bayesian,1.0,1.0,0.05,5000,1.0,1.1,149
4,103,1,bayesian,1.0,1.0,0.05,5000,1.0,1.1,126
4,104,1,bayesian,1.0,1.0,0.05,5000,1.0,1.1,116
4,105,1,bayesian,1.0,1.0,0.05,5000,1.0,1.1,143
4,106,1,bayesian,1.0,1.0,0.05,5000,1.0,1.1,143
4,107,1,bayesian,1.0,1.0,0.05,5000,1.0,1.1,93
4,108,1,bayesian,1.0,1.0,0.05,5000,1.0,1.1,46
4,109,1,bayesian,1.0,1.0,0.05,5000,1.0,1.1,55
4,110,1,bayesian,1.0,1.0,0.05,5000,1.0,1.1,88
4,111,1,bayesian,1.0,1.0,0.05,5000,1.0,1.1,230
4,112,1,bayesian,1.0,1.0,0.05,5000,1.0,1.1,54
4,113,1,bayesian,1.0,1.0,0.05,5000,1.0,1.1,235
4,114,1,bayesian,1.0,1.0,0.05,5000,1.0,1.1,517
4,115,1,bayesian,1.0,1.0,0.05,5000,1.0,1.1,137
4,116,1,bayesian,1.0,1.0,0.05,5000,1.0,1.1,229
4,117,1,bayesian,1.0,1.0,0.05,5000,1.0,1.1,136
4,118,1,bayesian,1.0,1.0,0.05,5000,1.0,1.1,77
4,119,1,bayesian,1.0,1.0,0.05,5000,1.0,1.1,837
4,120,1,bayesian,1.0,1.0,0.05,5000,1.0,1.1,267
4,121,1,bayesian,1.0,1.0,0.05,5000,1.0,1.1,52
4,122,1,bayesian,1.0,1.0,0.05,5000,1.0,1.1,57
4,123,1,bayesian,1.0,1.0,0.05,5000,1.0,1.1,137
4,124,1,bayesian,1.0,1.0,0.05,5000,1.0,1.1,47
4,125,1,bayesian,1.0,1.0,0.05,5000,1.0,1.1,100
4,126,1,bayesian,1.0,1.0,0.05,5000,1.0,1.1,49
4,127,1,bayesian,1.0,1.0,0.05,5000,1.0,1.1,101
4,128,1,bayesian,1.0,1.0,0.05,5000,1.0,1.1,26
4,129,1,bayesian,1.0,1.0,0.05,5000,1.0,1.1,106
4,130,1,bayesian,1.0,1.0,0.05,5000,1.0,1.1,56
4,131,1,bayesian,1.0,1.0,0.05,5000,1.0,1.1,112
4,132,1,bayesian,1.0,1.0,0.05,5000,1.0,1.1,208
4,133,1,bayesian,1.0,1.0,0.05,5000,1.0,1.1,32
4,134,1,bayesian,1.0,1.0,0.05,5000,1.0,1.1,240
4,135,1,bayesian,1.0,1.0,0.05,5000,1.0,1.1,79
4,136,1,bayesian,1.0,1.0,0.05,5000,1.0,1.1,85
4,137,1,bayesian,1.0,1.0,0.05,5000,1.0,1.1,169
4,138,1,bayesian,1.0,1.0,0.05,5000,1.0,1.1,91
4,139,1,bayesian,1.0,1.0,0.05,5000,1.0,1.1,194
4,140,1,bayesian,1.0,1.0,0.05,5000,1.0,1.1,42
4,141,1,bayesian,1.0,1.0,0.05,5000,1.0,1.1,107
4,142,1,bayesian,1.0,1.0,0.05,5000,1.0,1.1,252
4,143,1,bayesian,1.0,1.0,0.05,5000,1.0,1.1,318
4,144,1,bayesian,1.0,1.0,0.05,5000,1.0,1.1,859
4,145,1,bayesian,1.0,1.0,0.05,5000,1.0,1.1,175
4,146,1,bayesian,1.0,1.0,0.05,5000,1.0,1.1,96
4,147,1,bayesian,1.0,1.0,0.05,5000,1.0,1.1,134
4,148,1,bayesian,1.0,1.0,0.05,5000,1.0,1.1,87
4,149,1,bayesian,1.0,1.0,0.05,5000,1.0,1.1,119
4,150,1,bayesian,1.0,1.0,0.05,5000,1.0,1.1,424
4,151,1,bayesian,1.0,1.0,0.05,5000,1.0,1.1,43
4,152,1,bayesian,1.0,1.0,0.05,5000,1.0,1.1,80
4,153,1,bayesian,1.0,1.0,0.05,5000,1.0,1.1,44
4,154,1,bayesian,1.0,1.0,0.05,5000,1.0,1.1,35
4,155,1,bayesian,1.0,1.0,0.05,5000,1.0,1.1,38
4,156,1,bayesian,1.0,1.0,0.05,5000,1.0,1.1,74
4,157,1,bayesian,1.0,1.0,0.05,5000,1.0,1.1,138
4,158,1,bayesian,1.0,1.0,0.05,5000,1.0,1.1,77
4,159,1,bayesian,1.0,1.0,0.05,5000,1.0,1.1,84
4,160,1,bayesian,1.0,1.0,0.05,5000,1.0,1.1,98
4,161,1,bayesian,1.0,1.0,0.05,5000,1.0,1.1,281
4,162,1,bayesian,1.0,1.0,0.05,5000,1.0,1.1,79
4,163,1,bayesian,1.0,1.0,0.05,5000,1.0,1.1,364
4,164,1,bayesian,1.0,1.0,0.05,5000,1.0,1.1,210
4,165,1,bayesian,1.0,1.0,0.05,5000,1.0,1.1,290
4,166,1,bayesian,1.0,1.0,0.05,5000,1.0,1.1,215
4,167,1,bayesian,1.0,1.0,0.05,5000,1.0,1.1,47
4,168,1,bayesian,1.0,1.0,0.05,5000,1.0,1.1,204
4,169,1,bayesian,1.0,1.0,0.05,5000,1.0,1.1,93
4,170,1,bayesian,1.0,1.0,0.05,5000,1.0,1.1,196
4,171,1,bayesian,1.0,1.0,0.05,5000,1.0,1.1,54
4,172,1,bayesian,1.0,1.0,0.05,5000,1.0,1.1,116
4,173,1,bayesian,1.0,1.0,0.05,5000,1.0,1.1,74
4,174,1,bayesian,1.0,1.0,0.05,5000,1.0,1.1,42
4,175,1,bayesian,1.0,1.0,0.05,5000,1.0,1.1,371
4,176,1,bayesian,1.0,1.0,0.05,5000,1.0,1.1,47
4,177,1,bayesian,1.0,1.0,0.05,5000,1.0,1.1,41
4,178,1,bayesian,1.0,1.0,0.05,5000,1.0,1.1,59
4,179,1,bayesian,1.0,1.0,0.05,5000,1.0,1.1,46
4,180,1,bayesian,1.0,1.0,0.05,5000,1.0,1.1,58
4,181,1,bayesian,1.0,1.0,0.05,5000,1.0,1.1,89
4,182,1,bayesian,1.0,1.0,0.05,5000,1.0,1.1,320
4,183,1,bayesian,1.0,1.0,0.05,5000,1.0,1.1,136
4,184,1,bayesian,1.0,1.0,0.05,5000,1.0,1.1,544
4,185,1,bayesian,1.0,1.0,0.05,5000,1.0,1.1,706
4,186,1,bayesian,1.0,1.0,0.05,5000,1.0,1.1,130
4,187,1,bayesian,1.0,1.0,0.05,5000,1.0,1.1,211
4,188,1,bayesian,1.0,1.0,0.05,5000,1.0,1.1,50
4,189,1,bayesian,1.0,1.0,0.05,5000,1.0,1.1,372
4,190,1,bayesian,1.0,1.0,0.05,5000,1.0,1.1,36
4,191,1,bayesian,1.0,1.0,0.05,5000,1.0,1.1,109
4,192,1,bayesian,1.0,1.0,0.05,5000,1.0,1.1,71
4,193,1,bayesian,1.0,1.0,0.05,5000,1.0,1.1,303
4,194,1,bayesian,1.0,1.0,0.05,5000,1.0,1.1,48
4,195,1,bayesian,1.0,1.0,0.05,5000,1.0,1.1,211
4,196,1,bayesian,1.0,1.0,0.05,5000,1.0,1.1,170
4,197,1,bayesian,1.0,1.0,0.05,5000,1.0,1.1,610
4,198,1,bayesian,1.0,1.0,0.05,5000,1.0,1.1,133
4,199,1,bayesian,1.0,1.0,0.05,5000,1.0,1.1,77
4,200,1,bayesian,1.0,1.0,0.05,5000,1.0,1.1,245
