n,effort_row,rep,estimator,p,α,χ,h,a,r,t
2,1,1,standard,1.0,0.1,0.05,5000,1.0,1.0,1
2,2,1,standard,1.0,0.1,0.05,5000,1.0,1.0,14
2,3,1,standard,1.0,0.1,0.05,5000,1.0,1.0,18
2,4,1,standard,1.0,0.1,0.05,5000,1.0,1.0,14
2,5,1,standard,1.0,0.1,0.05,5000,1.0,1.0,23
2,6,1,standard,1.0,0.1,0.05,5000,1.0,1.0,13
2,7,1,standard,1.0,0.1,0.05,5000,1.0,1.0,1
2,8,1,standard,1.0,0.1,0.05,5000,1.0,1.0,23
2,9,1,standard,1.0,0.1,0.05,5000,1.0,1.0,22
2,10,1,standard,1.0,0.1,0.05,5000,1.0,1.0,15
2,11,1,standard,1.0,0.1,0.05,5000,1.0,1.0,21
2,12,1,standard,1.0,0.1,0.05,5000,1.0,1.0,15
2,13,1,standard,1.0,0.1,0.05,5000,1.0,1.0,21
2,14,1,standard,1.0,0.1,0.05,5000,1.0,1.0,23
2,15,1,standard,1.0,0.1,0.05,5000,1.0,1.0,17
2,16,1,standard,1.0,0.1,0.05,5000,1.0,1.0,22
2,17,1,standard,1.0,0.1,0.05,5000,1.0,1.0,21
2,18,1,standard,1.0,0.1,0.05,5000,1.0,1.0,23
2,19,1,standard,1.0,0.1,0.05,5000,1.0,1.0,22
2,20,1,standard,1.0,0.1,0.05,5000,1.0,1.0,19
2,21,1,standard,1.0,0.1,0.05,5000,1.0,1.0,23
2,22,1,standard,1.0,0.1,0.05,5000,1.0,1.0,22
2,23,1,standard,1.0,0.1,0.05,5000,1.0,1.0,15
2,24,1,standard,1.0,0.1,0.05,5000,1.0,1.0,18
2,25,1,standard,1.0,0.1,0.05,5000,1.0,1.0,21
2,26,1,standard,1.0,0.1,0.05,5000,1.0,1.0,18
2,27,1,standard,1.0,0.1,0.05,5000,1.0,1.0,22
2,28,1,standard,1.0,0.1,0.05,5000,1.0,1.0,21
2,29,1,standard,1.0,0.1,0.05,5000,1.0,1.0,3
2,30,1,standard,1.0,0.1,0.05,5000,1.0,1.0,21
2,31,1,standard,1.0,0.1,0.05,5000,1.0,1.0,19
2,32,1,standard,1.0,0.1,0.05,5000,1.0,1.0,20
2,33,1,standard,1.0,0.1,0.05,5000,1.0,1.0,22
2,34,1,standard,1.0,0.1,0.05,5000,1.0,1.0,22
2,35,1,standard,1.0,0.1,0.05,5000,1.0,1.0,20
2,36,1,standard,1.0,0.1,0.05,5000,1.0,1.0,23
2,37,1,standard,1.0,0.1,0.05,5000,1.0,1.0,20
2,38,1,standard,1.0,0.1,0.05,5000,1.0,1.0,14
2,39,1,standard,1.0,0.1,0.05,5000,1.0,1.0,18
2,40,1,standard,1.0,0.1,0.05,5000,1.0,1.0,5
2,41,1,standard,1.0,0.1,0.05,5000,1.0,1.0,14
2,42,1,standard,1.0,0.1,0.05,5000,1.0,1.0,18
2,43,1,standard,1.0,0.1,0.05,5000,1.0,1.0,18
2,44,1,standard,1.0,0.1,0.05,5000,1.0,1.0,21
2,45,1,standard,1.0,0.1,0.05,5000,1.0,1.0,23
2,46,1,standard,1.0,0.1,0.05,5000,1.0,1.0,4
2,47,1,standard,1.0,0.1,0.05,5000,1.0,1.0,22
2,48,1,standard,1.0,0.1,0.05,5000,1.0,1.0,15
2,49,1,standard,1.0,0.1,0.05,5000,1.0,1.0,22
2,50,1,standard,1.0,0.1,0.05,5000,1.0,1.0,19
2,51,1,standard,1.0,0.1,0.05,5000,1.0,1.0,15
2,52,1,standard,1.0,0.1,0.05,5000,1.0,1.0,8
2,53,1,standard,1.0,0.1,0.05,5000,1.0,1.0,22
2,54,1,standard,1.0,0.1,0.05,5000,1.0,1.0,22
2,55,1,standard,1.0,0.1,0.05,5000,1.0,1.0,23
2,56,1,standard,1.0,0.1,0.05,5000,1.0,1.0,16
2,57,1,standard,1.0,0.1,0.05,5000,1.0,1.0,22
2,58,1,standard,1.0,0.1,0.05,5000,1.0,1.0,21
2,59,1,standard,1.0,0.1,0.05,5000,1.0,1.0,11
2,60,1,standard,1.0,0.1,0.05,5000,1.0,1.0,14
2,61,1,standard,1.0,0.1,0.05,5000,1.0,1.0,18
2,62,1,standard,1.0,0.1,0.05,5000,1.0,1.0,17
2,63,1,standard,1.0,0.1,0.05,5000,1.0,1.0,22
2,64,1,standard,1.0,0.1,0.05,5000,1.0,1.0,15
2,65,1,standard,1.0,0.1,0.05,5000,1.0,1.0,18
2,66,1,standard,1.0,0.1,0.05,5000,1.0,1.0,21
2,67,1,standard,1.0,0.1,0.05,5000,1.0,1.0,16
2,68,1,standard,1.0,0.1,0.05,5000,1.0,1.0,22
2,69,1,standard,1.0,0.1,0.05,5000,1.0,1.0,20
2,70,1,standard,1.0,0.1,0.05,5000,1.0,1.0,11
2,71,1,standard,1.0,0.1,0.05,5000,1.0,1.0,14
2,72,1,standard,1.0,0.1,0.05,5000,1.0,1.0,23
2,73,1,standard,1.0,0.1,0.05,5000,1.0,1.0,1
2,74,1,standard,1.0,0.1,0.05,5000,1.0,1.0,8
2,75,1,standard,1.0,0.1,0.05,5000,1.0,1.0,20
2,76,1,standard,1.0,0.1,0.05,5000,1.0,1.0,18
2,77,1,standard,1.0,0.1,0.05,5000,1.0,1.0,11
2,78,1,standard,1.0,0.1,0.05,5000,1.0,1.0,12
2,79,1,standard,1.0,0.1,0.05,5000,1.0,1.0,23
2,80,1,standard,1.0,0.1,0.05,5000,1.0,1.0,19
2,81,1,standard,1.0,0.1,0.05,5000,1.0,1.0,2
2,82,1,standard,1.0,0.1,0.05,5000,1.0,1.0,22
2,83,1,standard,1.0,0.1,0.05,5000,1.0,1.0,4
2,84,1,standard,1.0,0.1,0.05,5000,1.0,1.0,20
2,85,1,standard,1.0,0.1,0.05,5000,1.0,1.0,19
2,86,1,standard,1.0,0.1,0.05,5000,1.0,1.0,21
2,87,1,standard,1.0,0.1,0.05,5000,1.0,1.0,22
2,88,1,standard,1.0,0.1,0.05,5000,1.0,1.0,10
2,89,1,standard,1.0,0.1,0.05,5000,1.0,1.0,17
2,90,1,standard,1.0,0.1,0.05,5000,1.0,1.0,21
2,91,1,standard,1.0,0.1,0.05,5000,1.0,1.0,21
2,92,1,standard,1.0,0.1,0.05,5000,1.0,1.0,1
2,93,1,standard,1.0,0.1,0.05,5000,1.0,1.0,22
2,94,1,standard,1.0,0.1,0.05,5000,1.0,1.0,22
2,95,1,standard,1.0,0.1,0.05,5000,1.0,1.0,21
2,96,1,standard,1.0,0.1,0.05,5000,1.0,1.0,17
2,97,1,standard,1.0,0.1,0.05,5000,1.0,1.0,20
2,98,1,standard,1.0,0.1,0.05,5000,1.0,1.0,22
2,99,1,standard,1.0,0.1,0.05,5000,1.0,1.0,16
2,100,1,standard,1.0,0.1,0.05,5000,1.0,1.0,16
2,1,1,standard,1.0,0.2,0.05,5000,1.0,1.0,1
2,2,1,standard,1.0,0.2,0.05,5000,1.0,1.0,8
2,3,1,standard,1.0,0.2,0.05,5000,1.0,1.0,9
2,4,1,standard,1.0,0.2,0.05,5000,1.0,1.0,8
2,5,1,standard,1.0,0.2,0.05,5000,1.0,1.0,11
2,6,1,standard,1.0,0.2,0.05,5000,1.0,1.0,7
2,7,1,standard,1.0,0.2,0.05,5000,1.0,1.0,1
2,8,1,standard,1.0,0.2,0.05,5000,1.0,1.0,11
2,9,1,standard,1.0,0.2,0.05,5000,1.0,1.0,11
2,10,1,standard,1.0,0.2,0.05,5000,1.0,1.0,8
2,11,1,standard,1.0,0.2,0.05,5000,1.0,1.0,11
2,12,1,standard,1.0,0.2,0.05,5000,1.0,1.0,8
2,13,1,standard,1.0,0.2,0.05,5000,1.0,1.0,11
2,14,1,standard,1.0,0.2,0.05,5000,1.0,1.0,12
2,15,1,standard,1.0,0.2,0.05,5000,1.0,1.0,9
2,16,1,standard,1.0,0.2,0.05,5000,1.0,1.0,11
2,17,1,standard,1.0,0.2,0.05,5000,1.0,1.0,10
2,18,1,standard,1.0,0.2,0.05,5000,1.0,1.0,12
2,19,1,standard,1.0,0.2,0.05,5000,1.0,1.0,11
2,20,1,standard,1.0,0.2,0.05,5000,1.0,1.0,10
2,21,1,standard,1.0,0.2,0.05,5000,1.0,1.0,11
2,22,1,standard,1.0,0.2,0.05,5000,1.0,1.0,11
2,23,1,standard,1.0,0.2,0.05,5000,1.0,1.0,8
2,24,1,standard,1.0,0.2,0.05,5000,1.0,1.0,9
2,25,1,standard,1.0,0.2,0.05,5000,1.0,1.0,10
2,26,1,standard,1.0,0.2,0.05,5000,1.0,1.0,9
2,27,1,standard,1.0,0.2,0.05,5000,1.0,1.0,11
2,28,1,standard,1.0,0.2,0.05,5000,1.0,1.0,11
2,29,1,standard,1.0,0.2,0.05,5000,1.0,1.0,2
2,30,1,standard,1.0,0.2,0.05,5000,1.0,1.0,10
2,31,1,standard,1.0,0.2,0.05,5000,1.0,1.0,10
2,32,1,standard,1.0,0.2,0.05,5000,1.0,1.0,10
2,33,1,standard,1.0,0.2,0.05,5000,1.0,1.0,11
2,34,1,standard,1.0,0.2,0.05,5000,1.0,1.0,11
2,35,1,standard,1.0,0.2,0.05,5000,1.0,1.0,10
2,36,1,standard,1.0,0.2,0.05,5000,1.0,1.0,12
2,37,1,standard,1.0,0.2,0.05,5000,1.0,1.0,10
2,38,1,standard,1.0,0.2,0.05,5000,1.0,1.0,7
2,39,1,standard,1.0,0.2,0.05,5000,1.0,1.0,9
2,40,1,standard,1.0,0.2,0.05,5000,1.0,1.0,3
2,41,1,standard,1.0,0.2,0.05,5000,1.0,1.0,7
2,42,1,standard,1.0,0.2,0.05,5000,1.0,1.0,9
2,43,1,standard,1.0,0.2,0.05,5000,1.0,1.0,10
2,44,1,standard,1.0,0.2,0.05,5000,1.0,1.0,11
2,45,1,standard,1.0,0.2,0.05,5000,1.0,1.0,12
2,46,1,standard,1.0,0.2,0.05,5000,1.0,1.0,3
2,47,1,standard,1.0,0.2,0.05,5000,1.0,1.0,11
2,48,1,standard,1.0,0.2,0.05,5000,1.0,1.0,8
2,49,1,standard,1.0,0.2,0.05,5000,1.0,1.0,11
2,50,1,standard,1.0,0.2,0.05,5000,1.0,1.0,10
2,51,1,standard,1.0,0.2,0.05,5000,1.0,1.0,8
2,52,1,standard,1.0,0.2,0.05,5000,1.0,1.0,5
2,53,1,standard,1.0,0.2,0.05,5000,1.0,1.0,11
2,54,1,standard,1.0,0.2,0.05,5000,1.0,1.0,11
2,55,1,standard,1.0,0.2,0.05,5000,1.0,1.0,12
2,56,1,standard,1.0,0.2,0.05,5000,1.0,1.0,9
2,57,1,standard,1.0,0.2,0.05,5000,1.0,1.0,11
2,58,1,standard,1.0,0.2,0.05,5000,1.0,1.0,10
2,59,1,standard,1.0,0.2,0.05,5000,1.0,1.0,6
2,60,1,standard,1.0,0.2,0.05,5000,1.0,1.0,7
2,61,1,standard,1.0,0.2,0.05,5000,1.0,1.0,9
2,62,1,standard,1.0,0.2,0.05,5000,1.0,1.0,9
2,63,1,standard,1.0,0.2,0.05,5000,1.0,1.0,11
2,64,1,standard,1.0,0.2,0.05,5000,1.0,1.0,8
2,65,1,standard,1.0,0.2,0.05,5000,1.0,1.0,10
2,66,1,standard,1.0,0.2,0.05,5000,1.0,1.0,11
2,67,1,standard,1.0,0.2,0.05,5000,1.0,1.0,8
2,68,1,standard,1.0,0.2,0.05,5000,1.0,1.0,11
2,69,1,standard,1.0,0.2,0.05,5000,1.0,1.0,10
2,70,1,standard,1.0,0.2,0.05,5000,1.0,1.0,6
2,71,1,standard,1.0,0.2,0.05,5000,1.0,1.0,8
2,72,1,standard,1.0,0.2,0.05,5000,1.0,1.0,12
2,73,1,standard,1.0,0.2,0.05,5000,1.0,1.0,1
2,74,1,standard,1.0,0.2,0.05,5000,1.0,1.0,4
2,75,1,standard,1.0,0.2,0.05,5000,1.0,1.0,10
2,76,1,standard,1.0,0.2,0.05,5000,1.0,1.0,9
2,77,1,standard,1.0,0.2,0.05,5000,1.0,1.0,6
2,78,1,standard,1.0,0.2,0.05,5000,1.0,1.0,7
2,79,1,standard,1.0,0.2,0.05,5000,1.0,1.0,11
2,80,1,standard,1.0,0.2,0.05,5000,1.0,1.0,10
2,81,1,standard,1.0,0.2,0.05,5000,1.0,1.0,2
2,82,1,standard,1.0,0.2,0.05,5000,1.0,1.0,11
2,83,1,standard,1.0,0.2,0.05,5000,1.0,1.0,3
2,84,1,standard,1.0,0.2,0.05,5000,1.0,1.0,10
2,85,1,standard,1.0,0.2,0.05,5000,1.0,1.0,10
2,86,1,standard,1.0,0.2,0.05,5000,1.0,1.0,11
2,87,1,standard,1.0,0.2,0.05,5000,1.0,1.0,11
2,88,1,standard,1.0,0.2,0.05,5000,1.0,1.0,6
2,89,1,standard,1.0,0.2,0.05,5000,1.0,1.0,9
2,90,1,standard,1.0,0.2,0.05,5000,1.0,1.0,11
2,91,1,standard,1.0,0.2,0.05,5000,1.0,1.0,11
2,92,1,standard,1.0,0.2,0.05,5000,1.0,1.0,1
2,93,1,standard,1.0,0.2,0.05,5000,1.0,1.0,11
2,94,1,standard,1.0,0.2,0.05,5000,1.0,1.0,11
2,95,1,standard,1.0,0.2,0.05,5000,1.0,1.0,11
2,96,1,standard,1.0,0.2,0.05,5000,1.0,1.0,9
2,97,1,standard,1.0,0.2,0.05,5000,1.0,1.0,10
2,98,1,standard,1.0,0.2,0.05,5000,1.0,1.0,11
2,99,1,standard,1.0,0.2,0.05,5000,1.0,1.0,9
2,100,1,standard,1.0,0.2,0.05,5000,1.0,1.0,8
2,1,1,standard,1.0,0.3,0.05,5000,1.0,1.0,1
2,2,1,standard,1.0,0.3,0.05,5000,1.0,1.0,5
2,3,1,standard,1.0,0.3,0.05,5000,1.0,1.0,6
2,4,1,standard,1.0,0.3,0.05,5000,1.0,1.0,5
2,5,1,standard,1.0,0.3,0.05,5000,1.0,1.0,8
2,6,1,standard,1.0,0.3,0.05,5000,1.0,1.0,5
2,7,1,standard,1.0,0.3,0.05,5000,1.0,1.0,1
2,8,1,standard,1.0,0.3,0.05,5000,1.0,1.0,8
2,9,1,standard,1.0,0.3,0.05,5000,1.0,1.0,8
2,10,1,standard,1.0,0.3,0.05,5000,1.0,1.0,6
2,11,1,standard,1.0,0.3,0.05,5000,1.0,1.0,7
2,12,1,standard,1.0,0.3,0.05,5000,1.0,1.0,6
2,13,1,standard,1.0,0.3,0.05,5000,1.0,1.0,7
2,14,1,standard,1.0,0.3,0.05,5000,1.0,1.0,8
2,15,1,standard,1.0,0.3,0.05,5000,1.0,1.0,6
2,16,1,standard,1.0,0.3,0.05,5000,1.0,1.0,7
2,17,1,standard,1.0,0.3,0.05,5000,1.0,1.0,7
2,18,1,standard,1.0,0.3,0.05,5000,1.0,1.0,8
2,19,1,standard,1.0,0.3,0.05,5000,1.0,1.0,7
2,20,1,standard,1.0,0.3,0.05,5000,1.0,1.0,7
2,21,1,standard,1.0,0.3,0.05,5000,1.0,1.0,8
2,22,1,standard,1.0,0.3,0.05,5000,1.0,1.0,7
2,23,1,standard,1.0,0.3,0.05,5000,1.0,1.0,6
2,24,1,standard,1.0,0.3,0.05,5000,1.0,1.0,6
2,25,1,standard,1.0,0.3,0.05,5000,1.0,1.0,7
2,26,1,standard,1.0,0.3,0.05,5000,1.0,1.0,6
2,27,1,standard,1.0,0.3,0.05,5000,1.0,1.0,8
2,28,1,standard,1.0,0.3,0.05,5000,1.0,1.0,7
2,29,1,standard,1.0,0.3,0.05,5000,1.0,1.0,2
2,30,1,standard,1.0,0.3,0.05,5000,1.0,1.0,7
2,31,1,standard,1.0,0.3,0.05,5000,1.0,1.0,7
2,32,1,standard,1.0,0.3,0.05,5000,1.0,1.0,7
2,33,1,standard,1.0,0.3,0.05,5000,1.0,1.0,8
2,34,1,standard,1.0,0.3,0.05,5000,1.0,1.0,7
2,35,1,standard,1.0,0.3,0.05,5000,1.0,1.0,7
2,36,1,standard,1.0,0.3,0.05,5000,1.0,1.0,8
2,37,1,standard,1.0,0.3,0.05,5000,1.0,1.0,7
2,38,1,standard,1.0,0.3,0.05,5000,1.0,1.0,5
2,39,1,standard,1.0,0.3,0.05,5000,1.0,1.0,6
2,40,1,standard,1.0,0.3,0.05,5000,1.0,1.0,2
2,41,1,standard,1.0,0.3,0.05,5000,1.0,1.0,5
2,42,1,standard,1.0,0.3,0.05,5000,1.0,1.0,6
2,43,1,standard,1.0,0.3,0.05,5000,1.0,1.0,7
2,44,1,standard,1.0,0.3,0.05,5000,1.0,1.0,7
2,45,1,standard,1.0,0.3,0.05,5000,1.0,1.0,8
2,46,1,standard,1.0,0.3,0.05,5000,1.0,1.0,2
2,47,1,standard,1.0,0.3,0.05,5000,1.0,1.0,8
2,48,1,standard,1.0,0.3,0.05,5000,1.0,1.0,5
2,49,1,standard,1.0,0.3,0.05,5000,1.0,1.0,8
2,50,1,standard,1.0,0.3,0.05,5000,1.0,1.0,7
2,51,1,standard,1.0,0.3,0.05,5000,1.0,1.0,5
2,52,1,standard,1.0,0.3,0.05,5000,1.0,1.0,4
2,53,1,standard,1.0,0.3,0.05,5000,1.0,1.0,8
2,54,1,standard,1.0,0.3,0.05,5000,1.0,1.0,8
2,55,1,standard,1.0,0.3,0.05,5000,1.0,1.0,8
2,56,1,standard,1.0,0.3,0.05,5000,1.0,1.0,6
2,57,1,standard,1.0,0.3,0.05,5000,1.0,1.0,8
2,58,1,standard,1.0,0.3,0.05,5000,1.0,1.0,7
2,59,1,standard,1.0,0.3,0.05,5000,1.0,1.0,4
2,60,1,standard,1.0,0.3,0.05,5000,1.0,1.0,5
2,61,1,standard,1.0,0.3,0.05,5000,1.0,1.0,6
2,62,1,standard,1.0,0.3,0.05,5000,1.0,1.0,6
2,63,1,standard,1.0,0.3,0.05,5000,1.0,1.0,8
2,64,1,standard,1.0,0.3,0.05,5000,1.0,1.0,5
2,65,1,standard,1.0,0.3,0.05,5000,1.0,1.0,7
2,66,1,standard,1.0,0.3,0.05,5000,1.0,1.0,7
2,67,1,standard,1.0,0.3,0.05,5000,1.0,1.0,6
2,68,1,standard,1.0,0.3,0.05,5000,1.0,1.0,7
2,69,1,standard,1.0,0.3,0.05,5000,1.0,1.0,7
2,70,1,standard,1.0,0.3,0.05,5000,1.0,1.0,4
2,71,1,standard,1.0,0.3,0.05,5000,1.0,1.0,5
2,72,1,standard,1.0,0.3,0.05,5000,1.0,1.0,8
2,73,1,standard,1.0,0.3,0.05,5000,1.0,1.0,1
2,74,1,standard,1.0,0.3,0.05,5000,1.0,1.0,3
2,75,1,standard,1.0,0.3,0.05,5000,1.0,1.0,7
2,76,1,standard,1.0,0.3,0.05,5000,1.0,1.0,6
2,77,1,standard,1.0,0.3,0.05,5000,1.0,1.0,4
2,78,1,standard,1.0,0.3,0.05,5000,1.0,1.0,5
2,79,1,standard,1.0,0.3,0.05,5000,1.0,1.0,8
2,80,1,standard,1.0,0.3,0.05,5000,1.0,1.0,7
2,81,1,standard,1.0,0.3,0.05,5000,1.0,1.0,2
2,82,1,standard,1.0,0.3,0.05,5000,1.0,1.0,7
2,83,1,standard,1.0,0.3,0.05,5000,1.0,1.0,2
2,84,1,standard,1.0,0.3,0.05,5000,1.0,1.0,7
2,85,1,standard,1.0,0.3,0.05,5000,1.0,1.0,7
2,86,1,standard,1.0,0.3,0.05,5000,1.0,1.0,7
2,87,1,standard,1.0,0.3,0.05,5000,1.0,1.0,8
2,88,1,standard,1.0,0.3,0.05,5000,1.0,1.0,4
2,89,1,standard,1.0,0.3,0.05,5000,1.0,1.0,6
2,90,1,standard,1.0,0.3,0.05,5000,1.0,1.0,7
2,91,1,standard,1.0,0.3,0.05,5000,1.0,1.0,7
2,92,1,standard,1.0,0.3,0.05,5000,1.0,1.0,1
2,93,1,standard,1.0,0.3,0.05,5000,1.0,1.0,7
2,94,1,standard,1.0,0.3,0.05,5000,1.0,1.0,8
2,95,1,standard,1.0,0.3,0.05,5000,1.0,1.0,7
2,96,1,standard,1.0,0.3,0.05,5000,1.0,1.0,6
2,97,1,standard,1.0,0.3,0.05,5000,1.0,1.0,7
2,98,1,standard,1.0,0.3,0.05,5000,1.0,1.0,8
2,99,1,standard,1.0,0.3,0.05,5000,1.0,1.0,6
2,100,1,standard,1.0,0.3,0.05,5000,1.0,1.0,6
2,1,1,standard,1.0,0.4,0.05,5000,1.0,1.0,1
2,2,1,standard,1.0,0.4,0.05,5000,1.0,1.0,4
2,3,1,standard,1.0,0.4,0.05,5000,1.0,1.0,5
2,4,1,standard,1.0,0.4,0.05,5000,1.0,1.0,4
2,5,1,standard,1.0,0.4,0.05,5000,1.0,1.0,6
2,6,1,standard,1.0,0.4,0.05,5000,1.0,1.0,4
2,7,1,standard,1.0,0.4,0.05,5000,1.0,1.0,1
2,8,1,standard,1.0,0.4,0.05,5000,1.0,1.0,6
2,9,1,standard,1.0,0.4,0.05,5000,1.0,1.0,6
2,10,1,standard,1.0,0.4,0.05,5000,1.0,1.0,5
2,11,1,standard,1.0,0.4,0.05,5000,1.0,1.0,5
2,12,1,standard,1.0,0.4,0.05,5000,1.0,1.0,4
2,13,1,standard,1.0,0.4,0.05,5000,1.0,1.0,6
2,14,1,standard,1.0,0.4,0.05,5000,1.0,1.0,6
2,15,1,standard,1.0,0.4,0.05,5000,1.0,1.0,5
2,16,1,standard,1.0,0.4,0.05,5000,1.0,1.0,6
2,17,1,standard,1.0,0.4,0.05,5000,1.0,1.0,5
2,18,1,standard,1.0,0.4,0.05,5000,1.0,1.0,6
2,19,1,standard,1.0,0.4,0.05,5000,1.0,1.0,6
2,20,1,standard,1.0,0.4,0.05,5000,1.0,1.0,5
2,21,1,standard,1.0,0.4,0.05,5000,1.0,1.0,6
2,22,1,standard,1.0,0.4,0.05,5000,1.0,1.0,6
2,23,1,standard,1.0,0.4,0.05,5000,1.0,1.0,4
2,24,1,standard,1.0,0.4,0.05,5000,1.0,1.0,5
2,25,1,standard,1.0,0.4,0.05,5000,1.0,1.0,5
2,26,1,standard,1.0,0.4,0.05,5000,1.0,1.0,5
2,27,1,standard,1.0,0.4,0.05,5000,1.0,1.0,6
2,28,1,standard,1.0,0.4,0.05,5000,1.0,1.0,6
2,29,1,standard,1.0,0.4,0.05,5000,1.0,1.0,2
2,30,1,standard,1.0,0.4,0.05,5000,1.0,1.0,5
2,31,1,standard,1.0,0.4,0.05,5000,1.0,1.0,5
2,32,1,standard,1.0,0.4,0.05,5000,1.0,1.0,5
2,33,1,standard,1.0,0.4,0.05,5000,1.0,1.0,6
2,34,1,standard,1.0,0.4,0.05,5000,1.0,1.0,6
2,35,1,standard,1.0,0.4,0.05,5000,1.0,1.0,5
2,36,1,standard,1.0,0.4,0.05,5000,1.0,1.0,6
2,37,1,standard,1.0,0.4,0.05,5000,1.0,1.0,5
2,38,1,standard,1.0,0.4,0.05,5000,1.0,1.0,4
2,39,1,standard,1.0,0.4,0.05,5000,1.0,1.0,5
2,40,1,standard,1.0,0.4,0.05,5000,1.0,1.0,2
2,41,1,standard,1.0,0.4,0.05,5000,1.0,1.0,4
2,42,1,standard,1.0,0.4,0.05,5000,1.0,1.0,5
2,43,1,standard,1.0,0.4,0.05,5000,1.0,1.0,5
2,44,1,standard,1.0,0.4,0.05,5000,1.0,1.0,5
2,45,1,standard,1.0,0.4,0.05,5000,1.0,1.0,6
2,46,1,standard,1.0,0.4,0.05,5000,1.0,1.0,2
2,47,1,standard,1.0,0.4,0.05,5000,1.0,1.0,6
2,48,1,standard,1.0,0.4,0.05,5000,1.0,1.0,4
2,49,1,standard,1.0,0.4,0.05,5000,1.0,1.0,6
2,50,1,standard,1.0,0.4,0.05,5000,1.0,1.0,5
2,51,1,standard,1.0,0.4,0.05,5000,1.0,1.0,4
2,52,1,standard,1.0,0.4,0.05,5000,1.0,1.0,3
2,53,1,standard,1.0,0.4,0.05,5000,1.0,1.0,6
2,54,1,standard,1.0,0.4,0.05,5000,1.0,1.0,6
2,55,1,standard,1.0,0.4,0.05,5000,1.0,1.0,6
2,56,1,standard,1.0,0.4,0.05,5000,1.0,1.0,5
2,57,1,standard,1.0,0.4,0.05,5000,1.0,1.0,6
2,58,1,standard,1.0,0.4,0.05,5000,1.0,1.0,5
2,59,1,standard,1.0,0.4,0.05,5000,1.0,1.0,3
2,60,1,standard,1.0,0.4,0.05,5000,1.0,1.0,4
2,61,1,standard,1.0,0.4,0.05,5000,1.0,1.0,5
2,62,1,standard,1.0,0.4,0.05,5000,1.0,1.0,5
2,63,1,standard,1.0,0.4,0.05,5000,1.0,1.0,6
2,64,1,standard,1.0,0.4,0.05,5000,1.0,1.0,4
2,65,1,standard,1.0,0.4,0.05,5000,1.0,1.0,5
2,66,1,standard,1.0,0.4,0.05,5000,1.0,1.0,6
2,67,1,standard,1.0,0.4,0.05,5000,1.0,1.0,4
2,68,1,standard,1.0,0.4,0.05,5000,1.0,1.0,5
2,69,1,standard,1.0,0.4,0.05,5000,1.0,1.0,5
2,70,1,standard,1.0,0.4,0.05,5000,1.0,1.0,3
2,71,1,standard,1.0,0.4,0.05,5000,1.0,1.0,4
2,72,1,standard,1.0,0.4,0.05,5000,1.0,1.0,6
2,73,1,standard,1.0,0.4,0.05,5000,1.0,1.0,1
2,74,1,standard,1.0,0.4,0.05,5000,1.0,1.0,3
2,75,1,standard,1.0,0.4,0.05,5000,1.0,1.0,5
2,76,1,standard,1.0,0.4,0.05,5000,1.0,1.0,5
2,77,1,standard,1.0,0.4,0.05,5000,1.0,1.0,3
2,78,1,standard,1.0,0.4,0.05,5000,1.0,1.0,4
2,79,1,standard,1.0,0.4,0.05,5000,1.0,1.0,6
2,80,1,standard,1.0,0.4,0.05,5000,1.0,1.0,5
2,81,1,standard,1.0,0.4,0.05,5000,1.0,1.0,2
2,82,1,standard,1.0,0.4,0.05,5000,1.0,1.0,6
2,83,1,standard,1.0,0.4,0.05,5000,1.0,1.0,2
2,84,1,standard,1.0,0.4,0.05,5000,1.0,1.0,5
2,85,1,standard,1.0,0.4,0.05,5000,1.0,1.0,5
2,86,1,standard,1.0,0.4,0.05,5000,1.0,1.0,5
2,87,1,standard,1.0,0.4,0.05,5000,1.0,1.0,6
2,88,1,standard,1.0,0.4,0.05,5000,1.0,1.0,3
2,89,1,standard,1.0,0.4,0.05,5000,1.0,1.0,5
2,90,1,standard,1.0,0.4,0.05,5000,1.0,1.0,6
2,91,1,standard,1.0,0.4,0.05,5000,1.0,1.0,5
2,92,1,standard,1.0,0.4,0.05,5000,1.0,1.0,1
2,93,1,standard,1.0,0.4,0.05,5000,1.0,1.0,5
2,94,1,standard,1.0,0.4,0.05,5000,1.0,1.0,6
2,95,1,standard,1.0,0.4,0.05,5000,1.0,1.0,6
2,96,1,standard,1.0,0.4,0.05,5000,1.0,1.0,5
2,97,1,standard,1.0,0.4,0.05,5000,1.0,1.0,5
2,98,1,standard,1.0,0.4,0.05,5000,1.0,1.0,6
2,99,1,standard,1.0,0.4,0.05,5000,1.0,1.0,5
2,100,1,standard,1.0,0.4,0.05,5000,1.0,1.0,4
2,1,1,standard,1.0,0.5,0.05,5000,1.0,1.0,1
2,2,1,standard,1.0,0.5,0.05,5000,1.0,1.0,4
2,3,1,standard,1.0,0.5,0.05,5000,1.0,1.0,4
2,4,1,standard,1.0,0.5,0.05,5000,1.0,1.0,3
2,5,1,standard,1.0,0.5,0.05,5000,1.0,1.0,5
2,6,1,standard,1.0,0.5,0.05,5000,1.0,1.0,3
2,7,1,standard,1.0,0.5,0.05,5000,1.0,1.0,1
2,8,1,standard,1.0,0.5,0.05,5000,1.0,1.0,5
2,9,1,standard,1.0,0.5,0.05,5000,1.0,1.0,5
2,10,1,standard,1.0,0.5,0.05,5000,1.0,1.0,4
2,11,1,standard,1.0,0.5,0.05,5000,1.0,1.0,4
2,12,1,standard,1.0,0.5,0.05,5000,1.0,1.0,4
2,13,1,standard,1.0,0.5,0.05,5000,1.0,1.0,5
2,14,1,standard,1.0,0.5,0.05,5000,1.0,1.0,5
2,15,1,standard,1.0,0.5,0.05,5000,1.0,1.0,4
2,16,1,standard,1.0,0.5,0.05,5000,1.0,1.0,4
2,17,1,standard,1.0,0.5,0.05,5000,1.0,1.0,4
2,18,1,standard,1.0,0.5,0.05,5000,1.0,1.0,5
2,19,1,standard,1.0,0.5,0.05,5000,1.0,1.0,5
2,20,1,standard,1.0,0.5,0.05,5000,1.0,1.0,4
2,21,1,standard,1.0,0.5,0.05,5000,1.0,1.0,5
2,22,1,standard,1.0,0.5,0.05,5000,1.0,1.0,4
2,23,1,standard,1.0,0.5,0.05,5000,1.0,1.0,4
2,24,1,standard,1.0,0.5,0.05,5000,1.0,1.0,4
2,25,1,standard,1.0,0.5,0.05,5000,1.0,1.0,4
2,26,1,standard,1.0,0.5,0.05,5000,1.0,1.0,4
2,27,1,standard,1.0,0.5,0.05,5000,1.0,1.0,5
2,28,1,standard,1.0,0.5,0.05,5000,1.0,1.0,5
2,29,1,standard,1.0,0.5,0.05,5000,1.0,1.0,2
2,30,1,standard,1.0,0.5,0.05,5000,1.0,1.0,4
2,31,1,standard,1.0,0.5,0.05,5000,1.0,1.0,4
2,32,1,standard,1.0,0.5,0.05,5000,1.0,1.0,4
2,33,1,standard,1.0,0.5,0.05,5000,1.0,1.0,5
2,34,1,standard,1.0,0.5,0.05,5000,1.0,1.0,5
2,35,1,standard,1.0,0.5,0.05,5000,1.0,1.0,4
2,36,1,standard,1.0,0.5,0.05,5000,1.0,1.0,5
2,37,1,standard,1.0,0.5,0.05,5000,1.0,1.0,4
2,38,1,standard,1.0,0.5,0.05,5000,1.0,1.0,4
2,39,1,standard,1.0,0.5,0.05,5000,1.0,1.0,4
2,40,1,standard,1.0,0.5,0.05,5000,1.0,1.0,2
2,41,1,standard,1.0,0.5,0.05,5000,1.0,1.0,3
2,42,1,standard,1.0,0.5,0.05,5000,1.0,1.0,4
2,43,1,standard,1.0,0.5,0.05,5000,1.0,1.0,5
2,44,1,standard,1.0,0.5,0.05,5000,1.0,1.0,4
2,45,1,standard,1.0,0.5,0.05,5000,1.0,1.0,5
2,46,1,standard,1.0,0.5,0.05,5000,1.0,1.0,2
2,47,1,standard,1.0,0.5,0.05,5000,1.0,1.0,5
2,48,1,standard,1.0,0.5,0.05,5000,1.0,1.0,3
2,49,1,standard,1.0,0.5,0.05,5000,1.0,1.0,5
2,50,1,standard,1.0,0.5,0.05,5000,1.0,1.0,4
2,51,1,standard,1.0,0.5,0.05,5000,1.0,1.0,4
2,52,1,standard,1.0,0.5,0.05,5000,1.0,1.0,3
2,53,1,standard,1.0,0.5,0.05,5000,1.0,1.0,5
2,54,1,standard,1.0,0.5,0.05,5000,1.0,1.0,4
2,55,1,standard,1.0,0.5,0.05,5000,1.0,1.0,5
2,56,1,standard,1.0,0.5,0.05,5000,1.0,1.0,4
2,57,1,standard,1.0,0.5,0.05,5000,1.0,1.0,5
2,58,1,standard,1.0,0.5,0.05,5000,1.0,1.0,4
2,59,1,standard,1.0,0.5,0.05,5000,1.0,1.0,3
2,60,1,standard,1.0,0.5,0.05,5000,1.0,1.0,3
2,61,1,standard,1.0,0.5,0.05,5000,1.0,1.0,4
2,62,1,standard,1.0,0.5,0.05,5000,1.0,1.0,4
2,63,1,standard,1.0,0.5,0.05,5000,1.0,1.0,5
2,64,1,standard,1.0,0.5,0.05,5000,1.0,1.0,3
2,65,1,standard,1.0,0.5,0.05,5000,1.0,1.0,4
2,66,1,standard,1.0,0.5,0.05,5000,1.0,1.0,5
2,67,1,standard,1.0,0.5,0.05,5000,1.0,1.0,4
2,68,1,standard,1.0,0.5,0.05,5000,1.0,1.0,4
2,69,1,standard,1.0,0.5,0.05,5000,1.0,1.0,4
2,70,1,standard,1.0,0.5,0.05,5000,1.0,1.0,3
2,71,1,standard,1.0,0.5,0.05,5000,1.0,1.0,3
2,72,1,standard,1.0,0.5,0.05,5000,1.0,1.0,5
2,73,1,standard,1.0,0.5,0.05,5000,1.0,1.0,1
2,74,1,standard,1.0,0.5,0.05,5000,1.0,1.0,2
2,75,1,standard,1.0,0.5,0.05,5000,1.0,1.0,4
2,76,1,standard,1.0,0.5,0.05,5000,1.0,1.0,4
2,77,1,standard,1.0,0.5,0.05,5000,1.0,1.0,3
2,78,1,standard,1.0,0.5,0.05,5000,1.0,1.0,3
2,79,1,standard,1.0,0.5,0.05,5000,1.0,1.0,5
2,80,1,standard,1.0,0.5,0.05,5000,1.0,1.0,4
2,81,1,standard,1.0,0.5,0.05,5000,1.0,1.0,2
2,82,1,standard,1.0,0.5,0.05,5000,1.0,1.0,4
2,83,1,standard,1.0,0.5,0.05,5000,1.0,1.0,2
2,84,1,standard,1.0,0.5,0.05,5000,1.0,1.0,4
2,85,1,standard,1.0,0.5,0.05,5000,1.0,1.0,4
2,86,1,standard,1.0,0.5,0.05,5000,1.0,1.0,4
2,87,1,standard,1.0,0.5,0.05,5000,1.0,1.0,5
2,88,1,standard,1.0,0.5,0.05,5000,1.0,1.0,3
2,89,1,standard,1.0,0.5,0.05,5000,1.0,1.0,4
2,90,1,standard,1.0,0.5,0.05,5000,1.0,1.0,4
2,91,1,standard,1.0,0.5,0.05,5000,1.0,1.0,4
2,92,1,standard,1.0,0.5,0.05,5000,1.0,1.0,1
2,93,1,standard,1.0,0.5,0.05,5000,1.0,1.0,4
2,94,1,standard,1.0,0.5,0.05,5000,1.0,1.0,5
2,95,1,standard,1.0,0.5,0.05,5000,1.0,1.0,5
2,96,1,standard,1.0,0.5,0.05,5000,1.0,1.0,4
2,97,1,standard,1.0,0.5,0.05,5000,1.0,1.0,4
2,98,1,standard,1.0,0.5,0.05,5000,1.0,1.0,5
2,99,1,standard,1.0,0.5,0.05,5000,1.0,1.0,4
2,100,1,standard,1.0,0.5,0.05,5000,1.0,1.0,3
2,1,1,standard,1.0,0.6,0.05,5000,1.0,1.0,1
2,2,1,standard,1.0,0.6,0.05,5000,1.0,1.0,3
2,3,1,standard,1.0,0.6,0.05,5000,1.0,1.0,3
2,4,1,standard,1.0,0.6,0.05,5000,1.0,1.0,3
2,5,1,standard,1.0,0.6,0.05,5000,1.0,1.0,4
2,6,1,standard,1.0,0.6,0.05,5000,1.0,1.0,3
2,7,1,standard,1.0,0.6,0.05,5000,1.0,1.0,1
2,8,1,standard,1.0,0.6,0.05,5000,1.0,1.0,4
2,9,1,standard,1.0,0.6,0.05,5000,1.0,1.0,4
2,10,1,standard,1.0,0.6,0.05,5000,1.0,1.0,4
2,11,1,standard,1.0,0.6,0.05,5000,1.0,1.0,3
2,12,1,standard,1.0,0.6,0.05,5000,1.0,1.0,3
2,13,1,standard,1.0,0.6,0.05,5000,1.0,1.0,4
2,14,1,standard,1.0,0.6,0.05,5000,1.0,1.0,4
2,15,1,standard,1.0,0.6,0.05,5000,1.0,1.0,3
2,16,1,standard,1.0,0.6,0.05,5000,1.0,1.0,4
2,17,1,standard,1.0,0.6,0.05,5000,1.0,1.0,3
2,18,1,standard,1.0,0.6,0.05,5000,1.0,1.0,4
2,19,1,standard,1.0,0.6,0.05,5000,1.0,1.0,4
2,20,1,standard,1.0,0.6,0.05,5000,1.0,1.0,4
2,21,1,standard,1.0,0.6,0.05,5000,1.0,1.0,4
2,22,1,standard,1.0,0.6,0.05,5000,1.0,1.0,4
2,23,1,standard,1.0,0.6,0.05,5000,1.0,1.0,3
2,24,1,standard,1.0,0.6,0.05,5000,1.0,1.0,3
2,25,1,standard,1.0,0.6,0.05,5000,1.0,1.0,4
2,26,1,standard,1.0,0.6,0.05,5000,1.0,1.0,3
2,27,1,standard,1.0,0.6,0.05,5000,1.0,1.0,4
2,28,1,standard,1.0,0.6,0.05,5000,1.0,1.0,4
2,29,1,standard,1.0,0.6,0.05,5000,1.0,1.0,2
2,30,1,standard,1.0,0.6,0.05,5000,1.0,1.0,3
2,31,1,standard,1.0,0.6,0.05,5000,1.0,1.0,3
2,32,1,standard,1.0,0.6,0.05,5000,1.0,1.0,3
2,33,1,standard,1.0,0.6,0.05,5000,1.0,1.0,4
2,34,1,standard,1.0,0.6,0.05,5000,1.0,1.0,4
2,35,1,standard,1.0,0.6,0.05,5000,1.0,1.0,4
2,36,1,standard,1.0,0.6,0.05,5000,1.0,1.0,4
2,37,1,standard,1.0,0.6,0.05,5000,1.0,1.0,3
2,38,1,standard,1.0,0.6,0.05,5000,1.0,1.0,3
2,39,1,standard,1.0,0.6,0.05,5000,1.0,1.0,3
2,40,1,standard,1.0,0.6,0.05,5000,1.0,1.0,2
2,41,1,standard,1.0,0.6,0.05,5000,1.0,1.0,3
2,42,1,standard,1.0,0.6,0.05,5000,1.0,1.0,3
2,43,1,standard,1.0,0.6,0.05,5000,1.0,1.0,4
2,44,1,standard,1.0,0.6,0.05,5000,1.0,1.0,4
2,45,1,standard,1.0,0.6,0.05,5000,1.0,1.0,4
2,46,1,standard,1.0,0.6,0.05,5000,1.0,1.0,2
2,47,1,standard,1.0,0.6,0.05,5000,1.0,1.0,4
2,48,1,standard,1.0,0.6,0.05,5000,1.0,1.0,3
2,49,1,standard,1.0,0.6,0.05,5000,1.0,1.0,4
2,50,1,standard,1.0,0.6,0.05,5000,1.0,1.0,4
2,51,1,standard,1.0,0.6,0.05,5000,1.0,1.0,3
2,52,1,standard,1.0,0.6,0.05,5000,1.0,1.0,2
2,53,1,standard,1.0,0.6,0.05,5000,1.0,1.0,4
2,54,1,standard,1.0,0.6,0.05,5000,1.0,1.0,4
2,55,1,standard,1.0,0.6,0.05,5000,1.0,1.0,4
2,56,1,standard,1.0,0.6,0.05,5000,1.0,1.0,3
2,57,1,standard,1.0,0.6,0.05,5000,1.0,1.0,4
2,58,1,standard,1.0,0.6,0.05,5000,1.0,1.0,3
2,59,1,standard,1.0,0.6,0.05,5000,1.0,1.0,3
2,60,1,standard,1.0,0.6,0.05,5000,1.0,1.0,3
2,61,1,standard,1.0,0.6,0.05,5000,1.0,1.0,3
2,62,1,standard,1.0,0.6,0.05,5000,1.0,1.0,3
2,63,1,standard,1.0,0.6,0.05,5000,1.0,1.0,4
2,64,1,standard,1.0,0.6,0.05,5000,1.0,1.0,3
2,65,1,standard,1.0,0.6,0.05,5000,1.0,1.0,4
2,66,1,standard,1.0,0.6,0.05,5000,1.0,1.0,4
2,67,1,standard,1.0,0.6,0.05,5000,1.0,1.0,3
2,68,1,standard,1.0,0.6,0.05,5000,1.0,1.0,3
2,69,1,standard,1.0,0.6,0.05,5000,1.0,1.0,4
2,70,1,standard,1.0,0.6,0.05,5000,1.0,1.0,3
2,71,1,standard,1.0,0.6,0.05,5000,1.0,1.0,3
2,72,1,standard,1.0,0.6,0.05,5000,1.0,1.0,4
2,73,1,standard,1.0,0.6,0.05,5000,1.0,1.0,1
2,74,1,standard,1.0,0.6,0.05,5000,1.0,1.0,2
2,75,1,standard,1.0,0.6,0.05,5000,1.0,1.0,4
2,76,1,standard,1.0,0.6,0.05,5000,1.0,1.0,3
2,77,1,standard,1.0,0.6,0.05,5000,1.0,1.0,2
2,78,1,standard,1.0,0.6,0.05,5000,1.0,1.0,3
2,79,1,standard,1.0,0.6,0.05,5000,1.0,1.0,4
2,80,1,standard,1.0,0.6,0.05,5000,1.0,1.0,3
2,81,1,standard,1.0,0.6,0.05,5000,1.0,1.0,2
2,82,1,standard,1.0,0.6,0.05,5000,1.0,1.0,4
2,83,1,standard,1.0,0.6,0.05,5000,1.0,1.0,2
2,84,1,standard,1.0,0.6,0.05,5000,1.0,1.0,4
2,85,1,standard,1.0,0.6,0.05,5000,1.0,1.0,3
2,86,1,standard,1.0,0.6,0.05,5000,1.0,1.0,3
2,87,1,standard,1.0,0.6,0.05,5000,1.0,1.0,4
2,88,1,standard,1.0,0.6,0.05,5000,1.0,1.0,2
2,89,1,standard,1.0,0.6,0.05,5000,1.0,1.0,3
2,90,1,standard,1.0,0.6,0.05,5000,1.0,1.0,4
2,91,1,standard,1.0,0.6,0.05,5000,1.0,1.0,3
2,92,1,standard,1.0,0.6,0.05,5000,1.0,1.0,1
2,93,1,standard,1.0,0.6,0.05,5000,1.0,1.0,3
2,94,1,standard,1.0,0.6,0.05,5000,1.0,1.0,4
2,95,1,standard,1.0,0.6,0.05,5000,1.0,1.0,4
2,96,1,standard,1.0,0.6,0.05,5000,1.0,1.0,3
2,97,1,standard,1.0,0.6,0.05,5000,1.0,1.0,4
2,98,1,standard,1.0,0.6,0.05,5000,1.0,1.0,4
2,99,1,standard,1.0,0.6,0.05,5000,1.0,1.0,3
2,100,1,standard,1.0,0.6,0.05,5000,1.0,1.0,3
2,1,1,standard,1.0,0.7,0.05,5000,1.0,1.0,1
2,2,1,standard,1.0,0.7,0.05,5000,1.0,1.0,3
2,3,1,standard,1.0,0.7,0.05,5000,1.0,1.0,3
2,4,1,standard,1.0,0.7,0.05,5000,1.0,1.0,3
2,5,1,standard,1.0,0.7,0.05,5000,1.0,1.0,4
2,6,1,standard,1.0,0.7,0.05,5000,1.0,1.0,3
2,7,1,standard,1.0,0.7,0.05,5000,1.0,1.0,1
2,8,1,standard,1.0,0.7,0.05,5000,1.0,1.0,4
2,9,1,standard,1.0,0.7,0.05,5000,1.0,1.0,3
2,10,1,standard,1.0,0.7,0.05,5000,1.0,1.0,3
2,11,1,standard,1.0,0.7,0.05,5000,1.0,1.0,3
2,12,1,standard,1.0,0.7,0.05,5000,1.0,1.0,3
2,13,1,standard,1.0,0.7,0.05,5000,1.0,1.0,3
2,14,1,standard,1.0,0.7,0.05,5000,1.0,1.0,3
2,15,1,standard,1.0,0.7,0.05,5000,1.0,1.0,3
2,16,1,standard,1.0,0.7,0.05,5000,1.0,1.0,3
2,17,1,standard,1.0,0.7,0.05,5000,1.0,1.0,3
2,18,1,standard,1.0,0.7,0.05,5000,1.0,1.0,4
2,19,1,standard,1.0,0.7,0.05,5000,1.0,1.0,3
2,20,1,standard,1.0,0.7,0.05,5000,1.0,1.0,3
2,21,1,standard,1.0,0.7,0.05,5000,1.0,1.0,4
2,22,1,standard,1.0,0.7,0.05,5000,1.0,1.0,3
2,23,1,standard,1.0,0.7,0.05,5000,1.0,1.0,3
2,24,1,standard,1.0,0.7,0.05,5000,1.0,1.0,3
2,25,1,standard,1.0,0.7,0.05,5000,1.0,1.0,3
2,26,1,standard,1.0,0.7,0.05,5000,1.0,1.0,3
2,27,1,standard,1.0,0.7,0.05,5000,1.0,1.0,4
2,28,1,standard,1.0,0.7,0.05,5000,1.0,1.0,3
2,29,1,standard,1.0,0.7,0.05,5000,1.0,1.0,2
2,30,1,standard,1.0,0.7,0.05,5000,1.0,1.0,3
2,31,1,standard,1.0,0.7,0.05,5000,1.0,1.0,3
2,32,1,standard,1.0,0.7,0.05,5000,1.0,1.0,3
2,33,1,standard,1.0,0.7,0.05,5000,1.0,1.0,4
2,34,1,standard,1.0,0.7,0.05,5000,1.0,1.0,3
2,35,1,standard,1.0,0.7,0.05,5000,1.0,1.0,3
2,36,1,standard,1.0,0.7,0.05,5000,1.0,1.0,4
2,37,1,standard,1.0,0.7,0.05,5000,1.0,1.0,3
2,38,1,standard,1.0,0.7,0.05,5000,1.0,1.0,3
2,39,1,standard,1.0,0.7,0.05,5000,1.0,1.0,3
2,40,1,standard,1.0,0.7,0.05,5000,1.0,1.0,2
2,41,1,standard,1.0,0.7,0.05,5000,1.0,1.0,2
2,42,1,standard,1.0,0.7,0.05,5000,1.0,1.0,3
2,43,1,standard,1.0,0.7,0.05,5000,1.0,1.0,4
2,44,1,standard,1.0,0.7,0.05,5000,1.0,1.0,3
2,45,1,standard,1.0,0.7,0.05,5000,1.0,1.0,4
2,46,1,standard,1.0,0.7,0.05,5000,1.0,1.0,2
2,47,1,standard,1.0,0.7,0.05,5000,1.0,1.0,4
2,48,1,standard,1.0,0.7,0.05,5000,1.0,1.0,2
2,49,1,standard,1.0,0.7,0.05,5000,1.0,1.0,3
2,50,1,standard,1.0,0.7,0.05,5000,1.0,1.0,3
2,51,1,standard,1.0,0.7,0.05,5000,1.0,1.0,3
2,52,1,standard,1.0,0.7,0.05,5000,1.0,1.0,2
2,53,1,standard,1.0,0.7,0.05,5000,1.0,1.0,3
2,54,1,standard,1.0,0.7,0.05,5000,1.0,1.0,3
2,55,1,standard,1.0,0.7,0.05,5000,1.0,1.0,4
2,56,1,standard,1.0,0.7,0.05,5000,1.0,1.0,3
2,57,1,standard,1.0,0.7,0.05,5000,1.0,1.0,4
2,58,1,standard,1.0,0.7,0.05,5000,1.0,1.0,3
2,59,1,standard,1.0,0.7,0.05,5000,1.0,1.0,2
2,60,1,standard,1.0,0.7,0.05,5000,1.0,1.0,2
2,61,1,standard,1.0,0.7,0.05,5000,1.0,1.0,3
2,62,1,standard,1.0,0.7,0.05,5000,1.0,1.0,3
2,63,1,standard,1.0,0.7,0.05,5000,1.0,1.0,3
2,64,1,standard,1.0,0.7,0.05,5000,1.0,1.0,3
2,65,1,standard,1.0,0.7,0.05,5000,1.0,1.0,3
2,66,1,standard,1.0,0.7,0.05,5000,1.0,1.0,3
2,67,1,standard,1.0,0.7,0.05,5000,1.0,1.0,3
2,68,1,standard,1.0,0.7,0.05,5000,1.0,1.0,3
2,69,1,standard,1.0,0.7,0.05,5000,1.0,1.0,3
2,70,1,standard,1.0,0.7,0.05,5000,1.0,1.0,2
2,71,1,standard,1.0,0.7,0.05,5000,1.0,1.0,3
2,72,1,standard,1.0,0.7,0.05,5000,1.0,1.0,4
2,73,1,standard,1.0,0.7,0.05,5000,1.0,1.0,1
2,74,1,standard,1.0,0.7,0.05,5000,1.0,1.0,2
2,75,1,standard,1.0,0.7,0.05,5000,1.0,1.0,3
2,76,1,standard,1.0,0.7,0.05,5000,1.0,1.0,3
2,77,1,standard,1.0,0.7,0.05,5000,1.0,1.0,2
2,78,1,standard,1.0,0.7,0.05,5000,1.0,1.0,3
2,79,1,standard,1.0,0.7,0.05,5000,1.0,1.0,4
2,80,1,standard,1.0,0.7,0.05,5000,1.0,1.0,3
2,81,1,standard,1.0,0.7,0.05,5000,1.0,1.0,2
2,82,1,standard,1.0,0.7,0.05,5000,1.0,1.0,3
2,83,1,standard,1.0,0.7,0.05,5000,1.0,1.0,2
2,84,1,standard,1.0,0.7,0.05,5000,1.0,1.0,3
2,85,1,standard,1.0,0.7,0.05,5000,1.0,1.0,3
2,86,1,standard,1.0,0.7,0.05,5000,1.0,1.0,3
2,87,1,standard,1.0,0.7,0.05,5000,1.0,1.0,3
2,88,1,standard,1.0,0.7,0.05,5000,1.0,1.0,2
2,89,1,standard,1.0,0.7,0.05,5000,1.0,1.0,3
2,90,1,standard,1.0,0.7,0.05,5000,1.0,1.0,3
2,91,1,standard,1.0,0.7,0.05,5000,1.0,1.0,3
2,92,1,standard,1.0,0.7,0.05,5000,1.0,1.0,1
2,93,1,standard,1.0,0.7,0.05,5000,1.0,1.0,3
2,94,1,standard,1.0,0.7,0.05,5000,1.0,1.0,3
2,95,1,standard,1.0,0.7,0.05,5000,1.0,1.0,3
2,96,1,standard,1.0,0.7,0.05,5000,1.0,1.0,3
2,97,1,standard,1.0,0.7,0.05,5000,1.0,1.0,3
2,98,1,standard,1.0,0.7,0.05,5000,1.0,1.0,4
2,99,1,standard,1.0,0.7,0.05,5000,1.0,1.0,3
2,100,1,standard,1.0,0.7,0.05,5000,1.0,1.0,3
2,1,1,standard,1.0,0.8,0.05,5000,1.0,1.0,1
2,2,1,standard,1.0,0.8,0.05,5000,1.0,1.0,3
2,3,1,standard,1.0,0.8,0.05,5000,1.0,1.0,2
2,4,1,standard,1.0,0.8,0.05,5000,1.0,1.0,2
2,5,1,standard,1.0,0.8,0.05,5000,1.0,1.0,3
2,6,1,standard,1.0,0.8,0.05,5000,1.0,1.0,2
2,7,1,standard,1.0,0.8,0.05,5000,1.0,1.0,1
2,8,1,standard,1.0,0.8,0.05,5000,1.0,1.0,3
2,9,1,standard,1.0,0.8,0.05,5000,1.0,1.0,3
2,10,1,standard,1.0,0.8,0.05,5000,1.0,1.0,3
2,11,1,standard,1.0,0.8,0.05,5000,1.0,1.0,2
2,12,1,standard,1.0,0.8,0.05,5000,1.0,1.0,3
2,13,1,standard,1.0,0.8,0.05,5000,1.0,1.0,3
2,14,1,standard,1.0,0.8,0.05,5000,1.0,1.0,3
2,15,1,standard,1.0,0.8,0.05,5000,1.0,1.0,2
2,16,1,standard,1.0,0.8,0.05,5000,1.0,1.0,3
2,17,1,standard,1.0,0.8,0.05,5000,1.0,1.0,2
2,18,1,standard,1.0,0.8,0.05,5000,1.0,1.0,3
2,19,1,standard,1.0,0.8,0.05,5000,1.0,1.0,3
2,20,1,standard,1.0,0.8,0.05,5000,1.0,1.0,3
2,21,1,standard,1.0,0.8,0.05,5000,1.0,1.0,4
2,22,1,standard,1.0,0.8,0.05,5000,1.0,1.0,3
2,23,1,standard,1.0,0.8,0.05,5000,1.0,1.0,2
2,24,1,standard,1.0,0.8,0.05,5000,1.0,1.0,3
2,25,1,standard,1.0,0.8,0.05,5000,1.0,1.0,3
2,26,1,standard,1.0,0.8,0.05,5000,1.0,1.0,3
2,27,1,standard,1.0,0.8,0.05,5000,1.0,1.0,3
2,28,1,standard,1.0,0.8,0.05,5000,1.0,1.0,3
2,29,1,standard,1.0,0.8,0.05,5000,1.0,1.0,2
2,30,1,standard,1.0,0.8,0.05,5000,1.0,1.0,3
2,31,1,standard,1.0,0.8,0.05,5000,1.0,1.0,3
2,32,1,standard,1.0,0.8,0.05,5000,1.0,1.0,2
2,33,1,standard,1.0,0.8,0.05,5000,1.0,1.0,3
2,34,1,standard,1.0,0.8,0.05,5000,1.0,1.0,3
2,35,1,standard,1.0,0.8,0.05,5000,1.0,1.0,3
2,36,1,standard,1.0,0.8,0.05,5000,1.0,1.0,3
2,37,1,standard,1.0,0.8,0.05,5000,1.0,1.0,2
2,38,1,standard,1.0,0.8,0.05,5000,1.0,1.0,3
2,39,1,standard,1.0,0.8,0.05,5000,1.0,1.0,3
2,40,1,standard,1.0,0.8,0.05,5000,1.0,1.0,2
2,41,1,standard,1.0,0.8,0.05,5000,1.0,1.0,2
2,42,1,standard,1.0,0.8,0.05,5000,1.0,1.0,2
2,43,1,standard,1.0,0.8,0.05,5000,1.0,1.0,4
2,44,1,standard,1.0,0.8,0.05,5000,1.0,1.0,3
2,45,1,standard,1.0,0.8,0.05,5000,1.0,1.0,3
2,46,1,standard,1.0,0.8,0.05,5000,1.0,1.0,2
2,47,1,standard,1.0,0.8,0.05,5000,1.0,1.0,3
2,48,1,standard,1.0,0.8,0.05,5000,1.0,1.0,2
2,49,1,standard,1.0,0.8,0.05,5000,1.0,1.0,3
2,50,1,standard,1.0,0.8,0.05,5000,1.0,1.0,3
2,51,1,standard,1.0,0.8,0.05,5000,1.0,1.0,3
2,52,1,standard,1.0,0.8,0.05,5000,1.0,1.0,2
2,53,1,standard,1.0,0.8,0.05,5000,1.0,1.0,3
2,54,1,standard,1.0,0.8,0.05,5000,1.0,1.0,2
2,55,1,standard,1.0,0.8,0.05,5000,1.0,1.0,3
2,56,1,standard,1.0,0.8,0.05,5000,1.0,1.0,3
2,57,1,standard,1.0,0.8,0.05,5000,1.0,1.0,3
2,58,1,standard,1.0,0.8,0.05,5000,1.0,1.0,3
2,59,1,standard,1.0,0.8,0.05,5000,1.0,1.0,2
2,60,1,standard,1.0,0.8,0.05,5000,1.0,1.0,2
2,61,1,standard,1.0,0.8,0.05,5000,1.0,1.0,2
2,62,1,standard,1.0,0.8,0.05,5000,1.0,1.0,3
2,63,1,standard,1.0,0.8,0.05,5000,1.0,1.0,3
2,64,1,standard,1.0,0.8,0.05,5000,1.0,1.0,2
2,65,1,standard,1.0,0.8,0.05,5000,1.0,1.0,3
2,66,1,standard,1.0,0.8,0.05,5000,1.0,1.0,3
2,67,1,standard,1.0,0.8,0.05,5000,1.0,1.0,3
2,68,1,standard,1.0,0.8,0.05,5000,1.0,1.0,2
2,69,1,standard,1.0,0.8,0.05,5000,1.0,1.0,3
2,70,1,standard,1.0,0.8,0.05,5000,1.0,1.0,2
2,71,1,standard,1.0,0.8,0.05,5000,1.0,1.0,2
2,72,1,standard,1.0,0.8,0.05,5000,1.0,1.0,3
2,73,1,standard,1.0,0.8,0.05,5000,1.0,1.0,1
2,74,1,standard,1.0,0.8,0.05,5000,1.0,1.0,2
2,75,1,standard,1.0,0.8,0.05,5000,1.0,1.0,3
2,76,1,standard,1.0,0.8,0.05,5000,1.0,1.0,3
2,77,1,standard,1.0,0.8,0.05,5000,1.0,1.0,2
2,78,1,standard,1.0,0.8,0.05,5000,1.0,1.0,3
2,79,1,standard,1.0,0.8,0.05,5000,1.0,1.0,3
2,80,1,standard,1.0,0.8,0.05,5000,1.0,1.0,2
2,81,1,standard,1.0,0.8,0.05,5000,1.0,1.0,2
2,82,1,standard,1.0,0.8,0.05,5000,1.0,1.0,3
2,83,1,standard,1.0,0.8,0.05,5000,1.0,1.0,2
2,84,1,standard,1.0,0.8,0.05,5000,1.0,1.0,3
2,85,1,standard,1.0,0.8,0.05,5000,1.0,1.0,3
2,86,1,standard,1.0,0.8,0.05,5000,1.0,1.0,2
2,87,1,standard,1.0,0.8,0.05,5000,1.0,1.0,3
2,88,1,standard,1.0,0.8,0.05,5000,1.0,1.0,2
2,89,1,standard,1.0,0.8,0.05,5000,1.0,1.0,3
2,90,1,standard,1.0,0.8,0.05,5000,1.0,1.0,3
2,91,1,standard,1.0,0.8,0.05,5000,1.0,1.0,3
2,92,1,standard,1.0,0.8,0.05,5000,1.0,1.0,1
2,93,1,standard,1.0,0.8,0.05,5000,1.0,1.0,2
2,94,1,standard,1.0,0.8,0.05,5000,1.0,1.0,3
2,95,1,standard,1.0,0.8,0.05,5000,1.0,1.0,3
2,96,1,standard,1.0,0.8,0.05,5000,1.0,1.0,3
2,97,1,standard,1.0,0.8,0.05,5000,1.0,1.0,3
2,98,1,standard,1.0,0.8,0.05,5000,1.0,1.0,4
2,99,1,standard,1.0,0.8,0.05,5000,1.0,1.0,3
2,100,1,standard,1.0,0.8,0.05,5000,1.0,1.0,2
2,1,1,standard,1.0,0.9,0.05,5000,1.0,1.0,1
2,2,1,standard,1.0,0.9,0.05,5000,1.0,1.0,2
2,3,1,standard,1.0,0.9,0.05,5000,1.0,1.0,3
2,4,1,standard,1.0,0.9,0.05,5000,1.0,1.0,2
2,5,1,standard,1.0,0.9,0.05,5000,1.0,1.0,3
2,6,1,standard,1.0,0.9,0.05,5000,1.0,1.0,2
2,7,1,standard,1.0,0.9,0.05,5000,1.0,1.0,1
2,8,1,standard,1.0,0.9,0.05,5000,1.0,1.0,3
2,9,1,standard,1.0,0.9,0.05,5000,1.0,1.0,3
2,10,1,standard,1.0,0.9,0.05,5000,1.0,1.0,3
2,11,1,standard,1.0,0.9,0.05,5000,1.0,1.0,3
2,12,1,standard,1.0,0.9,0.05,5000,1.0,1.0,3
2,13,1,standard,1.0,0.9,0.05,5000,1.0,1.0,3
2,14,1,standard,1.0,0.9,0.05,5000,1.0,1.0,3
2,15,1,standard,1.0,0.9,0.05,5000,1.0,1.0,2
2,16,1,standard,1.0,0.9,0.05,5000,1.0,1.0,3
2,17,1,standard,1.0,0.9,0.05,5000,1.0,1.0,3
2,18,1,standard,1.0,0.9,0.05,5000,1.0,1.0,3
2,19,1,standard,1.0,0.9,0.05,5000,1.0,1.0,3
2,20,1,standard,1.0,0.9,0.05,5000,1.0,1.0,3
2,21,1,standard,1.0,0.9,0.05,5000,1.0,1.0,4
2,22,1,standard,1.0,0.9,0.05,5000,1.0,1.0,3
2,23,1,standard,1.0,0.9,0.05,5000,1.0,1.0,2
2,24,1,standard,1.0,0.9,0.05,5000,1.0,1.0,3
2,25,1,standard,1.0,0.9,0.05,5000,1.0,1.0,3
2,26,1,standard,1.0,0.9,0.05,5000,1.0,1.0,3
2,27,1,standard,1.0,0.9,0.05,5000,1.0,1.0,4
2,28,1,standard,1.0,0.9,0.05,5000,1.0,1.0,3
2,29,1,standard,1.0,0.9,0.05,5000,1.0,1.0,2
2,30,1,standard,1.0,0.9,0.05,5000,1.0,1.0,3
2,31,1,standard,1.0,0.9,0.05,5000,1.0,1.0,3
2,32,1,standard,1.0,0.9,0.05,5000,1.0,1.0,3
2,33,1,standard,1.0,0.9,0.05,5000,1.0,1.0,3
2,34,1,standard,1.0,0.9,0.05,5000,1.0,1.0,3
2,35,1,standard,1.0,0.9,0.05,5000,1.0,1.0,3
2,36,1,standard,1.0,0.9,0.05,5000,1.0,1.0,3
2,37,1,standard,1.0,0.9,0.05,5000,1.0,1.0,3
2,38,1,standard,1.0,0.9,0.05,5000,1.0,1.0,3
2,39,1,standard,1.0,0.9,0.05,5000,1.0,1.0,3
2,40,1,standard,1.0,0.9,0.05,5000,1.0,1.0,2
2,41,1,standard,1.0,0.9,0.05,5000,1.0,1.0,2
2,42,1,standard,1.0,0.9,0.05,5000,1.0,1.0,2
2,43,1,standard,1.0,0.9,0.05,5000,1.0,1.0,3
2,44,1,standard,1.0,0.9,0.05,5000,1.0,1.0,3
2,45,1,standard,1.0,0.9,0.05,5000,1.0,1.0,3
2,46,1,standard,1.0,0.9,0.05,5000,1.0,1.0,2
2,47,1,standard,1.0,0.9,0.05,5000,1.0,1.0,3
2,48,1,standard,1.0,0.9,0.05,5000,1.0,1.0,2
2,49,1,standard,1.0,0.9,0.05,5000,1.0,1.0,3
2,50,1,standard,1.0,0.9,0.05,5000,1.0,1.0,3
2,51,1,standard,1.0,0.9,0.05,5000,1.0,1.0,2
2,52,1,standard,1.0,0.9,0.05,5000,1.0,1.0,2
2,53,1,standard,1.0,0.9,0.05,5000,1.0,1.0,3
2,54,1,standard,1.0,0.9,0.05,5000,1.0,1.0,3
2,55,1,standard,1.0,0.9,0.05,5000,1.0,1.0,3
2,56,1,standard,1.0,0.9,0.05,5000,1.0,1.0,3
2,57,1,standard,1.0,0.9,0.05,5000,1.0,1.0,3
2,58,1,standard,1.0,0.9,0.05,5000,1.0,1.0,3
2,59,1,standard,1.0,0.9,0.05,5000,1.0,1.0,2
2,60,1,standard,1.0,0.9,0.05,5000,1.0,1.0,2
2,61,1,standard,1.0,0.9,0.05,5000,1.0,1.0,3
2,62,1,standard,1.0,0.9,0.05,5000,1.0,1.0,3
2,63,1,standard,1.0,0.9,0.05,5000,1.0,1.0,3
2,64,1,standard,1.0,0.9,0.05,5000,1.0,1.0,2
2,65,1,standard,1.0,0.9,0.05,5000,1.0,1.0,3
2,66,1,standard,1.0,0.9,0.05,5000,1.0,1.0,3
2,67,1,standard,1.0,0.9,0.05,5000,1.0,1.0,3
2,68,1,standard,1.0,0.9,0.05,5000,1.0,1.0,3
2,69,1,standard,1.0,0.9,0.05,5000,1.0,1.0,3
2,70,1,standard,1.0,0.9,0.05,5000,1.0,1.0,2
2,71,1,standard,1.0,0.9,0.05,5000,1.0,1.0,2
2,72,1,standard,1.0,0.9,0.05,5000,1.0,1.0,3
2,73,1,standard,1.0,0.9,0.05,5000,1.0,1.0,1
2,74,1,standard,1.0,0.9,0.05,5000,1.0,1.0,2
2,75,1,standard,1.0,0.9,0.05,5000,1.0,1.0,3
2,76,1,standard,1.0,0.9,0.05,5000,1.0,1.0,3
2,77,1,standard,1.0,0.9,0.05,5000,1.0,1.0,2
2,78,1,standard,1.0,0.9,0.05,5000,1.0,1.0,2
2,79,1,standard,1.0,0.9,0.05,5000,1.0,1.0,3
2,80,1,standard,1.0,0.9,0.05,5000,1.0,1.0,3
2,81,1,standard,1.0,0.9,0.05,5000,1.0,1.0,2
2,82,1,standard,1.0,0.9,0.05,5000,1.0,1.0,3
2,83,1,standard,1.0,0.9,0.05,5000,1.0,1.0,2
2,84,1,standard,1.0,0.9,0.05,5000,1.0,1.0,3
2,85,1,standard,1.0,0.9,0.05,5000,1.0,1.0,3
2,86,1,standard,1.0,0.9,0.05,5000,1.0,1.0,3
2,87,1,standard,1.0,0.9,0.05,5000,1.0,1.0,3
2,88,1,standard,1.0,0.9,0.05,5000,1.0,1.0,2
2,89,1,standard,1.0,0.9,0.05,5000,1.0,1.0,3
2,90,1,standard,1.0,0.9,0.05,5000,1.0,1.0,3
2,91,1,standard,1.0,0.9,0.05,5000,1.0,1.0,3
2,92,1,standard,1.0,0.9,0.05,5000,1.0,1.0,1
2,93,1,standard,1.0,0.9,0.05,5000,1.0,1.0,3
2,94,1,standard,1.0,0.9,0.05,5000,1.0,1.0,3
2,95,1,standard,1.0,0.9,0.05,5000,1.0,1.0,3
2,96,1,standard,1.0,0.9,0.05,5000,1.0,1.0,3
2,97,1,standard,1.0,0.9,0.05,5000,1.0,1.0,3
2,98,1,standard,1.0,0.9,0.05,5000,1.0,1.0,4
2,99,1,standard,1.0,0.9,0.05,5000,1.0,1.0,3
2,100,1,standard,1.0,0.9,0.05,5000,1.0,1.0,2
2,1,1,standard,1.0,1.0,0.05,5000,1.0,1.0,1
2,2,1,standard,1.0,1.0,0.05,5000,1.0,1.0,2
2,3,1,standard,1.0,1.0,0.05,5000,1.0,1.0,3
2,4,1,standard,1.0,1.0,0.05,5000,1.0,1.0,2
2,5,1,standard,1.0,1.0,0.05,5000,1.0,1.0,4
2,6,1,standard,1.0,1.0,0.05,5000,1.0,1.0,2
2,7,1,standard,1.0,1.0,0.05,5000,1.0,1.0,1
2,8,1,standard,1.0,1.0,0.05,5000,1.0,1.0,4
2,9,1,standard,1.0,1.0,0.05,5000,1.0,1.0,4
2,10,1,standard,1.0,1.0,0.05,5000,1.0,1.0,3
2,11,1,standard,1.0,1.0,0.05,5000,1.0,1.0,4
2,12,1,standard,1.0,1.0,0.05,5000,1.0,1.0,3
2,13,1,standard,1.0,1.0,0.05,5000,1.0,1.0,3
2,14,1,standard,1.0,1.0,0.05,5000,1.0,1.0,4
2,15,1,standard,1.0,1.0,0.05,5000,1.0,1.0,3
2,16,1,standard,1.0,1.0,0.05,5000,1.0,1.0,4
2,17,1,standard,1.0,1.0,0.05,5000,1.0,1.0,3
2,18,1,standard,1.0,1.0,0.05,5000,1.0,1.0,4
2,19,1,standard,1.0,1.0,0.05,5000,1.0,1.0,4
2,20,1,standard,1.0,1.0,0.05,5000,1.0,1.0,3
2,21,1,standard,1.0,1.0,0.05,5000,1.0,1.0,4
2,22,1,standard,1.0,1.0,0.05,5000,1.0,1.0,4
2,23,1,standard,1.0,1.0,0.05,5000,1.0,1.0,3
2,24,1,standard,1.0,1.0,0.05,5000,1.0,1.0,3
2,25,1,standard,1.0,1.0,0.05,5000,1.0,1.0,3
2,26,1,standard,1.0,1.0,0.05,5000,1.0,1.0,3
2,27,1,standard,1.0,1.0,0.05,5000,1.0,1.0,3
2,28,1,standard,1.0,1.0,0.05,5000,1.0,1.0,3
2,29,1,standard,1.0,1.0,0.05,5000,1.0,1.0,2
2,30,1,standard,1.0,1.0,0.05,5000,1.0,1.0,3
2,31,1,standard,1.0,1.0,0.05,5000,1.0,1.0,3
2,32,1,standard,1.0,1.0,0.05,5000,1.0,1.0,3
2,33,1,standard,1.0,1.0,0.05,5000,1.0,1.0,3
2,34,1,standard,1.0,1.0,0.05,5000,1.0,1.0,4
2,35,1,standard,1.0,1.0,0.05,5000,1.0,1.0,3
2,36,1,standard,1.0,1.0,0.05,5000,1.0,1.0,4
2,37,1,standard,1.0,1.0,0.05,5000,1.0,1.0,3
2,38,1,standard,1.0,1.0,0.05,5000,1.0,1.0,3
2,39,1,standard,1.0,1.0,0.05,5000,1.0,1.0,3
2,40,1,standard,1.0,1.0,0.05,5000,1.0,1.0,2
2,41,1,standard,1.0,1.0,0.05,5000,1.0,1.0,2
2,42,1,standard,1.0,1.0,0.05,5000,1.0,1.0,3
2,43,1,standard,1.0,1.0,0.05,5000,1.0,1.0,4
2,44,1,standard,1.0,1.0,0.05,5000,1.0,1.0,3
2,45,1,standard,1.0,1.0,0.05,5000,1.0,1.0,4
2,46,1,standard,1.0,1.0,0.05,5000,1.0,1.0,2
2,47,1,standard,1.0,1.0,0.05,5000,1.0,1.0,4
2,48,1,standard,1.0,1.0,0.05,5000,1.0,1.0,2
2,49,1,standard,1.0,1.0,0.05,5000,1.0,1.0,4
2,50,1,standard,1.0,1.0,0.05,5000,1.0,1.0,3
2,51,1,standard,1.0,1.0,0.05,5000,1.0,1.0,2
2,52,1,standard,1.0,1.0,0.05,5000,1.0,1.0,2
2,53,1,standard,1.0,1.0,0.05,5000,1.0,1.0,4
2,54,1,standard,1.0,1.0,0.05,5000,1.0,1.0,4
2,55,1,standard,1.0,1.0,0.05,5000,1.0,1.0,4
2,56,1,standard,1.0,1.0,0.05,5000,1.0,1.0,3
2,57,1,standard,1.0,1.0,0.05,5000,1.0,1.0,4
2,58,1,standard,1.0,1.0,0.05,5000,1.0,1.0,3
2,59,1,standard,1.0,1.0,0.05,5000,1.0,1.0,2
2,60,1,standard,1.0,1.0,0.05,5000,1.0,1.0,2
2,61,1,standard,1.0,1.0,0.05,5000,1.0,1.0,3
2,62,1,standard,1.0,1.0,0.05,5000,1.0,1.0,3
2,63,1,standard,1.0,1.0,0.05,5000,1.0,1.0,4
2,64,1,standard,1.0,1.0,0.05,5000,1.0,1.0,2
2,65,1,standard,1.0,1.0,0.05,5000,1.0,1.0,3
2,66,1,standard,1.0,1.0,0.05,5000,1.0,1.0,3
2,67,1,standard,1.0,1.0,0.05,5000,1.0,1.0,3
2,68,1,standard,1.0,1.0,0.05,5000,1.0,1.0,4
2,69,1,standard,1.0,1.0,0.05,5000,1.0,1.0,3
2,70,1,standard,1.0,1.0,0.05,5000,1.0,1.0,2
2,71,1,standard,1.0,1.0,0.05,5000,1.0,1.0,2
2,72,1,standard,1.0,1.0,0.05,5000,1.0,1.0,4
2,73,1,standard,1.0,1.0,0.05,5000,1.0,1.0,1
2,74,1,standard,1.0,1.0,0.05,5000,1.0,1.0,2
2,75,1,standard,1.0,1.0,0.05,5000,1.0,1.0,3
2,76,1,standard,1.0,1.0,0.05,5000,1.0,1.0,3
2,77,1,standard,1.0,1.0,0.05,5000,1.0,1.0,2
2,78,1,standard,1.0,1.0,0.05,5000,1.0,1.0,2
2,79,1,standard,1.0,1.0,0.05,5000,1.0,1.0,4
2,80,1,standard,1.0,1.0,0.05,5000,1.0,1.0,3
2,81,1,standard,1.0,1.0,0.05,5000,1.0,1.0,2
2,82,1,standard,1.0,1.0,0.05,5000,1.0,1.0,4
2,83,1,standard,1.0,1.0,0.05,5000,1.0,1.0,2
2,84,1,standard,1.0,1.0,0.05,5000,1.0,1.0,3
2,85,1,standard,1.0,1.0,0.05,5000,1.0,1.0,3
2,86,1,standard,1.0,1.0,0.05,5000,1.0,1.0,3
2,87,1,standard,1.0,1.0,0.05,5000,1.0,1.0,3
2,88,1,standard,1.0,1.0,0.05,5000,1.0,1.0,2
2,89,1,standard,1.0,1.0,0.05,5000,1.0,1.0,3
2,90,1,standard,1.0,1.0,0.05,5000,1.0,1.0,3
2,91,1,standard,1.0,1.0,0.05,5000,1.0,1.0,3
2,92,1,standard,1.0,1.0,0.05,5000,1.0,1.0,1
2,93,1,standard,1.0,1.0,0.05,5000,1.0,1.0,4
2,94,1,standard,1.0,1.0,0.05,5000,1.0,1.0,4
2,95,1,standard,1.0,1.0,0.05,5000,1.0,1.0,3
2,96,1,standard,1.0,1.0,0.05,5000,1.0,1.0,3
2,97,1,standard,1.0,1.0,0.05,5000,1.0,1.0,3
2,98,1,standard,1.0,1.0,0.05,5000,1.0,1.0,4
2,99,1,standard,1.0,1.0,0.05,5000,1.0,1.0,3
2,100,1,standard,1.0,1.0,0.05,5000,1.0,1.0,3
3,1,1,standard,1.0,0.1,0.05,5000,1.0,1.0,6
3,2,1,standard,1.0,0.1,0.05,5000,1.0,1.0,14
3,3,1,standard,1.0,0.1,0.05,5000,1.0,1.0,18
3,4,1,standard,1.0,0.1,0.05,5000,1.0,1.0,14
3,5,1,standard,1.0,0.1,0.05,5000,1.0,1.0,24
3,6,1,standard,1.0,0.1,0.05,5000,1.0,1.0,21
3,7,1,standard,1.0,0.1,0.05,5000,1.0,1.0,22
3,8,1,standard,1.0,0.1,0.05,5000,1.0,1.0,21
3,9,1,standard,1.0,0.1,0.05,5000,1.0,1.0,19
3,10,1,standard,1.0,0.1,0.05,5000,1.0,1.0,11
3,11,1,standard,1.0,0.1,0.05,5000,1.0,1.0,21
3,12,1,standard,1.0,0.1,0.05,5000,1.0,1.0,16
3,13,1,standard,1.0,0.1,0.05,5000,1.0,1.0,20
3,14,1,standard,1.0,0.1,0.05,5000,1.0,1.0,20
3,15,1,standard,1.0,0.1,0.05,5000,1.0,1.0,16
3,16,1,standard,1.0,0.1,0.05,5000,1.0,1.0,19
3,17,1,standard,1.0,0.1,0.05,5000,1.0,1.0,24
3,18,1,standard,1.0,0.1,0.05,5000,1.0,1.0,21
3,19,1,standard,1.0,0.1,0.05,5000,1.0,1.0,19
3,20,1,standard,1.0,0.1,0.05,5000,1.0,1.0,23
3,21,1,standard,1.0,0.1,0.05,5000,1.0,1.0,27
3,22,1,standard,1.0,0.1,0.05,5000,1.0,1.0,20
3,23,1,standard,1.0,0.1,0.05,5000,1.0,1.0,15
3,24,1,standard,1.0,0.1,0.05,5000,1.0,1.0,17
3,25,1,standard,1.0,0.1,0.05,5000,1.0,1.0,21
3,26,1,standard,1.0,0.1,0.05,5000,1.0,1.0,21
3,27,1,standard,1.0,0.1,0.05,5000,1.0,1.0,25
3,28,1,standard,1.0,0.1,0.05,5000,1.0,1.0,21
3,29,1,standard,1.0,0.1,0.05,5000,1.0,1.0,2
3,30,1,standard,1.0,0.1,0.05,5000,1.0,1.0,18
3,31,1,standard,1.0,0.1,0.05,5000,1.0,1.0,17
3,32,1,standard,1.0,0.1,0.05,5000,1.0,1.0,19
3,33,1,standard,1.0,0.1,0.05,5000,1.0,1.0,23
3,34,1,standard,1.0,0.1,0.05,5000,1.0,1.0,19
3,35,1,standard,1.0,0.1,0.05,5000,1.0,1.0,21
3,36,1,standard,1.0,0.1,0.05,5000,1.0,1.0,21
3,37,1,standard,1.0,0.1,0.05,5000,1.0,1.0,17
3,38,1,standard,1.0,0.1,0.05,5000,1.0,1.0,21
3,39,1,standard,1.0,0.1,0.05,5000,1.0,1.0,16
3,40,1,standard,1.0,0.1,0.05,5000,1.0,1.0,9
3,41,1,standard,1.0,0.1,0.05,5000,1.0,1.0,13
3,42,1,standard,1.0,0.1,0.05,5000,1.0,1.0,18
3,43,1,standard,1.0,0.1,0.05,5000,1.0,1.0,12
3,44,1,standard,1.0,0.1,0.05,5000,1.0,1.0,18
3,45,1,standard,1.0,0.1,0.05,5000,1.0,1.0,21
3,46,1,standard,1.0,0.1,0.05,5000,1.0,1.0,10
3,47,1,standard,1.0,0.1,0.05,5000,1.0,1.0,23
3,48,1,standard,1.0,0.1,0.05,5000,1.0,1.0,14
3,49,1,standard,1.0,0.1,0.05,5000,1.0,1.0,19
3,50,1,standard,1.0,0.1,0.05,5000,1.0,1.0,22
3,51,1,standard,1.0,0.1,0.05,5000,1.0,1.0,20
3,52,1,standard,1.0,0.1,0.05,5000,1.0,1.0,6
3,53,1,standard,1.0,0.1,0.05,5000,1.0,1.0,21
3,54,1,standard,1.0,0.1,0.05,5000,1.0,1.0,21
3,55,1,standard,1.0,0.1,0.05,5000,1.0,1.0,24
3,56,1,standard,1.0,0.1,0.05,5000,1.0,1.0,16
3,57,1,standard,1.0,0.1,0.05,5000,1.0,1.0,23
3,58,1,standard,1.0,0.1,0.05,5000,1.0,1.0,24
3,59,1,standard,1.0,0.1,0.05,5000,1.0,1.0,16
3,60,1,standard,1.0,0.1,0.05,5000,1.0,1.0,13
3,61,1,standard,1.0,0.1,0.05,5000,1.0,1.0,20
3,62,1,standard,1.0,0.1,0.05,5000,1.0,1.0,18
3,63,1,standard,1.0,0.1,0.05,5000,1.0,1.0,24
3,64,1,standard,1.0,0.1,0.05,5000,1.0,1.0,14
3,65,1,standard,1.0,0.1,0.05,5000,1.0,1.0,18
3,66,1,standard,1.0,0.1,0.05,5000,1.0,1.0,22
3,67,1,standard,1.0,0.1,0.05,5000,1.0,1.0,18
3,68,1,standard,1.0,0.1,0.05,5000,1.0,1.0,19
3,69,1,standard,1.0,0.1,0.05,5000,1.0,1.0,20
3,70,1,standard,1.0,0.1,0.05,5000,1.0,1.0,15
3,71,1,standard,1.0,0.1,0.05,5000,1.0,1.0,15
3,72,1,standard,1.0,0.1,0.05,5000,1.0,1.0,24
3,73,1,standard,1.0,0.1,0.05,5000,1.0,1.0,9
3,74,1,standard,1.0,0.1,0.05,5000,1.0,1.0,17
3,75,1,standard,1.0,0.1,0.05,5000,1.0,1.0,21
3,76,1,standard,1.0,0.1,0.05,5000,1.0,1.0,18
3,77,1,standard,1.0,0.1,0.05,5000,1.0,1.0,16
3,78,1,standard,1.0,0.1,0.05,5000,1.0,1.0,9
3,79,1,standard,1.0,0.1,0.05,5000,1.0,1.0,24
3,80,1,standard,1.0,0.1,0.05,5000,1.0,1.0,17
3,81,1,standard,1.0,0.1,0.05,5000,1.0,1.0,4
3,82,1,standard,1.0,0.1,0.05,5000,1.0,1.0,19
3,83,1,standard,1.0,0.1,0.05,5000,1.0,1.0,24
3,84,1,standard,1.0,0.1,0.05,5000,1.0,1.0,18
3,85,1,standard,1.0,0.1,0.05,5000,1.0,1.0,19
3,86,1,standard,1.0,0.1,0.05,5000,1.0,1.0,18
3,87,1,standard,1.0,0.1,0.05,5000,1.0,1.0,23
3,88,1,standard,1.0,0.1,0.05,5000,1.0,1.0,20
3,89,1,standard,1.0,0.1,0.05,5000,1.0,1.0,15
3,90,1,standard,1.0,0.1,0.05,5000,1.0,1.0,18
3,91,1,standard,1.0,0.1,0.05,5000,1.0,1.0,18
3,92,1,standard,1.0,0.1,0.05,5000,1.0,1.0,14
3,93,1,standard,1.0,0.1,0.05,5000,1.0,1.0,26
3,94,1,standard,1.0,0.1,0.05,5000,1.0,1.0,19
3,95,1,standard,1.0,0.1,0.05,5000,1.0,1.0,21
3,96,1,standard,1.0,0.1,0.05,5000,1.0,1.0,22
3,97,1,standard,1.0,0.1,0.05,5000,1.0,1.0,22
3,98,1,standard,1.0,0.1,0.05,5000,1.0,1.0,26
3,99,1,standard,1.0,0.1,0.05,5000,1.0,1.0,20
3,100,1,standard,1.0,0.1,0.05,5000,1.0,1.0,20
3,1,1,standard,1.0,0.2,0.05,5000,1.0,1.0,4
3,2,1,standard,1.0,0.2,0.05,5000,1.0,1.0,8
3,3,1,standard,1.0,0.2,0.05,5000,1.0,1.0,9
3,4,1,standard,1.0,0.2,0.05,5000,1.0,1.0,7
3,5,1,standard,1.0,0.2,0.05,5000,1.0,1.0,12
3,6,1,standard,1.0,0.2,0.05,5000,1.0,1.0,11
3,7,1,standard,1.0,0.2,0.05,5000,1.0,1.0,11
3,8,1,standard,1.0,0.2,0.05,5000,1.0,1.0,11
3,9,1,standard,1.0,0.2,0.05,5000,1.0,1.0,9
3,10,1,standard,1.0,0.2,0.05,5000,1.0,1.0,6
3,11,1,standard,1.0,0.2,0.05,5000,1.0,1.0,10
3,12,1,standard,1.0,0.2,0.05,5000,1.0,1.0,8
3,13,1,standard,1.0,0.2,0.05,5000,1.0,1.0,10
3,14,1,standard,1.0,0.2,0.05,5000,1.0,1.0,10
3,15,1,standard,1.0,0.2,0.05,5000,1.0,1.0,8
3,16,1,standard,1.0,0.2,0.05,5000,1.0,1.0,10
3,17,1,standard,1.0,0.2,0.05,5000,1.0,1.0,12
3,18,1,standard,1.0,0.2,0.05,5000,1.0,1.0,10
3,19,1,standard,1.0,0.2,0.05,5000,1.0,1.0,9
3,20,1,standard,1.0,0.2,0.05,5000,1.0,1.0,12
3,21,1,standard,1.0,0.2,0.05,5000,1.0,1.0,13
3,22,1,standard,1.0,0.2,0.05,5000,1.0,1.0,10
3,23,1,standard,1.0,0.2,0.05,5000,1.0,1.0,8
3,24,1,standard,1.0,0.2,0.05,5000,1.0,1.0,8
3,25,1,standard,1.0,0.2,0.05,5000,1.0,1.0,11
3,26,1,standard,1.0,0.2,0.05,5000,1.0,1.0,11
3,27,1,standard,1.0,0.2,0.05,5000,1.0,1.0,13
3,28,1,standard,1.0,0.2,0.05,5000,1.0,1.0,11
3,29,1,standard,1.0,0.2,0.05,5000,1.0,1.0,2
3,30,1,standard,1.0,0.2,0.05,5000,1.0,1.0,9
3,31,1,standard,1.0,0.2,0.05,5000,1.0,1.0,9
3,32,1,standard,1.0,0.2,0.05,5000,1.0,1.0,9
3,33,1,standard,1.0,0.2,0.05,5000,1.0,1.0,12
3,34,1,standard,1.0,0.2,0.05,5000,1.0,1.0,9
3,35,1,standard,1.0,0.2,0.05,5000,1.0,1.0,11
3,36,1,standard,1.0,0.2,0.05,5000,1.0,1.0,11
3,37,1,standard,1.0,0.2,0.05,5000,1.0,1.0,9
3,38,1,standard,1.0,0.2,0.05,5000,1.0,1.0,11
3,39,1,standard,1.0,0.2,0.05,5000,1.0,1.0,8
3,40,1,standard,1.0,0.2,0.05,5000,1.0,1.0,5
3,41,1,standard,1.0,0.2,0.05,5000,1.0,1.0,7
3,42,1,standard,1.0,0.2,0.05,5000,1.0,1.0,9
3,43,1,standard,1.0,0.2,0.05,5000,1.0,1.0,6
3,44,1,standard,1.0,0.2,0.05,5000,1.0,1.0,9
3,45,1,standard,1.0,0.2,0.05,5000,1.0,1.0,11
3,46,1,standard,1.0,0.2,0.05,5000,1.0,1.0,5
3,47,1,standard,1.0,0.2,0.05,5000,1.0,1.0,12
3,48,1,standard,1.0,0.2,0.05,5000,1.0,1.0,7
3,49,1,standard,1.0,0.2,0.05,5000,1.0,1.0,10
3,50,1,standard,1.0,0.2,0.05,5000,1.0,1.0,11
3,51,1,standard,1.0,0.2,0.05,5000,1.0,1.0,10
3,52,1,standard,1.0,0.2,0.05,5000,1.0,1.0,4
3,53,1,standard,1.0,0.2,0.05,5000,1.0,1.0,10
3,54,1,standard,1.0,0.2,0.05,5000,1.0,1.0,10
3,55,1,standard,1.0,0.2,0.05,5000,1.0,1.0,12
3,56,1,standard,1.0,0.2,0.05,5000,1.0,1.0,8
3,57,1,standard,1.0,0.2,0.05,5000,1.0,1.0,12
3,58,1,standard,1.0,0.2,0.05,5000,1.0,1.0,12
3,59,1,standard,1.0,0.2,0.05,5000,1.0,1.0,8
3,60,1,standard,1.0,0.2,0.05,5000,1.0,1.0,7
3,61,1,standard,1.0,0.2,0.05,5000,1.0,1.0,10
3,62,1,standard,1.0,0.2,0.05,5000,1.0,1.0,9
3,63,1,standard,1.0,0.2,0.05,5000,1.0,1.0,12
3,64,1,standard,1.0,0.2,0.05,5000,1.0,1.0,7
3,65,1,standard,1.0,0.2,0.05,5000,1.0,1.0,9
3,66,1,standard,1.0,0.2,0.05,5000,1.0,1.0,11
3,67,1,standard,1.0,0.2,0.05,5000,1.0,1.0,9
3,68,1,standard,1.0,0.2,0.05,5000,1.0,1.0,9
3,69,1,standard,1.0,0.2,0.05,5000,1.0,1.0,10
3,70,1,standard,1.0,0.2,0.05,5000,1.0,1.0,8
3,71,1,standard,1.0,0.2,0.05,5000,1.0,1.0,8
3,72,1,standard,1.0,0.2,0.05,5000,1.0,1.0,12
3,73,1,standard,1.0,0.2,0.05,5000,1.0,1.0,5
3,74,1,standard,1.0,0.2,0.05,5000,1.0,1.0,9
3,75,1,standard,1.0,0.2,0.05,5000,1.0,1.0,11
3,76,1,standard,1.0,0.2,0.05,5000,1.0,1.0,9
3,77,1,standard,1.0,0.2,0.05,5000,1.0,1.0,8
3,78,1,standard,1.0,0.2,0.05,5000,1.0,1.0,5
3,79,1,standard,1.0,0.2,0.05,5000,1.0,1.0,12
3,80,1,standard,1.0,0.2,0.05,5000,1.0,1.0,8
3,81,1,standard,1.0,0.2,0.05,5000,1.0,1.0,3
3,82,1,standard,1.0,0.2,0.05,5000,1.0,1.0,9
3,83,1,standard,1.0,0.2,0.05,5000,1.0,1.0,12
3,84,1,standard,1.0,0.2,0.05,5000,1.0,1.0,9
3,85,1,standard,1.0,0.2,0.05,5000,1.0,1.0,9
3,86,1,standard,1.0,0.2,0.05,5000,1.0,1.0,9
3,87,1,standard,1.0,0.2,0.05,5000,1.0,1.0,12
3,88,1,standard,1.0,0.2,0.05,5000,1.0,1.0,10
3,89,1,standard,1.0,0.2,0.05,5000,1.0,1.0,8
3,90,1,standard,1.0,0.2,0.05,5000,1.0,1.0,9
3,91,1,standard,1.0,0.2,0.05,5000,1.0,1.0,9
3,92,1,standard,1.0,0.2,0.05,5000,1.0,1.0,7
3,93,1,standard,1.0,0.2,0.05,5000,1.0,1.0,13
3,94,1,standard,1.0,0.2,0.05,5000,1.0,1.0,10
3,95,1,standard,1.0,0.2,0.05,5000,1.0,1.0,11
3,96,1,standard,1.0,0.2,0.05,5000,1.0,1.0,11
3,97,1,standard,1.0,0.2,0.05,5000,1.0,1.0,11
3,98,1,standard,1.0,0.2,0.05,5000,1.0,1.0,13
3,99,1,standard,1.0,0.2,0.05,5000,1.0,1.0,10
3,100,1,standard,1.0,0.2,0.05,5000,1.0,1.0,10
3,1,1,standard,1.0,0.3,0.05,5000,1.0,1.0,3
3,2,1,standard,1.0,0.3,0.05,5000,1.0,1.0,5
3,3,1,standard,1.0,0.3,0.05,5000,1.0,1.0,6
3,4,1,standard,1.0,0.3,0.05,5000,1.0,1.0,5
3,5,1,standard,1.0,0.3,0.05,5000,1.0,1.0,8
3,6,1,standard,1.0,0.3,0.05,5000,1.0,1.0,7
3,7,1,standard,1.0,0.3,0.05,5000,1.0,1.0,8
3,8,1,standard,1.0,0.3,0.05,5000,1.0,1.0,7
3,9,1,standard,1.0,0.3,0.05,5000,1.0,1.0,6
3,10,1,standard,1.0,0.3,0.05,5000,1.0,1.0,4
3,11,1,standard,1.0,0.3,0.05,5000,1.0,1.0,7
3,12,1,standard,1.0,0.3,0.05,5000,1.0,1.0,6
3,13,1,standard,1.0,0.3,0.05,5000,1.0,1.0,7
3,14,1,standard,1.0,0.3,0.05,5000,1.0,1.0,7
3,15,1,standard,1.0,0.3,0.05,5000,1.0,1.0,5
3,16,1,standard,1.0,0.3,0.05,5000,1.0,1.0,6
3,17,1,standard,1.0,0.3,0.05,5000,1.0,1.0,8
3,18,1,standard,1.0,0.3,0.05,5000,1.0,1.0,7
3,19,1,standard,1.0,0.3,0.05,5000,1.0,1.0,6
3,20,1,standard,1.0,0.3,0.05,5000,1.0,1.0,8
3,21,1,standard,1.0,0.3,0.05,5000,1.0,1.0,9
3,22,1,standard,1.0,0.3,0.05,5000,1.0,1.0,7
3,23,1,standard,1.0,0.3,0.05,5000,1.0,1.0,5
3,24,1,standard,1.0,0.3,0.05,5000,1.0,1.0,6
3,25,1,standard,1.0,0.3,0.05,5000,1.0,1.0,7
3,26,1,standard,1.0,0.3,0.05,5000,1.0,1.0,7
3,27,1,standard,1.0,0.3,0.05,5000,1.0,1.0,8
3,28,1,standard,1.0,0.3,0.05,5000,1.0,1.0,7
3,29,1,standard,1.0,0.3,0.05,5000,1.0,1.0,2
3,30,1,standard,1.0,0.3,0.05,5000,1.0,1.0,6
3,31,1,standard,1.0,0.3,0.05,5000,1.0,1.0,6
3,32,1,standard,1.0,0.3,0.05,5000,1.0,1.0,6
3,33,1,standard,1.0,0.3,0.05,5000,1.0,1.0,8
3,34,1,standard,1.0,0.3,0.05,5000,1.0,1.0,6
3,35,1,standard,1.0,0.3,0.05,5000,1.0,1.0,7
3,36,1,standard,1.0,0.3,0.05,5000,1.0,1.0,7
3,37,1,standard,1.0,0.3,0.05,5000,1.0,1.0,6
3,38,1,standard,1.0,0.3,0.05,5000,1.0,1.0,8
3,39,1,standard,1.0,0.3,0.05,5000,1.0,1.0,6
3,40,1,standard,1.0,0.3,0.05,5000,1.0,1.0,4
3,41,1,standard,1.0,0.3,0.05,5000,1.0,1.0,4
3,42,1,standard,1.0,0.3,0.05,5000,1.0,1.0,6
3,43,1,standard,1.0,0.3,0.05,5000,1.0,1.0,5
3,44,1,standard,1.0,0.3,0.05,5000,1.0,1.0,6
3,45,1,standard,1.0,0.3,0.05,5000,1.0,1.0,7
3,46,1,standard,1.0,0.3,0.05,5000,1.0,1.0,4
3,47,1,standard,1.0,0.3,0.05,5000,1.0,1.0,8
3,48,1,standard,1.0,0.3,0.05,5000,1.0,1.0,5
3,49,1,standard,1.0,0.3,0.05,5000,1.0,1.0,7
3,50,1,standard,1.0,0.3,0.05,5000,1.0,1.0,8
3,51,1,standard,1.0,0.3,0.05,5000,1.0,1.0,7
3,52,1,standard,1.0,0.3,0.05,5000,1.0,1.0,3
3,53,1,standard,1.0,0.3,0.05,5000,1.0,1.0,7
3,54,1,standard,1.0,0.3,0.05,5000,1.0,1.0,7
3,55,1,standard,1.0,0.3,0.05,5000,1.0,1.0,8
3,56,1,standard,1.0,0.3,0.05,5000,1.0,1.0,5
3,57,1,standard,1.0,0.3,0.05,5000,1.0,1.0,8
3,58,1,standard,1.0,0.3,0.05,5000,1.0,1.0,8
3,59,1,standard,1.0,0.3,0.05,5000,1.0,1.0,6
3,60,1,standard,1.0,0.3,0.05,5000,1.0,1.0,5
3,61,1,standard,1.0,0.3,0.05,5000,1.0,1.0,7
3,62,1,standard,1.0,0.3,0.05,5000,1.0,1.0,7
3,63,1,standard,1.0,0.3,0.05,5000,1.0,1.0,8
3,64,1,standard,1.0,0.3,0.05,5000,1.0,1.0,5
3,65,1,standard,1.0,0.3,0.05,5000,1.0,1.0,6
3,66,1,standard,1.0,0.3,0.05,5000,1.0,1.0,8
3,67,1,standard,1.0,0.3,0.05,5000,1.0,1.0,7
3,68,1,standard,1.0,0.3,0.05,5000,1.0,1.0,6
3,69,1,standard,1.0,0.3,0.05,5000,1.0,1.0,7
3,70,1,standard,1.0,0.3,0.05,5000,1.0,1.0,6
3,71,1,standard,1.0,0.3,0.05,5000,1.0,1.0,5
3,72,1,standard,1.0,0.3,0.05,5000,1.0,1.0,8
3,73,1,standard,1.0,0.3,0.05,5000,1.0,1.0,3
3,74,1,standard,1.0,0.3,0.05,5000,1.0,1.0,6
3,75,1,standard,1.0,0.3,0.05,5000,1.0,1.0,7
3,76,1,standard,1.0,0.3,0.05,5000,1.0,1.0,6
3,77,1,standard,1.0,0.3,0.05,5000,1.0,1.0,6
3,78,1,standard,1.0,0.3,0.05,5000,1.0,1.0,4
3,79,1,standard,1.0,0.3,0.05,5000,1.0,1.0,8
3,80,1,standard,1.0,0.3,0.05,5000,1.0,1.0,6
3,81,1,standard,1.0,0.3,0.05,5000,1.0,1.0,2
3,82,1,standard,1.0,0.3,0.05,5000,1.0,1.0,6
3,83,1,standard,1.0,0.3,0.05,5000,1.0,1.0,8
3,84,1,standard,1.0,0.3,0.05,5000,1.0,1.0,6
3,85,1,standard,1.0,0.3,0.05,5000,1.0,1.0,6
3,86,1,standard,1.0,0.3,0.05,5000,1.0,1.0,6
3,87,1,standard,1.0,0.3,0.05,5000,1.0,1.0,8
3,88,1,standard,1.0,0.3,0.05,5000,1.0,1.0,7
3,89,1,standard,1.0,0.3,0.05,5000,1.0,1.0,5
3,90,1,standard,1.0,0.3,0.05,5000,1.0,1.0,6
3,91,1,standard,1.0,0.3,0.05,5000,1.0,1.0,6
3,92,1,standard,1.0,0.3,0.05,5000,1.0,1.0,5
3,93,1,standard,1.0,0.3,0.05,5000,1.0,1.0,9
3,94,1,standard,1.0,0.3,0.05,5000,1.0,1.0,6
3,95,1,standard,1.0,0.3,0.05,5000,1.0,1.0,8
3,96,1,standard,1.0,0.3,0.05,5000,1.0,1.0,8
3,97,1,standard,1.0,0.3,0.05,5000,1.0,1.0,8
3,98,1,standard,1.0,0.3,0.05,5000,1.0,1.0,9
3,99,1,standard,1.0,0.3,0.05,5000,1.0,1.0,7
3,100,1,standard,1.0,0.3,0.05,5000,1.0,1.0,7
3,1,1,standard,1.0,0.4,0.05,5000,1.0,1.0,2
3,2,1,standard,1.0,0.4,0.05,5000,1.0,1.0,4
3,3,1,standard,1.0,0.4,0.05,5000,1.0,1.0,5
3,4,1,standard,1.0,0.4,0.05,5000,1.0,1.0,4
3,5,1,standard,1.0,0.4,0.05,5000,1.0,1.0,6
3,6,1,standard,1.0,0.4,0.05,5000,1.0,1.0,6
3,7,1,standard,1.0,0.4,0.05,5000,1.0,1.0,6
3,8,1,standard,1.0,0.4,0.05,5000,1.0,1.0,5
3,9,1,standard,1.0,0.4,0.05,5000,1.0,1.0,5
3,10,1,standard,1.0,0.4,0.05,5000,1.0,1.0,4
3,11,1,standard,1.0,0.4,0.05,5000,1.0,1.0,5
3,12,1,standard,1.0,0.4,0.05,5000,1.0,1.0,5
3,13,1,standard,1.0,0.4,0.05,5000,1.0,1.0,5
3,14,1,standard,1.0,0.4,0.05,5000,1.0,1.0,5
3,15,1,standard,1.0,0.4,0.05,5000,1.0,1.0,4
3,16,1,standard,1.0,0.4,0.05,5000,1.0,1.0,5
3,17,1,standard,1.0,0.4,0.05,5000,1.0,1.0,6
3,18,1,standard,1.0,0.4,0.05,5000,1.0,1.0,5
3,19,1,standard,1.0,0.4,0.05,5000,1.0,1.0,5
3,20,1,standard,1.0,0.4,0.05,5000,1.0,1.0,6
3,21,1,standard,1.0,0.4,0.05,5000,1.0,1.0,7
3,22,1,standard,1.0,0.4,0.05,5000,1.0,1.0,5
3,23,1,standard,1.0,0.4,0.05,5000,1.0,1.0,4
3,24,1,standard,1.0,0.4,0.05,5000,1.0,1.0,4
3,25,1,standard,1.0,0.4,0.05,5000,1.0,1.0,6
3,26,1,standard,1.0,0.4,0.05,5000,1.0,1.0,6
3,27,1,standard,1.0,0.4,0.05,5000,1.0,1.0,6
3,28,1,standard,1.0,0.4,0.05,5000,1.0,1.0,5
3,29,1,standard,1.0,0.4,0.05,5000,1.0,1.0,2
3,30,1,standard,1.0,0.4,0.05,5000,1.0,1.0,4
3,31,1,standard,1.0,0.4,0.05,5000,1.0,1.0,4
3,32,1,standard,1.0,0.4,0.05,5000,1.0,1.0,5
3,33,1,standard,1.0,0.4,0.05,5000,1.0,1.0,6
3,34,1,standard,1.0,0.4,0.05,5000,1.0,1.0,5
3,35,1,standard,1.0,0.4,0.05,5000,1.0,1.0,6
3,36,1,standard,1.0,0.4,0.05,5000,1.0,1.0,5
3,37,1,standard,1.0,0.4,0.05,5000,1.0,1.0,4
3,38,1,standard,1.0,0.4,0.05,5000,1.0,1.0,6
3,39,1,standard,1.0,0.4,0.05,5000,1.0,1.0,4
3,40,1,standard,1.0,0.4,0.05,5000,1.0,1.0,3
3,41,1,standard,1.0,0.4,0.05,5000,1.0,1.0,3
3,42,1,standard,1.0,0.4,0.05,5000,1.0,1.0,5
3,43,1,standard,1.0,0.4,0.05,5000,1.0,1.0,4
3,44,1,standard,1.0,0.4,0.05,5000,1.0,1.0,4
3,45,1,standard,1.0,0.4,0.05,5000,1.0,1.0,5
3,46,1,standard,1.0,0.4,0.05,5000,1.0,1.0,3
3,47,1,standard,1.0,0.4,0.05,5000,1.0,1.0,6
3,48,1,standard,1.0,0.4,0.05,5000,1.0,1.0,4
3,49,1,standard,1.0,0.4,0.05,5000,1.0,1.0,5
3,50,1,standard,1.0,0.4,0.05,5000,1.0,1.0,6
3,51,1,standard,1.0,0.4,0.05,5000,1.0,1.0,5
3,52,1,standard,1.0,0.4,0.05,5000,1.0,1.0,3
3,53,1,standard,1.0,0.4,0.05,5000,1.0,1.0,5
3,54,1,standard,1.0,0.4,0.05,5000,1.0,1.0,5
3,55,1,standard,1.0,0.4,0.05,5000,1.0,1.0,6
3,56,1,standard,1.0,0.4,0.05,5000,1.0,1.0,4
3,57,1,standard,1.0,0.4,0.05,5000,1.0,1.0,6
3,58,1,standard,1.0,0.4,0.05,5000,1.0,1.0,6
3,59,1,standard,1.0,0.4,0.05,5000,1.0,1.0,4
3,60,1,standard,1.0,0.4,0.05,5000,1.0,1.0,4
3,61,1,standard,1.0,0.4,0.05,5000,1.0,1.0,5
3,62,1,standard,1.0,0.4,0.05,5000,1.0,1.0,5
3,63,1,standard,1.0,0.4,0.05,5000,1.0,1.0,6
3,64,1,standard,1.0,0.4,0.05,5000,1.0,1.0,4
3,65,1,standard,1.0,0.4,0.05,5000,1.0,1.0,5
3,66,1,standard,1.0,0.4,0.05,5000,1.0,1.0,6
3,67,1,standard,1.0,0.4,0.05,5000,1.0,1.0,5
3,68,1,standard,1.0,0.4,0.05,5000,1.0,1.0,5
3,69,1,standard,1.0,0.4,0.05,5000,1.0,1.0,5
3,70,1,standard,1.0,0.4,0.05,5000,1.0,1.0,4
3,71,1,standard,1.0,0.4,0.05,5000,1.0,1.0,4
3,72,1,standard,1.0,0.4,0.05,5000,1.0,1.0,6
3,73,1,standard,1.0,0.4,0.05,5000,1.0,1.0,3
3,74,1,standard,1.0,0.4,0.05,5000,1.0,1.0,5
3,75,1,standard,1.0,0.4,0.05,5000,1.0,1.0,6
3,76,1,standard,1.0,0.4,0.05,5000,1.0,1.0,5
3,77,1,standard,1.0,0.4,0.05,5000,1.0,1.0,4
3,78,1,standard,1.0,0.4,0.05,5000,1.0,1.0,3
3,79,1,standard,1.0,0.4,0.05,5000,1.0,1.0,6
3,80,1,standard,1.0,0.4,0.05,5000,1.0,1.0,4
3,81,1,standard,1.0,0.4,0.05,5000,1.0,1.0,2
3,82,1,standard,1.0,0.4,0.05,5000,1.0,1.0,5
3,83,1,standard,1.0,0.4,0.05,5000,1.0,1.0,6
3,84,1,standard,1.0,0.4,0.05,5000,1.0,1.0,4
3,85,1,standard,1.0,0.4,0.05,5000,1.0,1.0,5
3,86,1,standard,1.0,0.4,0.05,5000,1.0,1.0,5
3,87,1,standard,1.0,0.4,0.05,5000,1.0,1.0,6
3,88,1,standard,1.0,0.4,0.05,5000,1.0,1.0,5
3,89,1,standard,1.0,0.4,0.05,5000,1.0,1.0,4
3,90,1,standard,1.0,0.4,0.05,5000,1.0,1.0,5
3,91,1,standard,1.0,0.4,0.05,5000,1.0,1.0,5
3,92,1,standard,1.0,0.4,0.05,5000,1.0,1.0,4
3,93,1,standard,1.0,0.4,0.05,5000,1.0,1.0,7
3,94,1,standard,1.0,0.4,0.05,5000,1.0,1.0,5
3,95,1,standard,1.0,0.4,0.05,5000,1.0,1.0,6
3,96,1,standard,1.0,0.4,0.05,5000,1.0,1.0,6
3,97,1,standard,1.0,0.4,0.05,5000,1.0,1.0,6
3,98,1,standard,1.0,0.4,0.05,5000,1.0,1.0,7
3,99,1,standard,1.0,0.4,0.05,5000,1.0,1.0,5
3,100,1,standard,1.0,0.4,0.05,5000,1.0,1.0,5
3,1,1,standard,1.0,0.5,0.05,5000,1.0,1.0,2
3,2,1,standard,1.0,0.5,0.05,5000,1.0,1.0,4
3,3,1,standard,1.0,0.5,0.05,5000,1.0,1.0,4
3,4,1,standard,1.0,0.5,0.05,5000,1.0,1.0,3
3,5,1,standard,1.0,0.5,0.05,5000,1.0,1.0,5
3,6,1,standard,1.0,0.5,0.05,5000,1.0,1.0,5
3,7,1,standard,1.0,0.5,0.05,5000,1.0,1.0,5
3,8,1,standard,1.0,0.5,0.05,5000,1.0,1.0,5
3,9,1,standard,1.0,0.5,0.05,5000,1.0,1.0,4
3,10,1,standard,1.0,0.5,0.05,5000,1.0,1.0,3
3,11,1,standard,1.0,0.5,0.05,5000,1.0,1.0,4
3,12,1,standard,1.0,0.5,0.05,5000,1.0,1.0,4
3,13,1,standard,1.0,0.5,0.05,5000,1.0,1.0,4
3,14,1,standard,1.0,0.5,0.05,5000,1.0,1.0,4
3,15,1,standard,1.0,0.5,0.05,5000,1.0,1.0,3
3,16,1,standard,1.0,0.5,0.05,5000,1.0,1.0,4
3,17,1,standard,1.0,0.5,0.05,5000,1.0,1.0,5
3,18,1,standard,1.0,0.5,0.05,5000,1.0,1.0,4
3,19,1,standard,1.0,0.5,0.05,5000,1.0,1.0,4
3,20,1,standard,1.0,0.5,0.05,5000,1.0,1.0,5
3,21,1,standard,1.0,0.5,0.05,5000,1.0,1.0,5
3,22,1,standard,1.0,0.5,0.05,5000,1.0,1.0,4
3,23,1,standard,1.0,0.5,0.05,5000,1.0,1.0,3
3,24,1,standard,1.0,0.5,0.05,5000,1.0,1.0,3
3,25,1,standard,1.0,0.5,0.05,5000,1.0,1.0,5
3,26,1,standard,1.0,0.5,0.05,5000,1.0,1.0,5
3,27,1,standard,1.0,0.5,0.05,5000,1.0,1.0,5
3,28,1,standard,1.0,0.5,0.05,5000,1.0,1.0,4
3,29,1,standard,1.0,0.5,0.05,5000,1.0,1.0,2
3,30,1,standard,1.0,0.5,0.05,5000,1.0,1.0,3
3,31,1,standard,1.0,0.5,0.05,5000,1.0,1.0,3
3,32,1,standard,1.0,0.5,0.05,5000,1.0,1.0,4
3,33,1,standard,1.0,0.5,0.05,5000,1.0,1.0,5
3,34,1,standard,1.0,0.5,0.05,5000,1.0,1.0,4
3,35,1,standard,1.0,0.5,0.05,5000,1.0,1.0,5
3,36,1,standard,1.0,0.5,0.05,5000,1.0,1.0,4
3,37,1,standard,1.0,0.5,0.05,5000,1.0,1.0,3
3,38,1,standard,1.0,0.5,0.05,5000,1.0,1.0,5
3,39,1,standard,1.0,0.5,0.05,5000,1.0,1.0,4
3,40,1,standard,1.0,0.5,0.05,5000,1.0,1.0,2
3,41,1,standard,1.0,0.5,0.05,5000,1.0,1.0,3
3,42,1,standard,1.0,0.5,0.05,5000,1.0,1.0,4
3,43,1,standard,1.0,0.5,0.05,5000,1.0,1.0,3
3,44,1,standard,1.0,0.5,0.05,5000,1.0,1.0,3
3,45,1,standard,1.0,0.5,0.05,5000,1.0,1.0,4
3,46,1,standard,1.0,0.5,0.05,5000,1.0,1.0,2
3,47,1,standard,1.0,0.5,0.05,5000,1.0,1.0,5
3,48,1,standard,1.0,0.5,0.05,5000,1.0,1.0,3
3,49,1,standard,1.0,0.5,0.05,5000,1.0,1.0,4
3,50,1,standard,1.0,0.5,0.05,5000,1.0,1.0,5
3,51,1,standard,1.0,0.5,0.05,5000,1.0,1.0,4
3,52,1,standard,1.0,0.5,0.05,5000,1.0,1.0,2
3,53,1,standard,1.0,0.5,0.05,5000,1.0,1.0,4
3,54,1,standard,1.0,0.5,0.05,5000,1.0,1.0,4
3,55,1,standard,1.0,0.5,0.05,5000,1.0,1.0,5
3,56,1,standard,1.0,0.5,0.05,5000,1.0,1.0,3
3,57,1,standard,1.0,0.5,0.05,5000,1.0,1.0,5
3,58,1,standard,1.0,0.5,0.05,5000,1.0,1.0,5
3,59,1,standard,1.0,0.5,0.05,5000,1.0,1.0,3
3,60,1,standard,1.0,0.5,0.05,5000,1.0,1.0,3
3,61,1,standard,1.0,0.5,0.05,5000,1.0,1.0,4
3,62,1,standard,1.0,0.5,0.05,5000,1.0,1.0,4
3,63,1,standard,1.0,0.5,0.05,5000,1.0,1.0,5
3,64,1,standard,1.0,0.5,0.05,5000,1.0,1.0,3
3,65,1,standard,1.0,0.5,0.05,5000,1.0,1.0,4
3,66,1,standard,1.0,0.5,0.05,5000,1.0,1.0,5
3,67,1,standard,1.0,0.5,0.05,5000,1.0,1.0,4
3,68,1,standard,1.0,0.5,0.05,5000,1.0,1.0,4
3,69,1,standard,1.0,0.5,0.05,5000,1.0,1.0,4
3,70,1,standard,1.0,0.5,0.05,5000,1.0,1.0,4
3,71,1,standard,1.0,0.5,0.05,5000,1.0,1.0,3
3,72,1,standard,1.0,0.5,0.05,5000,1.0,1.0,5
3,73,1,standard,1.0,0.5,0.05,5000,1.0,1.0,2
3,74,1,standard,1.0,0.5,0.05,5000,1.0,1.0,4
3,75,1,standard,1.0,0.5,0.05,5000,1.0,1.0,5
3,76,1,standard,1.0,0.5,0.05,5000,1.0,1.0,4
3,77,1,standard,1.0,0.5,0.05,5000,1.0,1.0,3
3,78,1,standard,1.0,0.5,0.05,5000,1.0,1.0,3
3,79,1,standard,1.0,0.5,0.05,5000,1.0,1.0,5
3,80,1,standard,1.0,0.5,0.05,5000,1.0,1.0,3
3,81,1,standard,1.0,0.5,0.05,5000,1.0,1.0,2
3,82,1,standard,1.0,0.5,0.05,5000,1.0,1.0,3
3,83,1,standard,1.0,0.5,0.05,5000,1.0,1.0,5
3,84,1,standard,1.0,0.5,0.05,5000,1.0,1.0,3
3,85,1,standard,1.0,0.5,0.05,5000,1.0,1.0,4
3,86,1,standard,1.0,0.5,0.05,5000,1.0,1.0,4
3,87,1,standard,1.0,0.5,0.05,5000,1.0,1.0,5
3,88,1,standard,1.0,0.5,0.05,5000,1.0,1.0,4
3,89,1,standard,1.0,0.5,0.05,5000,1.0,1.0,3
3,90,1,standard,1.0,0.5,0.05,5000,1.0,1.0,4
3,91,1,standard,1.0,0.5,0.05,5000,1.0,1.0,4
3,92,1,standard,1.0,0.5,0.05,5000,1.0,1.0,3
3,93,1,standard,1.0,0.5,0.05,5000,1.0,1.0,5
3,94,1,standard,1.0,0.5,0.05,5000,1.0,1.0,4
3,95,1,standard,1.0,0.5,0.05,5000,1.0,1.0,5
3,96,1,standard,1.0,0.5,0.05,5000,1.0,1.0,5
3,97,1,standard,1.0,0.5,0.05,5000,1.0,1.0,5
3,98,1,standard,1.0,0.5,0.05,5000,1.0,1.0,5
3,99,1,standard,1.0,0.5,0.05,5000,1.0,1.0,4
3,100,1,standard,1.0,0.5,0.05,5000,1.0,1.0,4
3,1,1,standard,1.0,0.6,0.05,5000,1.0,1.0,2
3,2,1,standard,1.0,0.6,0.05,5000,1.0,1.0,3
3,3,1,standard,1.0,0.6,0.05,5000,1.0,1.0,3
3,4,1,standard,1.0,0.6,0.05,5000,1.0,1.0,2
3,5,1,standard,1.0,0.6,0.05,5000,1.0,1.0,4
3,6,1,standard,1.0,0.6,0.05,5000,1.0,1.0,4
3,7,1,standard,1.0,0.6,0.05,5000,1.0,1.0,4
3,8,1,standard,1.0,0.6,0.05,5000,1.0,1.0,4
3,9,1,standard,1.0,0.6,0.05,5000,1.0,1.0,3
3,10,1,standard,1.0,0.6,0.05,5000,1.0,1.0,3
3,11,1,standard,1.0,0.6,0.05,5000,1.0,1.0,3
3,12,1,standard,1.0,0.6,0.05,5000,1.0,1.0,3
3,13,1,standard,1.0,0.6,0.05,5000,1.0,1.0,3
3,14,1,standard,1.0,0.6,0.05,5000,1.0,1.0,3
3,15,1,standard,1.0,0.6,0.05,5000,1.0,1.0,3
3,16,1,standard,1.0,0.6,0.05,5000,1.0,1.0,3
3,17,1,standard,1.0,0.6,0.05,5000,1.0,1.0,4
3,18,1,standard,1.0,0.6,0.05,5000,1.0,1.0,3
3,19,1,standard,1.0,0.6,0.05,5000,1.0,1.0,3
3,20,1,standard,1.0,0.6,0.05,5000,1.0,1.0,4
3,21,1,standard,1.0,0.6,0.05,5000,1.0,1.0,4
3,22,1,standard,1.0,0.6,0.05,5000,1.0,1.0,3
3,23,1,standard,1.0,0.6,0.05,5000,1.0,1.0,2
3,24,1,standard,1.0,0.6,0.05,5000,1.0,1.0,3
3,25,1,standard,1.0,0.6,0.05,5000,1.0,1.0,4
3,26,1,standard,1.0,0.6,0.05,5000,1.0,1.0,4
3,27,1,standard,1.0,0.6,0.05,5000,1.0,1.0,4
3,28,1,standard,1.0,0.6,0.05,5000,1.0,1.0,4
3,29,1,standard,1.0,0.6,0.05,5000,1.0,1.0,2
3,30,1,standard,1.0,0.6,0.05,5000,1.0,1.0,3
3,31,1,standard,1.0,0.6,0.05,5000,1.0,1.0,3
3,32,1,standard,1.0,0.6,0.05,5000,1.0,1.0,3
3,33,1,standard,1.0,0.6,0.05,5000,1.0,1.0,4
3,34,1,standard,1.0,0.6,0.05,5000,1.0,1.0,3
3,35,1,standard,1.0,0.6,0.05,5000,1.0,1.0,4
3,36,1,standard,1.0,0.6,0.05,5000,1.0,1.0,4
3,37,1,standard,1.0,0.6,0.05,5000,1.0,1.0,3
3,38,1,standard,1.0,0.6,0.05,5000,1.0,1.0,4
3,39,1,standard,1.0,0.6,0.05,5000,1.0,1.0,3
3,40,1,standard,1.0,0.6,0.05,5000,1.0,1.0,2
3,41,1,standard,1.0,0.6,0.05,5000,1.0,1.0,2
3,42,1,standard,1.0,0.6,0.05,5000,1.0,1.0,3
3,43,1,standard,1.0,0.6,0.05,5000,1.0,1.0,3
3,44,1,standard,1.0,0.6,0.05,5000,1.0,1.0,3
3,45,1,standard,1.0,0.6,0.05,5000,1.0,1.0,4
3,46,1,standard,1.0,0.6,0.05,5000,1.0,1.0,2
3,47,1,standard,1.0,0.6,0.05,5000,1.0,1.0,4
3,48,1,standard,1.0,0.6,0.05,5000,1.0,1.0,2
3,49,1,standard,1.0,0.6,0.05,5000,1.0,1.0,3
3,50,1,standard,1.0,0.6,0.05,5000,1.0,1.0,4
3,51,1,standard,1.0,0.6,0.05,5000,1.0,1.0,4
3,52,1,standard,1.0,0.6,0.05,5000,1.0,1.0,2
3,53,1,standard,1.0,0.6,0.05,5000,1.0,1.0,4
3,54,1,standard,1.0,0.6,0.05,5000,1.0,1.0,3
3,55,1,standard,1.0,0.6,0.05,5000,1.0,1.0,4
3,56,1,standard,1.0,0.6,0.05,5000,1.0,1.0,2
3,57,1,standard,1.0,0.6,0.05,5000,1.0,1.0,4
3,58,1,standard,1.0,0.6,0.05,5000,1.0,1.0,4
3,59,1,standard,1.0,0.6,0.05,5000,1.0,1.0,3
3,60,1,standard,1.0,0.6,0.05,5000,1.0,1.0,2
3,61,1,standard,1.0,0.6,0.05,5000,1.0,1.0,4
3,62,1,standard,1.0,0.6,0.05,5000,1.0,1.0,4
3,63,1,standard,1.0,0.6,0.05,5000,1.0,1.0,4
3,64,1,standard,1.0,0.6,0.05,5000,1.0,1.0,3
3,65,1,standard,1.0,0.6,0.05,5000,1.0,1.0,3
3,66,1,standard,1.0,0.6,0.05,5000,1.0,1.0,4
3,67,1,standard,1.0,0.6,0.05,5000,1.0,1.0,4
3,68,1,standard,1.0,0.6,0.05,5000,1.0,1.0,3
3,69,1,standard,1.0,0.6,0.05,5000,1.0,1.0,4
3,70,1,standard,1.0,0.6,0.05,5000,1.0,1.0,3
3,71,1,standard,1.0,0.6,0.05,5000,1.0,1.0,2
3,72,1,standard,1.0,0.6,0.05,5000,1.0,1.0,4
3,73,1,standard,1.0,0.6,0.05,5000,1.0,1.0,2
3,74,1,standard,1.0,0.6,0.05,5000,1.0,1.0,4
3,75,1,standard,1.0,0.6,0.05,5000,1.0,1.0,4
3,76,1,standard,1.0,0.6,0.05,5000,1.0,1.0,3
3,77,1,standard,1.0,0.6,0.05,5000,1.0,1.0,3
3,78,1,standard,1.0,0.6,0.05,5000,1.0,1.0,2
3,79,1,standard,1.0,0.6,0.05,5000,1.0,1.0,4
3,80,1,standard,1.0,0.6,0.05,5000,1.0,1.0,3
3,81,1,standard,1.0,0.6,0.05,5000,1.0,1.0,2
3,82,1,standard,1.0,0.6,0.05,5000,1.0,1.0,3
3,83,1,standard,1.0,0.6,0.05,5000,1.0,1.0,4
3,84,1,standard,1.0,0.6,0.05,5000,1.0,1.0,3
3,85,1,standard,1.0,0.6,0.05,5000,1.0,1.0,3
3,86,1,standard,1.0,0.6,0.05,5000,1.0,1.0,3
3,87,1,standard,1.0,0.6,0.05,5000,1.0,1.0,4
3,88,1,standard,1.0,0.6,0.05,5000,1.0,1.0,3
3,89,1,standard,1.0,0.6,0.05,5000,1.0,1.0,2
3,90,1,standard,1.0,0.6,0.05,5000,1.0,1.0,3
3,91,1,standard,1.0,0.6,0.05,5000,1.0,1.0,3
3,92,1,standard,1.0,0.6,0.05,5000,1.0,1.0,3
3,93,1,standard,1.0,0.6,0.05,5000,1.0,1.0,4
3,94,1,standard,1.0,0.6,0.05,5000,1.0,1.0,3
3,95,1,standard,1.0,0.6,0.05,5000,1.0,1.0,4
3,96,1,standard,1.0,0.6,0.05,5000,1.0,1.0,4
3,97,1,standard,1.0,0.6,0.05,5000,1.0,1.0,4
3,98,1,standard,1.0,0.6,0.05,5000,1.0,1.0,4
3,99,1,standard,1.0,0.6,0.05,5000,1.0,1.0,4
3,100,1,standard,1.0,0.6,0.05,5000,1.0,1.0,3
3,1,1,standard,1.0,0.7,0.05,5000,1.0,1.0,2
3,2,1,standard,1.0,0.7,0.05,5000,1.0,1.0,3
3,3,1,standard,1.0,0.7,0.05,5000,1.0,1.0,2
3,4,1,standard,1.0,0.7,0.05,5000,1.0,1.0,3
3,5,1,standard,1.0,0.7,0.05,5000,1.0,1.0,4
3,6,1,standard,1.0,0.7,0.05,5000,1.0,1.0,3
3,7,1,standard,1.0,0.7,0.05,5000,1.0,1.0,3
3,8,1,standard,1.0,0.7,0.05,5000,1.0,1.0,3
3,9,1,standard,1.0,0.7,0.05,5000,1.0,1.0,3
3,10,1,standard,1.0,0.7,0.05,5000,1.0,1.0,2
3,11,1,standard,1.0,0.7,0.05,5000,1.0,1.0,3
3,12,1,standard,1.0,0.7,0.05,5000,1.0,1.0,3
3,13,1,standard,1.0,0.7,0.05,5000,1.0,1.0,3
3,14,1,standard,1.0,0.7,0.05,5000,1.0,1.0,3
3,15,1,standard,1.0,0.7,0.05,5000,1.0,1.0,2
3,16,1,standard,1.0,0.7,0.05,5000,1.0,1.0,3
3,17,1,standard,1.0,0.7,0.05,5000,1.0,1.0,3
3,18,1,standard,1.0,0.7,0.05,5000,1.0,1.0,3
3,19,1,standard,1.0,0.7,0.05,5000,1.0,1.0,3
3,20,1,standard,1.0,0.7,0.05,5000,1.0,1.0,3
3,21,1,standard,1.0,0.7,0.05,5000,1.0,1.0,4
3,22,1,standard,1.0,0.7,0.05,5000,1.0,1.0,3
3,23,1,standard,1.0,0.7,0.05,5000,1.0,1.0,3
3,24,1,standard,1.0,0.7,0.05,5000,1.0,1.0,2
3,25,1,standard,1.0,0.7,0.05,5000,1.0,1.0,3
3,26,1,standard,1.0,0.7,0.05,5000,1.0,1.0,3
3,27,1,standard,1.0,0.7,0.05,5000,1.0,1.0,3
3,28,1,standard,1.0,0.7,0.05,5000,1.0,1.0,3
3,29,1,standard,1.0,0.7,0.05,5000,1.0,1.0,2
3,30,1,standard,1.0,0.7,0.05,5000,1.0,1.0,2
3,31,1,standard,1.0,0.7,0.05,5000,1.0,1.0,3
3,32,1,standard,1.0,0.7,0.05,5000,1.0,1.0,2
3,33,1,standard,1.0,0.7,0.05,5000,1.0,1.0,3
3,34,1,standard,1.0,0.7,0.05,5000,1.0,1.0,3
3,35,1,standard,1.0,0.7,0.05,5000,1.0,1.0,3
3,36,1,standard,1.0,0.7,0.05,5000,1.0,1.0,3
3,37,1,standard,1.0,0.7,0.05,5000,1.0,1.0,2
3,38,1,standard,1.0,0.7,0.05,5000,1.0,1.0,3
3,39,1,standard,1.0,0.7,0.05,5000,1.0,1.0,3
3,40,1,standard,1.0,0.7,0.05,5000,1.0,1.0,2
3,41,1,standard,1.0,0.7,0.05,5000,1.0,1.0,3
3,42,1,standard,1.0,0.7,0.05,5000,1.0,1.0,3
3,43,1,standard,1.0,0.7,0.05,5000,1.0,1.0,2
3,44,1,standard,1.0,0.7,0.05,5000,1.0,1.0,3
3,45,1,standard,1.0,0.7,0.05,5000,1.0,1.0,3
3,46,1,standard,1.0,0.7,0.05,5000,1.0,1.0,2
3,47,1,standard,1.0,0.7,0.05,5000,1.0,1.0,4
3,48,1,standard,1.0,0.7,0.05,5000,1.0,1.0,3
3,49,1,standard,1.0,0.7,0.05,5000,1.0,1.0,3
3,50,1,standard,1.0,0.7,0.05,5000,1.0,1.0,3
3,51,1,standard,1.0,0.7,0.05,5000,1.0,1.0,3
3,52,1,standard,1.0,0.7,0.05,5000,1.0,1.0,2
3,53,1,standard,1.0,0.7,0.05,5000,1.0,1.0,3
3,54,1,standard,1.0,0.7,0.05,5000,1.0,1.0,3
3,55,1,standard,1.0,0.7,0.05,5000,1.0,1.0,4
3,56,1,standard,1.0,0.7,0.05,5000,1.0,1.0,3
3,57,1,standard,1.0,0.7,0.05,5000,1.0,1.0,4
3,58,1,standard,1.0,0.7,0.05,5000,1.0,1.0,3
3,59,1,standard,1.0,0.7,0.05,5000,1.0,1.0,3
3,60,1,standard,1.0,0.7,0.05,5000,1.0,1.0,3
3,61,1,standard,1.0,0.7,0.05,5000,1.0,1.0,3
3,62,1,standard,1.0,0.7,0.05,5000,1.0,1.0,3
3,63,1,standard,1.0,0.7,0.05,5000,1.0,1.0,4
3,64,1,standard,1.0,0.7,0.05,5000,1.0,1.0,3
3,65,1,standard,1.0,0.7,0.05,5000,1.0,1.0,3
3,66,1,standard,1.0,0.7,0.05,5000,1.0,1.0,4
3,67,1,standard,1.0,0.7,0.05,5000,1.0,1.0,3
3,68,1,standard,1.0,0.7,0.05,5000,1.0,1.0,3
3,69,1,standard,1.0,0.7,0.05,5000,1.0,1.0,3
3,70,1,standard,1.0,0.7,0.05,5000,1.0,1.0,3
3,71,1,standard,1.0,0.7,0.05,5000,1.0,1.0,3
3,72,1,standard,1.0,0.7,0.05,5000,1.0,1.0,3
3,73,1,standard,1.0,0.7,0.05,5000,1.0,1.0,2
3,74,1,standard,1.0,0.7,0.05,5000,1.0,1.0,3
3,75,1,standard,1.0,0.7,0.05,5000,1.0,1.0,3
3,76,1,standard,1.0,0.7,0.05,5000,1.0,1.0,2
3,77,1,standard,1.0,0.7,0.05,5000,1.0,1.0,3
3,78,1,standard,1.0,0.7,0.05,5000,1.0,1.0,2
3,79,1,standard,1.0,0.7,0.05,5000,1.0,1.0,4
3,80,1,standard,1.0,0.7,0.05,5000,1.0,1.0,2
3,81,1,standard,1.0,0.7,0.05,5000,1.0,1.0,2
3,82,1,standard,1.0,0.7,0.05,5000,1.0,1.0,3
3,83,1,standard,1.0,0.7,0.05,5000,1.0,1.0,4
3,84,1,standard,1.0,0.7,0.05,5000,1.0,1.0,2
3,85,1,standard,1.0,0.7,0.05,5000,1.0,1.0,3
3,86,1,standard,1.0,0.7,0.05,5000,1.0,1.0,3
3,87,1,standard,1.0,0.7,0.05,5000,1.0,1.0,4
3,88,1,standard,1.0,0.7,0.05,5000,1.0,1.0,3
3,89,1,standard,1.0,0.7,0.05,5000,1.0,1.0,3
3,90,1,standard,1.0,0.7,0.05,5000,1.0,1.0,2
3,91,1,standard,1.0,0.7,0.05,5000,1.0,1.0,2
3,92,1,standard,1.0,0.7,0.05,5000,1.0,1.0,3
3,93,1,standard,1.0,0.7,0.05,5000,1.0,1.0,3
3,94,1,standard,1.0,0.7,0.05,5000,1.0,1.0,2
3,95,1,standard,1.0,0.7,0.05,5000,1.0,1.0,3
3,96,1,standard,1.0,0.7,0.05,5000,1.0,1.0,3
3,97,1,standard,1.0,0.7,0.05,5000,1.0,1.0,4
3,98,1,standard,1.0,0.7,0.05,5000,1.0,1.0,3
3,99,1,standard,1.0,0.7,0.05,5000,1.0,1.0,3
3,100,1,standard,1.0,0.7,0.05,5000,1.0,1.0,3
3,1,1,standard,1.0,0.8,0.05,5000,1.0,1.0,2
3,2,1,standard,1.0,0.8,0.05,5000,1.0,1.0,3
3,3,1,standard,1.0,0.8,0.05,5000,1.0,1.0,3
3,4,1,standard,1.0,0.8,0.05,5000,1.0,1.0,3
3,5,1,standard,1.0,0.8,0.05,5000,1.0,1.0,3
3,6,1,standard,1.0,0.8,0.05,5000,1.0,1.0,3
3,7,1,standard,1.0,0.8,0.05,5000,1.0,1.0,3
3,8,1,standard,1.0,0.8,0.05,5000,1.0,1.0,3
3,9,1,standard,1.0,0.8,0.05,5000,1.0,1.0,3
3,10,1,standard,1.0,0.8,0.05,5000,1.0,1.0,2
3,11,1,standard,1.0,0.8,0.05,5000,1.0,1.0,3
3,12,1,standard,1.0,0.8,0.05,5000,1.0,1.0,3
3,13,1,standard,1.0,0.8,0.05,5000,1.0,1.0,3
3,14,1,standard,1.0,0.8,0.05,5000,1.0,1.0,3
3,15,1,standard,1.0,0.8,0.05,5000,1.0,1.0,3
3,16,1,standard,1.0,0.8,0.05,5000,1.0,1.0,2
3,17,1,standard,1.0,0.8,0.05,5000,1.0,1.0,3
3,18,1,standard,1.0,0.8,0.05,5000,1.0,1.0,3
3,19,1,standard,1.0,0.8,0.05,5000,1.0,1.0,3
3,20,1,standard,1.0,0.8,0.05,5000,1.0,1.0,3
3,21,1,standard,1.0,0.8,0.05,5000,1.0,1.0,3
3,22,1,standard,1.0,0.8,0.05,5000,1.0,1.0,3
3,23,1,standard,1.0,0.8,0.05,5000,1.0,1.0,3
3,24,1,standard,1.0,0.8,0.05,5000,1.0,1.0,3
3,25,1,standard,1.0,0.8,0.05,5000,1.0,1.0,3
3,26,1,standard,1.0,0.8,0.05,5000,1.0,1.0,3
3,27,1,standard,1.0,0.8,0.05,5000,1.0,1.0,3
3,28,1,standard,1.0,0.8,0.05,5000,1.0,1.0,3
3,29,1,standard,1.0,0.8,0.05,5000,1.0,1.0,2
3,30,1,standard,1.0,0.8,0.05,5000,1.0,1.0,3
3,31,1,standard,1.0,0.8,0.05,5000,1.0,1.0,3
3,32,1,standard,1.0,0.8,0.05,5000,1.0,1.0,3
3,33,1,standard,1.0,0.8,0.05,5000,1.0,1.0,3
3,34,1,standard,1.0,0.8,0.05,5000,1.0,1.0,3
3,35,1,standard,1.0,0.8,0.05,5000,1.0,1.0,3
3,36,1,standard,1.0,0.8,0.05,5000,1.0,1.0,3
3,37,1,standard,1.0,0.8,0.05,5000,1.0,1.0,3
3,38,1,standard,1.0,0.8,0.05,5000,1.0,1.0,3
3,39,1,standard,1.0,0.8,0.05,5000,1.0,1.0,3
3,40,1,standard,1.0,0.8,0.05,5000,1.0,1.0,3
3,41,1,standard,1.0,0.8,0.05,5000,1.0,1.0,3
3,42,1,standard,1.0,0.8,0.05,5000,1.0,1.0,3
3,43,1,standard,1.0,0.8,0.05,5000,1.0,1.0,2
3,44,1,standard,1.0,0.8,0.05,5000,1.0,1.0,3
3,45,1,standard,1.0,0.8,0.05,5000,1.0,1.0,3
3,46,1,standard,1.0,0.8,0.05,5000,1.0,1.0,3
3,47,1,standard,1.0,0.8,0.05,5000,1.0,1.0,3
3,48,1,standard,1.0,0.8,0.05,5000,1.0,1.0,3
3,49,1,standard,1.0,0.8,0.05,5000,1.0,1.0,3
3,50,1,standard,1.0,0.8,0.05,5000,1.0,1.0,3
3,51,1,standard,1.0,0.8,0.05,5000,1.0,1.0,3
3,52,1,standard,1.0,0.8,0.05,5000,1.0,1.0,2
3,53,1,standard,1.0,0.8,0.05,5000,1.0,1.0,3
3,54,1,standard,1.0,0.8,0.05,5000,1.0,1.0,3
3,55,1,standard,1.0,0.8,0.05,5000,1.0,1.0,3
3,56,1,standard,1.0,0.8,0.05,5000,1.0,1.0,3
3,57,1,standard,1.0,0.8,0.05,5000,1.0,1.0,3
3,58,1,standard,1.0,0.8,0.05,5000,1.0,1.0,3
3,59,1,standard,1.0,0.8,0.05,5000,1.0,1.0,3
3,60,1,standard,1.0,0.8,0.05,5000,1.0,1.0,3
3,61,1,standard,1.0,0.8,0.05,5000,1.0,1.0,3
3,62,1,standard,1.0,0.8,0.05,5000,1.0,1.0,3
3,63,1,standard,1.0,0.8,0.05,5000,1.0,1.0,3
3,64,1,standard,1.0,0.8,0.05,5000,1.0,1.0,3
3,65,1,standard,1.0,0.8,0.05,5000,1.0,1.0,3
3,66,1,standard,1.0,0.8,0.05,5000,1.0,1.0,3
3,67,1,standard,1.0,0.8,0.05,5000,1.0,1.0,3
3,68,1,standard,1.0,0.8,0.05,5000,1.0,1.0,3
3,69,1,standard,1.0,0.8,0.05,5000,1.0,1.0,3
3,70,1,standard,1.0,0.8,0.05,5000,1.0,1.0,3
3,71,1,standard,1.0,0.8,0.05,5000,1.0,1.0,3
3,72,1,standard,1.0,0.8,0.05,5000,1.0,1.0,3
3,73,1,standard,1.0,0.8,0.05,5000,1.0,1.0,3
3,74,1,standard,1.0,0.8,0.05,5000,1.0,1.0,3
3,75,1,standard,1.0,0.8,0.05,5000,1.0,1.0,3
3,76,1,standard,1.0,0.8,0.05,5000,1.0,1.0,3
3,77,1,standard,1.0,0.8,0.05,5000,1.0,1.0,3
3,78,1,standard,1.0,0.8,0.05,5000,1.0,1.0,2
3,79,1,standard,1.0,0.8,0.05,5000,1.0,1.0,3
3,80,1,standard,1.0,0.8,0.05,5000,1.0,1.0,3
3,81,1,standard,1.0,0.8,0.05,5000,1.0,1.0,2
3,82,1,standard,1.0,0.8,0.05,5000,1.0,1.0,2
3,83,1,standard,1.0,0.8,0.05,5000,1.0,1.0,3
3,84,1,standard,1.0,0.8,0.05,5000,1.0,1.0,3
3,85,1,standard,1.0,0.8,0.05,5000,1.0,1.0,3
3,86,1,standard,1.0,0.8,0.05,5000,1.0,1.0,3
3,87,1,standard,1.0,0.8,0.05,5000,1.0,1.0,3
3,88,1,standard,1.0,0.8,0.05,5000,1.0,1.0,3
3,89,1,standard,1.0,0.8,0.05,5000,1.0,1.0,3
3,90,1,standard,1.0,0.8,0.05,5000,1.0,1.0,3
3,91,1,standard,1.0,0.8,0.05,5000,1.0,1.0,3
3,92,1,standard,1.0,0.8,0.05,5000,1.0,1.0,3
3,93,1,standard,1.0,0.8,0.05,5000,1.0,1.0,3
3,94,1,standard,1.0,0.8,0.05,5000,1.0,1.0,3
3,95,1,standard,1.0,0.8,0.05,5000,1.0,1.0,3
3,96,1,standard,1.0,0.8,0.05,5000,1.0,1.0,3
3,97,1,standard,1.0,0.8,0.05,5000,1.0,1.0,3
3,98,1,standard,1.0,0.8,0.05,5000,1.0,1.0,3
3,99,1,standard,1.0,0.8,0.05,5000,1.0,1.0,3
3,100,1,standard,1.0,0.8,0.05,5000,1.0,1.0,3
3,1,1,standard,1.0,0.9,0.05,5000,1.0,1.0,2
3,2,1,standard,1.0,0.9,0.05,5000,1.0,1.0,3
3,3,1,standard,1.0,0.9,0.05,5000,1.0,1.0,3
3,4,1,standard,1.0,0.9,0.05,5000,1.0,1.0,3
3,5,1,standard,1.0,0.9,0.05,5000,1.0,1.0,3
3,6,1,standard,1.0,0.9,0.05,5000,1.0,1.0,3
3,7,1,standard,1.0,0.9,0.05,5000,1.0,1.0,3
3,8,1,standard,1.0,0.9,0.05,5000,1.0,1.0,3
3,9,1,standard,1.0,0.9,0.05,5000,1.0,1.0,3
3,10,1,standard,1.0,0.9,0.05,5000,1.0,1.0,2
3,11,1,standard,1.0,0.9,0.05,5000,1.0,1.0,3
3,12,1,standard,1.0,0.9,0.05,5000,1.0,1.0,3
3,13,1,standard,1.0,0.9,0.05,5000,1.0,1.0,3
3,14,1,standard,1.0,0.9,0.05,5000,1.0,1.0,3
3,15,1,standard,1.0,0.9,0.05,5000,1.0,1.0,3
3,16,1,standard,1.0,0.9,0.05,5000,1.0,1.0,3
3,17,1,standard,1.0,0.9,0.05,5000,1.0,1.0,3
3,18,1,standard,1.0,0.9,0.05,5000,1.0,1.0,3
3,19,1,standard,1.0,0.9,0.05,5000,1.0,1.0,3
3,20,1,standard,1.0,0.9,0.05,5000,1.0,1.0,3
3,21,1,standard,1.0,0.9,0.05,5000,1.0,1.0,3
3,22,1,standard,1.0,0.9,0.05,5000,1.0,1.0,3
3,23,1,standard,1.0,0.9,0.05,5000,1.0,1.0,3
3,24,1,standard,1.0,0.9,0.05,5000,1.0,1.0,3
3,25,1,standard,1.0,0.9,0.05,5000,1.0,1.0,3
3,26,1,standard,1.0,0.9,0.05,5000,1.0,1.0,3
3,27,1,standard,1.0,0.9,0.05,5000,1.0,1.0,3
3,28,1,standard,1.0,0.9,0.05,5000,1.0,1.0,3
3,29,1,standard,1.0,0.9,0.05,5000,1.0,1.0,2
3,30,1,standard,1.0,0.9,0.05,5000,1.0,1.0,3
3,31,1,standard,1.0,0.9,0.05,5000,1.0,1.0,3
3,32,1,standard,1.0,0.9,0.05,5000,1.0,1.0,3
3,33,1,standard,1.0,0.9,0.05,5000,1.0,1.0,3
3,34,1,standard,1.0,0.9,0.05,5000,1.0,1.0,3
3,35,1,standard,1.0,0.9,0.05,5000,1.0,1.0,3
3,36,1,standard,1.0,0.9,0.05,5000,1.0,1.0,3
3,37,1,standard,1.0,0.9,0.05,5000,1.0,1.0,3
3,38,1,standard,1.0,0.9,0.05,5000,1.0,1.0,3
3,39,1,standard,1.0,0.9,0.05,5000,1.0,1.0,3
3,40,1,standard,1.0,0.9,0.05,5000,1.0,1.0,3
3,41,1,standard,1.0,0.9,0.05,5000,1.0,1.0,3
3,42,1,standard,1.0,0.9,0.05,5000,1.0,1.0,3
3,43,1,standard,1.0,0.9,0.05,5000,1.0,1.0,2
3,44,1,standard,1.0,0.9,0.05,5000,1.0,1.0,3
3,45,1,standard,1.0,0.9,0.05,5000,1.0,1.0,3
3,46,1,standard,1.0,0.9,0.05,5000,1.0,1.0,3
3,47,1,standard,1.0,0.9,0.05,5000,1.0,1.0,3
3,48,1,standard,1.0,0.9,0.05,5000,1.0,1.0,3
3,49,1,standard,1.0,0.9,0.05,5000,1.0,1.0,3
3,50,1,standard,1.0,0.9,0.05,5000,1.0,1.0,3
3,51,1,standard,1.0,0.9,0.05,5000,1.0,1.0,3
3,52,1,standard,1.0,0.9,0.05,5000,1.0,1.0,2
3,53,1,standard,1.0,0.9,0.05,5000,1.0,1.0,3
3,54,1,standard,1.0,0.9,0.05,5000,1.0,1.0,3
3,55,1,standard,1.0,0.9,0.05,5000,1.0,1.0,3
3,56,1,standard,1.0,0.9,0.05,5000,1.0,1.0,3
3,57,1,standard,1.0,0.9,0.05,5000,1.0,1.0,3
3,58,1,standard,1.0,0.9,0.05,5000,1.0,1.0,3
3,59,1,standard,1.0,0.9,0.05,5000,1.0,1.0,3
3,60,1,standard,1.0,0.9,0.05,5000,1.0,1.0,3
3,61,1,standard,1.0,0.9,0.05,5000,1.0,1.0,3
3,62,1,standard,1.0,0.9,0.05,5000,1.0,1.0,3
3,63,1,standard,1.0,0.9,0.05,5000,1.0,1.0,3
3,64,1,standard,1.0,0.9,0.05,5000,1.0,1.0,3
3,65,1,standard,1.0,0.9,0.05,5000,1.0,1.0,3
3,66,1,standard,1.0,0.9,0.05,5000,1.0,1.0,3
3,67,1,standard,1.0,0.9,0.05,5000,1.0,1.0,3
3,68,1,standard,1.0,0.9,0.05,5000,1.0,1.0,3
3,69,1,standard,1.0,0.9,0.05,5000,1.0,1.0,3
3,70,1,standard,1.0,0.9,0.05,5000,1.0,1.0,3
3,71,1,standard,1.0,0.9,0.05,5000,1.0,1.0,3
3,72,1,standard,1.0,0.9,0.05,5000,1.0,1.0,3
3,73,1,standard,1.0,0.9,0.05,5000,1.0,1.0,3
3,74,1,standard,1.0,0.9,0.05,5000,1.0,1.0,3
3,75,1,standard,1.0,0.9,0.05,5000,1.0,1.0,3
3,76,1,standard,1.0,0.9,0.05,5000,1.0,1.0,3
3,77,1,standard,1.0,0.9,0.05,5000,1.0,1.0,3
3,78,1,standard,1.0,0.9,0.05,5000,1.0,1.0,2
3,79,1,standard,1.0,0.9,0.05,5000,1.0,1.0,3
3,80,1,standard,1.0,0.9,0.05,5000,1.0,1.0,3
3,81,1,standard,1.0,0.9,0.05,5000,1.0,1.0,2
3,82,1,standard,1.0,0.9,0.05,5000,1.0,1.0,3
3,83,1,standard,1.0,0.9,0.05,5000,1.0,1.0,3
3,84,1,standard,1.0,0.9,0.05,5000,1.0,1.0,3
3,85,1,standard,1.0,0.9,0.05,5000,1.0,1.0,3
3,86,1,standard,1.0,0.9,0.05,5000,1.0,1.0,3
3,87,1,standard,1.0,0.9,0.05,5000,1.0,1.0,3
3,88,1,standard,1.0,0.9,0.05,5000,1.0,1.0,3
3,89,1,standard,1.0,0.9,0.05,5000,1.0,1.0,3
3,90,1,standard,1.0,0.9,0.05,5000,1.0,1.0,3
3,91,1,standard,1.0,0.9,0.05,5000,1.0,1.0,3
3,92,1,standard,1.0,0.9,0.05,5000,1.0,1.0,3
3,93,1,standard,1.0,0.9,0.05,5000,1.0,1.0,3
3,94,1,standard,1.0,0.9,0.05,5000,1.0,1.0,3
3,95,1,standard,1.0,0.9,0.05,5000,1.0,1.0,3
3,96,1,standard,1.0,0.9,0.05,5000,1.0,1.0,3
3,97,1,standard,1.0,0.9,0.05,5000,1.0,1.0,3
3,98,1,standard,1.0,0.9,0.05,5000,1.0,1.0,3
3,99,1,standard,1.0,0.9,0.05,5000,1.0,1.0,3
3,100,1,standard,1.0,0.9,0.05,5000,1.0,1.0,3
3,1,1,standard,1.0,1.0,0.05,5000,1.0,1.0,3
3,2,1,standard,1.0,1.0,0.05,5000,1.0,1.0,3
3,3,1,standard,1.0,1.0,0.05,5000,1.0,1.0,3
3,4,1,standard,1.0,1.0,0.05,5000,1.0,1.0,3
3,5,1,standard,1.0,1.0,0.05,5000,1.0,1.0,3
3,6,1,standard,1.0,1.0,0.05,5000,1.0,1.0,3
3,7,1,standard,1.0,1.0,0.05,5000,1.0,1.0,3
3,8,1,standard,1.0,1.0,0.05,5000,1.0,1.0,3
3,9,1,standard,1.0,1.0,0.05,5000,1.0,1.0,3
3,10,1,standard,1.0,1.0,0.05,5000,1.0,1.0,2
3,11,1,standard,1.0,1.0,0.05,5000,1.0,1.0,3
3,12,1,standard,1.0,1.0,0.05,5000,1.0,1.0,3
3,13,1,standard,1.0,1.0,0.05,5000,1.0,1.0,3
3,14,1,standard,1.0,1.0,0.05,5000,1.0,1.0,3
3,15,1,standard,1.0,1.0,0.05,5000,1.0,1.0,3
3,16,1,standard,1.0,1.0,0.05,5000,1.0,1.0,3
3,17,1,standard,1.0,1.0,0.05,5000,1.0,1.0,3
3,18,1,standard,1.0,1.0,0.05,5000,1.0,1.0,3
3,19,1,standard,1.0,1.0,0.05,5000,1.0,1.0,3
3,20,1,standard,1.0,1.0,0.05,5000,1.0,1.0,3
3,21,1,standard,1.0,1.0,0.05,5000,1.0,1.0,3
3,22,1,standard,1.0,1.0,0.05,5000,1.0,1.0,3
3,23,1,standard,1.0,1.0,0.05,5000,1.0,1.0,3
3,24,1,standard,1.0,1.0,0.05,5000,1.0,1.0,3
3,25,1,standard,1.0,1.0,0.05,5000,1.0,1.0,3
3,26,1,standard,1.0,1.0,0.05,5000,1.0,1.0,3
3,27,1,standard,1.0,1.0,0.05,5000,1.0,1.0,3
3,28,1,standard,1.0,1.0,0.05,5000,1.0,1.0,3
3,29,1,standard,1.0,1.0,0.05,5000,1.0,1.0,2
3,30,1,standard,1.0,1.0,0.05,5000,1.0,1.0,3
3,31,1,standard,1.0,1.0,0.05,5000,1.0,1.0,3
3,32,1,standard,1.0,1.0,0.05,5000,1.0,1.0,3
3,33,1,standard,1.0,1.0,0.05,5000,1.0,1.0,3
3,34,1,standard,1.0,1.0,0.05,5000,1.0,1.0,3
3,35,1,standard,1.0,1.0,0.05,5000,1.0,1.0,3
3,36,1,standard,1.0,1.0,0.05,5000,1.0,1.0,3
3,37,1,standard,1.0,1.0,0.05,5000,1.0,1.0,3
3,38,1,standard,1.0,1.0,0.05,5000,1.0,1.0,3
3,39,1,standard,1.0,1.0,0.05,5000,1.0,1.0,3
3,40,1,standard,1.0,1.0,0.05,5000,1.0,1.0,3
3,41,1,standard,1.0,1.0,0.05,5000,1.0,1.0,3
3,42,1,standard,1.0,1.0,0.05,5000,1.0,1.0,3
3,43,1,standard,1.0,1.0,0.05,5000,1.0,1.0,2
3,44,1,standard,1.0,1.0,0.05,5000,1.0,1.0,3
3,45,1,standard,1.0,1.0,0.05,5000,1.0,1.0,3
3,46,1,standard,1.0,1.0,0.05,5000,1.0,1.0,3
3,47,1,standard,1.0,1.0,0.05,5000,1.0,1.0,3
3,48,1,standard,1.0,1.0,0.05,5000,1.0,1.0,3
3,49,1,standard,1.0,1.0,0.05,5000,1.0,1.0,3
3,50,1,standard,1.0,1.0,0.05,5000,1.0,1.0,3
3,51,1,standard,1.0,1.0,0.05,5000,1.0,1.0,3
3,52,1,standard,1.0,1.0,0.05,5000,1.0,1.0,2
3,53,1,standard,1.0,1.0,0.05,5000,1.0,1.0,3
3,54,1,standard,1.0,1.0,0.05,5000,1.0,1.0,3
3,55,1,standard,1.0,1.0,0.05,5000,1.0,1.0,3
3,56,1,standard,1.0,1.0,0.05,5000,1.0,1.0,3
3,57,1,standard,1.0,1.0,0.05,5000,1.0,1.0,3
3,58,1,standard,1.0,1.0,0.05,5000,1.0,1.0,3
3,59,1,standard,1.0,1.0,0.05,5000,1.0,1.0,3
3,60,1,standard,1.0,1.0,0.05,5000,1.0,1.0,3
3,61,1,standard,1.0,1.0,0.05,5000,1.0,1.0,3
3,62,1,standard,1.0,1.0,0.05,5000,1.0,1.0,3
3,63,1,standard,1.0,1.0,0.05,5000,1.0,1.0,3
3,64,1,standard,1.0,1.0,0.05,5000,1.0,1.0,3
3,65,1,standard,1.0,1.0,0.05,5000,1.0,1.0,3
3,66,1,standard,1.0,1.0,0.05,5000,1.0,1.0,3
3,67,1,standard,1.0,1.0,0.05,5000,1.0,1.0,3
3,68,1,standard,1.0,1.0,0.05,5000,1.0,1.0,3
3,69,1,standard,1.0,1.0,0.05,5000,1.0,1.0,3
3,70,1,standard,1.0,1.0,0.05,5000,1.0,1.0,3
3,71,1,standard,1.0,1.0,0.05,5000,1.0,1.0,3
3,72,1,standard,1.0,1.0,0.05,5000,1.0,1.0,3
3,73,1,standard,1.0,1.0,0.05,5000,1.0,1.0,3
3,74,1,standard,1.0,1.0,0.05,5000,1.0,1.0,3
3,75,1,standard,1.0,1.0,0.05,5000,1.0,1.0,3
3,76,1,standard,1.0,1.0,0.05,5000,1.0,1.0,3
3,77,1,standard,1.0,1.0,0.05,5000,1.0,1.0,3
3,78,1,standard,1.0,1.0,0.05,5000,1.0,1.0,2
3,79,1,standard,1.0,1.0,0.05,5000,1.0,1.0,3
3,80,1,standard,1.0,1.0,0.05,5000,1.0,1.0,3
3,81,1,standard,1.0,1.0,0.05,5000,1.0,1.0,2
3,82,1,standard,1.0,1.0,0.05,5000,1.0,1.0,3
3,83,1,standard,1.0,1.0,0.05,5000,1.0,1.0,3
3,84,1,standard,1.0,1.0,0.05,5000,1.0,1.0,3
3,85,1,standard,1.0,1.0,0.05,5000,1.0,1.0,3
3,86,1,standard,1.0,1.0,0.05,5000,1.0,1.0,3
3,87,1,standard,1.0,1.0,0.05,5000,1.0,1.0,3
3,88,1,standard,1.0,1.0,0.05,5000,1.0,1.0,3
3,89,1,standard,1.0,1.0,0.05,5000,1.0,1.0,3
3,90,1,standard,1.0,1.0,0.05,5000,1.0,1.0,3
3,91,1,standard,1.0,1.0,0.05,5000,1.0,1.0,3
3,92,1,standard,1.0,1.0,0.05,5000,1.0,1.0,3
3,93,1,standard,1.0,1.0,0.05,5000,1.0,1.0,3
3,94,1,standard,1.0,1.0,0.05,5000,1.0,1.0,3
3,95,1,standard,1.0,1.0,0.05,5000,1.0,1.0,3
3,96,1,standard,1.0,1.0,0.05,5000,1.0,1.0,3
3,97,1,standard,1.0,1.0,0.05,5000,1.0,1.0,3
3,98,1,standard,1.0,1.0,0.05,5000,1.0,1.0,3
3,99,1,standard,1.0,1.0,0.05,5000,1.0,1.0,3
3,100,1,standard,1.0,1.0,0.05,5000,1.0,1.0,3
4,1,1,standard,1.0,0.1,0.05,5000,1.0,1.0,17
4,2,1,standard,1.0,0.1,0.05,5000,1.0,1.0,19
4,3,1,standard,1.0,0.1,0.05,5000,1.0,1.0,18
4,4,1,standard,1.0,0.1,0.05,5000,1.0,1.0,14
4,5,1,standard,1.0,0.1,0.05,5000,1.0,1.0,24
4,6,1,standard,1.0,0.1,0.05,5000,1.0,1.0,23
4,7,1,standard,1.0,0.1,0.05,5000,1.0,1.0,20
4,8,1,standard,1.0,0.1,0.05,5000,1.0,1.0,19
4,9,1,standard,1.0,0.1,0.05,5000,1.0,1.0,18
4,10,1,standard,1.0,0.1,0.05,5000,1.0,1.0,16
4,11,1,standard,1.0,0.1,0.05,5000,1.0,1.0,19
4,12,1,standard,1.0,0.1,0.05,5000,1.0,1.0,17
4,13,1,standard,1.0,0.1,0.05,5000,1.0,1.0,18
4,14,1,standard,1.0,0.1,0.05,5000,1.0,1.0,19
4,15,1,standard,1.0,0.1,0.05,5000,1.0,1.0,16
4,16,1,standard,1.0,0.1,0.05,5000,1.0,1.0,19
4,17,1,standard,1.0,0.1,0.05,5000,1.0,1.0,25
4,18,1,standard,1.0,0.1,0.05,5000,1.0,1.0,19
4,19,1,standard,1.0,0.1,0.05,5000,1.0,1.0,22
4,20,1,standard,1.0,0.1,0.05,5000,1.0,1.0,24
4,21,1,standard,1.0,0.1,0.05,5000,1.0,1.0,23
4,22,1,standard,1.0,0.1,0.05,5000,1.0,1.0,19
4,23,1,standard,1.0,0.1,0.05,5000,1.0,1.0,17
4,24,1,standard,1.0,0.1,0.05,5000,1.0,1.0,16
4,25,1,standard,1.0,0.1,0.05,5000,1.0,1.0,21
4,26,1,standard,1.0,0.1,0.05,5000,1.0,1.0,22
4,27,1,standard,1.0,0.1,0.05,5000,1.0,1.0,26
4,28,1,standard,1.0,0.1,0.05,5000,1.0,1.0,20
4,29,1,standard,1.0,0.1,0.05,5000,1.0,1.0,24
4,30,1,standard,1.0,0.1,0.05,5000,1.0,1.0,17
4,31,1,standard,1.0,0.1,0.05,5000,1.0,1.0,16
4,32,1,standard,1.0,0.1,0.05,5000,1.0,1.0,18
4,33,1,standard,1.0,0.1,0.05,5000,1.0,1.0,20
4,34,1,standard,1.0,0.1,0.05,5000,1.0,1.0,20
4,35,1,standard,1.0,0.1,0.05,5000,1.0,1.0,23
4,36,1,standard,1.0,0.1,0.05,5000,1.0,1.0,19
4,37,1,standard,1.0,0.1,0.05,5000,1.0,1.0,20
4,38,1,standard,1.0,0.1,0.05,5000,1.0,1.0,21
4,39,1,standard,1.0,0.1,0.05,5000,1.0,1.0,15
4,40,1,standard,1.0,0.1,0.05,5000,1.0,1.0,12
4,41,1,standard,1.0,0.1,0.05,5000,1.0,1.0,14
4,42,1,standard,1.0,0.1,0.05,5000,1.0,1.0,20
4,43,1,standard,1.0,0.1,0.05,5000,1.0,1.0,17
4,44,1,standard,1.0,0.1,0.05,5000,1.0,1.0,21
4,45,1,standard,1.0,0.1,0.05,5000,1.0,1.0,19
4,46,1,standard,1.0,0.1,0.05,5000,1.0,1.0,10
4,47,1,standard,1.0,0.1,0.05,5000,1.0,1.0,21
4,48,1,standard,1.0,0.1,0.05,5000,1.0,1.0,14
4,49,1,standard,1.0,0.1,0.05,5000,1.0,1.0,18
4,50,1,standard,1.0,0.1,0.05,5000,1.0,1.0,19
4,51,1,standard,1.0,0.1,0.05,5000,1.0,1.0,18
4,52,1,standard,1.0,0.1,0.05,5000,1.0,1.0,15
4,53,1,standard,1.0,0.1,0.05,5000,1.0,1.0,19
4,54,1,standard,1.0,0.1,0.05,5000,1.0,1.0,20
4,55,1,standard,1.0,0.1,0.05,5000,1.0,1.0,23
4,56,1,standard,1.0,0.1,0.05,5000,1.0,1.0,17
4,57,1,standard,1.0,0.1,0.05,5000,1.0,1.0,22
4,58,1,standard,1.0,0.1,0.05,5000,1.0,1.0,21
4,59,1,standard,1.0,0.1,0.05,5000,1.0,1.0,16
4,60,1,standard,1.0,0.1,0.05,5000,1.0,1.0,12
4,61,1,standard,1.0,0.1,0.05,5000,1.0,1.0,20
4,62,1,standard,1.0,0.1,0.05,5000,1.0,1.0,17
4,63,1,standard,1.0,0.1,0.05,5000,1.0,1.0,23
4,64,1,standard,1.0,0.1,0.05,5000,1.0,1.0,18
4,65,1,standard,1.0,0.1,0.05,5000,1.0,1.0,18
4,66,1,standard,1.0,0.1,0.05,5000,1.0,1.0,24
4,67,1,standard,1.0,0.1,0.05,5000,1.0,1.0,16
4,68,1,standard,1.0,0.1,0.05,5000,1.0,1.0,18
4,69,1,standard,1.0,0.1,0.05,5000,1.0,1.0,19
4,70,1,standard,1.0,0.1,0.05,5000,1.0,1.0,21
4,71,1,standard,1.0,0.1,0.05,5000,1.0,1.0,18
4,72,1,standard,1.0,0.1,0.05,5000,1.0,1.0,21
4,73,1,standard,1.0,0.1,0.05,5000,1.0,1.0,20
4,74,1,standard,1.0,0.1,0.05,5000,1.0,1.0,16
4,75,1,standard,1.0,0.1,0.05,5000,1.0,1.0,20
4,76,1,standard,1.0,0.1,0.05,5000,1.0,1.0,19
4,77,1,standard,1.0,0.1,0.05,5000,1.0,1.0,16
4,78,1,standard,1.0,0.1,0.05,5000,1.0,1.0,7
4,79,1,standard,1.0,0.1,0.05,5000,1.0,1.0,21
4,80,1,standard,1.0,0.1,0.05,5000,1.0,1.0,17
4,81,1,standard,1.0,0.1,0.05,5000,1.0,1.0,6
4,82,1,standard,1.0,0.1,0.05,5000,1.0,1.0,20
4,83,1,standard,1.0,0.1,0.05,5000,1.0,1.0,23
4,84,1,standard,1.0,0.1,0.05,5000,1.0,1.0,18
4,85,1,standard,1.0,0.1,0.05,5000,1.0,1.0,18
4,86,1,standard,1.0,0.1,0.05,5000,1.0,1.0,19
4,87,1,standard,1.0,0.1,0.05,5000,1.0,1.0,23
4,88,1,standard,1.0,0.1,0.05,5000,1.0,1.0,19
4,89,1,standard,1.0,0.1,0.05,5000,1.0,1.0,17
4,90,1,standard,1.0,0.1,0.05,5000,1.0,1.0,18
4,91,1,standard,1.0,0.1,0.05,5000,1.0,1.0,21
4,92,1,standard,1.0,0.1,0.05,5000,1.0,1.0,15
4,93,1,standard,1.0,0.1,0.05,5000,1.0,1.0,26
4,94,1,standard,1.0,0.1,0.05,5000,1.0,1.0,18
4,95,1,standard,1.0,0.1,0.05,5000,1.0,1.0,22
4,96,1,standard,1.0,0.1,0.05,5000,1.0,1.0,20
4,97,1,standard,1.0,0.1,0.05,5000,1.0,1.0,22
4,98,1,standard,1.0,0.1,0.05,5000,1.0,1.0,27
4,99,1,standard,1.0,0.1,0.05,5000,1.0,1.0,19
4,100,1,standard,1.0,0.1,0.05,5000,1.0,1.0,18
4,1,1,standard,1.0,0.2,0.05,5000,1.0,1.0,9
4,2,1,standard,1.0,0.2,0.05,5000,1.0,1.0,10
4,3,1,standard,1.0,0.2,0.05,5000,1.0,1.0,9
4,4,1,standard,1.0,0.2,0.05,5000,1.0,1.0,7
4,5,1,standard,1.0,0.2,0.05,5000,1.0,1.0,12
4,6,1,standard,1.0,0.2,0.05,5000,1.0,1.0,12
4,7,1,standard,1.0,0.2,0.05,5000,1.0,1.0,10
4,8,1,standard,1.0,0.2,0.05,5000,1.0,1.0,10
4,9,1,standard,1.0,0.2,0.05,5000,1.0,1.0,9
4,10,1,standard,1.0,0.2,0.05,5000,1.0,1.0,9
4,11,1,standard,1.0,0.2,0.05,5000,1.0,1.0,10
4,12,1,standard,1.0,0.2,0.05,5000,1.0,1.0,9
4,13,1,standard,1.0,0.2,0.05,5000,1.0,1.0,9
4,14,1,standard,1.0,0.2,0.05,5000,1.0,1.0,9
4,15,1,standard,1.0,0.2,0.05,5000,1.0,1.0,8
4,16,1,standard,1.0,0.2,0.05,5000,1.0,1.0,10
4,17,1,standard,1.0,0.2,0.05,5000,1.0,1.0,13
4,18,1,standard,1.0,0.2,0.05,5000,1.0,1.0,9
4,19,1,standard,1.0,0.2,0.05,5000,1.0,1.0,11
4,20,1,standard,1.0,0.2,0.05,5000,1.0,1.0,12
4,21,1,standard,1.0,0.2,0.05,5000,1.0,1.0,12
4,22,1,standard,1.0,0.2,0.05,5000,1.0,1.0,10
4,23,1,standard,1.0,0.2,0.05,5000,1.0,1.0,8
4,24,1,standard,1.0,0.2,0.05,5000,1.0,1.0,8
4,25,1,standard,1.0,0.2,0.05,5000,1.0,1.0,11
4,26,1,standard,1.0,0.2,0.05,5000,1.0,1.0,11
4,27,1,standard,1.0,0.2,0.05,5000,1.0,1.0,13
4,28,1,standard,1.0,0.2,0.05,5000,1.0,1.0,10
4,29,1,standard,1.0,0.2,0.05,5000,1.0,1.0,12
4,30,1,standard,1.0,0.2,0.05,5000,1.0,1.0,9
4,31,1,standard,1.0,0.2,0.05,5000,1.0,1.0,8
4,32,1,standard,1.0,0.2,0.05,5000,1.0,1.0,9
4,33,1,standard,1.0,0.2,0.05,5000,1.0,1.0,10
4,34,1,standard,1.0,0.2,0.05,5000,1.0,1.0,10
4,35,1,standard,1.0,0.2,0.05,5000,1.0,1.0,12
4,36,1,standard,1.0,0.2,0.05,5000,1.0,1.0,9
4,37,1,standard,1.0,0.2,0.05,5000,1.0,1.0,10
4,38,1,standard,1.0,0.2,0.05,5000,1.0,1.0,11
4,39,1,standard,1.0,0.2,0.05,5000,1.0,1.0,7
4,40,1,standard,1.0,0.2,0.05,5000,1.0,1.0,6
4,41,1,standard,1.0,0.2,0.05,5000,1.0,1.0,7
4,42,1,standard,1.0,0.2,0.05,5000,1.0,1.0,10
4,43,1,standard,1.0,0.2,0.05,5000,1.0,1.0,9
4,44,1,standard,1.0,0.2,0.05,5000,1.0,1.0,11
4,45,1,standard,1.0,0.2,0.05,5000,1.0,1.0,9
4,46,1,standard,1.0,0.2,0.05,5000,1.0,1.0,5
4,47,1,standard,1.0,0.2,0.05,5000,1.0,1.0,11
4,48,1,standard,1.0,0.2,0.05,5000,1.0,1.0,7
4,49,1,standard,1.0,0.2,0.05,5000,1.0,1.0,9
4,50,1,standard,1.0,0.2,0.05,5000,1.0,1.0,10
4,51,1,standard,1.0,0.2,0.05,5000,1.0,1.0,9
4,52,1,standard,1.0,0.2,0.05,5000,1.0,1.0,8
4,53,1,standard,1.0,0.2,0.05,5000,1.0,1.0,9
4,54,1,standard,1.0,0.2,0.05,5000,1.0,1.0,10
4,55,1,standard,1.0,0.2,0.05,5000,1.0,1.0,12
4,56,1,standard,1.0,0.2,0.05,5000,1.0,1.0,9
4,57,1,standard,1.0,0.2,0.05,5000,1.0,1.0,11
4,58,1,standard,1.0,0.2,0.05,5000,1.0,1.0,11
4,59,1,standard,1.0,0.2,0.05,5000,1.0,1.0,8
4,60,1,standard,1.0,0.2,0.05,5000,1.0,1.0,6
4,61,1,standard,1.0,0.2,0.05,5000,1.0,1.0,10
4,62,1,standard,1.0,0.2,0.05,5000,1.0,1.0,9
4,63,1,standard,1.0,0.2,0.05,5000,1.0,1.0,11
4,64,1,standard,1.0,0.2,0.05,5000,1.0,1.0,9
4,65,1,standard,1.0,0.2,0.05,5000,1.0,1.0,9
4,66,1,standard,1.0,0.2,0.05,5000,1.0,1.0,12
4,67,1,standard,1.0,0.2,0.05,5000,1.0,1.0,8
4,68,1,standard,1.0,0.2,0.05,5000,1.0,1.0,9
4,69,1,standard,1.0,0.2,0.05,5000,1.0,1.0,10
4,70,1,standard,1.0,0.2,0.05,5000,1.0,1.0,11
4,71,1,standard,1.0,0.2,0.05,5000,1.0,1.0,9
4,72,1,standard,1.0,0.2,0.05,5000,1.0,1.0,11
4,73,1,standard,1.0,0.2,0.05,5000,1.0,1.0,10
4,74,1,standard,1.0,0.2,0.05,5000,1.0,1.0,9
4,75,1,standard,1.0,0.2,0.05,5000,1.0,1.0,10
4,76,1,standard,1.0,0.2,0.05,5000,1.0,1.0,9
4,77,1,standard,1.0,0.2,0.05,5000,1.0,1.0,8
4,78,1,standard,1.0,0.2,0.05,5000,1.0,1.0,4
4,79,1,standard,1.0,0.2,0.05,5000,1.0,1.0,11
4,80,1,standard,1.0,0.2,0.05,5000,1.0,1.0,9
4,81,1,standard,1.0,0.2,0.05,5000,1.0,1.0,4
4,82,1,standard,1.0,0.2,0.05,5000,1.0,1.0,10
4,83,1,standard,1.0,0.2,0.05,5000,1.0,1.0,11
4,84,1,standard,1.0,0.2,0.05,5000,1.0,1.0,9
4,85,1,standard,1.0,0.2,0.05,5000,1.0,1.0,9
4,86,1,standard,1.0,0.2,0.05,5000,1.0,1.0,9
4,87,1,standard,1.0,0.2,0.05,5000,1.0,1.0,12
4,88,1,standard,1.0,0.2,0.05,5000,1.0,1.0,10
4,89,1,standard,1.0,0.2,0.05,5000,1.0,1.0,9
4,90,1,standard,1.0,0.2,0.05,5000,1.0,1.0,9
4,91,1,standard,1.0,0.2,0.05,5000,1.0,1.0,11
4,92,1,standard,1.0,0.2,0.05,5000,1.0,1.0,8
4,93,1,standard,1.0,0.2,0.05,5000,1.0,1.0,13
4,94,1,standard,1.0,0.2,0.05,5000,1.0,1.0,9
4,95,1,standard,1.0,0.2,0.05,5000,1.0,1.0,11
4,96,1,standard,1.0,0.2,0.05,5000,1.0,1.0,10
4,97,1,standard,1.0,0.2,0.05,5000,1.0,1.0,11
4,98,1,standard,1.0,0.2,0.05,5000,1.0,1.0,13
4,99,1,standard,1.0,0.2,0.05,5000,1.0,1.0,10
4,100,1,standard,1.0,0.2,0.05,5000,1.0,1.0,9
4,1,1,standard,1.0,0.3,0.05,5000,1.0,1.0,6
4,2,1,standard,1.0,0.3,0.05,5000,1.0,1.0,7
4,3,1,standard,1.0,0.3,0.05,5000,1.0,1.0,6
4,4,1,standard,1.0,0.3,0.05,5000,1.0,1.0,5
4,5,1,standard,1.0,0.3,0.05,5000,1.0,1.0,8
4,6,1,standard,1.0,0.3,0.05,5000,1.0,1.0,8
4,7,1,standard,1.0,0.3,0.05,5000,1.0,1.0,7
4,8,1,standard,1.0,0.3,0.05,5000,1.0,1.0,6
4,9,1,standard,1.0,0.3,0.05,5000,1.0,1.0,6
4,10,1,standard,1.0,0.3,0.05,5000,1.0,1.0,6
4,11,1,standard,1.0,0.3,0.05,5000,1.0,1.0,6
4,12,1,standard,1.0,0.3,0.05,5000,1.0,1.0,6
4,13,1,standard,1.0,0.3,0.05,5000,1.0,1.0,6
4,14,1,standard,1.0,0.3,0.05,5000,1.0,1.0,6
4,15,1,standard,1.0,0.3,0.05,5000,1.0,1.0,5
4,16,1,standard,1.0,0.3,0.05,5000,1.0,1.0,6
4,17,1,standard,1.0,0.3,0.05,5000,1.0,1.0,9
4,18,1,standard,1.0,0.3,0.05,5000,1.0,1.0,6
4,19,1,standard,1.0,0.3,0.05,5000,1.0,1.0,7
4,20,1,standard,1.0,0.3,0.05,5000,1.0,1.0,8
4,21,1,standard,1.0,0.3,0.05,5000,1.0,1.0,8
4,22,1,standard,1.0,0.3,0.05,5000,1.0,1.0,6
4,23,1,standard,1.0,0.3,0.05,5000,1.0,1.0,6
4,24,1,standard,1.0,0.3,0.05,5000,1.0,1.0,5
4,25,1,standard,1.0,0.3,0.05,5000,1.0,1.0,7
4,26,1,standard,1.0,0.3,0.05,5000,1.0,1.0,7
4,27,1,standard,1.0,0.3,0.05,5000,1.0,1.0,9
4,28,1,standard,1.0,0.3,0.05,5000,1.0,1.0,7
4,29,1,standard,1.0,0.3,0.05,5000,1.0,1.0,8
4,30,1,standard,1.0,0.3,0.05,5000,1.0,1.0,6
4,31,1,standard,1.0,0.3,0.05,5000,1.0,1.0,5
4,32,1,standard,1.0,0.3,0.05,5000,1.0,1.0,6
4,33,1,standard,1.0,0.3,0.05,5000,1.0,1.0,7
4,34,1,standard,1.0,0.3,0.05,5000,1.0,1.0,7
4,35,1,standard,1.0,0.3,0.05,5000,1.0,1.0,8
4,36,1,standard,1.0,0.3,0.05,5000,1.0,1.0,6
4,37,1,standard,1.0,0.3,0.05,5000,1.0,1.0,7
4,38,1,standard,1.0,0.3,0.05,5000,1.0,1.0,7
4,39,1,standard,1.0,0.3,0.05,5000,1.0,1.0,5
4,40,1,standard,1.0,0.3,0.05,5000,1.0,1.0,5
4,41,1,standard,1.0,0.3,0.05,5000,1.0,1.0,5
4,42,1,standard,1.0,0.3,0.05,5000,1.0,1.0,7
4,43,1,standard,1.0,0.3,0.05,5000,1.0,1.0,6
4,44,1,standard,1.0,0.3,0.05,5000,1.0,1.0,7
4,45,1,standard,1.0,0.3,0.05,5000,1.0,1.0,6
4,46,1,standard,1.0,0.3,0.05,5000,1.0,1.0,4
4,47,1,standard,1.0,0.3,0.05,5000,1.0,1.0,7
4,48,1,standard,1.0,0.3,0.05,5000,1.0,1.0,5
4,49,1,standard,1.0,0.3,0.05,5000,1.0,1.0,6
4,50,1,standard,1.0,0.3,0.05,5000,1.0,1.0,6
4,51,1,standard,1.0,0.3,0.05,5000,1.0,1.0,6
4,52,1,standard,1.0,0.3,0.05,5000,1.0,1.0,5
4,53,1,standard,1.0,0.3,0.05,5000,1.0,1.0,6
4,54,1,standard,1.0,0.3,0.05,5000,1.0,1.0,7
4,55,1,standard,1.0,0.3,0.05,5000,1.0,1.0,8
4,56,1,standard,1.0,0.3,0.05,5000,1.0,1.0,6
4,57,1,standard,1.0,0.3,0.05,5000,1.0,1.0,8
4,58,1,standard,1.0,0.3,0.05,5000,1.0,1.0,7
4,59,1,standard,1.0,0.3,0.05,5000,1.0,1.0,5
4,60,1,standard,1.0,0.3,0.05,5000,1.0,1.0,4
4,61,1,standard,1.0,0.3,0.05,5000,1.0,1.0,7
4,62,1,standard,1.0,0.3,0.05,5000,1.0,1.0,6
4,63,1,standard,1.0,0.3,0.05,5000,1.0,1.0,8
4,64,1,standard,1.0,0.3,0.05,5000,1.0,1.0,6
4,65,1,standard,1.0,0.3,0.05,5000,1.0,1.0,6
4,66,1,standard,1.0,0.3,0.05,5000,1.0,1.0,8
4,67,1,standard,1.0,0.3,0.05,5000,1.0,1.0,6
4,68,1,standard,1.0,0.3,0.05,5000,1.0,1.0,6
4,69,1,standard,1.0,0.3,0.05,5000,1.0,1.0,7
4,70,1,standard,1.0,0.3,0.05,5000,1.0,1.0,7
4,71,1,standard,1.0,0.3,0.05,5000,1.0,1.0,6
4,72,1,standard,1.0,0.3,0.05,5000,1.0,1.0,7
4,73,1,standard,1.0,0.3,0.05,5000,1.0,1.0,7
4,74,1,standard,1.0,0.3,0.05,5000,1.0,1.0,6
4,75,1,standard,1.0,0.3,0.05,5000,1.0,1.0,7
4,76,1,standard,1.0,0.3,0.05,5000,1.0,1.0,6
4,77,1,standard,1.0,0.3,0.05,5000,1.0,1.0,6
4,78,1,standard,1.0,0.3,0.05,5000,1.0,1.0,3
4,79,1,standard,1.0,0.3,0.05,5000,1.0,1.0,7
4,80,1,standard,1.0,0.3,0.05,5000,1.0,1.0,6
4,81,1,standard,1.0,0.3,0.05,5000,1.0,1.0,3
4,82,1,standard,1.0,0.3,0.05,5000,1.0,1.0,7
4,83,1,standard,1.0,0.3,0.05,5000,1.0,1.0,8
4,84,1,standard,1.0,0.3,0.05,5000,1.0,1.0,6
4,85,1,standard,1.0,0.3,0.05,5000,1.0,1.0,6
4,86,1,standard,1.0,0.3,0.05,5000,1.0,1.0,6
4,87,1,standard,1.0,0.3,0.05,5000,1.0,1.0,8
4,88,1,standard,1.0,0.3,0.05,5000,1.0,1.0,6
4,89,1,standard,1.0,0.3,0.05,5000,1.0,1.0,6
4,90,1,standard,1.0,0.3,0.05,5000,1.0,1.0,6
4,91,1,standard,1.0,0.3,0.05,5000,1.0,1.0,7
4,92,1,standard,1.0,0.3,0.05,5000,1.0,1.0,5
4,93,1,standard,1.0,0.3,0.05,5000,1.0,1.0,9
4,94,1,standard,1.0,0.3,0.05,5000,1.0,1.0,6
4,95,1,standard,1.0,0.3,0.05,5000,1.0,1.0,8
4,96,1,standard,1.0,0.3,0.05,5000,1.0,1.0,7
4,97,1,standard,1.0,0.3,0.05,5000,1.0,1.0,8
4,98,1,standard,1.0,0.3,0.05,5000,1.0,1.0,9
4,99,1,standard,1.0,0.3,0.05,5000,1.0,1.0,7
4,100,1,standard,1.0,0.3,0.05,5000,1.0,1.0,6
4,1,1,standard,1.0,0.4,0.05,5000,1.0,1.0,5
4,2,1,standard,1.0,0.4,0.05,5000,1.0,1.0,5
4,3,1,standard,1.0,0.4,0.05,5000,1.0,1.0,4
4,4,1,standard,1.0,0.4,0.05,5000,1.0,1.0,3
4,5,1,standard,1.0,0.4,0.05,5000,1.0,1.0,6
4,6,1,standard,1.0,0.4,0.05,5000,1.0,1.0,6
4,7,1,standard,1.0,0.4,0.05,5000,1.0,1.0,5
4,8,1,standard,1.0,0.4,0.05,5000,1.0,1.0,5
4,9,1,standard,1.0,0.4,0.05,5000,1.0,1.0,4
4,10,1,standard,1.0,0.4,0.05,5000,1.0,1.0,5
4,11,1,standard,1.0,0.4,0.05,5000,1.0,1.0,5
4,12,1,standard,1.0,0.4,0.05,5000,1.0,1.0,5
4,13,1,standard,1.0,0.4,0.05,5000,1.0,1.0,4
4,14,1,standard,1.0,0.4,0.05,5000,1.0,1.0,5
4,15,1,standard,1.0,0.4,0.05,5000,1.0,1.0,4
4,16,1,standard,1.0,0.4,0.05,5000,1.0,1.0,5
4,17,1,standard,1.0,0.4,0.05,5000,1.0,1.0,6
4,18,1,standard,1.0,0.4,0.05,5000,1.0,1.0,5
4,19,1,standard,1.0,0.4,0.05,5000,1.0,1.0,6
4,20,1,standard,1.0,0.4,0.05,5000,1.0,1.0,6
4,21,1,standard,1.0,0.4,0.05,5000,1.0,1.0,6
4,22,1,standard,1.0,0.4,0.05,5000,1.0,1.0,5
4,23,1,standard,1.0,0.4,0.05,5000,1.0,1.0,4
4,24,1,standard,1.0,0.4,0.05,5000,1.0,1.0,4
4,25,1,standard,1.0,0.4,0.05,5000,1.0,1.0,5
4,26,1,standard,1.0,0.4,0.05,5000,1.0,1.0,6
4,27,1,standard,1.0,0.4,0.05,5000,1.0,1.0,7
4,28,1,standard,1.0,0.4,0.05,5000,1.0,1.0,5
4,29,1,standard,1.0,0.4,0.05,5000,1.0,1.0,6
4,30,1,standard,1.0,0.4,0.05,5000,1.0,1.0,4
4,31,1,standard,1.0,0.4,0.05,5000,1.0,1.0,4
4,32,1,standard,1.0,0.4,0.05,5000,1.0,1.0,4
4,33,1,standard,1.0,0.4,0.05,5000,1.0,1.0,5
4,34,1,standard,1.0,0.4,0.05,5000,1.0,1.0,5
4,35,1,standard,1.0,0.4,0.05,5000,1.0,1.0,6
4,36,1,standard,1.0,0.4,0.05,5000,1.0,1.0,5
4,37,1,standard,1.0,0.4,0.05,5000,1.0,1.0,5
4,38,1,standard,1.0,0.4,0.05,5000,1.0,1.0,6
4,39,1,standard,1.0,0.4,0.05,5000,1.0,1.0,4
4,40,1,standard,1.0,0.4,0.05,5000,1.0,1.0,4
4,41,1,standard,1.0,0.4,0.05,5000,1.0,1.0,4
4,42,1,standard,1.0,0.4,0.05,5000,1.0,1.0,5
4,43,1,standard,1.0,0.4,0.05,5000,1.0,1.0,5
4,44,1,standard,1.0,0.4,0.05,5000,1.0,1.0,5
4,45,1,standard,1.0,0.4,0.05,5000,1.0,1.0,5
4,46,1,standard,1.0,0.4,0.05,5000,1.0,1.0,3
4,47,1,standard,1.0,0.4,0.05,5000,1.0,1.0,6
4,48,1,standard,1.0,0.4,0.05,5000,1.0,1.0,3
4,49,1,standard,1.0,0.4,0.05,5000,1.0,1.0,4
4,50,1,standard,1.0,0.4,0.05,5000,1.0,1.0,5
4,51,1,standard,1.0,0.4,0.05,5000,1.0,1.0,4
4,52,1,standard,1.0,0.4,0.05,5000,1.0,1.0,4
4,53,1,standard,1.0,0.4,0.05,5000,1.0,1.0,5
4,54,1,standard,1.0,0.4,0.05,5000,1.0,1.0,5
4,55,1,standard,1.0,0.4,0.05,5000,1.0,1.0,6
4,56,1,standard,1.0,0.4,0.05,5000,1.0,1.0,5
4,57,1,standard,1.0,0.4,0.05,5000,1.0,1.0,6
4,58,1,standard,1.0,0.4,0.05,5000,1.0,1.0,6
4,59,1,standard,1.0,0.4,0.05,5000,1.0,1.0,4
4,60,1,standard,1.0,0.4,0.05,5000,1.0,1.0,3
4,61,1,standard,1.0,0.4,0.05,5000,1.0,1.0,5
4,62,1,standard,1.0,0.4,0.05,5000,1.0,1.0,5
4,63,1,standard,1.0,0.4,0.05,5000,1.0,1.0,6
4,64,1,standard,1.0,0.4,0.05,5000,1.0,1.0,5
4,65,1,standard,1.0,0.4,0.05,5000,1.0,1.0,4
4,66,1,standard,1.0,0.4,0.05,5000,1.0,1.0,6
4,67,1,standard,1.0,0.4,0.05,5000,1.0,1.0,4
4,68,1,standard,1.0,0.4,0.05,5000,1.0,1.0,4
4,69,1,standard,1.0,0.4,0.05,5000,1.0,1.0,5
4,70,1,standard,1.0,0.4,0.05,5000,1.0,1.0,6
4,71,1,standard,1.0,0.4,0.05,5000,1.0,1.0,4
4,72,1,standard,1.0,0.4,0.05,5000,1.0,1.0,5
4,73,1,standard,1.0,0.4,0.05,5000,1.0,1.0,5
4,74,1,standard,1.0,0.4,0.05,5000,1.0,1.0,5
4,75,1,standard,1.0,0.4,0.05,5000,1.0,1.0,5
4,76,1,standard,1.0,0.4,0.05,5000,1.0,1.0,5
4,77,1,standard,1.0,0.4,0.05,5000,1.0,1.0,4
4,78,1,standard,1.0,0.4,0.05,5000,1.0,1.0,3
4,79,1,standard,1.0,0.4,0.05,5000,1.0,1.0,6
4,80,1,standard,1.0,0.4,0.05,5000,1.0,1.0,4
4,81,1,standard,1.0,0.4,0.05,5000,1.0,1.0,2
4,82,1,standard,1.0,0.4,0.05,5000,1.0,1.0,5
4,83,1,standard,1.0,0.4,0.05,5000,1.0,1.0,6
4,84,1,standard,1.0,0.4,0.05,5000,1.0,1.0,5
4,85,1,standard,1.0,0.4,0.05,5000,1.0,1.0,4
4,86,1,standard,1.0,0.4,0.05,5000,1.0,1.0,5
4,87,1,standard,1.0,0.4,0.05,5000,1.0,1.0,6
4,88,1,standard,1.0,0.4,0.05,5000,1.0,1.0,5
4,89,1,standard,1.0,0.4,0.05,5000,1.0,1.0,5
4,90,1,standard,1.0,0.4,0.05,5000,1.0,1.0,4
4,91,1,standard,1.0,0.4,0.05,5000,1.0,1.0,6
4,92,1,standard,1.0,0.4,0.05,5000,1.0,1.0,4
4,93,1,standard,1.0,0.4,0.05,5000,1.0,1.0,7
4,94,1,standard,1.0,0.4,0.05,5000,1.0,1.0,4
4,95,1,standard,1.0,0.4,0.05,5000,1.0,1.0,6
4,96,1,standard,1.0,0.4,0.05,5000,1.0,1.0,5
4,97,1,standard,1.0,0.4,0.05,5000,1.0,1.0,6
4,98,1,standard,1.0,0.4,0.05,5000,1.0,1.0,7
4,99,1,standard,1.0,0.4,0.05,5000,1.0,1.0,5
4,100,1,standard,1.0,0.4,0.05,5000,1.0,1.0,4
4,1,1,standard,1.0,0.5,0.05,5000,1.0,1.0,4
4,2,1,standard,1.0,0.5,0.05,5000,1.0,1.0,4
4,3,1,standard,1.0,0.5,0.05,5000,1.0,1.0,3
4,4,1,standard,1.0,0.5,0.05,5000,1.0,1.0,3
4,5,1,standard,1.0,0.5,0.05,5000,1.0,1.0,5
4,6,1,standard,1.0,0.5,0.05,5000,1.0,1.0,5
4,7,1,standard,1.0,0.5,0.05,5000,1.0,1.0,4
4,8,1,standard,1.0,0.5,0.05,5000,1.0,1.0,4
4,9,1,standard,1.0,0.5,0.05,5000,1.0,1.0,4
4,10,1,standard,1.0,0.5,0.05,5000,1.0,1.0,4
4,11,1,standard,1.0,0.5,0.05,5000,1.0,1.0,4
4,12,1,standard,1.0,0.5,0.05,5000,1.0,1.0,4
4,13,1,standard,1.0,0.5,0.05,5000,1.0,1.0,3
4,14,1,standard,1.0,0.5,0.05,5000,1.0,1.0,4
4,15,1,standard,1.0,0.5,0.05,5000,1.0,1.0,3
4,16,1,standard,1.0,0.5,0.05,5000,1.0,1.0,4
4,17,1,standard,1.0,0.5,0.05,5000,1.0,1.0,5
4,18,1,standard,1.0,0.5,0.05,5000,1.0,1.0,4
4,19,1,standard,1.0,0.5,0.05,5000,1.0,1.0,5
4,20,1,standard,1.0,0.5,0.05,5000,1.0,1.0,5
4,21,1,standard,1.0,0.5,0.05,5000,1.0,1.0,5
4,22,1,standard,1.0,0.5,0.05,5000,1.0,1.0,4
4,23,1,standard,1.0,0.5,0.05,5000,1.0,1.0,3
4,24,1,standard,1.0,0.5,0.05,5000,1.0,1.0,3
4,25,1,standard,1.0,0.5,0.05,5000,1.0,1.0,4
4,26,1,standard,1.0,0.5,0.05,5000,1.0,1.0,5
4,27,1,standard,1.0,0.5,0.05,5000,1.0,1.0,5
4,28,1,standard,1.0,0.5,0.05,5000,1.0,1.0,4
4,29,1,standard,1.0,0.5,0.05,5000,1.0,1.0,5
4,30,1,standard,1.0,0.5,0.05,5000,1.0,1.0,3
4,31,1,standard,1.0,0.5,0.05,5000,1.0,1.0,4
4,32,1,standard,1.0,0.5,0.05,5000,1.0,1.0,4
4,33,1,standard,1.0,0.5,0.05,5000,1.0,1.0,4
4,34,1,standard,1.0,0.5,0.05,5000,1.0,1.0,4
4,35,1,standard,1.0,0.5,0.05,5000,1.0,1.0,5
4,36,1,standard,1.0,0.5,0.05,5000,1.0,1.0,4
4,37,1,standard,1.0,0.5,0.05,5000,1.0,1.0,4
4,38,1,standard,1.0,0.5,0.05,5000,1.0,1.0,5
4,39,1,standard,1.0,0.5,0.05,5000,1.0,1.0,3
4,40,1,standard,1.0,0.5,0.05,5000,1.0,1.0,3
4,41,1,standard,1.0,0.5,0.05,5000,1.0,1.0,3
4,42,1,standard,1.0,0.5,0.05,5000,1.0,1.0,4
4,43,1,standard,1.0,0.5,0.05,5000,1.0,1.0,4
4,44,1,standard,1.0,0.5,0.05,5000,1.0,1.0,4
4,45,1,standard,1.0,0.5,0.05,5000,1.0,1.0,4
4,46,1,standard,1.0,0.5,0.05,5000,1.0,1.0,2
4,47,1,standard,1.0,0.5,0.05,5000,1.0,1.0,4
4,48,1,standard,1.0,0.5,0.05,5000,1.0,1.0,3
4,49,1,standard,1.0,0.5,0.05,5000,1.0,1.0,4
4,50,1,standard,1.0,0.5,0.05,5000,1.0,1.0,4
4,51,1,standard,1.0,0.5,0.05,5000,1.0,1.0,3
4,52,1,standard,1.0,0.5,0.05,5000,1.0,1.0,4
4,53,1,standard,1.0,0.5,0.05,5000,1.0,1.0,3
4,54,1,standard,1.0,0.5,0.05,5000,1.0,1.0,4
4,55,1,standard,1.0,0.5,0.05,5000,1.0,1.0,5
4,56,1,standard,1.0,0.5,0.05,5000,1.0,1.0,4
4,57,1,standard,1.0,0.5,0.05,5000,1.0,1.0,5
4,58,1,standard,1.0,0.5,0.05,5000,1.0,1.0,5
4,59,1,standard,1.0,0.5,0.05,5000,1.0,1.0,3
4,60,1,standard,1.0,0.5,0.05,5000,1.0,1.0,3
4,61,1,standard,1.0,0.5,0.05,5000,1.0,1.0,4
4,62,1,standard,1.0,0.5,0.05,5000,1.0,1.0,4
4,63,1,standard,1.0,0.5,0.05,5000,1.0,1.0,5
4,64,1,standard,1.0,0.5,0.05,5000,1.0,1.0,4
4,65,1,standard,1.0,0.5,0.05,5000,1.0,1.0,3
4,66,1,standard,1.0,0.5,0.05,5000,1.0,1.0,5
4,67,1,standard,1.0,0.5,0.05,5000,1.0,1.0,3
4,68,1,standard,1.0,0.5,0.05,5000,1.0,1.0,4
4,69,1,standard,1.0,0.5,0.05,5000,1.0,1.0,4
4,70,1,standard,1.0,0.5,0.05,5000,1.0,1.0,5
4,71,1,standard,1.0,0.5,0.05,5000,1.0,1.0,4
4,72,1,standard,1.0,0.5,0.05,5000,1.0,1.0,4
4,73,1,standard,1.0,0.5,0.05,5000,1.0,1.0,4
4,74,1,standard,1.0,0.5,0.05,5000,1.0,1.0,4
4,75,1,standard,1.0,0.5,0.05,5000,1.0,1.0,4
4,76,1,standard,1.0,0.5,0.05,5000,1.0,1.0,4
4,77,1,standard,1.0,0.5,0.05,5000,1.0,1.0,4
4,78,1,standard,1.0,0.5,0.05,5000,1.0,1.0,2
4,79,1,standard,1.0,0.5,0.05,5000,1.0,1.0,4
4,80,1,standard,1.0,0.5,0.05,5000,1.0,1.0,3
4,81,1,standard,1.0,0.5,0.05,5000,1.0,1.0,2
4,82,1,standard,1.0,0.5,0.05,5000,1.0,1.0,4
4,83,1,standard,1.0,0.5,0.05,5000,1.0,1.0,5
4,84,1,standard,1.0,0.5,0.05,5000,1.0,1.0,4
4,85,1,standard,1.0,0.5,0.05,5000,1.0,1.0,3
4,86,1,standard,1.0,0.5,0.05,5000,1.0,1.0,4
4,87,1,standard,1.0,0.5,0.05,5000,1.0,1.0,5
4,88,1,standard,1.0,0.5,0.05,5000,1.0,1.0,4
4,89,1,standard,1.0,0.5,0.05,5000,1.0,1.0,4
4,90,1,standard,1.0,0.5,0.05,5000,1.0,1.0,4
4,91,1,standard,1.0,0.5,0.05,5000,1.0,1.0,4
4,92,1,standard,1.0,0.5,0.05,5000,1.0,1.0,3
4,93,1,standard,1.0,0.5,0.05,5000,1.0,1.0,5
4,94,1,standard,1.0,0.5,0.05,5000,1.0,1.0,4
4,95,1,standard,1.0,0.5,0.05,5000,1.0,1.0,5
4,96,1,standard,1.0,0.5,0.05,5000,1.0,1.0,4
4,97,1,standard,1.0,0.5,0.05,5000,1.0,1.0,5
4,98,1,standard,1.0,0.5,0.05,5000,1.0,1.0,5
4,99,1,standard,1.0,0.5,0.05,5000,1.0,1.0,4
4,100,1,standard,1.0,0.5,0.05,5000,1.0,1.0,3
4,1,1,standard,1.0,0.6,0.05,5000,1.0,1.0,3
4,2,1,standard,1.0,0.6,0.05,5000,1.0,1.0,3
4,3,1,standard,1.0,0.6,0.05,5000,1.0,1.0,4
4,4,1,standard,1.0,0.6,0.05,5000,1.0,1.0,2
4,5,1,standard,1.0,0.6,0.05,5000,1.0,1.0,4
4,6,1,standard,1.0,0.6,0.05,5000,1.0,1.0,4
4,7,1,standard,1.0,0.6,0.05,5000,1.0,1.0,4
4,8,1,standard,1.0,0.6,0.05,5000,1.0,1.0,4
4,9,1,standard,1.0,0.6,0.05,5000,1.0,1.0,4
4,10,1,standard,1.0,0.6,0.05,5000,1.0,1.0,3
4,11,1,standard,1.0,0.6,0.05,5000,1.0,1.0,4
4,12,1,standard,1.0,0.6,0.05,5000,1.0,1.0,3
4,13,1,standard,1.0,0.6,0.05,5000,1.0,1.0,4
4,14,1,standard,1.0,0.6,0.05,5000,1.0,1.0,4
4,15,1,standard,1.0,0.6,0.05,5000,1.0,1.0,4
4,16,1,standard,1.0,0.6,0.05,5000,1.0,1.0,3
4,17,1,standard,1.0,0.6,0.05,5000,1.0,1.0,4
4,18,1,standard,1.0,0.6,0.05,5000,1.0,1.0,4
4,19,1,standard,1.0,0.6,0.05,5000,1.0,1.0,4
4,20,1,standard,1.0,0.6,0.05,5000,1.0,1.0,4
4,21,1,standard,1.0,0.6,0.05,5000,1.0,1.0,4
4,22,1,standard,1.0,0.6,0.05,5000,1.0,1.0,4
4,23,1,standard,1.0,0.6,0.05,5000,1.0,1.0,4
4,24,1,standard,1.0,0.6,0.05,5000,1.0,1.0,4
4,25,1,standard,1.0,0.6,0.05,5000,1.0,1.0,4
4,26,1,standard,1.0,0.6,0.05,5000,1.0,1.0,4
4,27,1,standard,1.0,0.6,0.05,5000,1.0,1.0,4
4,28,1,standard,1.0,0.6,0.05,5000,1.0,1.0,4
4,29,1,standard,1.0,0.6,0.05,5000,1.0,1.0,4
4,30,1,standard,1.0,0.6,0.05,5000,1.0,1.0,4
4,31,1,standard,1.0,0.6,0.05,5000,1.0,1.0,3
4,32,1,standard,1.0,0.6,0.05,5000,1.0,1.0,4
4,33,1,standard,1.0,0.6,0.05,5000,1.0,1.0,4
4,34,1,standard,1.0,0.6,0.05,5000,1.0,1.0,4
4,35,1,standard,1.0,0.6,0.05,5000,1.0,1.0,4
4,36,1,standard,1.0,0.6,0.05,5000,1.0,1.0,4
4,37,1,standard,1.0,0.6,0.05,5000,1.0,1.0,4
4,38,1,standard,1.0,0.6,0.05,5000,1.0,1.0,4
4,39,1,standard,1.0,0.6,0.05,5000,1.0,1.0,3
4,40,1,standard,1.0,0.6,0.05,5000,1.0,1.0,3
4,41,1,standard,1.0,0.6,0.05,5000,1.0,1.0,3
4,42,1,standard,1.0,0.6,0.05,5000,1.0,1.0,3
4,43,1,standard,1.0,0.6,0.05,5000,1.0,1.0,4
4,44,1,standard,1.0,0.6,0.05,5000,1.0,1.0,4
4,45,1,standard,1.0,0.6,0.05,5000,1.0,1.0,4
4,46,1,standard,1.0,0.6,0.05,5000,1.0,1.0,3
4,47,1,standard,1.0,0.6,0.05,5000,1.0,1.0,4
4,48,1,standard,1.0,0.6,0.05,5000,1.0,1.0,3
4,49,1,standard,1.0,0.6,0.05,5000,1.0,1.0,4
4,50,1,standard,1.0,0.6,0.05,5000,1.0,1.0,4
4,51,1,standard,1.0,0.6,0.05,5000,1.0,1.0,4
4,52,1,standard,1.0,0.6,0.05,5000,1.0,1.0,3
4,53,1,standard,1.0,0.6,0.05,5000,1.0,1.0,4
4,54,1,standard,1.0,0.6,0.05,5000,1.0,1.0,4
4,55,1,standard,1.0,0.6,0.05,5000,1.0,1.0,4
4,56,1,standard,1.0,0.6,0.05,5000,1.0,1.0,3
4,57,1,standard,1.0,0.6,0.05,5000,1.0,1.0,4
4,58,1,standard,1.0,0.6,0.05,5000,1.0,1.0,4
4,59,1,standard,1.0,0.6,0.05,5000,1.0,1.0,4
4,60,1,standard,1.0,0.6,0.05,5000,1.0,1.0,2
4,61,1,standard,1.0,0.6,0.05,5000,1.0,1.0,3
4,62,1,standard,1.0,0.6,0.05,5000,1.0,1.0,3
4,63,1,standard,1.0,0.6,0.05,5000,1.0,1.0,4
4,64,1,standard,1.0,0.6,0.05,5000,1.0,1.0,3
4,65,1,standard,1.0,0.6,0.05,5000,1.0,1.0,4
4,66,1,standard,1.0,0.6,0.05,5000,1.0,1.0,4
4,67,1,standard,1.0,0.6,0.05,5000,1.0,1.0,3
4,68,1,standard,1.0,0.6,0.05,5000,1.0,1.0,4
4,69,1,standard,1.0,0.6,0.05,5000,1.0,1.0,3
4,70,1,standard,1.0,0.6,0.05,5000,1.0,1.0,4
4,71,1,standard,1.0,0.6,0.05,5000,1.0,1.0,4
4,72,1,standard,1.0,0.6,0.05,5000,1.0,1.0,4
4,73,1,standard,1.0,0.6,0.05,5000,1.0,1.0,4
4,74,1,standard,1.0,0.6,0.05,5000,1.0,1.0,3
4,75,1,standard,1.0,0.6,0.05,5000,1.0,1.0,3
4,76,1,standard,1.0,0.6,0.05,5000,1.0,1.0,4
4,77,1,standard,1.0,0.6,0.05,5000,1.0,1.0,3
4,78,1,standard,1.0,0.6,0.05,5000,1.0,1.0,2
4,79,1,standard,1.0,0.6,0.05,5000,1.0,1.0,4
4,80,1,standard,1.0,0.6,0.05,5000,1.0,1.0,4
4,81,1,standard,1.0,0.6,0.05,5000,1.0,1.0,2
4,82,1,standard,1.0,0.6,0.05,5000,1.0,1.0,4
4,83,1,standard,1.0,0.6,0.05,5000,1.0,1.0,4
4,84,1,standard,1.0,0.6,0.05,5000,1.0,1.0,4
4,85,1,standard,1.0,0.6,0.05,5000,1.0,1.0,4
4,86,1,standard,1.0,0.6,0.05,5000,1.0,1.0,4
4,87,1,standard,1.0,0.6,0.05,5000,1.0,1.0,4
4,88,1,standard,1.0,0.6,0.05,5000,1.0,1.0,4
4,89,1,standard,1.0,0.6,0.05,5000,1.0,1.0,3
4,90,1,standard,1.0,0.6,0.05,5000,1.0,1.0,4
4,91,1,standard,1.0,0.6,0.05,5000,1.0,1.0,4
4,92,1,standard,1.0,0.6,0.05,5000,1.0,1.0,3
4,93,1,standard,1.0,0.6,0.05,5000,1.0,1.0,4
4,94,1,standard,1.0,0.6,0.05,5000,1.0,1.0,4
4,95,1,standard,1.0,0.6,0.05,5000,1.0,1.0,4
4,96,1,standard,1.0,0.6,0.05,5000,1.0,1.0,4
4,97,1,standard,1.0,0.6,0.05,5000,1.0,1.0,4
4,98,1,standard,1.0,0.6,0.05,5000,1.0,1.0,4
4,99,1,standard,1.0,0.6,0.05,5000,1.0,1.0,3
4,100,1,standard,1.0,0.6,0.05,5000,1.0,1.0,4
4,1,1,standard,1.0,0.7,0.05,5000,1.0,1.0,3
4,2,1,standard,1.0,0.7,0.05,5000,1.0,1.0,3
4,3,1,standard,1.0,0.7,0.05,5000,1.0,1.0,3
4,4,1,standard,1.0,0.7,0.05,5000,1.0,1.0,3
4,5,1,standard,1.0,0.7,0.05,5000,1.0,1.0,4
4,6,1,standard,1.0,0.7,0.05,5000,1.0,1.0,3
4,7,1,standard,1.0,0.7,0.05,5000,1.0,1.0,3
4,8,1,standard,1.0,0.7,0.05,5000,1.0,1.0,4
4,9,1,standard,1.0,0.7,0.05,5000,1.0,1.0,4
4,10,1,standard,1.0,0.7,0.05,5000,1.0,1.0,3
4,11,1,standard,1.0,0.7,0.05,5000,1.0,1.0,4
4,12,1,standard,1.0,0.7,0.05,5000,1.0,1.0,3
4,13,1,standard,1.0,0.7,0.05,5000,1.0,1.0,3
4,14,1,standard,1.0,0.7,0.05,5000,1.0,1.0,4
4,15,1,standard,1.0,0.7,0.05,5000,1.0,1.0,3
4,16,1,standard,1.0,0.7,0.05,5000,1.0,1.0,4
4,17,1,standard,1.0,0.7,0.05,5000,1.0,1.0,3
4,18,1,standard,1.0,0.7,0.05,5000,1.0,1.0,3
4,19,1,standard,1.0,0.7,0.05,5000,1.0,1.0,3
4,20,1,standard,1.0,0.7,0.05,5000,1.0,1.0,3
4,21,1,standard,1.0,0.7,0.05,5000,1.0,1.0,4
4,22,1,standard,1.0,0.7,0.05,5000,1.0,1.0,4
4,23,1,standard,1.0,0.7,0.05,5000,1.0,1.0,3
4,24,1,standard,1.0,0.7,0.05,5000,1.0,1.0,3
4,25,1,standard,1.0,0.7,0.05,5000,1.0,1.0,3
4,26,1,standard,1.0,0.7,0.05,5000,1.0,1.0,3
4,27,1,standard,1.0,0.7,0.05,5000,1.0,1.0,4
4,28,1,standard,1.0,0.7,0.05,5000,1.0,1.0,3
4,29,1,standard,1.0,0.7,0.05,5000,1.0,1.0,3
4,30,1,standard,1.0,0.7,0.05,5000,1.0,1.0,4
4,31,1,standard,1.0,0.7,0.05,5000,1.0,1.0,2
4,32,1,standard,1.0,0.7,0.05,5000,1.0,1.0,4
4,33,1,standard,1.0,0.7,0.05,5000,1.0,1.0,3
4,34,1,standard,1.0,0.7,0.05,5000,1.0,1.0,3
4,35,1,standard,1.0,0.7,0.05,5000,1.0,1.0,3
4,36,1,standard,1.0,0.7,0.05,5000,1.0,1.0,3
4,37,1,standard,1.0,0.7,0.05,5000,1.0,1.0,3
4,38,1,standard,1.0,0.7,0.05,5000,1.0,1.0,3
4,39,1,standard,1.0,0.7,0.05,5000,1.0,1.0,3
4,40,1,standard,1.0,0.7,0.05,5000,1.0,1.0,3
4,41,1,standard,1.0,0.7,0.05,5000,1.0,1.0,2
4,42,1,standard,1.0,0.7,0.05,5000,1.0,1.0,3
4,43,1,standard,1.0,0.7,0.05,5000,1.0,1.0,3
4,44,1,standard,1.0,0.7,0.05,5000,1.0,1.0,3
4,45,1,standard,1.0,0.7,0.05,5000,1.0,1.0,3
4,46,1,standard,1.0,0.7,0.05,5000,1.0,1.0,3
4,47,1,standard,1.0,0.7,0.05,5000,1.0,1.0,3
4,48,1,standard,1.0,0.7,0.05,5000,1.0,1.0,3
4,49,1,standard,1.0,0.7,0.05,5000,1.0,1.0,4
4,50,1,standard,1.0,0.7,0.05,5000,1.0,1.0,4
4,51,1,standard,1.0,0.7,0.05,5000,1.0,1.0,3
4,52,1,standard,1.0,0.7,0.05,5000,1.0,1.0,3
4,53,1,standard,1.0,0.7,0.05,5000,1.0,1.0,4
4,54,1,standard,1.0,0.7,0.05,5000,1.0,1.0,4
4,55,1,standard,1.0,0.7,0.05,5000,1.0,1.0,3
4,56,1,standard,1.0,0.7,0.05,5000,1.0,1.0,3
4,57,1,standard,1.0,0.7,0.05,5000,1.0,1.0,3
4,58,1,standard,1.0,0.7,0.05,5000,1.0,1.0,3
4,59,1,standard,1.0,0.7,0.05,5000,1.0,1.0,2
4,60,1,standard,1.0,0.7,0.05,5000,1.0,1.0,3
4,61,1,standard,1.0,0.7,0.05,5000,1.0,1.0,3
4,62,1,standard,1.0,0.7,0.05,5000,1.0,1.0,3
4,63,1,standard,1.0,0.7,0.05,5000,1.0,1.0,3
4,64,1,standard,1.0,0.7,0.05,5000,1.0,1.0,3
4,65,1,standard,1.0,0.7,0.05,5000,1.0,1.0,3
4,66,1,standard,1.0,0.7,0.05,5000,1.0,1.0,3
4,67,1,standard,1.0,0.7,0.05,5000,1.0,1.0,3
4,68,1,standard,1.0,0.7,0.05,5000,1.0,1.0,4
4,69,1,standard,1.0,0.7,0.05,5000,1.0,1.0,3
4,70,1,standard,1.0,0.7,0.05,5000,1.0,1.0,3
4,71,1,standard,1.0,0.7,0.05,5000,1.0,1.0,3
4,72,1,standard,1.0,0.7,0.05,5000,1.0,1.0,4
4,73,1,standard,1.0,0.7,0.05,5000,1.0,1.0,3
4,74,1,standard,1.0,0.7,0.05,5000,1.0,1.0,3
4,75,1,standard,1.0,0.7,0.05,5000,1.0,1.0,3
4,76,1,standard,1.0,0.7,0.05,5000,1.0,1.0,4
4,77,1,standard,1.0,0.7,0.05,5000,1.0,1.0,3
4,78,1,standard,1.0,0.7,0.05,5000,1.0,1.0,2
4,79,1,standard,1.0,0.7,0.05,5000,1.0,1.0,3
4,80,1,standard,1.0,0.7,0.05,5000,1.0,1.0,3
4,81,1,standard,1.0,0.7,0.05,5000,1.0,1.0,3
4,82,1,standard,1.0,0.7,0.05,5000,1.0,1.0,4
4,83,1,standard,1.0,0.7,0.05,5000,1.0,1.0,3
4,84,1,standard,1.0,0.7,0.05,5000,1.0,1.0,3
4,85,1,standard,1.0,0.7,0.05,5000,1.0,1.0,3
4,86,1,standard,1.0,0.7,0.05,5000,1.0,1.0,4
4,87,1,standard,1.0,0.7,0.05,5000,1.0,1.0,3
4,88,1,standard,1.0,0.7,0.05,5000,1.0,1.0,4
4,89,1,standard,1.0,0.7,0.05,5000,1.0,1.0,3
4,90,1,standard,1.0,0.7,0.05,5000,1.0,1.0,4
4,91,1,standard,1.0,0.7,0.05,5000,1.0,1.0,3
4,92,1,standard,1.0,0.7,0.05,5000,1.0,1.0,3
4,93,1,standard,1.0,0.7,0.05,5000,1.0,1.0,3
4,94,1,standard,1.0,0.7,0.05,5000,1.0,1.0,3
4,95,1,standard,1.0,0.7,0.05,5000,1.0,1.0,3
4,96,1,standard,1.0,0.7,0.05,5000,1.0,1.0,3
4,97,1,standard,1.0,0.7,0.05,5000,1.0,1.0,3
4,98,1,standard,1.0,0.7,0.05,5000,1.0,1.0,4
4,99,1,standard,1.0,0.7,0.05,5000,1.0,1.0,3
4,100,1,standard,1.0,0.7,0.05,5000,1.0,1.0,4
4,1,1,standard,1.0,0.8,0.05,5000,1.0,1.0,4
4,2,1,standard,1.0,0.8,0.05,5000,1.0,1.0,4
4,3,1,standard,1.0,0.8,0.05,5000,1.0,1.0,3
4,4,1,standard,1.0,0.8,0.05,5000,1.0,1.0,4
4,5,1,standard,1.0,0.8,0.05,5000,1.0,1.0,3
4,6,1,standard,1.0,0.8,0.05,5000,1.0,1.0,4
4,7,1,standard,1.0,0.8,0.05,5000,1.0,1.0,4
4,8,1,standard,1.0,0.8,0.05,5000,1.0,1.0,2
4,9,1,standard,1.0,0.8,0.05,5000,1.0,1.0,2
4,10,1,standard,1.0,0.8,0.05,5000,1.0,1.0,3
4,11,1,standard,1.0,0.8,0.05,5000,1.0,1.0,2
4,12,1,standard,1.0,0.8,0.05,5000,1.0,1.0,4
4,13,1,standard,1.0,0.8,0.05,5000,1.0,1.0,3
4,14,1,standard,1.0,0.8,0.05,5000,1.0,1.0,2
4,15,1,standard,1.0,0.8,0.05,5000,1.0,1.0,3
4,16,1,standard,1.0,0.8,0.05,5000,1.0,1.0,2
4,17,1,standard,1.0,0.8,0.05,5000,1.0,1.0,4
4,18,1,standard,1.0,0.8,0.05,5000,1.0,1.0,3
4,19,1,standard,1.0,0.8,0.05,5000,1.0,1.0,3
4,20,1,standard,1.0,0.8,0.05,5000,1.0,1.0,3
4,21,1,standard,1.0,0.8,0.05,5000,1.0,1.0,3
4,22,1,standard,1.0,0.8,0.05,5000,1.0,1.0,2
4,23,1,standard,1.0,0.8,0.05,5000,1.0,1.0,3
4,24,1,standard,1.0,0.8,0.05,5000,1.0,1.0,3
4,25,1,standard,1.0,0.8,0.05,5000,1.0,1.0,4
4,26,1,standard,1.0,0.8,0.05,5000,1.0,1.0,3
4,27,1,standard,1.0,0.8,0.05,5000,1.0,1.0,4
4,28,1,standard,1.0,0.8,0.05,5000,1.0,1.0,3
4,29,1,standard,1.0,0.8,0.05,5000,1.0,1.0,3
4,30,1,standard,1.0,0.8,0.05,5000,1.0,1.0,2
4,31,1,standard,1.0,0.8,0.05,5000,1.0,1.0,4
4,32,1,standard,1.0,0.8,0.05,5000,1.0,1.0,2
4,33,1,standard,1.0,0.8,0.05,5000,1.0,1.0,4
4,34,1,standard,1.0,0.8,0.05,5000,1.0,1.0,3
4,35,1,standard,1.0,0.8,0.05,5000,1.0,1.0,3
4,36,1,standard,1.0,0.8,0.05,5000,1.0,1.0,3
4,37,1,standard,1.0,0.8,0.05,5000,1.0,1.0,4
4,38,1,standard,1.0,0.8,0.05,5000,1.0,1.0,4
4,39,1,standard,1.0,0.8,0.05,5000,1.0,1.0,4
4,40,1,standard,1.0,0.8,0.05,5000,1.0,1.0,4
4,41,1,standard,1.0,0.8,0.05,5000,1.0,1.0,4
4,42,1,standard,1.0,0.8,0.05,5000,1.0,1.0,4
4,43,1,standard,1.0,0.8,0.05,5000,1.0,1.0,3
4,44,1,standard,1.0,0.8,0.05,5000,1.0,1.0,3
4,45,1,standard,1.0,0.8,0.05,5000,1.0,1.0,3
4,46,1,standard,1.0,0.8,0.05,5000,1.0,1.0,4
4,47,1,standard,1.0,0.8,0.05,5000,1.0,1.0,4
4,48,1,standard,1.0,0.8,0.05,5000,1.0,1.0,4
4,49,1,standard,1.0,0.8,0.05,5000,1.0,1.0,2
4,50,1,standard,1.0,0.8,0.05,5000,1.0,1.0,3
4,51,1,standard,1.0,0.8,0.05,5000,1.0,1.0,3
4,52,1,standard,1.0,0.8,0.05,5000,1.0,1.0,4
4,53,1,standard,1.0,0.8,0.05,5000,1.0,1.0,3
4,54,1,standard,1.0,0.8,0.05,5000,1.0,1.0,3
4,55,1,standard,1.0,0.8,0.05,5000,1.0,1.0,4
4,56,1,standard,1.0,0.8,0.05,5000,1.0,1.0,4
4,57,1,standard,1.0,0.8,0.05,5000,1.0,1.0,4
4,58,1,standard,1.0,0.8,0.05,5000,1.0,1.0,4
4,59,1,standard,1.0,0.8,0.05,5000,1.0,1.0,3
4,60,1,standard,1.0,0.8,0.05,5000,1.0,1.0,4
4,61,1,standard,1.0,0.8,0.05,5000,1.0,1.0,4
4,62,1,standard,1.0,0.8,0.05,5000,1.0,1.0,4
4,63,1,standard,1.0,0.8,0.05,5000,1.0,1.0,3
4,64,1,standard,1.0,0.8,0.05,5000,1.0,1.0,4
4,65,1,standard,1.0,0.8,0.05,5000,1.0,1.0,3
4,66,1,standard,1.0,0.8,0.05,5000,1.0,1.0,3
4,67,1,standard,1.0,0.8,0.05,5000,1.0,1.0,4
4,68,1,standard,1.0,0.8,0.05,5000,1.0,1.0,2
4,69,1,standard,1.0,0.8,0.05,5000,1.0,1.0,4
4,70,1,standard,1.0,0.8,0.05,5000,1.0,1.0,4
4,71,1,standard,1.0,0.8,0.05,5000,1.0,1.0,3
4,72,1,standard,1.0,0.8,0.05,5000,1.0,1.0,3
4,73,1,standard,1.0,0.8,0.05,5000,1.0,1.0,4
4,74,1,standard,1.0,0.8,0.05,5000,1.0,1.0,4
4,75,1,standard,1.0,0.8,0.05,5000,1.0,1.0,4
4,76,1,standard,1.0,0.8,0.05,5000,1.0,1.0,2
4,77,1,standard,1.0,0.8,0.05,5000,1.0,1.0,4
4,78,1,standard,1.0,0.8,0.05,5000,1.0,1.0,2
4,79,1,standard,1.0,0.8,0.05,5000,1.0,1.0,3
4,80,1,standard,1.0,0.8,0.05,5000,1.0,1.0,2
4,81,1,standard,1.0,0.8,0.05,5000,1.0,1.0,3
4,82,1,standard,1.0,0.8,0.05,5000,1.0,1.0,3
4,83,1,standard,1.0,0.8,0.05,5000,1.0,1.0,4
4,84,1,standard,1.0,0.8,0.05,5000,1.0,1.0,3
4,85,1,standard,1.0,0.8,0.05,5000,1.0,1.0,3
4,86,1,standard,1.0,0.8,0.05,5000,1.0,1.0,2
4,87,1,standard,1.0,0.8,0.05,5000,1.0,1.0,4
4,88,1,standard,1.0,0.8,0.05,5000,1.0,1.0,3
4,89,1,standard,1.0,0.8,0.05,5000,1.0,1.0,4
4,90,1,standard,1.0,0.8,0.05,5000,1.0,1.0,2
4,91,1,standard,1.0,0.8,0.05,5000,1.0,1.0,4
4,92,1,standard,1.0,0.8,0.05,5000,1.0,1.0,4
4,93,1,standard,1.0,0.8,0.05,5000,1.0,1.0,4
4,94,1,standard,1.0,0.8,0.05,5000,1.0,1.0,3
4,95,1,standard,1.0,0.8,0.05,5000,1.0,1.0,4
4,96,1,standard,1.0,0.8,0.05,5000,1.0,1.0,4
4,97,1,standard,1.0,0.8,0.05,5000,1.0,1.0,4
4,98,1,standard,1.0,0.8,0.05,5000,1.0,1.0,4
4,99,1,standard,1.0,0.8,0.05,5000,1.0,1.0,4
4,100,1,standard,1.0,0.8,0.05,5000,1.0,1.0,3
4,1,1,standard,1.0,0.9,0.05,5000,1.0,1.0,7
4,2,1,standard,1.0,0.9,0.05,5000,1.0,1.0,7
4,3,1,standard,1.0,0.9,0.05,5000,1.0,1.0,7
4,4,1,standard,1.0,0.9,0.05,5000,1.0,1.0,7
4,5,1,standard,1.0,0.9,0.05,5000,1.0,1.0,6
4,6,1,standard,1.0,0.9,0.05,5000,1.0,1.0,7
4,7,1,standard,1.0,0.9,0.05,5000,1.0,1.0,7
4,8,1,standard,1.0,0.9,0.05,5000,1.0,1.0,7
4,9,1,standard,1.0,0.9,0.05,5000,1.0,1.0,7
4,10,1,standard,1.0,0.9,0.05,5000,1.0,1.0,5
4,11,1,standard,1.0,0.9,0.05,5000,1.0,1.0,7
4,12,1,standard,1.0,0.9,0.05,5000,1.0,1.0,7
4,13,1,standard,1.0,0.9,0.05,5000,1.0,1.0,7
4,14,1,standard,1.0,0.9,0.05,5000,1.0,1.0,7
4,15,1,standard,1.0,0.9,0.05,5000,1.0,1.0,7
4,16,1,standard,1.0,0.9,0.05,5000,1.0,1.0,6
4,17,1,standard,1.0,0.9,0.05,5000,1.0,1.0,7
4,18,1,standard,1.0,0.9,0.05,5000,1.0,1.0,7
4,19,1,standard,1.0,0.9,0.05,5000,1.0,1.0,7
4,20,1,standard,1.0,0.9,0.05,5000,1.0,1.0,7
4,21,1,standard,1.0,0.9,0.05,5000,1.0,1.0,7
4,22,1,standard,1.0,0.9,0.05,5000,1.0,1.0,7
4,23,1,standard,1.0,0.9,0.05,5000,1.0,1.0,7
4,24,1,standard,1.0,0.9,0.05,5000,1.0,1.0,7
4,25,1,standard,1.0,0.9,0.05,5000,1.0,1.0,7
4,26,1,standard,1.0,0.9,0.05,5000,1.0,1.0,7
4,27,1,standard,1.0,0.9,0.05,5000,1.0,1.0,7
4,28,1,standard,1.0,0.9,0.05,5000,1.0,1.0,7
4,29,1,standard,1.0,0.9,0.05,5000,1.0,1.0,7
4,30,1,standard,1.0,0.9,0.05,5000,1.0,1.0,7
4,31,1,standard,1.0,0.9,0.05,5000,1.0,1.0,7
4,32,1,standard,1.0,0.9,0.05,5000,1.0,1.0,7
4,33,1,standard,1.0,0.9,0.05,5000,1.0,1.0,7
4,34,1,standard,1.0,0.9,0.05,5000,1.0,1.0,7
4,35,1,standard,1.0,0.9,0.05,5000,1.0,1.0,5
4,36,1,standard,1.0,0.9,0.05,5000,1.0,1.0,7
4,37,1,standard,1.0,0.9,0.05,5000,1.0,1.0,7
4,38,1,standard,1.0,0.9,0.05,5000,1.0,1.0,6
4,39,1,standard,1.0,0.9,0.05,5000,1.0,1.0,7
4,40,1,standard,1.0,0.9,0.05,5000,1.0,1.0,6
4,41,1,standard,1.0,0.9,0.05,5000,1.0,1.0,7
4,42,1,standard,1.0,0.9,0.05,5000,1.0,1.0,7
4,43,1,standard,1.0,0.9,0.05,5000,1.0,1.0,5
4,44,1,standard,1.0,0.9,0.05,5000,1.0,1.0,7
4,45,1,standard,1.0,0.9,0.05,5000,1.0,1.0,7
4,46,1,standard,1.0,0.9,0.05,5000,1.0,1.0,7
4,47,1,standard,1.0,0.9,0.05,5000,1.0,1.0,7
4,48,1,standard,1.0,0.9,0.05,5000,1.0,1.0,7
4,49,1,standard,1.0,0.9,0.05,5000,1.0,1.0,7
4,50,1,standard,1.0,0.9,0.05,5000,1.0,1.0,7
4,51,1,standard,1.0,0.9,0.05,5000,1.0,1.0,7
4,52,1,standard,1.0,0.9,0.05,5000,1.0,1.0,7
4,53,1,standard,1.0,0.9,0.05,5000,1.0,1.0,7
4,54,1,standard,1.0,0.9,0.05,5000,1.0,1.0,7
4,55,1,standard,1.0,0.9,0.05,5000,1.0,1.0,7
4,56,1,standard,1.0,0.9,0.05,5000,1.0,1.0,7
4,57,1,standard,1.0,0.9,0.05,5000,1.0,1.0,7
4,58,1,standard,1.0,0.9,0.05,5000,1.0,1.0,7
4,59,1,standard,1.0,0.9,0.05,5000,1.0,1.0,7
4,60,1,standard,1.0,0.9,0.05,5000,1.0,1.0,7
4,61,1,standard,1.0,0.9,0.05,5000,1.0,1.0,7
4,62,1,standard,1.0,0.9,0.05,5000,1.0,1.0,7
4,63,1,standard,1.0,0.9,0.05,5000,1.0,1.0,7
4,64,1,standard,1.0,0.9,0.05,5000,1.0,1.0,7
4,65,1,standard,1.0,0.9,0.05,5000,1.0,1.0,7
4,66,1,standard,1.0,0.9,0.05,5000,1.0,1.0,7
4,67,1,standard,1.0,0.9,0.05,5000,1.0,1.0,7
4,68,1,standard,1.0,0.9,0.05,5000,1.0,1.0,7
4,69,1,standard,1.0,0.9,0.05,5000,1.0,1.0,7
4,70,1,standard,1.0,0.9,0.05,5000,1.0,1.0,7
4,71,1,standard,1.0,0.9,0.05,5000,1.0,1.0,7
4,72,1,standard,1.0,0.9,0.05,5000,1.0,1.0,7
4,73,1,standard,1.0,0.9,0.05,5000,1.0,1.0,7
4,74,1,standard,1.0,0.9,0.05,5000,1.0,1.0,7
4,75,1,standard,1.0,0.9,0.05,5000,1.0,1.0,7
4,76,1,standard,1.0,0.9,0.05,5000,1.0,1.0,7
4,77,1,standard,1.0,0.9,0.05,5000,1.0,1.0,7
4,78,1,standard,1.0,0.9,0.05,5000,1.0,1.0,2
4,79,1,standard,1.0,0.9,0.05,5000,1.0,1.0,7
4,80,1,standard,1.0,0.9,0.05,5000,1.0,1.0,7
4,81,1,standard,1.0,0.9,0.05,5000,1.0,1.0,5
4,82,1,standard,1.0,0.9,0.05,5000,1.0,1.0,7
4,83,1,standard,1.0,0.9,0.05,5000,1.0,1.0,7
4,84,1,standard,1.0,0.9,0.05,5000,1.0,1.0,7
4,85,1,standard,1.0,0.9,0.05,5000,1.0,1.0,7
4,86,1,standard,1.0,0.9,0.05,5000,1.0,1.0,6
4,87,1,standard,1.0,0.9,0.05,5000,1.0,1.0,7
4,88,1,standard,1.0,0.9,0.05,5000,1.0,1.0,7
4,89,1,standard,1.0,0.9,0.05,5000,1.0,1.0,7
4,90,1,standard,1.0,0.9,0.05,5000,1.0,1.0,7
4,91,1,standard,1.0,0.9,0.05,5000,1.0,1.0,7
4,92,1,standard,1.0,0.9,0.05,5000,1.0,1.0,7
4,93,1,standard,1.0,0.9,0.05,5000,1.0,1.0,7
4,94,1,standard,1.0,0.9,0.05,5000,1.0,1.0,7
4,95,1,standard,1.0,0.9,0.05,5000,1.0,1.0,7
4,96,1,standard,1.0,0.9,0.05,5000,1.0,1.0,7
4,97,1,standard,1.0,0.9,0.05,5000,1.0,1.0,7
4,98,1,standard,1.0,0.9,0.05,5000,1.0,1.0,7
4,99,1,standard,1.0,0.9,0.05,5000,1.0,1.0,7
4,100,1,standard,1.0,0.9,0.05,5000,1.0,1.0,7
4,1,1,standard,1.0,1.0,0.05,5000,1.0,1.0,57
4,2,1,standard,1.0,1.0,0.05,5000,1.0,1.0,57
4,3,1,standard,1.0,1.0,0.05,5000,1.0,1.0,55
4,4,1,standard,1.0,1.0,0.05,5000,1.0,1.0,55
4,5,1,standard,1.0,1.0,0.05,5000,1.0,1.0,57
4,6,1,standard,1.0,1.0,0.05,5000,1.0,1.0,57
4,7,1,standard,1.0,1.0,0.05,5000,1.0,1.0,55
4,8,1,standard,1.0,1.0,0.05,5000,1.0,1.0,55
4,9,1,standard,1.0,1.0,0.05,5000,1.0,1.0,55
4,10,1,standard,1.0,1.0,0.05,5000,1.0,1.0,57
4,11,1,standard,1.0,1.0,0.05,5000,1.0,1.0,55
4,12,1,standard,1.0,1.0,0.05,5000,1.0,1.0,59
4,13,1,standard,1.0,1.0,0.05,5000,1.0,1.0,55
4,14,1,standard,1.0,1.0,0.05,5000,1.0,1.0,55
4,15,1,standard,1.0,1.0,0.05,5000,1.0,1.0,55
4,16,1,standard,1.0,1.0,0.05,5000,1.0,1.0,55
4,17,1,standard,1.0,1.0,0.05,5000,1.0,1.0,55
4,18,1,standard,1.0,1.0,0.05,5000,1.0,1.0,55
4,19,1,standard,1.0,1.0,0.05,5000,1.0,1.0,55
4,20,1,standard,1.0,1.0,0.05,5000,1.0,1.0,55
4,21,1,standard,1.0,1.0,0.05,5000,1.0,1.0,55
4,22,1,standard,1.0,1.0,0.05,5000,1.0,1.0,55
4,23,1,standard,1.0,1.0,0.05,5000,1.0,1.0,55
4,24,1,standard,1.0,1.0,0.05,5000,1.0,1.0,55
4,25,1,standard,1.0,1.0,0.05,5000,1.0,1.0,55
4,26,1,standard,1.0,1.0,0.05,5000,1.0,1.0,55
4,27,1,standard,1.0,1.0,0.05,5000,1.0,1.0,57
4,28,1,standard,1.0,1.0,0.05,5000,1.0,1.0,55
4,29,1,standard,1.0,1.0,0.05,5000,1.0,1.0,57
4,30,1,standard,1.0,1.0,0.05,5000,1.0,1.0,55
4,31,1,standard,1.0,1.0,0.05,5000,1.0,1.0,55
4,32,1,standard,1.0,1.0,0.05,5000,1.0,1.0,55
4,33,1,standard,1.0,1.0,0.05,5000,1.0,1.0,55
4,34,1,standard,1.0,1.0,0.05,5000,1.0,1.0,55
4,35,1,standard,1.0,1.0,0.05,5000,1.0,1.0,57
4,36,1,standard,1.0,1.0,0.05,5000,1.0,1.0,55
4,37,1,standard,1.0,1.0,0.05,5000,1.0,1.0,55
4,38,1,standard,1.0,1.0,0.05,5000,1.0,1.0,57
4,39,1,standard,1.0,1.0,0.05,5000,1.0,1.0,55
4,40,1,standard,1.0,1.0,0.05,5000,1.0,1.0,57
4,41,1,standard,1.0,1.0,0.05,5000,1.0,1.0,55
4,42,1,standard,1.0,1.0,0.05,5000,1.0,1.0,57
4,43,1,standard,1.0,1.0,0.05,5000,1.0,1.0,49
4,44,1,standard,1.0,1.0,0.05,5000,1.0,1.0,55
4,45,1,standard,1.0,1.0,0.05,5000,1.0,1.0,55
4,46,1,standard,1.0,1.0,0.05,5000,1.0,1.0,55
4,47,1,standard,1.0,1.0,0.05,5000,1.0,1.0,55
4,48,1,standard,1.0,1.0,0.05,5000,1.0,1.0,55
4,49,1,standard,1.0,1.0,0.05,5000,1.0,1.0,55
4,50,1,standard,1.0,1.0,0.05,5000,1.0,1.0,55
4,51,1,standard,1.0,1.0,0.05,5000,1.0,1.0,55
4,52,1,standard,1.0,1.0,0.05,5000,1.0,1.0,57
4,53,1,standard,1.0,1.0,0.05,5000,1.0,1.0,55
4,54,1,standard,1.0,1.0,0.05,5000,1.0,1.0,55
4,55,1,standard,1.0,1.0,0.05,5000,1.0,1.0,57
4,56,1,standard,1.0,1.0,0.05,5000,1.0,1.0,55
4,57,1,standard,1.0,1.0,0.05,5000,1.0,1.0,55
4,58,1,standard,1.0,1.0,0.05,5000,1.0,1.0,55
4,59,1,standard,1.0,1.0,0.05,5000,1.0,1.0,55
4,60,1,standard,1.0,1.0,0.05,5000,1.0,1.0,55
4,61,1,standard,1.0,1.0,0.05,5000,1.0,1.0,57
4,62,1,standard,1.0,1.0,0.05,5000,1.0,1.0,57
4,63,1,standard,1.0,1.0,0.05,5000,1.0,1.0,55
4,64,1,standard,1.0,1.0,0.05,5000,1.0,1.0,59
4,65,1,standard,1.0,1.0,0.05,5000,1.0,1.0,55
4,66,1,standard,1.0,1.0,0.05,5000,1.0,1.0,55
4,67,1,standard,1.0,1.0,0.05,5000,1.0,1.0,57
4,68,1,standard,1.0,1.0,0.05,5000,1.0,1.0,55
4,69,1,standard,1.0,1.0,0.05,5000,1.0,1.0,57
4,70,1,standard,1.0,1.0,0.05,5000,1.0,1.0,55
4,71,1,standard,1.0,1.0,0.05,5000,1.0,1.0,55
4,72,1,standard,1.0,1.0,0.05,5000,1.0,1.0,55
4,73,1,standard,1.0,1.0,0.05,5000,1.0,1.0,55
4,74,1,standard,1.0,1.0,0.05,5000,1.0,1.0,57
4,75,1,standard,1.0,1.0,0.05,5000,1.0,1.0,55
4,76,1,standard,1.0,1.0,0.05,5000,1.0,1.0,55
4,77,1,standard,1.0,1.0,0.05,5000,1.0,1.0,55
4,78,1,standard,1.0,1.0,0.05,5000,1.0,1.0,2
4,79,1,standard,1.0,1.0,0.05,5000,1.0,1.0,55
4,80,1,standard,1.0,1.0,0.05,5000,1.0,1.0,55
4,81,1,standard,1.0,1.0,0.05,5000,1.0,1.0,55
4,82,1,standard,1.0,1.0,0.05,5000,1.0,1.0,55
4,83,1,standard,1.0,1.0,0.05,5000,1.0,1.0,57
4,84,1,standard,1.0,1.0,0.05,5000,1.0,1.0,55
4,85,1,standard,1.0,1.0,0.05,5000,1.0,1.0,55
4,86,1,standard,1.0,1.0,0.05,5000,1.0,1.0,55
4,87,1,standard,1.0,1.0,0.05,5000,1.0,1.0,55
4,88,1,standard,1.0,1.0,0.05,5000,1.0,1.0,55
4,89,1,standard,1.0,1.0,0.05,5000,1.0,1.0,57
4,90,1,standard,1.0,1.0,0.05,5000,1.0,1.0,55
4,91,1,standard,1.0,1.0,0.05,5000,1.0,1.0,55
4,92,1,standard,1.0,1.0,0.05,5000,1.0,1.0,55
4,93,1,standard,1.0,1.0,0.05,5000,1.0,1.0,55
4,94,1,standard,1.0,1.0,0.05,5000,1.0,1.0,55
4,95,1,standard,1.0,1.0,0.05,5000,1.0,1.0,55
4,96,1,standard,1.0,1.0,0.05,5000,1.0,1.0,55
4,97,1,standard,1.0,1.0,0.05,5000,1.0,1.0,57
4,98,1,standard,1.0,1.0,0.05,5000,1.0,1.0,55
4,99,1,standard,1.0,1.0,0.05,5000,1.0,1.0,59
4,100,1,standard,1.0,1.0,0.05,5000,1.0,1.0,55
5,1,1,standard,1.0,0.1,0.05,5000,1.0,1.0,15
5,2,1,standard,1.0,0.1,0.05,5000,1.0,1.0,16
5,3,1,standard,1.0,0.1,0.05,5000,1.0,1.0,18
5,4,1,standard,1.0,0.1,0.05,5000,1.0,1.0,15
5,5,1,standard,1.0,0.1,0.05,5000,1.0,1.0,23
5,6,1,standard,1.0,0.1,0.05,5000,1.0,1.0,20
5,7,1,standard,1.0,0.1,0.05,5000,1.0,1.0,18
5,8,1,standard,1.0,0.1,0.05,5000,1.0,1.0,20
5,9,1,standard,1.0,0.1,0.05,5000,1.0,1.0,20
5,10,1,standard,1.0,0.1,0.05,5000,1.0,1.0,17
5,11,1,standard,1.0,0.1,0.05,5000,1.0,1.0,19
5,12,1,standard,1.0,0.1,0.05,5000,1.0,1.0,17
5,13,1,standard,1.0,0.1,0.05,5000,1.0,1.0,20
5,14,1,standard,1.0,0.1,0.05,5000,1.0,1.0,19
5,15,1,standard,1.0,0.1,0.05,5000,1.0,1.0,16
5,16,1,standard,1.0,0.1,0.05,5000,1.0,1.0,20
5,17,1,standard,1.0,0.1,0.05,5000,1.0,1.0,22
5,18,1,standard,1.0,0.1,0.05,5000,1.0,1.0,18
5,19,1,standard,1.0,0.1,0.05,5000,1.0,1.0,21
5,20,1,standard,1.0,0.1,0.05,5000,1.0,1.0,21
5,21,1,standard,1.0,0.1,0.05,5000,1.0,1.0,21
5,22,1,standard,1.0,0.1,0.05,5000,1.0,1.0,20
5,23,1,standard,1.0,0.1,0.05,5000,1.0,1.0,17
5,24,1,standard,1.0,0.1,0.05,5000,1.0,1.0,19
5,25,1,standard,1.0,0.1,0.05,5000,1.0,1.0,19
5,26,1,standard,1.0,0.1,0.05,5000,1.0,1.0,20
5,27,1,standard,1.0,0.1,0.05,5000,1.0,1.0,25
5,28,1,standard,1.0,0.1,0.05,5000,1.0,1.0,21
5,29,1,standard,1.0,0.1,0.05,5000,1.0,1.0,24
5,30,1,standard,1.0,0.1,0.05,5000,1.0,1.0,19
5,31,1,standard,1.0,0.1,0.05,5000,1.0,1.0,16
5,32,1,standard,1.0,0.1,0.05,5000,1.0,1.0,18
5,33,1,standard,1.0,0.1,0.05,5000,1.0,1.0,20
5,34,1,standard,1.0,0.1,0.05,5000,1.0,1.0,20
5,35,1,standard,1.0,0.1,0.05,5000,1.0,1.0,21
5,36,1,standard,1.0,0.1,0.05,5000,1.0,1.0,19
5,37,1,standard,1.0,0.1,0.05,5000,1.0,1.0,18
5,38,1,standard,1.0,0.1,0.05,5000,1.0,1.0,21
5,39,1,standard,1.0,0.1,0.05,5000,1.0,1.0,15
5,40,1,standard,1.0,0.1,0.05,5000,1.0,1.0,21
5,41,1,standard,1.0,0.1,0.05,5000,1.0,1.0,16
5,42,1,standard,1.0,0.1,0.05,5000,1.0,1.0,22
5,43,1,standard,1.0,0.1,0.05,5000,1.0,1.0,16
5,44,1,standard,1.0,0.1,0.05,5000,1.0,1.0,19
5,45,1,standard,1.0,0.1,0.05,5000,1.0,1.0,18
5,46,1,standard,1.0,0.1,0.05,5000,1.0,1.0,12
5,47,1,standard,1.0,0.1,0.05,5000,1.0,1.0,18
5,48,1,standard,1.0,0.1,0.05,5000,1.0,1.0,15
5,49,1,standard,1.0,0.1,0.05,5000,1.0,1.0,20
5,50,1,standard,1.0,0.1,0.05,5000,1.0,1.0,19
5,51,1,standard,1.0,0.1,0.05,5000,1.0,1.0,19
5,52,1,standard,1.0,0.1,0.05,5000,1.0,1.0,14
5,53,1,standard,1.0,0.1,0.05,5000,1.0,1.0,18
5,54,1,standard,1.0,0.1,0.05,5000,1.0,1.0,19
5,55,1,standard,1.0,0.1,0.05,5000,1.0,1.0,22
5,56,1,standard,1.0,0.1,0.05,5000,1.0,1.0,19
5,57,1,standard,1.0,0.1,0.05,5000,1.0,1.0,21
5,58,1,standard,1.0,0.1,0.05,5000,1.0,1.0,19
5,59,1,standard,1.0,0.1,0.05,5000,1.0,1.0,17
5,60,1,standard,1.0,0.1,0.05,5000,1.0,1.0,12
5,61,1,standard,1.0,0.1,0.05,5000,1.0,1.0,17
5,62,1,standard,1.0,0.1,0.05,5000,1.0,1.0,14
5,63,1,standard,1.0,0.1,0.05,5000,1.0,1.0,20
5,64,1,standard,1.0,0.1,0.05,5000,1.0,1.0,15
5,65,1,standard,1.0,0.1,0.05,5000,1.0,1.0,17
5,66,1,standard,1.0,0.1,0.05,5000,1.0,1.0,23
5,67,1,standard,1.0,0.1,0.05,5000,1.0,1.0,16
5,68,1,standard,1.0,0.1,0.05,5000,1.0,1.0,18
5,69,1,standard,1.0,0.1,0.05,5000,1.0,1.0,16
5,70,1,standard,1.0,0.1,0.05,5000,1.0,1.0,20
5,71,1,standard,1.0,0.1,0.05,5000,1.0,1.0,17
5,72,1,standard,1.0,0.1,0.05,5000,1.0,1.0,20
5,73,1,standard,1.0,0.1,0.05,5000,1.0,1.0,18
5,74,1,standard,1.0,0.1,0.05,5000,1.0,1.0,19
5,75,1,standard,1.0,0.1,0.05,5000,1.0,1.0,19
5,76,1,standard,1.0,0.1,0.05,5000,1.0,1.0,20
5,77,1,standard,1.0,0.1,0.05,5000,1.0,1.0,17
5,78,1,standard,1.0,0.1,0.05,5000,1.0,1.0,24
5,79,1,standard,1.0,0.1,0.05,5000,1.0,1.0,20
5,80,1,standard,1.0,0.1,0.05,5000,1.0,1.0,18
5,81,1,standard,1.0,0.1,0.05,5000,1.0,1.0,8
5,82,1,standard,1.0,0.1,0.05,5000,1.0,1.0,19
5,83,1,standard,1.0,0.1,0.05,5000,1.0,1.0,20
5,84,1,standard,1.0,0.1,0.05,5000,1.0,1.0,19
5,85,1,standard,1.0,0.1,0.05,5000,1.0,1.0,18
5,86,1,standard,1.0,0.1,0.05,5000,1.0,1.0,20
5,87,1,standard,1.0,0.1,0.05,5000,1.0,1.0,21
5,88,1,standard,1.0,0.1,0.05,5000,1.0,1.0,19
5,89,1,standard,1.0,0.1,0.05,5000,1.0,1.0,16
5,90,1,standard,1.0,0.1,0.05,5000,1.0,1.0,19
5,91,1,standard,1.0,0.1,0.05,5000,1.0,1.0,19
5,92,1,standard,1.0,0.1,0.05,5000,1.0,1.0,17
5,93,1,standard,1.0,0.1,0.05,5000,1.0,1.0,23
5,94,1,standard,1.0,0.1,0.05,5000,1.0,1.0,18
5,95,1,standard,1.0,0.1,0.05,5000,1.0,1.0,21
5,96,1,standard,1.0,0.1,0.05,5000,1.0,1.0,18
5,97,1,standard,1.0,0.1,0.05,5000,1.0,1.0,20
5,98,1,standard,1.0,0.1,0.05,5000,1.0,1.0,23
5,99,1,standard,1.0,0.1,0.05,5000,1.0,1.0,16
5,100,1,standard,1.0,0.1,0.05,5000,1.0,1.0,18
5,1,1,standard,1.0,0.2,0.05,5000,1.0,1.0,7
5,2,1,standard,1.0,0.2,0.05,5000,1.0,1.0,8
5,3,1,standard,1.0,0.2,0.05,5000,1.0,1.0,9
5,4,1,standard,1.0,0.2,0.05,5000,1.0,1.0,8
5,5,1,standard,1.0,0.2,0.05,5000,1.0,1.0,12
5,6,1,standard,1.0,0.2,0.05,5000,1.0,1.0,10
5,7,1,standard,1.0,0.2,0.05,5000,1.0,1.0,9
5,8,1,standard,1.0,0.2,0.05,5000,1.0,1.0,10
5,9,1,standard,1.0,0.2,0.05,5000,1.0,1.0,10
5,10,1,standard,1.0,0.2,0.05,5000,1.0,1.0,9
5,11,1,standard,1.0,0.2,0.05,5000,1.0,1.0,10
5,12,1,standard,1.0,0.2,0.05,5000,1.0,1.0,9
5,13,1,standard,1.0,0.2,0.05,5000,1.0,1.0,10
5,14,1,standard,1.0,0.2,0.05,5000,1.0,1.0,9
5,15,1,standard,1.0,0.2,0.05,5000,1.0,1.0,8
5,16,1,standard,1.0,0.2,0.05,5000,1.0,1.0,10
5,17,1,standard,1.0,0.2,0.05,5000,1.0,1.0,11
5,18,1,standard,1.0,0.2,0.05,5000,1.0,1.0,9
5,19,1,standard,1.0,0.2,0.05,5000,1.0,1.0,11
5,20,1,standard,1.0,0.2,0.05,5000,1.0,1.0,10
5,21,1,standard,1.0,0.2,0.05,5000,1.0,1.0,11
5,22,1,standard,1.0,0.2,0.05,5000,1.0,1.0,10
5,23,1,standard,1.0,0.2,0.05,5000,1.0,1.0,8
5,24,1,standard,1.0,0.2,0.05,5000,1.0,1.0,9
5,25,1,standard,1.0,0.2,0.05,5000,1.0,1.0,10
5,26,1,standard,1.0,0.2,0.05,5000,1.0,1.0,10
5,27,1,standard,1.0,0.2,0.05,5000,1.0,1.0,13
5,28,1,standard,1.0,0.2,0.05,5000,1.0,1.0,11
5,29,1,standard,1.0,0.2,0.05,5000,1.0,1.0,12
5,30,1,standard,1.0,0.2,0.05,5000,1.0,1.0,10
5,31,1,standard,1.0,0.2,0.05,5000,1.0,1.0,8
5,32,1,standard,1.0,0.2,0.05,5000,1.0,1.0,9
5,33,1,standard,1.0,0.2,0.05,5000,1.0,1.0,10
5,34,1,standard,1.0,0.2,0.05,5000,1.0,1.0,10
5,35,1,standard,1.0,0.2,0.05,5000,1.0,1.0,11
5,36,1,standard,1.0,0.2,0.05,5000,1.0,1.0,9
5,37,1,standard,1.0,0.2,0.05,5000,1.0,1.0,9
5,38,1,standard,1.0,0.2,0.05,5000,1.0,1.0,11
5,39,1,standard,1.0,0.2,0.05,5000,1.0,1.0,8
5,40,1,standard,1.0,0.2,0.05,5000,1.0,1.0,11
5,41,1,standard,1.0,0.2,0.05,5000,1.0,1.0,8
5,42,1,standard,1.0,0.2,0.05,5000,1.0,1.0,11
5,43,1,standard,1.0,0.2,0.05,5000,1.0,1.0,9
5,44,1,standard,1.0,0.2,0.05,5000,1.0,1.0,10
5,45,1,standard,1.0,0.2,0.05,5000,1.0,1.0,9
5,46,1,standard,1.0,0.2,0.05,5000,1.0,1.0,6
5,47,1,standard,1.0,0.2,0.05,5000,1.0,1.0,9
5,48,1,standard,1.0,0.2,0.05,5000,1.0,1.0,8
5,49,1,standard,1.0,0.2,0.05,5000,1.0,1.0,10
5,50,1,standard,1.0,0.2,0.05,5000,1.0,1.0,9
5,51,1,standard,1.0,0.2,0.05,5000,1.0,1.0,9
5,52,1,standard,1.0,0.2,0.05,5000,1.0,1.0,7
5,53,1,standard,1.0,0.2,0.05,5000,1.0,1.0,9
5,54,1,standard,1.0,0.2,0.05,5000,1.0,1.0,9
5,55,1,standard,1.0,0.2,0.05,5000,1.0,1.0,11
5,56,1,standard,1.0,0.2,0.05,5000,1.0,1.0,10
5,57,1,standard,1.0,0.2,0.05,5000,1.0,1.0,11
5,58,1,standard,1.0,0.2,0.05,5000,1.0,1.0,10
5,59,1,standard,1.0,0.2,0.05,5000,1.0,1.0,8
5,60,1,standard,1.0,0.2,0.05,5000,1.0,1.0,6
5,61,1,standard,1.0,0.2,0.05,5000,1.0,1.0,8
5,62,1,standard,1.0,0.2,0.05,5000,1.0,1.0,7
5,63,1,standard,1.0,0.2,0.05,5000,1.0,1.0,10
5,64,1,standard,1.0,0.2,0.05,5000,1.0,1.0,8
5,65,1,standard,1.0,0.2,0.05,5000,1.0,1.0,9
5,66,1,standard,1.0,0.2,0.05,5000,1.0,1.0,12
5,67,1,standard,1.0,0.2,0.05,5000,1.0,1.0,8
5,68,1,standard,1.0,0.2,0.05,5000,1.0,1.0,9
5,69,1,standard,1.0,0.2,0.05,5000,1.0,1.0,8
5,70,1,standard,1.0,0.2,0.05,5000,1.0,1.0,10
5,71,1,standard,1.0,0.2,0.05,5000,1.0,1.0,9
5,72,1,standard,1.0,0.2,0.05,5000,1.0,1.0,10
5,73,1,standard,1.0,0.2,0.05,5000,1.0,1.0,9
5,74,1,standard,1.0,0.2,0.05,5000,1.0,1.0,10
5,75,1,standard,1.0,0.2,0.05,5000,1.0,1.0,10
5,76,1,standard,1.0,0.2,0.05,5000,1.0,1.0,10
5,77,1,standard,1.0,0.2,0.05,5000,1.0,1.0,9
5,78,1,standard,1.0,0.2,0.05,5000,1.0,1.0,12
5,79,1,standard,1.0,0.2,0.05,5000,1.0,1.0,10
5,80,1,standard,1.0,0.2,0.05,5000,1.0,1.0,9
5,81,1,standard,1.0,0.2,0.05,5000,1.0,1.0,4
5,82,1,standard,1.0,0.2,0.05,5000,1.0,1.0,9
5,83,1,standard,1.0,0.2,0.05,5000,1.0,1.0,10
5,84,1,standard,1.0,0.2,0.05,5000,1.0,1.0,10
5,85,1,standard,1.0,0.2,0.05,5000,1.0,1.0,9
5,86,1,standard,1.0,0.2,0.05,5000,1.0,1.0,10
5,87,1,standard,1.0,0.2,0.05,5000,1.0,1.0,11
5,88,1,standard,1.0,0.2,0.05,5000,1.0,1.0,9
5,89,1,standard,1.0,0.2,0.05,5000,1.0,1.0,8
5,90,1,standard,1.0,0.2,0.05,5000,1.0,1.0,9
5,91,1,standard,1.0,0.2,0.05,5000,1.0,1.0,9
5,92,1,standard,1.0,0.2,0.05,5000,1.0,1.0,8
5,93,1,standard,1.0,0.2,0.05,5000,1.0,1.0,12
5,94,1,standard,1.0,0.2,0.05,5000,1.0,1.0,9
5,95,1,standard,1.0,0.2,0.05,5000,1.0,1.0,11
5,96,1,standard,1.0,0.2,0.05,5000,1.0,1.0,9
5,97,1,standard,1.0,0.2,0.05,5000,1.0,1.0,10
5,98,1,standard,1.0,0.2,0.05,5000,1.0,1.0,12
5,99,1,standard,1.0,0.2,0.05,5000,1.0,1.0,8
5,100,1,standard,1.0,0.2,0.05,5000,1.0,1.0,9
5,1,1,standard,1.0,0.3,0.05,5000,1.0,1.0,5
5,2,1,standard,1.0,0.3,0.05,5000,1.0,1.0,6
5,3,1,standard,1.0,0.3,0.05,5000,1.0,1.0,6
5,4,1,standard,1.0,0.3,0.05,5000,1.0,1.0,5
5,5,1,standard,1.0,0.3,0.05,5000,1.0,1.0,8
5,6,1,standard,1.0,0.3,0.05,5000,1.0,1.0,7
5,7,1,standard,1.0,0.3,0.05,5000,1.0,1.0,6
5,8,1,standard,1.0,0.3,0.05,5000,1.0,1.0,7
5,9,1,standard,1.0,0.3,0.05,5000,1.0,1.0,6
5,10,1,standard,1.0,0.3,0.05,5000,1.0,1.0,6
5,11,1,standard,1.0,0.3,0.05,5000,1.0,1.0,6
5,12,1,standard,1.0,0.3,0.05,5000,1.0,1.0,6
5,13,1,standard,1.0,0.3,0.05,5000,1.0,1.0,7
5,14,1,standard,1.0,0.3,0.05,5000,1.0,1.0,6
5,15,1,standard,1.0,0.3,0.05,5000,1.0,1.0,5
5,16,1,standard,1.0,0.3,0.05,5000,1.0,1.0,6
5,17,1,standard,1.0,0.3,0.05,5000,1.0,1.0,8
5,18,1,standard,1.0,0.3,0.05,5000,1.0,1.0,6
5,19,1,standard,1.0,0.3,0.05,5000,1.0,1.0,7
5,20,1,standard,1.0,0.3,0.05,5000,1.0,1.0,7
5,21,1,standard,1.0,0.3,0.05,5000,1.0,1.0,7
5,22,1,standard,1.0,0.3,0.05,5000,1.0,1.0,6
5,23,1,standard,1.0,0.3,0.05,5000,1.0,1.0,6
5,24,1,standard,1.0,0.3,0.05,5000,1.0,1.0,6
5,25,1,standard,1.0,0.3,0.05,5000,1.0,1.0,6
5,26,1,standard,1.0,0.3,0.05,5000,1.0,1.0,7
5,27,1,standard,1.0,0.3,0.05,5000,1.0,1.0,9
5,28,1,standard,1.0,0.3,0.05,5000,1.0,1.0,7
5,29,1,standard,1.0,0.3,0.05,5000,1.0,1.0,8
5,30,1,standard,1.0,0.3,0.05,5000,1.0,1.0,6
5,31,1,standard,1.0,0.3,0.05,5000,1.0,1.0,6
5,32,1,standard,1.0,0.3,0.05,5000,1.0,1.0,6
5,33,1,standard,1.0,0.3,0.05,5000,1.0,1.0,7
5,34,1,standard,1.0,0.3,0.05,5000,1.0,1.0,7
5,35,1,standard,1.0,0.3,0.05,5000,1.0,1.0,7
5,36,1,standard,1.0,0.3,0.05,5000,1.0,1.0,6
5,37,1,standard,1.0,0.3,0.05,5000,1.0,1.0,6
5,38,1,standard,1.0,0.3,0.05,5000,1.0,1.0,7
5,39,1,standard,1.0,0.3,0.05,5000,1.0,1.0,5
5,40,1,standard,1.0,0.3,0.05,5000,1.0,1.0,7
5,41,1,standard,1.0,0.3,0.05,5000,1.0,1.0,5
5,42,1,standard,1.0,0.3,0.05,5000,1.0,1.0,7
5,43,1,standard,1.0,0.3,0.05,5000,1.0,1.0,6
5,44,1,standard,1.0,0.3,0.05,5000,1.0,1.0,6
5,45,1,standard,1.0,0.3,0.05,5000,1.0,1.0,6
5,46,1,standard,1.0,0.3,0.05,5000,1.0,1.0,4
5,47,1,standard,1.0,0.3,0.05,5000,1.0,1.0,6
5,48,1,standard,1.0,0.3,0.05,5000,1.0,1.0,5
5,49,1,standard,1.0,0.3,0.05,5000,1.0,1.0,7
5,50,1,standard,1.0,0.3,0.05,5000,1.0,1.0,6
5,51,1,standard,1.0,0.3,0.05,5000,1.0,1.0,6
5,52,1,standard,1.0,0.3,0.05,5000,1.0,1.0,5
5,53,1,standard,1.0,0.3,0.05,5000,1.0,1.0,6
5,54,1,standard,1.0,0.3,0.05,5000,1.0,1.0,6
5,55,1,standard,1.0,0.3,0.05,5000,1.0,1.0,8
5,56,1,standard,1.0,0.3,0.05,5000,1.0,1.0,7
5,57,1,standard,1.0,0.3,0.05,5000,1.0,1.0,7
5,58,1,standard,1.0,0.3,0.05,5000,1.0,1.0,6
5,59,1,standard,1.0,0.3,0.05,5000,1.0,1.0,6
5,60,1,standard,1.0,0.3,0.05,5000,1.0,1.0,4
5,61,1,standard,1.0,0.3,0.05,5000,1.0,1.0,6
5,62,1,standard,1.0,0.3,0.05,5000,1.0,1.0,5
5,63,1,standard,1.0,0.3,0.05,5000,1.0,1.0,7
5,64,1,standard,1.0,0.3,0.05,5000,1.0,1.0,5
5,65,1,standard,1.0,0.3,0.05,5000,1.0,1.0,6
5,66,1,standard,1.0,0.3,0.05,5000,1.0,1.0,8
5,67,1,standard,1.0,0.3,0.05,5000,1.0,1.0,5
5,68,1,standard,1.0,0.3,0.05,5000,1.0,1.0,6
5,69,1,standard,1.0,0.3,0.05,5000,1.0,1.0,6
5,70,1,standard,1.0,0.3,0.05,5000,1.0,1.0,7
5,71,1,standard,1.0,0.3,0.05,5000,1.0,1.0,6
5,72,1,standard,1.0,0.3,0.05,5000,1.0,1.0,7
5,73,1,standard,1.0,0.3,0.05,5000,1.0,1.0,6
5,74,1,standard,1.0,0.3,0.05,5000,1.0,1.0,6
5,75,1,standard,1.0,0.3,0.05,5000,1.0,1.0,6
5,76,1,standard,1.0,0.3,0.05,5000,1.0,1.0,7
5,77,1,standard,1.0,0.3,0.05,5000,1.0,1.0,6
5,78,1,standard,1.0,0.3,0.05,5000,1.0,1.0,8
5,79,1,standard,1.0,0.3,0.05,5000,1.0,1.0,6
5,80,1,standard,1.0,0.3,0.05,5000,1.0,1.0,6
5,81,1,standard,1.0,0.3,0.05,5000,1.0,1.0,3
5,82,1,standard,1.0,0.3,0.05,5000,1.0,1.0,6
5,83,1,standard,1.0,0.3,0.05,5000,1.0,1.0,7
5,84,1,standard,1.0,0.3,0.05,5000,1.0,1.0,6
5,85,1,standard,1.0,0.3,0.05,5000,1.0,1.0,6
5,86,1,standard,1.0,0.3,0.05,5000,1.0,1.0,6
5,87,1,standard,1.0,0.3,0.05,5000,1.0,1.0,7
5,88,1,standard,1.0,0.3,0.05,5000,1.0,1.0,6
5,89,1,standard,1.0,0.3,0.05,5000,1.0,1.0,6
5,90,1,standard,1.0,0.3,0.05,5000,1.0,1.0,6
5,91,1,standard,1.0,0.3,0.05,5000,1.0,1.0,6
5,92,1,standard,1.0,0.3,0.05,5000,1.0,1.0,6
5,93,1,standard,1.0,0.3,0.05,5000,1.0,1.0,8
5,94,1,standard,1.0,0.3,0.05,5000,1.0,1.0,6
5,95,1,standard,1.0,0.3,0.05,5000,1.0,1.0,7
5,96,1,standard,1.0,0.3,0.05,5000,1.0,1.0,6
5,97,1,standard,1.0,0.3,0.05,5000,1.0,1.0,7
5,98,1,standard,1.0,0.3,0.05,5000,1.0,1.0,8
5,99,1,standard,1.0,0.3,0.05,5000,1.0,1.0,6
5,100,1,standard,1.0,0.3,0.05,5000,1.0,1.0,6
5,1,1,standard,1.0,0.4,0.05,5000,1.0,1.0,4
5,2,1,standard,1.0,0.4,0.05,5000,1.0,1.0,4
5,3,1,standard,1.0,0.4,0.05,5000,1.0,1.0,5
5,4,1,standard,1.0,0.4,0.05,5000,1.0,1.0,4
5,5,1,standard,1.0,0.4,0.05,5000,1.0,1.0,6
5,6,1,standard,1.0,0.4,0.05,5000,1.0,1.0,5
5,7,1,standard,1.0,0.4,0.05,5000,1.0,1.0,5
5,8,1,standard,1.0,0.4,0.05,5000,1.0,1.0,5
5,9,1,standard,1.0,0.4,0.05,5000,1.0,1.0,5
5,10,1,standard,1.0,0.4,0.05,5000,1.0,1.0,5
5,11,1,standard,1.0,0.4,0.05,5000,1.0,1.0,5
5,12,1,standard,1.0,0.4,0.05,5000,1.0,1.0,5
5,13,1,standard,1.0,0.4,0.05,5000,1.0,1.0,5
5,14,1,standard,1.0,0.4,0.05,5000,1.0,1.0,5
5,15,1,standard,1.0,0.4,0.05,5000,1.0,1.0,4
5,16,1,standard,1.0,0.4,0.05,5000,1.0,1.0,5
5,17,1,standard,1.0,0.4,0.05,5000,1.0,1.0,6
5,18,1,standard,1.0,0.4,0.05,5000,1.0,1.0,5
5,19,1,standard,1.0,0.4,0.05,5000,1.0,1.0,6
5,20,1,standard,1.0,0.4,0.05,5000,1.0,1.0,5
5,21,1,standard,1.0,0.4,0.05,5000,1.0,1.0,5
5,22,1,standard,1.0,0.4,0.05,5000,1.0,1.0,5
5,23,1,standard,1.0,0.4,0.05,5000,1.0,1.0,4
5,24,1,standard,1.0,0.4,0.05,5000,1.0,1.0,5
5,25,1,standard,1.0,0.4,0.05,5000,1.0,1.0,5
5,26,1,standard,1.0,0.4,0.05,5000,1.0,1.0,5
5,27,1,standard,1.0,0.4,0.05,5000,1.0,1.0,6
5,28,1,standard,1.0,0.4,0.05,5000,1.0,1.0,6
5,29,1,standard,1.0,0.4,0.05,5000,1.0,1.0,6
5,30,1,standard,1.0,0.4,0.05,5000,1.0,1.0,5
5,31,1,standard,1.0,0.4,0.05,5000,1.0,1.0,4
5,32,1,standard,1.0,0.4,0.05,5000,1.0,1.0,4
5,33,1,standard,1.0,0.4,0.05,5000,1.0,1.0,5
5,34,1,standard,1.0,0.4,0.05,5000,1.0,1.0,5
5,35,1,standard,1.0,0.4,0.05,5000,1.0,1.0,6
5,36,1,standard,1.0,0.4,0.05,5000,1.0,1.0,5
5,37,1,standard,1.0,0.4,0.05,5000,1.0,1.0,4
5,38,1,standard,1.0,0.4,0.05,5000,1.0,1.0,5
5,39,1,standard,1.0,0.4,0.05,5000,1.0,1.0,4
5,40,1,standard,1.0,0.4,0.05,5000,1.0,1.0,5
5,41,1,standard,1.0,0.4,0.05,5000,1.0,1.0,4
5,42,1,standard,1.0,0.4,0.05,5000,1.0,1.0,6
5,43,1,standard,1.0,0.4,0.05,5000,1.0,1.0,5
5,44,1,standard,1.0,0.4,0.05,5000,1.0,1.0,5
5,45,1,standard,1.0,0.4,0.05,5000,1.0,1.0,4
5,46,1,standard,1.0,0.4,0.05,5000,1.0,1.0,3
5,47,1,standard,1.0,0.4,0.05,5000,1.0,1.0,5
5,48,1,standard,1.0,0.4,0.05,5000,1.0,1.0,4
5,49,1,standard,1.0,0.4,0.05,5000,1.0,1.0,5
5,50,1,standard,1.0,0.4,0.05,5000,1.0,1.0,5
5,51,1,standard,1.0,0.4,0.05,5000,1.0,1.0,5
5,52,1,standard,1.0,0.4,0.05,5000,1.0,1.0,4
5,53,1,standard,1.0,0.4,0.05,5000,1.0,1.0,4
5,54,1,standard,1.0,0.4,0.05,5000,1.0,1.0,5
5,55,1,standard,1.0,0.4,0.05,5000,1.0,1.0,6
5,56,1,standard,1.0,0.4,0.05,5000,1.0,1.0,5
5,57,1,standard,1.0,0.4,0.05,5000,1.0,1.0,6
5,58,1,standard,1.0,0.4,0.05,5000,1.0,1.0,5
5,59,1,standard,1.0,0.4,0.05,5000,1.0,1.0,4
5,60,1,standard,1.0,0.4,0.05,5000,1.0,1.0,3
5,61,1,standard,1.0,0.4,0.05,5000,1.0,1.0,4
5,62,1,standard,1.0,0.4,0.05,5000,1.0,1.0,4
5,63,1,standard,1.0,0.4,0.05,5000,1.0,1.0,5
5,64,1,standard,1.0,0.4,0.05,5000,1.0,1.0,4
5,65,1,standard,1.0,0.4,0.05,5000,1.0,1.0,4
5,66,1,standard,1.0,0.4,0.05,5000,1.0,1.0,6
5,67,1,standard,1.0,0.4,0.05,5000,1.0,1.0,4
5,68,1,standard,1.0,0.4,0.05,5000,1.0,1.0,4
5,69,1,standard,1.0,0.4,0.05,5000,1.0,1.0,4
5,70,1,standard,1.0,0.4,0.05,5000,1.0,1.0,5
5,71,1,standard,1.0,0.4,0.05,5000,1.0,1.0,4
5,72,1,standard,1.0,0.4,0.05,5000,1.0,1.0,5
5,73,1,standard,1.0,0.4,0.05,5000,1.0,1.0,5
5,74,1,standard,1.0,0.4,0.05,5000,1.0,1.0,5
5,75,1,standard,1.0,0.4,0.05,5000,1.0,1.0,5
5,76,1,standard,1.0,0.4,0.05,5000,1.0,1.0,5
5,77,1,standard,1.0,0.4,0.05,5000,1.0,1.0,5
5,78,1,standard,1.0,0.4,0.05,5000,1.0,1.0,6
5,79,1,standard,1.0,0.4,0.05,5000,1.0,1.0,5
5,80,1,standard,1.0,0.4,0.05,5000,1.0,1.0,4
5,81,1,standard,1.0,0.4,0.05,5000,1.0,1.0,2
5,82,1,standard,1.0,0.4,0.05,5000,1.0,1.0,5
5,83,1,standard,1.0,0.4,0.05,5000,1.0,1.0,5
5,84,1,standard,1.0,0.4,0.05,5000,1.0,1.0,5
5,85,1,standard,1.0,0.4,0.05,5000,1.0,1.0,5
5,86,1,standard,1.0,0.4,0.05,5000,1.0,1.0,5
5,87,1,standard,1.0,0.4,0.05,5000,1.0,1.0,5
5,88,1,standard,1.0,0.4,0.05,5000,1.0,1.0,5
5,89,1,standard,1.0,0.4,0.05,5000,1.0,1.0,4
5,90,1,standard,1.0,0.4,0.05,5000,1.0,1.0,5
5,91,1,standard,1.0,0.4,0.05,5000,1.0,1.0,5
5,92,1,standard,1.0,0.4,0.05,5000,1.0,1.0,4
5,93,1,standard,1.0,0.4,0.05,5000,1.0,1.0,6
5,94,1,standard,1.0,0.4,0.05,5000,1.0,1.0,5
5,95,1,standard,1.0,0.4,0.05,5000,1.0,1.0,5
5,96,1,standard,1.0,0.4,0.05,5000,1.0,1.0,5
5,97,1,standard,1.0,0.4,0.05,5000,1.0,1.0,5
5,98,1,standard,1.0,0.4,0.05,5000,1.0,1.0,6
5,99,1,standard,1.0,0.4,0.05,5000,1.0,1.0,4
5,100,1,standard,1.0,0.4,0.05,5000,1.0,1.0,5
5,1,1,standard,1.0,0.5,0.05,5000,1.0,1.0,4
5,2,1,standard,1.0,0.5,0.05,5000,1.0,1.0,4
5,3,1,standard,1.0,0.5,0.05,5000,1.0,1.0,4
5,4,1,standard,1.0,0.5,0.05,5000,1.0,1.0,3
5,5,1,standard,1.0,0.5,0.05,5000,1.0,1.0,5
5,6,1,standard,1.0,0.5,0.05,5000,1.0,1.0,4
5,7,1,standard,1.0,0.5,0.05,5000,1.0,1.0,3
5,8,1,standard,1.0,0.5,0.05,5000,1.0,1.0,5
5,9,1,standard,1.0,0.5,0.05,5000,1.0,1.0,5
5,10,1,standard,1.0,0.5,0.05,5000,1.0,1.0,4
5,11,1,standard,1.0,0.5,0.05,5000,1.0,1.0,5
5,12,1,standard,1.0,0.5,0.05,5000,1.0,1.0,4
5,13,1,standard,1.0,0.5,0.05,5000,1.0,1.0,4
5,14,1,standard,1.0,0.5,0.05,5000,1.0,1.0,5
5,15,1,standard,1.0,0.5,0.05,5000,1.0,1.0,4
5,16,1,standard,1.0,0.5,0.05,5000,1.0,1.0,5
5,17,1,standard,1.0,0.5,0.05,5000,1.0,1.0,4
5,18,1,standard,1.0,0.5,0.05,5000,1.0,1.0,3
5,19,1,standard,1.0,0.5,0.05,5000,1.0,1.0,4
5,20,1,standard,1.0,0.5,0.05,5000,1.0,1.0,4
5,21,1,standard,1.0,0.5,0.05,5000,1.0,1.0,5
5,22,1,standard,1.0,0.5,0.05,5000,1.0,1.0,5
5,23,1,standard,1.0,0.5,0.05,5000,1.0,1.0,4
5,24,1,standard,1.0,0.5,0.05,5000,1.0,1.0,5
5,25,1,standard,1.0,0.5,0.05,5000,1.0,1.0,4
5,26,1,standard,1.0,0.5,0.05,5000,1.0,1.0,5
5,27,1,standard,1.0,0.5,0.05,5000,1.0,1.0,5
5,28,1,standard,1.0,0.5,0.05,5000,1.0,1.0,4
5,29,1,standard,1.0,0.5,0.05,5000,1.0,1.0,5
5,30,1,standard,1.0,0.5,0.05,5000,1.0,1.0,5
5,31,1,standard,1.0,0.5,0.05,5000,1.0,1.0,4
5,32,1,standard,1.0,0.5,0.05,5000,1.0,1.0,4
5,33,1,standard,1.0,0.5,0.05,5000,1.0,1.0,4
5,34,1,standard,1.0,0.5,0.05,5000,1.0,1.0,4
5,35,1,standard,1.0,0.5,0.05,5000,1.0,1.0,5
5,36,1,standard,1.0,0.5,0.05,5000,1.0,1.0,5
5,37,1,standard,1.0,0.5,0.05,5000,1.0,1.0,3
5,38,1,standard,1.0,0.5,0.05,5000,1.0,1.0,4
5,39,1,standard,1.0,0.5,0.05,5000,1.0,1.0,4
5,40,1,standard,1.0,0.5,0.05,5000,1.0,1.0,4
5,41,1,standard,1.0,0.5,0.05,5000,1.0,1.0,3
5,42,1,standard,1.0,0.5,0.05,5000,1.0,1.0,4
5,43,1,standard,1.0,0.5,0.05,5000,1.0,1.0,4
5,44,1,standard,1.0,0.5,0.05,5000,1.0,1.0,5
5,45,1,standard,1.0,0.5,0.05,5000,1.0,1.0,4
5,46,1,standard,1.0,0.5,0.05,5000,1.0,1.0,4
5,47,1,standard,1.0,0.5,0.05,5000,1.0,1.0,4
5,48,1,standard,1.0,0.5,0.05,5000,1.0,1.0,3
5,49,1,standard,1.0,0.5,0.05,5000,1.0,1.0,4
5,50,1,standard,1.0,0.5,0.05,5000,1.0,1.0,5
5,51,1,standard,1.0,0.5,0.05,5000,1.0,1.0,4
5,52,1,standard,1.0,0.5,0.05,5000,1.0,1.0,3
5,53,1,standard,1.0,0.5,0.05,5000,1.0,1.0,4
5,54,1,standard,1.0,0.5,0.05,5000,1.0,1.0,5
5,55,1,standard,1.0,0.5,0.05,5000,1.0,1.0,5
5,56,1,standard,1.0,0.5,0.05,5000,1.0,1.0,4
5,57,1,standard,1.0,0.5,0.05,5000,1.0,1.0,4
5,58,1,standard,1.0,0.5,0.05,5000,1.0,1.0,4
5,59,1,standard,1.0,0.5,0.05,5000,1.0,1.0,4
5,60,1,standard,1.0,0.5,0.05,5000,1.0,1.0,4
5,61,1,standard,1.0,0.5,0.05,5000,1.0,1.0,4
5,62,1,standard,1.0,0.5,0.05,5000,1.0,1.0,4
5,63,1,standard,1.0,0.5,0.05,5000,1.0,1.0,4
5,64,1,standard,1.0,0.5,0.05,5000,1.0,1.0,4
5,65,1,standard,1.0,0.5,0.05,5000,1.0,1.0,4
5,66,1,standard,1.0,0.5,0.05,5000,1.0,1.0,5
5,67,1,standard,1.0,0.5,0.05,5000,1.0,1.0,4
5,68,1,standard,1.0,0.5,0.05,5000,1.0,1.0,4
5,69,1,standard,1.0,0.5,0.05,5000,1.0,1.0,4
5,70,1,standard,1.0,0.5,0.05,5000,1.0,1.0,4
5,71,1,standard,1.0,0.5,0.05,5000,1.0,1.0,4
5,72,1,standard,1.0,0.5,0.05,5000,1.0,1.0,5
5,73,1,standard,1.0,0.5,0.05,5000,1.0,1.0,3
5,74,1,standard,1.0,0.5,0.05,5000,1.0,1.0,4
5,75,1,standard,1.0,0.5,0.05,5000,1.0,1.0,4
5,76,1,standard,1.0,0.5,0.05,5000,1.0,1.0,5
5,77,1,standard,1.0,0.5,0.05,5000,1.0,1.0,4
5,78,1,standard,1.0,0.5,0.05,5000,1.0,1.0,5
5,79,1,standard,1.0,0.5,0.05,5000,1.0,1.0,4
5,80,1,standard,1.0,0.5,0.05,5000,1.0,1.0,4
5,81,1,standard,1.0,0.5,0.05,5000,1.0,1.0,2
5,82,1,standard,1.0,0.5,0.05,5000,1.0,1.0,4
5,83,1,standard,1.0,0.5,0.05,5000,1.0,1.0,4
5,84,1,standard,1.0,0.5,0.05,5000,1.0,1.0,4
5,85,1,standard,1.0,0.5,0.05,5000,1.0,1.0,4
5,86,1,standard,1.0,0.5,0.05,5000,1.0,1.0,5
5,87,1,standard,1.0,0.5,0.05,5000,1.0,1.0,4
5,88,1,standard,1.0,0.5,0.05,5000,1.0,1.0,4
5,89,1,standard,1.0,0.5,0.05,5000,1.0,1.0,4
5,90,1,standard,1.0,0.5,0.05,5000,1.0,1.0,5
5,91,1,standard,1.0,0.5,0.05,5000,1.0,1.0,4
5,92,1,standard,1.0,0.5,0.05,5000,1.0,1.0,3
5,93,1,standard,1.0,0.5,0.05,5000,1.0,1.0,5
5,94,1,standard,1.0,0.5,0.05,5000,1.0,1.0,3
5,95,1,standard,1.0,0.5,0.05,5000,1.0,1.0,4
5,96,1,standard,1.0,0.5,0.05,5000,1.0,1.0,4
5,97,1,standard,1.0,0.5,0.05,5000,1.0,1.0,4
5,98,1,standard,1.0,0.5,0.05,5000,1.0,1.0,5
5,99,1,standard,1.0,0.5,0.05,5000,1.0,1.0,4
5,100,1,standard,1.0,0.5,0.05,5000,1.0,1.0,4
5,1,1,standard,1.0,0.6,0.05,5000,1.0,1.0,4
5,2,1,standard,1.0,0.6,0.05,5000,1.0,1.0,4
5,3,1,standard,1.0,0.6,0.05,5000,1.0,1.0,4
5,4,1,standard,1.0,0.6,0.05,5000,1.0,1.0,4
5,5,1,standard,1.0,0.6,0.05,5000,1.0,1.0,4
5,6,1,standard,1.0,0.6,0.05,5000,1.0,1.0,4
5,7,1,standard,1.0,0.6,0.05,5000,1.0,1.0,4
5,8,1,standard,1.0,0.6,0.05,5000,1.0,1.0,4
5,9,1,standard,1.0,0.6,0.05,5000,1.0,1.0,3
5,10,1,standard,1.0,0.6,0.05,5000,1.0,1.0,3
5,11,1,standard,1.0,0.6,0.05,5000,1.0,1.0,4
5,12,1,standard,1.0,0.6,0.05,5000,1.0,1.0,3
5,13,1,standard,1.0,0.6,0.05,5000,1.0,1.0,4
5,14,1,standard,1.0,0.6,0.05,5000,1.0,1.0,3
5,15,1,standard,1.0,0.6,0.05,5000,1.0,1.0,4
5,16,1,standard,1.0,0.6,0.05,5000,1.0,1.0,3
5,17,1,standard,1.0,0.6,0.05,5000,1.0,1.0,4
5,18,1,standard,1.0,0.6,0.05,5000,1.0,1.0,4
5,19,1,standard,1.0,0.6,0.05,5000,1.0,1.0,4
5,20,1,standard,1.0,0.6,0.05,5000,1.0,1.0,4
5,21,1,standard,1.0,0.6,0.05,5000,1.0,1.0,4
5,22,1,standard,1.0,0.6,0.05,5000,1.0,1.0,3
5,23,1,standard,1.0,0.6,0.05,5000,1.0,1.0,4
5,24,1,standard,1.0,0.6,0.05,5000,1.0,1.0,3
5,25,1,standard,1.0,0.6,0.05,5000,1.0,1.0,4
5,26,1,standard,1.0,0.6,0.05,5000,1.0,1.0,4
5,27,1,standard,1.0,0.6,0.05,5000,1.0,1.0,4
5,28,1,standard,1.0,0.6,0.05,5000,1.0,1.0,4
5,29,1,standard,1.0,0.6,0.05,5000,1.0,1.0,4
5,30,1,standard,1.0,0.6,0.05,5000,1.0,1.0,3
5,31,1,standard,1.0,0.6,0.05,5000,1.0,1.0,4
5,32,1,standard,1.0,0.6,0.05,5000,1.0,1.0,4
5,33,1,standard,1.0,0.6,0.05,5000,1.0,1.0,4
5,34,1,standard,1.0,0.6,0.05,5000,1.0,1.0,4
5,35,1,standard,1.0,0.6,0.05,5000,1.0,1.0,4
5,36,1,standard,1.0,0.6,0.05,5000,1.0,1.0,4
5,37,1,standard,1.0,0.6,0.05,5000,1.0,1.0,4
5,38,1,standard,1.0,0.6,0.05,5000,1.0,1.0,4
5,39,1,standard,1.0,0.6,0.05,5000,1.0,1.0,4
5,40,1,standard,1.0,0.6,0.05,5000,1.0,1.0,4
5,41,1,standard,1.0,0.6,0.05,5000,1.0,1.0,4
5,42,1,standard,1.0,0.6,0.05,5000,1.0,1.0,4
5,43,1,standard,1.0,0.6,0.05,5000,1.0,1.0,3
5,44,1,standard,1.0,0.6,0.05,5000,1.0,1.0,4
5,45,1,standard,1.0,0.6,0.05,5000,1.0,1.0,4
5,46,1,standard,1.0,0.6,0.05,5000,1.0,1.0,3
5,47,1,standard,1.0,0.6,0.05,5000,1.0,1.0,4
5,48,1,standard,1.0,0.6,0.05,5000,1.0,1.0,4
5,49,1,standard,1.0,0.6,0.05,5000,1.0,1.0,4
5,50,1,standard,1.0,0.6,0.05,5000,1.0,1.0,4
5,51,1,standard,1.0,0.6,0.05,5000,1.0,1.0,4
5,52,1,standard,1.0,0.6,0.05,5000,1.0,1.0,3
5,53,1,standard,1.0,0.6,0.05,5000,1.0,1.0,4
5,54,1,standard,1.0,0.6,0.05,5000,1.0,1.0,4
5,55,1,standard,1.0,0.6,0.05,5000,1.0,1.0,4
5,56,1,standard,1.0,0.6,0.05,5000,1.0,1.0,3
5,57,1,standard,1.0,0.6,0.05,5000,1.0,1.0,4
5,58,1,standard,1.0,0.6,0.05,5000,1.0,1.0,4
5,59,1,standard,1.0,0.6,0.05,5000,1.0,1.0,4
5,60,1,standard,1.0,0.6,0.05,5000,1.0,1.0,2
5,61,1,standard,1.0,0.6,0.05,5000,1.0,1.0,4
5,62,1,standard,1.0,0.6,0.05,5000,1.0,1.0,3
5,63,1,standard,1.0,0.6,0.05,5000,1.0,1.0,4
5,64,1,standard,1.0,0.6,0.05,5000,1.0,1.0,3
5,65,1,standard,1.0,0.6,0.05,5000,1.0,1.0,4
5,66,1,standard,1.0,0.6,0.05,5000,1.0,1.0,4
5,67,1,standard,1.0,0.6,0.05,5000,1.0,1.0,4
5,68,1,standard,1.0,0.6,0.05,5000,1.0,1.0,4
5,69,1,standard,1.0,0.6,0.05,5000,1.0,1.0,4
5,70,1,standard,1.0,0.6,0.05,5000,1.0,1.0,4
5,71,1,standard,1.0,0.6,0.05,5000,1.0,1.0,4
5,72,1,standard,1.0,0.6,0.05,5000,1.0,1.0,4
5,73,1,standard,1.0,0.6,0.05,5000,1.0,1.0,4
5,74,1,standard,1.0,0.6,0.05,5000,1.0,1.0,4
5,75,1,standard,1.0,0.6,0.05,5000,1.0,1.0,4
5,76,1,standard,1.0,0.6,0.05,5000,1.0,1.0,4
5,77,1,standard,1.0,0.6,0.05,5000,1.0,1.0,3
5,78,1,standard,1.0,0.6,0.05,5000,1.0,1.0,4
5,79,1,standard,1.0,0.6,0.05,5000,1.0,1.0,4
5,80,1,standard,1.0,0.6,0.05,5000,1.0,1.0,4
5,81,1,standard,1.0,0.6,0.05,5000,1.0,1.0,3
5,82,1,standard,1.0,0.6,0.05,5000,1.0,1.0,4
5,83,1,standard,1.0,0.6,0.05,5000,1.0,1.0,4
5,84,1,standard,1.0,0.6,0.05,5000,1.0,1.0,4
5,85,1,standard,1.0,0.6,0.05,5000,1.0,1.0,4
5,86,1,standard,1.0,0.6,0.05,5000,1.0,1.0,3
5,87,1,standard,1.0,0.6,0.05,5000,1.0,1.0,4
5,88,1,standard,1.0,0.6,0.05,5000,1.0,1.0,4
5,89,1,standard,1.0,0.6,0.05,5000,1.0,1.0,3
5,90,1,standard,1.0,0.6,0.05,5000,1.0,1.0,3
5,91,1,standard,1.0,0.6,0.05,5000,1.0,1.0,4
5,92,1,standard,1.0,0.6,0.05,5000,1.0,1.0,4
5,93,1,standard,1.0,0.6,0.05,5000,1.0,1.0,4
5,94,1,standard,1.0,0.6,0.05,5000,1.0,1.0,4
5,95,1,standard,1.0,0.6,0.05,5000,1.0,1.0,4
5,96,1,standard,1.0,0.6,0.05,5000,1.0,1.0,4
5,97,1,standard,1.0,0.6,0.05,5000,1.0,1.0,4
5,98,1,standard,1.0,0.6,0.05,5000,1.0,1.0,4
5,99,1,standard,1.0,0.6,0.05,5000,1.0,1.0,3
5,100,1,standard,1.0,0.6,0.05,5000,1.0,1.0,4
5,1,1,standard,1.0,0.7,0.05,5000,1.0,1.0,3
5,2,1,standard,1.0,0.7,0.05,5000,1.0,1.0,3
5,3,1,standard,1.0,0.7,0.05,5000,1.0,1.0,6
5,4,1,standard,1.0,0.7,0.05,5000,1.0,1.0,3
5,5,1,standard,1.0,0.7,0.05,5000,1.0,1.0,3
5,6,1,standard,1.0,0.7,0.05,5000,1.0,1.0,3
5,7,1,standard,1.0,0.7,0.05,5000,1.0,1.0,4
5,8,1,standard,1.0,0.7,0.05,5000,1.0,1.0,6
5,9,1,standard,1.0,0.7,0.05,5000,1.0,1.0,6
5,10,1,standard,1.0,0.7,0.05,5000,1.0,1.0,4
5,11,1,standard,1.0,0.7,0.05,5000,1.0,1.0,6
5,12,1,standard,1.0,0.7,0.05,5000,1.0,1.0,5
5,13,1,standard,1.0,0.7,0.05,5000,1.0,1.0,4
5,14,1,standard,1.0,0.7,0.05,5000,1.0,1.0,7
5,15,1,standard,1.0,0.7,0.05,5000,1.0,1.0,6
5,16,1,standard,1.0,0.7,0.05,5000,1.0,1.0,6
5,17,1,standard,1.0,0.7,0.05,5000,1.0,1.0,5
5,18,1,standard,1.0,0.7,0.05,5000,1.0,1.0,4
5,19,1,standard,1.0,0.7,0.05,5000,1.0,1.0,4
5,20,1,standard,1.0,0.7,0.05,5000,1.0,1.0,5
5,21,1,standard,1.0,0.7,0.05,5000,1.0,1.0,6
5,22,1,standard,1.0,0.7,0.05,5000,1.0,1.0,6
5,23,1,standard,1.0,0.7,0.05,5000,1.0,1.0,6
5,24,1,standard,1.0,0.7,0.05,5000,1.0,1.0,7
5,25,1,standard,1.0,0.7,0.05,5000,1.0,1.0,5
5,26,1,standard,1.0,0.7,0.05,5000,1.0,1.0,6
5,27,1,standard,1.0,0.7,0.05,5000,1.0,1.0,4
5,28,1,standard,1.0,0.7,0.05,5000,1.0,1.0,3
5,29,1,standard,1.0,0.7,0.05,5000,1.0,1.0,3
5,30,1,standard,1.0,0.7,0.05,5000,1.0,1.0,6
5,31,1,standard,1.0,0.7,0.05,5000,1.0,1.0,2
5,32,1,standard,1.0,0.7,0.05,5000,1.0,1.0,6
5,33,1,standard,1.0,0.7,0.05,5000,1.0,1.0,6
5,34,1,standard,1.0,0.7,0.05,5000,1.0,1.0,4
5,35,1,standard,1.0,0.7,0.05,5000,1.0,1.0,4
5,36,1,standard,1.0,0.7,0.05,5000,1.0,1.0,6
5,37,1,standard,1.0,0.7,0.05,5000,1.0,1.0,4
5,38,1,standard,1.0,0.7,0.05,5000,1.0,1.0,3
5,39,1,standard,1.0,0.7,0.05,5000,1.0,1.0,3
5,40,1,standard,1.0,0.7,0.05,5000,1.0,1.0,3
5,41,1,standard,1.0,0.7,0.05,5000,1.0,1.0,6
5,42,1,standard,1.0,0.7,0.05,5000,1.0,1.0,4
5,43,1,standard,1.0,0.7,0.05,5000,1.0,1.0,5
5,44,1,standard,1.0,0.7,0.05,5000,1.0,1.0,6
5,45,1,standard,1.0,0.7,0.05,5000,1.0,1.0,6
5,46,1,standard,1.0,0.7,0.05,5000,1.0,1.0,3
5,47,1,standard,1.0,0.7,0.05,5000,1.0,1.0,4
5,48,1,standard,1.0,0.7,0.05,5000,1.0,1.0,4
5,49,1,standard,1.0,0.7,0.05,5000,1.0,1.0,6
5,50,1,standard,1.0,0.7,0.05,5000,1.0,1.0,7
5,51,1,standard,1.0,0.7,0.05,5000,1.0,1.0,4
5,52,1,standard,1.0,0.7,0.05,5000,1.0,1.0,5
5,53,1,standard,1.0,0.7,0.05,5000,1.0,1.0,6
5,54,1,standard,1.0,0.7,0.05,5000,1.0,1.0,6
5,55,1,standard,1.0,0.7,0.05,5000,1.0,1.0,6
5,56,1,standard,1.0,0.7,0.05,5000,1.0,1.0,4
5,57,1,standard,1.0,0.7,0.05,5000,1.0,1.0,3
5,58,1,standard,1.0,0.7,0.05,5000,1.0,1.0,4
5,59,1,standard,1.0,0.7,0.05,5000,1.0,1.0,6
5,60,1,standard,1.0,0.7,0.05,5000,1.0,1.0,3
5,61,1,standard,1.0,0.7,0.05,5000,1.0,1.0,3
5,62,1,standard,1.0,0.7,0.05,5000,1.0,1.0,4
5,63,1,standard,1.0,0.7,0.05,5000,1.0,1.0,6
5,64,1,standard,1.0,0.7,0.05,5000,1.0,1.0,5
5,65,1,standard,1.0,0.7,0.05,5000,1.0,1.0,6
5,66,1,standard,1.0,0.7,0.05,5000,1.0,1.0,4
5,67,1,standard,1.0,0.7,0.05,5000,1.0,1.0,3
5,68,1,standard,1.0,0.7,0.05,5000,1.0,1.0,6
5,69,1,standard,1.0,0.7,0.05,5000,1.0,1.0,3
5,70,1,standard,1.0,0.7,0.05,5000,1.0,1.0,5
5,71,1,standard,1.0,0.7,0.05,5000,1.0,1.0,6
5,72,1,standard,1.0,0.7,0.05,5000,1.0,1.0,6
5,73,1,standard,1.0,0.7,0.05,5000,1.0,1.0,4
5,74,1,standard,1.0,0.7,0.05,5000,1.0,1.0,3
5,75,1,standard,1.0,0.7,0.05,5000,1.0,1.0,4
5,76,1,standard,1.0,0.7,0.05,5000,1.0,1.0,6
5,77,1,standard,1.0,0.7,0.05,5000,1.0,1.0,3
5,78,1,standard,1.0,0.7,0.05,5000,1.0,1.0,3
5,79,1,standard,1.0,0.7,0.05,5000,1.0,1.0,6
5,80,1,standard,1.0,0.7,0.05,5000,1.0,1.0,6
5,81,1,standard,1.0,0.7,0.05,5000,1.0,1.0,6
5,82,1,standard,1.0,0.7,0.05,5000,1.0,1.0,6
5,83,1,standard,1.0,0.7,0.05,5000,1.0,1.0,4
5,84,1,standard,1.0,0.7,0.05,5000,1.0,1.0,3
5,85,1,standard,1.0,0.7,0.05,5000,1.0,1.0,6
5,86,1,standard,1.0,0.7,0.05,5000,1.0,1.0,6
5,87,1,standard,1.0,0.7,0.05,5000,1.0,1.0,4
5,88,1,standard,1.0,0.7,0.05,5000,1.0,1.0,6
5,89,1,standard,1.0,0.7,0.05,5000,1.0,1.0,3
5,90,1,standard,1.0,0.7,0.05,5000,1.0,1.0,7
5,91,1,standard,1.0,0.7,0.05,5000,1.0,1.0,4
5,92,1,standard,1.0,0.7,0.05,5000,1.0,1.0,4
5,93,1,standard,1.0,0.7,0.05,5000,1.0,1.0,5
5,94,1,standard,1.0,0.7,0.05,5000,1.0,1.0,4
5,95,1,standard,1.0,0.7,0.05,5000,1.0,1.0,3
5,96,1,standard,1.0,0.7,0.05,5000,1.0,1.0,3
5,97,1,standard,1.0,0.7,0.05,5000,1.0,1.0,3
5,98,1,standard,1.0,0.7,0.05,5000,1.0,1.0,5
5,99,1,standard,1.0,0.7,0.05,5000,1.0,1.0,3
5,100,1,standard,1.0,0.7,0.05,5000,1.0,1.0,7
5,1,1,standard,1.0,0.8,0.05,5000,1.0,1.0,75
5,2,1,standard,1.0,0.8,0.05,5000,1.0,1.0,73
5,3,1,standard,1.0,0.8,0.05,5000,1.0,1.0,2
5,4,1,standard,1.0,0.8,0.05,5000,1.0,1.0,53
5,5,1,standard,1.0,0.8,0.05,5000,1.0,1.0,75
5,6,1,standard,1.0,0.8,0.05,5000,1.0,1.0,69
5,7,1,standard,1.0,0.8,0.05,5000,1.0,1.0,35
5,8,1,standard,1.0,0.8,0.05,5000,1.0,1.0,3
5,9,1,standard,1.0,0.8,0.05,5000,1.0,1.0,64
5,10,1,standard,1.0,0.8,0.05,5000,1.0,1.0,77
5,11,1,standard,1.0,0.8,0.05,5000,1.0,1.0,2
5,12,1,standard,1.0,0.8,0.05,5000,1.0,1.0,79
5,13,1,standard,1.0,0.8,0.05,5000,1.0,1.0,45
5,14,1,standard,1.0,0.8,0.05,5000,1.0,1.0,3
5,15,1,standard,1.0,0.8,0.05,5000,1.0,1.0,2
5,16,1,standard,1.0,0.8,0.05,5000,1.0,1.0,66
5,17,1,standard,1.0,0.8,0.05,5000,1.0,1.0,9
5,18,1,standard,1.0,0.8,0.05,5000,1.0,1.0,21
5,19,1,standard,1.0,0.8,0.05,5000,1.0,1.0,49
5,20,1,standard,1.0,0.8,0.05,5000,1.0,1.0,3
5,21,1,standard,1.0,0.8,0.05,5000,1.0,1.0,3
5,22,1,standard,1.0,0.8,0.05,5000,1.0,1.0,52
5,23,1,standard,1.0,0.8,0.05,5000,1.0,1.0,2
5,24,1,standard,1.0,0.8,0.05,5000,1.0,1.0,4
5,25,1,standard,1.0,0.8,0.05,5000,1.0,1.0,5
5,26,1,standard,1.0,0.8,0.05,5000,1.0,1.0,2
5,27,1,standard,1.0,0.8,0.05,5000,1.0,1.0,75
5,28,1,standard,1.0,0.8,0.05,5000,1.0,1.0,67
5,29,1,standard,1.0,0.8,0.05,5000,1.0,1.0,71
5,30,1,standard,1.0,0.8,0.05,5000,1.0,1.0,48
5,31,1,standard,1.0,0.8,0.05,5000,1.0,1.0,69
5,32,1,standard,1.0,0.8,0.05,5000,1.0,1.0,2
5,33,1,standard,1.0,0.8,0.05,5000,1.0,1.0,3
5,34,1,standard,1.0,0.8,0.05,5000,1.0,1.0,17
5,35,1,standard,1.0,0.8,0.05,5000,1.0,1.0,77
5,36,1,standard,1.0,0.8,0.05,5000,1.0,1.0,2
5,37,1,standard,1.0,0.8,0.05,5000,1.0,1.0,37
5,38,1,standard,1.0,0.8,0.05,5000,1.0,1.0,69
5,39,1,standard,1.0,0.8,0.05,5000,1.0,1.0,73
5,40,1,standard,1.0,0.8,0.05,5000,1.0,1.0,71
5,41,1,standard,1.0,0.8,0.05,5000,1.0,1.0,2
5,42,1,standard,1.0,0.8,0.05,5000,1.0,1.0,33
5,43,1,standard,1.0,0.8,0.05,5000,1.0,1.0,77
5,44,1,standard,1.0,0.8,0.05,5000,1.0,1.0,2
5,45,1,standard,1.0,0.8,0.05,5000,1.0,1.0,2
5,46,1,standard,1.0,0.8,0.05,5000,1.0,1.0,75
5,47,1,standard,1.0,0.8,0.05,5000,1.0,1.0,37
5,48,1,standard,1.0,0.8,0.05,5000,1.0,1.0,33
5,49,1,standard,1.0,0.8,0.05,5000,1.0,1.0,3
5,50,1,standard,1.0,0.8,0.05,5000,1.0,1.0,2
5,51,1,standard,1.0,0.8,0.05,5000,1.0,1.0,51
5,52,1,standard,1.0,0.8,0.05,5000,1.0,1.0,79
5,53,1,standard,1.0,0.8,0.05,5000,1.0,1.0,2
5,54,1,standard,1.0,0.8,0.05,5000,1.0,1.0,2
5,55,1,standard,1.0,0.8,0.05,5000,1.0,1.0,3
5,56,1,standard,1.0,0.8,0.05,5000,1.0,1.0,77
5,57,1,standard,1.0,0.8,0.05,5000,1.0,1.0,73
5,58,1,standard,1.0,0.8,0.05,5000,1.0,1.0,53
5,59,1,standard,1.0,0.8,0.05,5000,1.0,1.0,2
5,60,1,standard,1.0,0.8,0.05,5000,1.0,1.0,77
5,61,1,standard,1.0,0.8,0.05,5000,1.0,1.0,71
5,62,1,standard,1.0,0.8,0.05,5000,1.0,1.0,77
5,63,1,standard,1.0,0.8,0.05,5000,1.0,1.0,3
5,64,1,standard,1.0,0.8,0.05,5000,1.0,1.0,79
5,65,1,standard,1.0,0.8,0.05,5000,1.0,1.0,2
5,66,1,standard,1.0,0.8,0.05,5000,1.0,1.0,41
5,67,1,standard,1.0,0.8,0.05,5000,1.0,1.0,71
5,68,1,standard,1.0,0.8,0.05,5000,1.0,1.0,2
5,69,1,standard,1.0,0.8,0.05,5000,1.0,1.0,71
5,70,1,standard,1.0,0.8,0.05,5000,1.0,1.0,3
5,71,1,standard,1.0,0.8,0.05,5000,1.0,1.0,2
5,72,1,standard,1.0,0.8,0.05,5000,1.0,1.0,3
5,73,1,standard,1.0,0.8,0.05,5000,1.0,1.0,43
5,74,1,standard,1.0,0.8,0.05,5000,1.0,1.0,73
5,75,1,standard,1.0,0.8,0.05,5000,1.0,1.0,43
5,76,1,standard,1.0,0.8,0.05,5000,1.0,1.0,3
5,77,1,standard,1.0,0.8,0.05,5000,1.0,1.0,77
5,78,1,standard,1.0,0.8,0.05,5000,1.0,1.0,69
5,79,1,standard,1.0,0.8,0.05,5000,1.0,1.0,2
5,80,1,standard,1.0,0.8,0.05,5000,1.0,1.0,2
5,81,1,standard,1.0,0.8,0.05,5000,1.0,1.0,81
5,82,1,standard,1.0,0.8,0.05,5000,1.0,1.0,2
5,83,1,standard,1.0,0.8,0.05,5000,1.0,1.0,21
5,84,1,standard,1.0,0.8,0.05,5000,1.0,1.0,63
5,85,1,standard,1.0,0.8,0.05,5000,1.0,1.0,2
5,86,1,standard,1.0,0.8,0.05,5000,1.0,1.0,66
5,87,1,standard,1.0,0.8,0.05,5000,1.0,1.0,53
5,88,1,standard,1.0,0.8,0.05,5000,1.0,1.0,2
5,89,1,standard,1.0,0.8,0.05,5000,1.0,1.0,77
5,90,1,standard,1.0,0.8,0.05,5000,1.0,1.0,46
5,91,1,standard,1.0,0.8,0.05,5000,1.0,1.0,29
5,92,1,standard,1.0,0.8,0.05,5000,1.0,1.0,31
5,93,1,standard,1.0,0.8,0.05,5000,1.0,1.0,3
5,94,1,standard,1.0,0.8,0.05,5000,1.0,1.0,31
5,95,1,standard,1.0,0.8,0.05,5000,1.0,1.0,61
5,96,1,standard,1.0,0.8,0.05,5000,1.0,1.0,69
5,97,1,standard,1.0,0.8,0.05,5000,1.0,1.0,73
5,98,1,standard,1.0,0.8,0.05,5000,1.0,1.0,3
5,99,1,standard,1.0,0.8,0.05,5000,1.0,1.0,77
5,100,1,standard,1.0,0.8,0.05,5000,1.0,1.0,2
5,1,1,standard,1.0,0.9,0.05,5000,1.0,1.0,
5,2,1,standard,1.0,0.9,0.05,5000,1.0,1.0,
5,3,1,standard,1.0,0.9,0.05,5000,1.0,1.0,
5,4,1,standard,1.0,0.9,0.05,5000,1.0,1.0,
5,5,1,standard,1.0,0.9,0.05,5000,1.0,1.0,
5,6,1,standard,1.0,0.9,0.05,5000,1.0,1.0,
5,7,1,standard,1.0,0.9,0.05,5000,1.0,1.0,
5,8,1,standard,1.0,0.9,0.05,5000,1.0,1.0,
5,9,1,standard,1.0,0.9,0.05,5000,1.0,1.0,
5,10,1,standard,1.0,0.9,0.05,5000,1.0,1.0,
5,11,1,standard,1.0,0.9,0.05,5000,1.0,1.0,
5,12,1,standard,1.0,0.9,0.05,5000,1.0,1.0,
5,13,1,standard,1.0,0.9,0.05,5000,1.0,1.0,
5,14,1,standard,1.0,0.9,0.05,5000,1.0,1.0,
5,15,1,standard,1.0,0.9,0.05,5000,1.0,1.0,
5,16,1,standard,1.0,0.9,0.05,5000,1.0,1.0,
5,17,1,standard,1.0,0.9,0.05,5000,1.0,1.0,
5,18,1,standard,1.0,0.9,0.05,5000,1.0,1.0,
5,19,1,standard,1.0,0.9,0.05,5000,1.0,1.0,
5,20,1,standard,1.0,0.9,0.05,5000,1.0,1.0,
5,21,1,standard,1.0,0.9,0.05,5000,1.0,1.0,
5,22,1,standard,1.0,0.9,0.05,5000,1.0,1.0,
5,23,1,standard,1.0,0.9,0.05,5000,1.0,1.0,
5,24,1,standard,1.0,0.9,0.05,5000,1.0,1.0,
5,25,1,standard,1.0,0.9,0.05,5000,1.0,1.0,
5,26,1,standard,1.0,0.9,0.05,5000,1.0,1.0,
5,27,1,standard,1.0,0.9,0.05,5000,1.0,1.0,
5,28,1,standard,1.0,0.9,0.05,5000,1.0,1.0,
5,29,1,standard,1.0,0.9,0.05,5000,1.0,1.0,
5,30,1,standard,1.0,0.9,0.05,5000,1.0,1.0,
5,31,1,standard,1.0,0.9,0.05,5000,1.0,1.0,
5,32,1,standard,1.0,0.9,0.05,5000,1.0,1.0,
5,33,1,standard,1.0,0.9,0.05,5000,1.0,1.0,
5,34,1,standard,1.0,0.9,0.05,5000,1.0,1.0,
5,35,1,standard,1.0,0.9,0.05,5000,1.0,1.0,
5,36,1,standard,1.0,0.9,0.05,5000,1.0,1.0,
5,37,1,standard,1.0,0.9,0.05,5000,1.0,1.0,
5,38,1,standard,1.0,0.9,0.05,5000,1.0,1.0,
5,39,1,standard,1.0,0.9,0.05,5000,1.0,1.0,
5,40,1,standard,1.0,0.9,0.05,5000,1.0,1.0,
5,41,1,standard,1.0,0.9,0.05,5000,1.0,1.0,
5,42,1,standard,1.0,0.9,0.05,5000,1.0,1.0,
5,43,1,standard,1.0,0.9,0.05,5000,1.0,1.0,
5,44,1,standard,1.0,0.9,0.05,5000,1.0,1.0,
5,45,1,standard,1.0,0.9,0.05,5000,1.0,1.0,
5,46,1,standard,1.0,0.9,0.05,5000,1.0,1.0,
5,47,1,standard,1.0,0.9,0.05,5000,1.0,1.0,
5,48,1,standard,1.0,0.9,0.05,5000,1.0,1.0,
5,49,1,standard,1.0,0.9,0.05,5000,1.0,1.0,
5,50,1,standard,1.0,0.9,0.05,5000,1.0,1.0,
5,51,1,standard,1.0,0.9,0.05,5000,1.0,1.0,
5,52,1,standard,1.0,0.9,0.05,5000,1.0,1.0,
5,53,1,standard,1.0,0.9,0.05,5000,1.0,1.0,
5,54,1,standard,1.0,0.9,0.05,5000,1.0,1.0,
5,55,1,standard,1.0,0.9,0.05,5000,1.0,1.0,
5,56,1,standard,1.0,0.9,0.05,5000,1.0,1.0,
5,57,1,standard,1.0,0.9,0.05,5000,1.0,1.0,
5,58,1,standard,1.0,0.9,0.05,5000,1.0,1.0,
5,59,1,standard,1.0,0.9,0.05,5000,1.0,1.0,
5,60,1,standard,1.0,0.9,0.05,5000,1.0,1.0,
5,61,1,standard,1.0,0.9,0.05,5000,1.0,1.0,
5,62,1,standard,1.0,0.9,0.05,5000,1.0,1.0,
5,63,1,standard,1.0,0.9,0.05,5000,1.0,1.0,
5,64,1,standard,1.0,0.9,0.05,5000,1.0,1.0,
5,65,1,standard,1.0,0.9,0.05,5000,1.0,1.0,
5,66,1,standard,1.0,0.9,0.05,5000,1.0,1.0,
5,67,1,standard,1.0,0.9,0.05,5000,1.0,1.0,
5,68,1,standard,1.0,0.9,0.05,5000,1.0,1.0,
5,69,1,standard,1.0,0.9,0.05,5000,1.0,1.0,
5,70,1,standard,1.0,0.9,0.05,5000,1.0,1.0,
5,71,1,standard,1.0,0.9,0.05,5000,1.0,1.0,
5,72,1,standard,1.0,0.9,0.05,5000,1.0,1.0,
5,73,1,standard,1.0,0.9,0.05,5000,1.0,1.0,
5,74,1,standard,1.0,0.9,0.05,5000,1.0,1.0,
5,75,1,standard,1.0,0.9,0.05,5000,1.0,1.0,
5,76,1,standard,1.0,0.9,0.05,5000,1.0,1.0,
5,77,1,standard,1.0,0.9,0.05,5000,1.0,1.0,
5,78,1,standard,1.0,0.9,0.05,5000,1.0,1.0,
5,79,1,standard,1.0,0.9,0.05,5000,1.0,1.0,
5,80,1,standard,1.0,0.9,0.05,5000,1.0,1.0,
5,81,1,standard,1.0,0.9,0.05,5000,1.0,1.0,
5,82,1,standard,1.0,0.9,0.05,5000,1.0,1.0,
5,83,1,standard,1.0,0.9,0.05,5000,1.0,1.0,
5,84,1,standard,1.0,0.9,0.05,5000,1.0,1.0,
5,85,1,standard,1.0,0.9,0.05,5000,1.0,1.0,
5,86,1,standard,1.0,0.9,0.05,5000,1.0,1.0,
5,87,1,standard,1.0,0.9,0.05,5000,1.0,1.0,
5,88,1,standard,1.0,0.9,0.05,5000,1.0,1.0,
5,89,1,standard,1.0,0.9,0.05,5000,1.0,1.0,
5,90,1,standard,1.0,0.9,0.05,5000,1.0,1.0,
5,91,1,standard,1.0,0.9,0.05,5000,1.0,1.0,
5,92,1,standard,1.0,0.9,0.05,5000,1.0,1.0,
5,93,1,standard,1.0,0.9,0.05,5000,1.0,1.0,
5,94,1,standard,1.0,0.9,0.05,5000,1.0,1.0,
5,95,1,standard,1.0,0.9,0.05,5000,1.0,1.0,
5,96,1,standard,1.0,0.9,0.05,5000,1.0,1.0,
5,97,1,standard,1.0,0.9,0.05,5000,1.0,1.0,
5,98,1,standard,1.0,0.9,0.05,5000,1.0,1.0,
5,99,1,standard,1.0,0.9,0.05,5000,1.0,1.0,
5,100,1,standard,1.0,0.9,0.05,5000,1.0,1.0,
5,1,1,standard,1.0,1.0,0.05,5000,1.0,1.0,
5,2,1,standard,1.0,1.0,0.05,5000,1.0,1.0,
5,3,1,standard,1.0,1.0,0.05,5000,1.0,1.0,
5,4,1,standard,1.0,1.0,0.05,5000,1.0,1.0,
5,5,1,standard,1.0,1.0,0.05,5000,1.0,1.0,
5,6,1,standard,1.0,1.0,0.05,5000,1.0,1.0,
5,7,1,standard,1.0,1.0,0.05,5000,1.0,1.0,
5,8,1,standard,1.0,1.0,0.05,5000,1.0,1.0,
5,9,1,standard,1.0,1.0,0.05,5000,1.0,1.0,
5,10,1,standard,1.0,1.0,0.05,5000,1.0,1.0,
5,11,1,standard,1.0,1.0,0.05,5000,1.0,1.0,
5,12,1,standard,1.0,1.0,0.05,5000,1.0,1.0,
5,13,1,standard,1.0,1.0,0.05,5000,1.0,1.0,
5,14,1,standard,1.0,1.0,0.05,5000,1.0,1.0,
5,15,1,standard,1.0,1.0,0.05,5000,1.0,1.0,
5,16,1,standard,1.0,1.0,0.05,5000,1.0,1.0,
5,17,1,standard,1.0,1.0,0.05,5000,1.0,1.0,
5,18,1,standard,1.0,1.0,0.05,5000,1.0,1.0,
5,19,1,standard,1.0,1.0,0.05,5000,1.0,1.0,
5,20,1,standard,1.0,1.0,0.05,5000,1.0,1.0,
5,21,1,standard,1.0,1.0,0.05,5000,1.0,1.0,
5,22,1,standard,1.0,1.0,0.05,5000,1.0,1.0,
5,23,1,standard,1.0,1.0,0.05,5000,1.0,1.0,
5,24,1,standard,1.0,1.0,0.05,5000,1.0,1.0,
5,25,1,standard,1.0,1.0,0.05,5000,1.0,1.0,
5,26,1,standard,1.0,1.0,0.05,5000,1.0,1.0,
5,27,1,standard,1.0,1.0,0.05,5000,1.0,1.0,
5,28,1,standard,1.0,1.0,0.05,5000,1.0,1.0,
5,29,1,standard,1.0,1.0,0.05,5000,1.0,1.0,
5,30,1,standard,1.0,1.0,0.05,5000,1.0,1.0,
5,31,1,standard,1.0,1.0,0.05,5000,1.0,1.0,
5,32,1,standard,1.0,1.0,0.05,5000,1.0,1.0,
5,33,1,standard,1.0,1.0,0.05,5000,1.0,1.0,
5,34,1,standard,1.0,1.0,0.05,5000,1.0,1.0,
5,35,1,standard,1.0,1.0,0.05,5000,1.0,1.0,
5,36,1,standard,1.0,1.0,0.05,5000,1.0,1.0,
5,37,1,standard,1.0,1.0,0.05,5000,1.0,1.0,
5,38,1,standard,1.0,1.0,0.05,5000,1.0,1.0,
5,39,1,standard,1.0,1.0,0.05,5000,1.0,1.0,
5,40,1,standard,1.0,1.0,0.05,5000,1.0,1.0,
5,41,1,standard,1.0,1.0,0.05,5000,1.0,1.0,
5,42,1,standard,1.0,1.0,0.05,5000,1.0,1.0,
5,43,1,standard,1.0,1.0,0.05,5000,1.0,1.0,
5,44,1,standard,1.0,1.0,0.05,5000,1.0,1.0,
5,45,1,standard,1.0,1.0,0.05,5000,1.0,1.0,
5,46,1,standard,1.0,1.0,0.05,5000,1.0,1.0,
5,47,1,standard,1.0,1.0,0.05,5000,1.0,1.0,
5,48,1,standard,1.0,1.0,0.05,5000,1.0,1.0,
5,49,1,standard,1.0,1.0,0.05,5000,1.0,1.0,
5,50,1,standard,1.0,1.0,0.05,5000,1.0,1.0,
5,51,1,standard,1.0,1.0,0.05,5000,1.0,1.0,
5,52,1,standard,1.0,1.0,0.05,5000,1.0,1.0,
5,53,1,standard,1.0,1.0,0.05,5000,1.0,1.0,
5,54,1,standard,1.0,1.0,0.05,5000,1.0,1.0,
5,55,1,standard,1.0,1.0,0.05,5000,1.0,1.0,
5,56,1,standard,1.0,1.0,0.05,5000,1.0,1.0,
5,57,1,standard,1.0,1.0,0.05,5000,1.0,1.0,
5,58,1,standard,1.0,1.0,0.05,5000,1.0,1.0,
5,59,1,standard,1.0,1.0,0.05,5000,1.0,1.0,
5,60,1,standard,1.0,1.0,0.05,5000,1.0,1.0,
5,61,1,standard,1.0,1.0,0.05,5000,1.0,1.0,
5,62,1,standard,1.0,1.0,0.05,5000,1.0,1.0,
5,63,1,standard,1.0,1.0,0.05,5000,1.0,1.0,
5,64,1,standard,1.0,1.0,0.05,5000,1.0,1.0,
5,65,1,standard,1.0,1.0,0.05,5000,1.0,1.0,
5,66,1,standard,1.0,1.0,0.05,5000,1.0,1.0,
5,67,1,standard,1.0,1.0,0.05,5000,1.0,1.0,
5,68,1,standard,1.0,1.0,0.05,5000,1.0,1.0,
5,69,1,standard,1.0,1.0,0.05,5000,1.0,1.0,
5,70,1,standard,1.0,1.0,0.05,5000,1.0,1.0,
5,71,1,standard,1.0,1.0,0.05,5000,1.0,1.0,
5,72,1,standard,1.0,1.0,0.05,5000,1.0,1.0,
5,73,1,standard,1.0,1.0,0.05,5000,1.0,1.0,
5,74,1,standard,1.0,1.0,0.05,5000,1.0,1.0,
5,75,1,standard,1.0,1.0,0.05,5000,1.0,1.0,
5,76,1,standard,1.0,1.0,0.05,5000,1.0,1.0,
5,77,1,standard,1.0,1.0,0.05,5000,1.0,1.0,
5,78,1,standard,1.0,1.0,0.05,5000,1.0,1.0,
5,79,1,standard,1.0,1.0,0.05,5000,1.0,1.0,
5,80,1,standard,1.0,1.0,0.05,5000,1.0,1.0,
5,81,1,standard,1.0,1.0,0.05,5000,1.0,1.0,
5,82,1,standard,1.0,1.0,0.05,5000,1.0,1.0,
5,83,1,standard,1.0,1.0,0.05,5000,1.0,1.0,
5,84,1,standard,1.0,1.0,0.05,5000,1.0,1.0,
5,85,1,standard,1.0,1.0,0.05,5000,1.0,1.0,
5,86,1,standard,1.0,1.0,0.05,5000,1.0,1.0,
5,87,1,standard,1.0,1.0,0.05,5000,1.0,1.0,
5,88,1,standard,1.0,1.0,0.05,5000,1.0,1.0,
5,89,1,standard,1.0,1.0,0.05,5000,1.0,1.0,
5,90,1,standard,1.0,1.0,0.05,5000,1.0,1.0,
5,91,1,standard,1.0,1.0,0.05,5000,1.0,1.0,
5,92,1,standard,1.0,1.0,0.05,5000,1.0,1.0,
5,93,1,standard,1.0,1.0,0.05,5000,1.0,1.0,
5,94,1,standard,1.0,1.0,0.05,5000,1.0,1.0,
5,95,1,standard,1.0,1.0,0.05,5000,1.0,1.0,
5,96,1,standard,1.0,1.0,0.05,5000,1.0,1.0,
5,97,1,standard,1.0,1.0,0.05,5000,1.0,1.0,
5,98,1,standard,1.0,1.0,0.05,5000,1.0,1.0,
5,99,1,standard,1.0,1.0,0.05,5000,1.0,1.0,
5,100,1,standard,1.0,1.0,0.05,5000,1.0,1.0,
6,1,1,standard,1.0,0.1,0.05,5000,1.0,1.0,14
6,2,1,standard,1.0,0.1,0.05,5000,1.0,1.0,19
6,3,1,standard,1.0,0.1,0.05,5000,1.0,1.0,19
6,4,1,standard,1.0,0.1,0.05,5000,1.0,1.0,15
6,5,1,standard,1.0,0.1,0.05,5000,1.0,1.0,22
6,6,1,standard,1.0,0.1,0.05,5000,1.0,1.0,19
6,7,1,standard,1.0,0.1,0.05,5000,1.0,1.0,18
6,8,1,standard,1.0,0.1,0.05,5000,1.0,1.0,20
6,9,1,standard,1.0,0.1,0.05,5000,1.0,1.0,21
6,10,1,standard,1.0,0.1,0.05,5000,1.0,1.0,19
6,11,1,standard,1.0,0.1,0.05,5000,1.0,1.0,19
6,12,1,standard,1.0,0.1,0.05,5000,1.0,1.0,17
6,13,1,standard,1.0,0.1,0.05,5000,1.0,1.0,19
6,14,1,standard,1.0,0.1,0.05,5000,1.0,1.0,19
6,15,1,standard,1.0,0.1,0.05,5000,1.0,1.0,17
6,16,1,standard,1.0,0.1,0.05,5000,1.0,1.0,20
6,17,1,standard,1.0,0.1,0.05,5000,1.0,1.0,20
6,18,1,standard,1.0,0.1,0.05,5000,1.0,1.0,18
6,19,1,standard,1.0,0.1,0.05,5000,1.0,1.0,19
6,20,1,standard,1.0,0.1,0.05,5000,1.0,1.0,20
6,21,1,standard,1.0,0.1,0.05,5000,1.0,1.0,20
6,22,1,standard,1.0,0.1,0.05,5000,1.0,1.0,21
6,23,1,standard,1.0,0.1,0.05,5000,1.0,1.0,19
6,24,1,standard,1.0,0.1,0.05,5000,1.0,1.0,19
6,25,1,standard,1.0,0.1,0.05,5000,1.0,1.0,19
6,26,1,standard,1.0,0.1,0.05,5000,1.0,1.0,20
6,27,1,standard,1.0,0.1,0.05,5000,1.0,1.0,24
6,28,1,standard,1.0,0.1,0.05,5000,1.0,1.0,19
6,29,1,standard,1.0,0.1,0.05,5000,1.0,1.0,23
6,30,1,standard,1.0,0.1,0.05,5000,1.0,1.0,20
6,31,1,standard,1.0,0.1,0.05,5000,1.0,1.0,16
6,32,1,standard,1.0,0.1,0.05,5000,1.0,1.0,19
6,33,1,standard,1.0,0.1,0.05,5000,1.0,1.0,19
6,34,1,standard,1.0,0.1,0.05,5000,1.0,1.0,20
6,35,1,standard,1.0,0.1,0.05,5000,1.0,1.0,19
6,36,1,standard,1.0,0.1,0.05,5000,1.0,1.0,20
6,37,1,standard,1.0,0.1,0.05,5000,1.0,1.0,17
6,38,1,standard,1.0,0.1,0.05,5000,1.0,1.0,20
6,39,1,standard,1.0,0.1,0.05,5000,1.0,1.0,16
6,40,1,standard,1.0,0.1,0.05,5000,1.0,1.0,20
6,41,1,standard,1.0,0.1,0.05,5000,1.0,1.0,17
6,42,1,standard,1.0,0.1,0.05,5000,1.0,1.0,20
6,43,1,standard,1.0,0.1,0.05,5000,1.0,1.0,17
6,44,1,standard,1.0,0.1,0.05,5000,1.0,1.0,20
6,45,1,standard,1.0,0.1,0.05,5000,1.0,1.0,19
6,46,1,standard,1.0,0.1,0.05,5000,1.0,1.0,13
6,47,1,standard,1.0,0.1,0.05,5000,1.0,1.0,19
6,48,1,standard,1.0,0.1,0.05,5000,1.0,1.0,16
6,49,1,standard,1.0,0.1,0.05,5000,1.0,1.0,19
6,50,1,standard,1.0,0.1,0.05,5000,1.0,1.0,20
6,51,1,standard,1.0,0.1,0.05,5000,1.0,1.0,18
6,52,1,standard,1.0,0.1,0.05,5000,1.0,1.0,13
6,53,1,standard,1.0,0.1,0.05,5000,1.0,1.0,19
6,54,1,standard,1.0,0.1,0.05,5000,1.0,1.0,21
6,55,1,standard,1.0,0.1,0.05,5000,1.0,1.0,22
6,56,1,standard,1.0,0.1,0.05,5000,1.0,1.0,17
6,57,1,standard,1.0,0.1,0.05,5000,1.0,1.0,19
6,58,1,standard,1.0,0.1,0.05,5000,1.0,1.0,20
6,59,1,standard,1.0,0.1,0.05,5000,1.0,1.0,19
6,60,1,standard,1.0,0.1,0.05,5000,1.0,1.0,14
6,61,1,standard,1.0,0.1,0.05,5000,1.0,1.0,16
6,62,1,standard,1.0,0.1,0.05,5000,1.0,1.0,15
6,63,1,standard,1.0,0.1,0.05,5000,1.0,1.0,21
6,64,1,standard,1.0,0.1,0.05,5000,1.0,1.0,18
6,65,1,standard,1.0,0.1,0.05,5000,1.0,1.0,19
6,66,1,standard,1.0,0.1,0.05,5000,1.0,1.0,22
6,67,1,standard,1.0,0.1,0.05,5000,1.0,1.0,16
6,68,1,standard,1.0,0.1,0.05,5000,1.0,1.0,19
6,69,1,standard,1.0,0.1,0.05,5000,1.0,1.0,16
6,70,1,standard,1.0,0.1,0.05,5000,1.0,1.0,19
6,71,1,standard,1.0,0.1,0.05,5000,1.0,1.0,19
6,72,1,standard,1.0,0.1,0.05,5000,1.0,1.0,20
6,73,1,standard,1.0,0.1,0.05,5000,1.0,1.0,18
6,74,1,standard,1.0,0.1,0.05,5000,1.0,1.0,18
6,75,1,standard,1.0,0.1,0.05,5000,1.0,1.0,18
6,76,1,standard,1.0,0.1,0.05,5000,1.0,1.0,20
6,77,1,standard,1.0,0.1,0.05,5000,1.0,1.0,16
6,78,1,standard,1.0,0.1,0.05,5000,1.0,1.0,25
6,79,1,standard,1.0,0.1,0.05,5000,1.0,1.0,20
6,80,1,standard,1.0,0.1,0.05,5000,1.0,1.0,18
6,81,1,standard,1.0,0.1,0.05,5000,1.0,1.0,18
6,82,1,standard,1.0,0.1,0.05,5000,1.0,1.0,19
6,83,1,standard,1.0,0.1,0.05,5000,1.0,1.0,19
6,84,1,standard,1.0,0.1,0.05,5000,1.0,1.0,19
6,85,1,standard,1.0,0.1,0.05,5000,1.0,1.0,19
6,86,1,standard,1.0,0.1,0.05,5000,1.0,1.0,21
6,87,1,standard,1.0,0.1,0.05,5000,1.0,1.0,20
6,88,1,standard,1.0,0.1,0.05,5000,1.0,1.0,19
6,89,1,standard,1.0,0.1,0.05,5000,1.0,1.0,15
6,90,1,standard,1.0,0.1,0.05,5000,1.0,1.0,20
6,91,1,standard,1.0,0.1,0.05,5000,1.0,1.0,18
6,92,1,standard,1.0,0.1,0.05,5000,1.0,1.0,19
6,93,1,standard,1.0,0.1,0.05,5000,1.0,1.0,21
6,94,1,standard,1.0,0.1,0.05,5000,1.0,1.0,19
6,95,1,standard,1.0,0.1,0.05,5000,1.0,1.0,21
6,96,1,standard,1.0,0.1,0.05,5000,1.0,1.0,16
6,97,1,standard,1.0,0.1,0.05,5000,1.0,1.0,20
6,98,1,standard,1.0,0.1,0.05,5000,1.0,1.0,21
6,99,1,standard,1.0,0.1,0.05,5000,1.0,1.0,16
6,100,1,standard,1.0,0.1,0.05,5000,1.0,1.0,19
6,1,1,standard,1.0,0.2,0.05,5000,1.0,1.0,7
6,2,1,standard,1.0,0.2,0.05,5000,1.0,1.0,10
6,3,1,standard,1.0,0.2,0.05,5000,1.0,1.0,9
6,4,1,standard,1.0,0.2,0.05,5000,1.0,1.0,8
6,5,1,standard,1.0,0.2,0.05,5000,1.0,1.0,11
6,6,1,standard,1.0,0.2,0.05,5000,1.0,1.0,9
6,7,1,standard,1.0,0.2,0.05,5000,1.0,1.0,9
6,8,1,standard,1.0,0.2,0.05,5000,1.0,1.0,10
6,9,1,standard,1.0,0.2,0.05,5000,1.0,1.0,10
6,10,1,standard,1.0,0.2,0.05,5000,1.0,1.0,10
6,11,1,standard,1.0,0.2,0.05,5000,1.0,1.0,10
6,12,1,standard,1.0,0.2,0.05,5000,1.0,1.0,9
6,13,1,standard,1.0,0.2,0.05,5000,1.0,1.0,9
6,14,1,standard,1.0,0.2,0.05,5000,1.0,1.0,10
6,15,1,standard,1.0,0.2,0.05,5000,1.0,1.0,9
6,16,1,standard,1.0,0.2,0.05,5000,1.0,1.0,10
6,17,1,standard,1.0,0.2,0.05,5000,1.0,1.0,10
6,18,1,standard,1.0,0.2,0.05,5000,1.0,1.0,9
6,19,1,standard,1.0,0.2,0.05,5000,1.0,1.0,10
6,20,1,standard,1.0,0.2,0.05,5000,1.0,1.0,10
6,21,1,standard,1.0,0.2,0.05,5000,1.0,1.0,10
6,22,1,standard,1.0,0.2,0.05,5000,1.0,1.0,10
6,23,1,standard,1.0,0.2,0.05,5000,1.0,1.0,10
6,24,1,standard,1.0,0.2,0.05,5000,1.0,1.0,10
6,25,1,standard,1.0,0.2,0.05,5000,1.0,1.0,9
6,26,1,standard,1.0,0.2,0.05,5000,1.0,1.0,10
6,27,1,standard,1.0,0.2,0.05,5000,1.0,1.0,12
6,28,1,standard,1.0,0.2,0.05,5000,1.0,1.0,10
6,29,1,standard,1.0,0.2,0.05,5000,1.0,1.0,12
6,30,1,standard,1.0,0.2,0.05,5000,1.0,1.0,10
6,31,1,standard,1.0,0.2,0.05,5000,1.0,1.0,8
6,32,1,standard,1.0,0.2,0.05,5000,1.0,1.0,9
6,33,1,standard,1.0,0.2,0.05,5000,1.0,1.0,10
6,34,1,standard,1.0,0.2,0.05,5000,1.0,1.0,10
6,35,1,standard,1.0,0.2,0.05,5000,1.0,1.0,10
6,36,1,standard,1.0,0.2,0.05,5000,1.0,1.0,10
6,37,1,standard,1.0,0.2,0.05,5000,1.0,1.0,9
6,38,1,standard,1.0,0.2,0.05,5000,1.0,1.0,10
6,39,1,standard,1.0,0.2,0.05,5000,1.0,1.0,8
6,40,1,standard,1.0,0.2,0.05,5000,1.0,1.0,10
6,41,1,standard,1.0,0.2,0.05,5000,1.0,1.0,8
6,42,1,standard,1.0,0.2,0.05,5000,1.0,1.0,10
6,43,1,standard,1.0,0.2,0.05,5000,1.0,1.0,9
6,44,1,standard,1.0,0.2,0.05,5000,1.0,1.0,10
6,45,1,standard,1.0,0.2,0.05,5000,1.0,1.0,10
6,46,1,standard,1.0,0.2,0.05,5000,1.0,1.0,7
6,47,1,standard,1.0,0.2,0.05,5000,1.0,1.0,10
6,48,1,standard,1.0,0.2,0.05,5000,1.0,1.0,8
6,49,1,standard,1.0,0.2,0.05,5000,1.0,1.0,9
6,50,1,standard,1.0,0.2,0.05,5000,1.0,1.0,10
6,51,1,standard,1.0,0.2,0.05,5000,1.0,1.0,9
6,52,1,standard,1.0,0.2,0.05,5000,1.0,1.0,7
6,53,1,standard,1.0,0.2,0.05,5000,1.0,1.0,10
6,54,1,standard,1.0,0.2,0.05,5000,1.0,1.0,10
6,55,1,standard,1.0,0.2,0.05,5000,1.0,1.0,11
6,56,1,standard,1.0,0.2,0.05,5000,1.0,1.0,8
6,57,1,standard,1.0,0.2,0.05,5000,1.0,1.0,9
6,58,1,standard,1.0,0.2,0.05,5000,1.0,1.0,10
6,59,1,standard,1.0,0.2,0.05,5000,1.0,1.0,10
6,60,1,standard,1.0,0.2,0.05,5000,1.0,1.0,7
6,61,1,standard,1.0,0.2,0.05,5000,1.0,1.0,8
6,62,1,standard,1.0,0.2,0.05,5000,1.0,1.0,7
6,63,1,standard,1.0,0.2,0.05,5000,1.0,1.0,10
6,64,1,standard,1.0,0.2,0.05,5000,1.0,1.0,9
6,65,1,standard,1.0,0.2,0.05,5000,1.0,1.0,10
6,66,1,standard,1.0,0.2,0.05,5000,1.0,1.0,11
6,67,1,standard,1.0,0.2,0.05,5000,1.0,1.0,8
6,68,1,standard,1.0,0.2,0.05,5000,1.0,1.0,9
6,69,1,standard,1.0,0.2,0.05,5000,1.0,1.0,8
6,70,1,standard,1.0,0.2,0.05,5000,1.0,1.0,9
6,71,1,standard,1.0,0.2,0.05,5000,1.0,1.0,9
6,72,1,standard,1.0,0.2,0.05,5000,1.0,1.0,10
6,73,1,standard,1.0,0.2,0.05,5000,1.0,1.0,9
6,74,1,standard,1.0,0.2,0.05,5000,1.0,1.0,9
6,75,1,standard,1.0,0.2,0.05,5000,1.0,1.0,9
6,76,1,standard,1.0,0.2,0.05,5000,1.0,1.0,10
6,77,1,standard,1.0,0.2,0.05,5000,1.0,1.0,8
6,78,1,standard,1.0,0.2,0.05,5000,1.0,1.0,13
6,79,1,standard,1.0,0.2,0.05,5000,1.0,1.0,10
6,80,1,standard,1.0,0.2,0.05,5000,1.0,1.0,9
6,81,1,standard,1.0,0.2,0.05,5000,1.0,1.0,9
6,82,1,standard,1.0,0.2,0.05,5000,1.0,1.0,9
6,83,1,standard,1.0,0.2,0.05,5000,1.0,1.0,9
6,84,1,standard,1.0,0.2,0.05,5000,1.0,1.0,9
6,85,1,standard,1.0,0.2,0.05,5000,1.0,1.0,9
6,86,1,standard,1.0,0.2,0.05,5000,1.0,1.0,10
6,87,1,standard,1.0,0.2,0.05,5000,1.0,1.0,10
6,88,1,standard,1.0,0.2,0.05,5000,1.0,1.0,10
6,89,1,standard,1.0,0.2,0.05,5000,1.0,1.0,7
6,90,1,standard,1.0,0.2,0.05,5000,1.0,1.0,10
6,91,1,standard,1.0,0.2,0.05,5000,1.0,1.0,9
6,92,1,standard,1.0,0.2,0.05,5000,1.0,1.0,10
6,93,1,standard,1.0,0.2,0.05,5000,1.0,1.0,11
6,94,1,standard,1.0,0.2,0.05,5000,1.0,1.0,10
6,95,1,standard,1.0,0.2,0.05,5000,1.0,1.0,10
6,96,1,standard,1.0,0.2,0.05,5000,1.0,1.0,8
6,97,1,standard,1.0,0.2,0.05,5000,1.0,1.0,10
6,98,1,standard,1.0,0.2,0.05,5000,1.0,1.0,11
6,99,1,standard,1.0,0.2,0.05,5000,1.0,1.0,8
6,100,1,standard,1.0,0.2,0.05,5000,1.0,1.0,9
6,1,1,standard,1.0,0.3,0.05,5000,1.0,1.0,5
6,2,1,standard,1.0,0.3,0.05,5000,1.0,1.0,6
6,3,1,standard,1.0,0.3,0.05,5000,1.0,1.0,6
6,4,1,standard,1.0,0.3,0.05,5000,1.0,1.0,5
6,5,1,standard,1.0,0.3,0.05,5000,1.0,1.0,8
6,6,1,standard,1.0,0.3,0.05,5000,1.0,1.0,6
6,7,1,standard,1.0,0.3,0.05,5000,1.0,1.0,6
6,8,1,standard,1.0,0.3,0.05,5000,1.0,1.0,6
6,9,1,standard,1.0,0.3,0.05,5000,1.0,1.0,7
6,10,1,standard,1.0,0.3,0.05,5000,1.0,1.0,6
6,11,1,standard,1.0,0.3,0.05,5000,1.0,1.0,6
6,12,1,standard,1.0,0.3,0.05,5000,1.0,1.0,6
6,13,1,standard,1.0,0.3,0.05,5000,1.0,1.0,6
6,14,1,standard,1.0,0.3,0.05,5000,1.0,1.0,6
6,15,1,standard,1.0,0.3,0.05,5000,1.0,1.0,6
6,16,1,standard,1.0,0.3,0.05,5000,1.0,1.0,7
6,17,1,standard,1.0,0.3,0.05,5000,1.0,1.0,7
6,18,1,standard,1.0,0.3,0.05,5000,1.0,1.0,6
6,19,1,standard,1.0,0.3,0.05,5000,1.0,1.0,6
6,20,1,standard,1.0,0.3,0.05,5000,1.0,1.0,6
6,21,1,standard,1.0,0.3,0.05,5000,1.0,1.0,6
6,22,1,standard,1.0,0.3,0.05,5000,1.0,1.0,7
6,23,1,standard,1.0,0.3,0.05,5000,1.0,1.0,6
6,24,1,standard,1.0,0.3,0.05,5000,1.0,1.0,6
6,25,1,standard,1.0,0.3,0.05,5000,1.0,1.0,6
6,26,1,standard,1.0,0.3,0.05,5000,1.0,1.0,6
6,27,1,standard,1.0,0.3,0.05,5000,1.0,1.0,8
6,28,1,standard,1.0,0.3,0.05,5000,1.0,1.0,6
6,29,1,standard,1.0,0.3,0.05,5000,1.0,1.0,8
6,30,1,standard,1.0,0.3,0.05,5000,1.0,1.0,6
6,31,1,standard,1.0,0.3,0.05,5000,1.0,1.0,6
6,32,1,standard,1.0,0.3,0.05,5000,1.0,1.0,6
6,33,1,standard,1.0,0.3,0.05,5000,1.0,1.0,6
6,34,1,standard,1.0,0.3,0.05,5000,1.0,1.0,7
6,35,1,standard,1.0,0.3,0.05,5000,1.0,1.0,7
6,36,1,standard,1.0,0.3,0.05,5000,1.0,1.0,7
6,37,1,standard,1.0,0.3,0.05,5000,1.0,1.0,6
6,38,1,standard,1.0,0.3,0.05,5000,1.0,1.0,7
6,39,1,standard,1.0,0.3,0.05,5000,1.0,1.0,5
6,40,1,standard,1.0,0.3,0.05,5000,1.0,1.0,7
6,41,1,standard,1.0,0.3,0.05,5000,1.0,1.0,6
6,42,1,standard,1.0,0.3,0.05,5000,1.0,1.0,7
6,43,1,standard,1.0,0.3,0.05,5000,1.0,1.0,6
6,44,1,standard,1.0,0.3,0.05,5000,1.0,1.0,7
6,45,1,standard,1.0,0.3,0.05,5000,1.0,1.0,6
6,46,1,standard,1.0,0.3,0.05,5000,1.0,1.0,4
6,47,1,standard,1.0,0.3,0.05,5000,1.0,1.0,6
6,48,1,standard,1.0,0.3,0.05,5000,1.0,1.0,5
6,49,1,standard,1.0,0.3,0.05,5000,1.0,1.0,6
6,50,1,standard,1.0,0.3,0.05,5000,1.0,1.0,7
6,51,1,standard,1.0,0.3,0.05,5000,1.0,1.0,6
6,52,1,standard,1.0,0.3,0.05,5000,1.0,1.0,4
6,53,1,standard,1.0,0.3,0.05,5000,1.0,1.0,6
6,54,1,standard,1.0,0.3,0.05,5000,1.0,1.0,7
6,55,1,standard,1.0,0.3,0.05,5000,1.0,1.0,7
6,56,1,standard,1.0,0.3,0.05,5000,1.0,1.0,6
6,57,1,standard,1.0,0.3,0.05,5000,1.0,1.0,6
6,58,1,standard,1.0,0.3,0.05,5000,1.0,1.0,7
6,59,1,standard,1.0,0.3,0.05,5000,1.0,1.0,6
6,60,1,standard,1.0,0.3,0.05,5000,1.0,1.0,5
6,61,1,standard,1.0,0.3,0.05,5000,1.0,1.0,5
6,62,1,standard,1.0,0.3,0.05,5000,1.0,1.0,5
6,63,1,standard,1.0,0.3,0.05,5000,1.0,1.0,7
6,64,1,standard,1.0,0.3,0.05,5000,1.0,1.0,6
6,65,1,standard,1.0,0.3,0.05,5000,1.0,1.0,6
6,66,1,standard,1.0,0.3,0.05,5000,1.0,1.0,7
6,67,1,standard,1.0,0.3,0.05,5000,1.0,1.0,5
6,68,1,standard,1.0,0.3,0.05,5000,1.0,1.0,6
6,69,1,standard,1.0,0.3,0.05,5000,1.0,1.0,5
6,70,1,standard,1.0,0.3,0.05,5000,1.0,1.0,6
6,71,1,standard,1.0,0.3,0.05,5000,1.0,1.0,6
6,72,1,standard,1.0,0.3,0.05,5000,1.0,1.0,7
6,73,1,standard,1.0,0.3,0.05,5000,1.0,1.0,6
6,74,1,standard,1.0,0.3,0.05,5000,1.0,1.0,6
6,75,1,standard,1.0,0.3,0.05,5000,1.0,1.0,6
6,76,1,standard,1.0,0.3,0.05,5000,1.0,1.0,6
6,77,1,standard,1.0,0.3,0.05,5000,1.0,1.0,5
6,78,1,standard,1.0,0.3,0.05,5000,1.0,1.0,8
6,79,1,standard,1.0,0.3,0.05,5000,1.0,1.0,7
6,80,1,standard,1.0,0.3,0.05,5000,1.0,1.0,6
6,81,1,standard,1.0,0.3,0.05,5000,1.0,1.0,6
6,82,1,standard,1.0,0.3,0.05,5000,1.0,1.0,6
6,83,1,standard,1.0,0.3,0.05,5000,1.0,1.0,6
6,84,1,standard,1.0,0.3,0.05,5000,1.0,1.0,6
6,85,1,standard,1.0,0.3,0.05,5000,1.0,1.0,6
6,86,1,standard,1.0,0.3,0.05,5000,1.0,1.0,7
6,87,1,standard,1.0,0.3,0.05,5000,1.0,1.0,7
6,88,1,standard,1.0,0.3,0.05,5000,1.0,1.0,6
6,89,1,standard,1.0,0.3,0.05,5000,1.0,1.0,5
6,90,1,standard,1.0,0.3,0.05,5000,1.0,1.0,7
6,91,1,standard,1.0,0.3,0.05,5000,1.0,1.0,6
6,92,1,standard,1.0,0.3,0.05,5000,1.0,1.0,6
6,93,1,standard,1.0,0.3,0.05,5000,1.0,1.0,7
6,94,1,standard,1.0,0.3,0.05,5000,1.0,1.0,6
6,95,1,standard,1.0,0.3,0.05,5000,1.0,1.0,7
6,96,1,standard,1.0,0.3,0.05,5000,1.0,1.0,5
6,97,1,standard,1.0,0.3,0.05,5000,1.0,1.0,7
6,98,1,standard,1.0,0.3,0.05,5000,1.0,1.0,7
6,99,1,standard,1.0,0.3,0.05,5000,1.0,1.0,5
6,100,1,standard,1.0,0.3,0.05,5000,1.0,1.0,6
6,1,1,standard,1.0,0.4,0.05,5000,1.0,1.0,4
6,2,1,standard,1.0,0.4,0.05,5000,1.0,1.0,5
6,3,1,standard,1.0,0.4,0.05,5000,1.0,1.0,5
6,4,1,standard,1.0,0.4,0.05,5000,1.0,1.0,4
6,5,1,standard,1.0,0.4,0.05,5000,1.0,1.0,6
6,6,1,standard,1.0,0.4,0.05,5000,1.0,1.0,4
6,7,1,standard,1.0,0.4,0.05,5000,1.0,1.0,4
6,8,1,standard,1.0,0.4,0.05,5000,1.0,1.0,5
6,9,1,standard,1.0,0.4,0.05,5000,1.0,1.0,5
6,10,1,standard,1.0,0.4,0.05,5000,1.0,1.0,5
6,11,1,standard,1.0,0.4,0.05,5000,1.0,1.0,5
6,12,1,standard,1.0,0.4,0.05,5000,1.0,1.0,5
6,13,1,standard,1.0,0.4,0.05,5000,1.0,1.0,5
6,14,1,standard,1.0,0.4,0.05,5000,1.0,1.0,5
6,15,1,standard,1.0,0.4,0.05,5000,1.0,1.0,4
6,16,1,standard,1.0,0.4,0.05,5000,1.0,1.0,5
6,17,1,standard,1.0,0.4,0.05,5000,1.0,1.0,5
6,18,1,standard,1.0,0.4,0.05,5000,1.0,1.0,5
6,19,1,standard,1.0,0.4,0.05,5000,1.0,1.0,5
6,20,1,standard,1.0,0.4,0.05,5000,1.0,1.0,5
6,21,1,standard,1.0,0.4,0.05,5000,1.0,1.0,5
6,22,1,standard,1.0,0.4,0.05,5000,1.0,1.0,5
6,23,1,standard,1.0,0.4,0.05,5000,1.0,1.0,5
6,24,1,standard,1.0,0.4,0.05,5000,1.0,1.0,5
6,25,1,standard,1.0,0.4,0.05,5000,1.0,1.0,5
6,26,1,standard,1.0,0.4,0.05,5000,1.0,1.0,5
6,27,1,standard,1.0,0.4,0.05,5000,1.0,1.0,6
6,28,1,standard,1.0,0.4,0.05,5000,1.0,1.0,5
6,29,1,standard,1.0,0.4,0.05,5000,1.0,1.0,6
6,30,1,standard,1.0,0.4,0.05,5000,1.0,1.0,5
6,31,1,standard,1.0,0.4,0.05,5000,1.0,1.0,4
6,32,1,standard,1.0,0.4,0.05,5000,1.0,1.0,5
6,33,1,standard,1.0,0.4,0.05,5000,1.0,1.0,5
6,34,1,standard,1.0,0.4,0.05,5000,1.0,1.0,5
6,35,1,standard,1.0,0.4,0.05,5000,1.0,1.0,5
6,36,1,standard,1.0,0.4,0.05,5000,1.0,1.0,5
6,37,1,standard,1.0,0.4,0.05,5000,1.0,1.0,4
6,38,1,standard,1.0,0.4,0.05,5000,1.0,1.0,5
6,39,1,standard,1.0,0.4,0.05,5000,1.0,1.0,4
6,40,1,standard,1.0,0.4,0.05,5000,1.0,1.0,5
6,41,1,standard,1.0,0.4,0.05,5000,1.0,1.0,4
6,42,1,standard,1.0,0.4,0.05,5000,1.0,1.0,5
6,43,1,standard,1.0,0.4,0.05,5000,1.0,1.0,5
6,44,1,standard,1.0,0.4,0.05,5000,1.0,1.0,5
6,45,1,standard,1.0,0.4,0.05,5000,1.0,1.0,5
6,46,1,standard,1.0,0.4,0.05,5000,1.0,1.0,3
6,47,1,standard,1.0,0.4,0.05,5000,1.0,1.0,5
6,48,1,standard,1.0,0.4,0.05,5000,1.0,1.0,4
6,49,1,standard,1.0,0.4,0.05,5000,1.0,1.0,5
6,50,1,standard,1.0,0.4,0.05,5000,1.0,1.0,5
6,51,1,standard,1.0,0.4,0.05,5000,1.0,1.0,5
6,52,1,standard,1.0,0.4,0.05,5000,1.0,1.0,3
6,53,1,standard,1.0,0.4,0.05,5000,1.0,1.0,5
6,54,1,standard,1.0,0.4,0.05,5000,1.0,1.0,5
6,55,1,standard,1.0,0.4,0.05,5000,1.0,1.0,6
6,56,1,standard,1.0,0.4,0.05,5000,1.0,1.0,5
6,57,1,standard,1.0,0.4,0.05,5000,1.0,1.0,5
6,58,1,standard,1.0,0.4,0.05,5000,1.0,1.0,5
6,59,1,standard,1.0,0.4,0.05,5000,1.0,1.0,5
6,60,1,standard,1.0,0.4,0.05,5000,1.0,1.0,4
6,61,1,standard,1.0,0.4,0.05,5000,1.0,1.0,4
6,62,1,standard,1.0,0.4,0.05,5000,1.0,1.0,4
6,63,1,standard,1.0,0.4,0.05,5000,1.0,1.0,5
6,64,1,standard,1.0,0.4,0.05,5000,1.0,1.0,5
6,65,1,standard,1.0,0.4,0.05,5000,1.0,1.0,5
6,66,1,standard,1.0,0.4,0.05,5000,1.0,1.0,6
6,67,1,standard,1.0,0.4,0.05,5000,1.0,1.0,4
6,68,1,standard,1.0,0.4,0.05,5000,1.0,1.0,5
6,69,1,standard,1.0,0.4,0.05,5000,1.0,1.0,5
6,70,1,standard,1.0,0.4,0.05,5000,1.0,1.0,5
6,71,1,standard,1.0,0.4,0.05,5000,1.0,1.0,5
6,72,1,standard,1.0,0.4,0.05,5000,1.0,1.0,5
6,73,1,standard,1.0,0.4,0.05,5000,1.0,1.0,5
6,74,1,standard,1.0,0.4,0.05,5000,1.0,1.0,4
6,75,1,standard,1.0,0.4,0.05,5000,1.0,1.0,5
6,76,1,standard,1.0,0.4,0.05,5000,1.0,1.0,5
6,77,1,standard,1.0,0.4,0.05,5000,1.0,1.0,5
6,78,1,standard,1.0,0.4,0.05,5000,1.0,1.0,6
6,79,1,standard,1.0,0.4,0.05,5000,1.0,1.0,5
6,80,1,standard,1.0,0.4,0.05,5000,1.0,1.0,4
6,81,1,standard,1.0,0.4,0.05,5000,1.0,1.0,5
6,82,1,standard,1.0,0.4,0.05,5000,1.0,1.0,5
6,83,1,standard,1.0,0.4,0.05,5000,1.0,1.0,5
6,84,1,standard,1.0,0.4,0.05,5000,1.0,1.0,5
6,85,1,standard,1.0,0.4,0.05,5000,1.0,1.0,5
6,86,1,standard,1.0,0.4,0.05,5000,1.0,1.0,5
6,87,1,standard,1.0,0.4,0.05,5000,1.0,1.0,5
6,88,1,standard,1.0,0.4,0.05,5000,1.0,1.0,5
6,89,1,standard,1.0,0.4,0.05,5000,1.0,1.0,4
6,90,1,standard,1.0,0.4,0.05,5000,1.0,1.0,5
6,91,1,standard,1.0,0.4,0.05,5000,1.0,1.0,5
6,92,1,standard,1.0,0.4,0.05,5000,1.0,1.0,5
6,93,1,standard,1.0,0.4,0.05,5000,1.0,1.0,6
6,94,1,standard,1.0,0.4,0.05,5000,1.0,1.0,5
6,95,1,standard,1.0,0.4,0.05,5000,1.0,1.0,5
6,96,1,standard,1.0,0.4,0.05,5000,1.0,1.0,5
6,97,1,standard,1.0,0.4,0.05,5000,1.0,1.0,5
6,98,1,standard,1.0,0.4,0.05,5000,1.0,1.0,6
6,99,1,standard,1.0,0.4,0.05,5000,1.0,1.0,5
6,100,1,standard,1.0,0.4,0.05,5000,1.0,1.0,5
6,1,1,standard,1.0,0.5,0.05,5000,1.0,1.0,4
6,2,1,standard,1.0,0.5,0.05,5000,1.0,1.0,5
6,3,1,standard,1.0,0.5,0.05,5000,1.0,1.0,5
6,4,1,standard,1.0,0.5,0.05,5000,1.0,1.0,3
6,5,1,standard,1.0,0.5,0.05,5000,1.0,1.0,5
6,6,1,standard,1.0,0.5,0.05,5000,1.0,1.0,5
6,7,1,standard,1.0,0.5,0.05,5000,1.0,1.0,4
6,8,1,standard,1.0,0.5,0.05,5000,1.0,1.0,5
6,9,1,standard,1.0,0.5,0.05,5000,1.0,1.0,4
6,10,1,standard,1.0,0.5,0.05,5000,1.0,1.0,4
6,11,1,standard,1.0,0.5,0.05,5000,1.0,1.0,5
6,12,1,standard,1.0,0.5,0.05,5000,1.0,1.0,4
6,13,1,standard,1.0,0.5,0.05,5000,1.0,1.0,4
6,14,1,standard,1.0,0.5,0.05,5000,1.0,1.0,5
6,15,1,standard,1.0,0.5,0.05,5000,1.0,1.0,5
6,16,1,standard,1.0,0.5,0.05,5000,1.0,1.0,5
6,17,1,standard,1.0,0.5,0.05,5000,1.0,1.0,5
6,18,1,standard,1.0,0.5,0.05,5000,1.0,1.0,5
6,19,1,standard,1.0,0.5,0.05,5000,1.0,1.0,5
6,20,1,standard,1.0,0.5,0.05,5000,1.0,1.0,5
6,21,1,standard,1.0,0.5,0.05,5000,1.0,1.0,5
6,22,1,standard,1.0,0.5,0.05,5000,1.0,1.0,4
6,23,1,standard,1.0,0.5,0.05,5000,1.0,1.0,5
6,24,1,standard,1.0,0.5,0.05,5000,1.0,1.0,5
6,25,1,standard,1.0,0.5,0.05,5000,1.0,1.0,5
6,26,1,standard,1.0,0.5,0.05,5000,1.0,1.0,5
6,27,1,standard,1.0,0.5,0.05,5000,1.0,1.0,5
6,28,1,standard,1.0,0.5,0.05,5000,1.0,1.0,5
6,29,1,standard,1.0,0.5,0.05,5000,1.0,1.0,5
6,30,1,standard,1.0,0.5,0.05,5000,1.0,1.0,5
6,31,1,standard,1.0,0.5,0.05,5000,1.0,1.0,4
6,32,1,standard,1.0,0.5,0.05,5000,1.0,1.0,5
6,33,1,standard,1.0,0.5,0.05,5000,1.0,1.0,5
6,34,1,standard,1.0,0.5,0.05,5000,1.0,1.0,5
6,35,1,standard,1.0,0.5,0.05,5000,1.0,1.0,4
6,36,1,standard,1.0,0.5,0.05,5000,1.0,1.0,5
6,37,1,standard,1.0,0.5,0.05,5000,1.0,1.0,5
6,38,1,standard,1.0,0.5,0.05,5000,1.0,1.0,5
6,39,1,standard,1.0,0.5,0.05,5000,1.0,1.0,4
6,40,1,standard,1.0,0.5,0.05,5000,1.0,1.0,4
6,41,1,standard,1.0,0.5,0.05,5000,1.0,1.0,5
6,42,1,standard,1.0,0.5,0.05,5000,1.0,1.0,5
6,43,1,standard,1.0,0.5,0.05,5000,1.0,1.0,4
6,44,1,standard,1.0,0.5,0.05,5000,1.0,1.0,5
6,45,1,standard,1.0,0.5,0.05,5000,1.0,1.0,5
6,46,1,standard,1.0,0.5,0.05,5000,1.0,1.0,4
6,47,1,standard,1.0,0.5,0.05,5000,1.0,1.0,5
6,48,1,standard,1.0,0.5,0.05,5000,1.0,1.0,3
6,49,1,standard,1.0,0.5,0.05,5000,1.0,1.0,5
6,50,1,standard,1.0,0.5,0.05,5000,1.0,1.0,5
6,51,1,standard,1.0,0.5,0.05,5000,1.0,1.0,4
6,52,1,standard,1.0,0.5,0.05,5000,1.0,1.0,4
6,53,1,standard,1.0,0.5,0.05,5000,1.0,1.0,5
6,54,1,standard,1.0,0.5,0.05,5000,1.0,1.0,4
6,55,1,standard,1.0,0.5,0.05,5000,1.0,1.0,5
6,56,1,standard,1.0,0.5,0.05,5000,1.0,1.0,4
6,57,1,standard,1.0,0.5,0.05,5000,1.0,1.0,4
6,58,1,standard,1.0,0.5,0.05,5000,1.0,1.0,4
6,59,1,standard,1.0,0.5,0.05,5000,1.0,1.0,5
6,60,1,standard,1.0,0.5,0.05,5000,1.0,1.0,3
6,61,1,standard,1.0,0.5,0.05,5000,1.0,1.0,3
6,62,1,standard,1.0,0.5,0.05,5000,1.0,1.0,4
6,63,1,standard,1.0,0.5,0.05,5000,1.0,1.0,5
6,64,1,standard,1.0,0.5,0.05,5000,1.0,1.0,4
6,65,1,standard,1.0,0.5,0.05,5000,1.0,1.0,5
6,66,1,standard,1.0,0.5,0.05,5000,1.0,1.0,5
6,67,1,standard,1.0,0.5,0.05,5000,1.0,1.0,3
6,68,1,standard,1.0,0.5,0.05,5000,1.0,1.0,5
6,69,1,standard,1.0,0.5,0.05,5000,1.0,1.0,3
6,70,1,standard,1.0,0.5,0.05,5000,1.0,1.0,5
6,71,1,standard,1.0,0.5,0.05,5000,1.0,1.0,5
6,72,1,standard,1.0,0.5,0.05,5000,1.0,1.0,5
6,73,1,standard,1.0,0.5,0.05,5000,1.0,1.0,5
6,74,1,standard,1.0,0.5,0.05,5000,1.0,1.0,4
6,75,1,standard,1.0,0.5,0.05,5000,1.0,1.0,5
6,76,1,standard,1.0,0.5,0.05,5000,1.0,1.0,5
6,77,1,standard,1.0,0.5,0.05,5000,1.0,1.0,4
6,78,1,standard,1.0,0.5,0.05,5000,1.0,1.0,5
6,79,1,standard,1.0,0.5,0.05,5000,1.0,1.0,5
6,80,1,standard,1.0,0.5,0.05,5000,1.0,1.0,5
6,81,1,standard,1.0,0.5,0.05,5000,1.0,1.0,4
6,82,1,standard,1.0,0.5,0.05,5000,1.0,1.0,5
6,83,1,standard,1.0,0.5,0.05,5000,1.0,1.0,5
6,84,1,standard,1.0,0.5,0.05,5000,1.0,1.0,5
6,85,1,standard,1.0,0.5,0.05,5000,1.0,1.0,5
6,86,1,standard,1.0,0.5,0.05,5000,1.0,1.0,4
6,87,1,standard,1.0,0.5,0.05,5000,1.0,1.0,4
6,88,1,standard,1.0,0.5,0.05,5000,1.0,1.0,5
6,89,1,standard,1.0,0.5,0.05,5000,1.0,1.0,4
6,90,1,standard,1.0,0.5,0.05,5000,1.0,1.0,4
6,91,1,standard,1.0,0.5,0.05,5000,1.0,1.0,4
6,92,1,standard,1.0,0.5,0.05,5000,1.0,1.0,5
6,93,1,standard,1.0,0.5,0.05,5000,1.0,1.0,5
6,94,1,standard,1.0,0.5,0.05,5000,1.0,1.0,5
6,95,1,standard,1.0,0.5,0.05,5000,1.0,1.0,4
6,96,1,standard,1.0,0.5,0.05,5000,1.0,1.0,3
6,97,1,standard,1.0,0.5,0.05,5000,1.0,1.0,4
6,98,1,standard,1.0,0.5,0.05,5000,1.0,1.0,5
6,99,1,standard,1.0,0.5,0.05,5000,1.0,1.0,3
6,100,1,standard,1.0,0.5,0.05,5000,1.0,1.0,5
6,1,1,standard,1.0,0.6,0.05,5000,1.0,1.0,6
6,2,1,standard,1.0,0.6,0.05,5000,1.0,1.0,6
6,3,1,standard,1.0,0.6,0.05,5000,1.0,1.0,3
6,4,1,standard,1.0,0.6,0.05,5000,1.0,1.0,6
6,5,1,standard,1.0,0.6,0.05,5000,1.0,1.0,4
6,6,1,standard,1.0,0.6,0.05,5000,1.0,1.0,6
6,7,1,standard,1.0,0.6,0.05,5000,1.0,1.0,6
6,8,1,standard,1.0,0.6,0.05,5000,1.0,1.0,4
6,9,1,standard,1.0,0.6,0.05,5000,1.0,1.0,7
6,10,1,standard,1.0,0.6,0.05,5000,1.0,1.0,6
6,11,1,standard,1.0,0.6,0.05,5000,1.0,1.0,3
6,12,1,standard,1.0,0.6,0.05,5000,1.0,1.0,6
6,13,1,standard,1.0,0.6,0.05,5000,1.0,1.0,6
6,14,1,standard,1.0,0.6,0.05,5000,1.0,1.0,3
6,15,1,standard,1.0,0.6,0.05,5000,1.0,1.0,4
6,16,1,standard,1.0,0.6,0.05,5000,1.0,1.0,4
6,17,1,standard,1.0,0.6,0.05,5000,1.0,1.0,4
6,18,1,standard,1.0,0.6,0.05,5000,1.0,1.0,4
6,19,1,standard,1.0,0.6,0.05,5000,1.0,1.0,6
6,20,1,standard,1.0,0.6,0.05,5000,1.0,1.0,4
6,21,1,standard,1.0,0.6,0.05,5000,1.0,1.0,3
6,22,1,standard,1.0,0.6,0.05,5000,1.0,1.0,7
6,23,1,standard,1.0,0.6,0.05,5000,1.0,1.0,3
6,24,1,standard,1.0,0.6,0.05,5000,1.0,1.0,3
6,25,1,standard,1.0,0.6,0.05,5000,1.0,1.0,3
6,26,1,standard,1.0,0.6,0.05,5000,1.0,1.0,3
6,27,1,standard,1.0,0.6,0.05,5000,1.0,1.0,6
6,28,1,standard,1.0,0.6,0.05,5000,1.0,1.0,6
6,29,1,standard,1.0,0.6,0.05,5000,1.0,1.0,4
6,30,1,standard,1.0,0.6,0.05,5000,1.0,1.0,3
6,31,1,standard,1.0,0.6,0.05,5000,1.0,1.0,6
6,32,1,standard,1.0,0.6,0.05,5000,1.0,1.0,3
6,33,1,standard,1.0,0.6,0.05,5000,1.0,1.0,3
6,34,1,standard,1.0,0.6,0.05,5000,1.0,1.0,6
6,35,1,standard,1.0,0.6,0.05,5000,1.0,1.0,6
6,36,1,standard,1.0,0.6,0.05,5000,1.0,1.0,3
6,37,1,standard,1.0,0.6,0.05,5000,1.0,1.0,6
6,38,1,standard,1.0,0.6,0.05,5000,1.0,1.0,6
6,39,1,standard,1.0,0.6,0.05,5000,1.0,1.0,6
6,40,1,standard,1.0,0.6,0.05,5000,1.0,1.0,6
6,41,1,standard,1.0,0.6,0.05,5000,1.0,1.0,6
6,42,1,standard,1.0,0.6,0.05,5000,1.0,1.0,4
6,43,1,standard,1.0,0.6,0.05,5000,1.0,1.0,4
6,44,1,standard,1.0,0.6,0.05,5000,1.0,1.0,3
6,45,1,standard,1.0,0.6,0.05,5000,1.0,1.0,3
6,46,1,standard,1.0,0.6,0.05,5000,1.0,1.0,5
6,47,1,standard,1.0,0.6,0.05,5000,1.0,1.0,4
6,48,1,standard,1.0,0.6,0.05,5000,1.0,1.0,6
6,49,1,standard,1.0,0.6,0.05,5000,1.0,1.0,4
6,50,1,standard,1.0,0.6,0.05,5000,1.0,1.0,3
6,51,1,standard,1.0,0.6,0.05,5000,1.0,1.0,6
6,52,1,standard,1.0,0.6,0.05,5000,1.0,1.0,2
6,53,1,standard,1.0,0.6,0.05,5000,1.0,1.0,6
6,54,1,standard,1.0,0.6,0.05,5000,1.0,1.0,5
6,55,1,standard,1.0,0.6,0.05,5000,1.0,1.0,6
6,56,1,standard,1.0,0.6,0.05,5000,1.0,1.0,6
6,57,1,standard,1.0,0.6,0.05,5000,1.0,1.0,6
6,58,1,standard,1.0,0.6,0.05,5000,1.0,1.0,6
6,59,1,standard,1.0,0.6,0.05,5000,1.0,1.0,3
6,60,1,standard,1.0,0.6,0.05,5000,1.0,1.0,7
6,61,1,standard,1.0,0.6,0.05,5000,1.0,1.0,7
6,62,1,standard,1.0,0.6,0.05,5000,1.0,1.0,4
6,63,1,standard,1.0,0.6,0.05,5000,1.0,1.0,5
6,64,1,standard,1.0,0.6,0.05,5000,1.0,1.0,6
6,65,1,standard,1.0,0.6,0.05,5000,1.0,1.0,3
6,66,1,standard,1.0,0.6,0.05,5000,1.0,1.0,6
6,67,1,standard,1.0,0.6,0.05,5000,1.0,1.0,7
6,68,1,standard,1.0,0.6,0.05,5000,1.0,1.0,3
6,69,1,standard,1.0,0.6,0.05,5000,1.0,1.0,6
6,70,1,standard,1.0,0.6,0.05,5000,1.0,1.0,4
6,71,1,standard,1.0,0.6,0.05,5000,1.0,1.0,3
6,72,1,standard,1.0,0.6,0.05,5000,1.0,1.0,3
6,73,1,standard,1.0,0.6,0.05,5000,1.0,1.0,4
6,74,1,standard,1.0,0.6,0.05,5000,1.0,1.0,6
6,75,1,standard,1.0,0.6,0.05,5000,1.0,1.0,5
6,76,1,standard,1.0,0.6,0.05,5000,1.0,1.0,4
6,77,1,standard,1.0,0.6,0.05,5000,1.0,1.0,6
6,78,1,standard,1.0,0.6,0.05,5000,1.0,1.0,5
6,79,1,standard,1.0,0.6,0.05,5000,1.0,1.0,5
6,80,1,standard,1.0,0.6,0.05,5000,1.0,1.0,6
6,81,1,standard,1.0,0.6,0.05,5000,1.0,1.0,6
6,82,1,standard,1.0,0.6,0.05,5000,1.0,1.0,4
6,83,1,standard,1.0,0.6,0.05,5000,1.0,1.0,4
6,84,1,standard,1.0,0.6,0.05,5000,1.0,1.0,5
6,85,1,standard,1.0,0.6,0.05,5000,1.0,1.0,3
6,86,1,standard,1.0,0.6,0.05,5000,1.0,1.0,6
6,87,1,standard,1.0,0.6,0.05,5000,1.0,1.0,6
6,88,1,standard,1.0,0.6,0.05,5000,1.0,1.0,3
6,89,1,standard,1.0,0.6,0.05,5000,1.0,1.0,6
6,90,1,standard,1.0,0.6,0.05,5000,1.0,1.0,5
6,91,1,standard,1.0,0.6,0.05,5000,1.0,1.0,6
6,92,1,standard,1.0,0.6,0.05,5000,1.0,1.0,3
6,93,1,standard,1.0,0.6,0.05,5000,1.0,1.0,3
6,94,1,standard,1.0,0.6,0.05,5000,1.0,1.0,3
6,95,1,standard,1.0,0.6,0.05,5000,1.0,1.0,6
6,96,1,standard,1.0,0.6,0.05,5000,1.0,1.0,6
6,97,1,standard,1.0,0.6,0.05,5000,1.0,1.0,6
6,98,1,standard,1.0,0.6,0.05,5000,1.0,1.0,4
6,99,1,standard,1.0,0.6,0.05,5000,1.0,1.0,6
6,100,1,standard,1.0,0.6,0.05,5000,1.0,1.0,3
6,1,1,standard,1.0,0.7,0.05,5000,1.0,1.0,2
6,2,1,standard,1.0,0.7,0.05,5000,1.0,1.0,
6,3,1,standard,1.0,0.7,0.05,5000,1.0,1.0,
6,4,1,standard,1.0,0.7,0.05,5000,1.0,1.0,
6,5,1,standard,1.0,0.7,0.05,5000,1.0,1.0,
6,6,1,standard,1.0,0.7,0.05,5000,1.0,1.0,
6,7,1,standard,1.0,0.7,0.05,5000,1.0,1.0,
6,8,1,standard,1.0,0.7,0.05,5000,1.0,1.0,
6,9,1,standard,1.0,0.7,0.05,5000,1.0,1.0,
6,10,1,standard,1.0,0.7,0.05,5000,1.0,1.0,
6,11,1,standard,1.0,0.7,0.05,5000,1.0,1.0,
6,12,1,standard,1.0,0.7,0.05,5000,1.0,1.0,3
6,13,1,standard,1.0,0.7,0.05,5000,1.0,1.0,
6,14,1,standard,1.0,0.7,0.05,5000,1.0,1.0,
6,15,1,standard,1.0,0.7,0.05,5000,1.0,1.0,
6,16,1,standard,1.0,0.7,0.05,5000,1.0,1.0,
6,17,1,standard,1.0,0.7,0.05,5000,1.0,1.0,
6,18,1,standard,1.0,0.7,0.05,5000,1.0,1.0,
6,19,1,standard,1.0,0.7,0.05,5000,1.0,1.0,
6,20,1,standard,1.0,0.7,0.05,5000,1.0,1.0,
6,21,1,standard,1.0,0.7,0.05,5000,1.0,1.0,
6,22,1,standard,1.0,0.7,0.05,5000,1.0,1.0,
6,23,1,standard,1.0,0.7,0.05,5000,1.0,1.0,
6,24,1,standard,1.0,0.7,0.05,5000,1.0,1.0,
6,25,1,standard,1.0,0.7,0.05,5000,1.0,1.0,
6,26,1,standard,1.0,0.7,0.05,5000,1.0,1.0,
6,27,1,standard,1.0,0.7,0.05,5000,1.0,1.0,
6,28,1,standard,1.0,0.7,0.05,5000,1.0,1.0,
6,29,1,standard,1.0,0.7,0.05,5000,1.0,1.0,
6,30,1,standard,1.0,0.7,0.05,5000,1.0,1.0,
6,31,1,standard,1.0,0.7,0.05,5000,1.0,1.0,
6,32,1,standard,1.0,0.7,0.05,5000,1.0,1.0,
6,33,1,standard,1.0,0.7,0.05,5000,1.0,1.0,
6,34,1,standard,1.0,0.7,0.05,5000,1.0,1.0,
6,35,1,standard,1.0,0.7,0.05,5000,1.0,1.0,3
6,36,1,standard,1.0,0.7,0.05,5000,1.0,1.0,
6,37,1,standard,1.0,0.7,0.05,5000,1.0,1.0,
6,38,1,standard,1.0,0.7,0.05,5000,1.0,1.0,
6,39,1,standard,1.0,0.7,0.05,5000,1.0,1.0,3
6,40,1,standard,1.0,0.7,0.05,5000,1.0,1.0,3
6,41,1,standard,1.0,0.7,0.05,5000,1.0,1.0,
6,42,1,standard,1.0,0.7,0.05,5000,1.0,1.0,
6,43,1,standard,1.0,0.7,0.05,5000,1.0,1.0,
6,44,1,standard,1.0,0.7,0.05,5000,1.0,1.0,
6,45,1,standard,1.0,0.7,0.05,5000,1.0,1.0,
6,46,1,standard,1.0,0.7,0.05,5000,1.0,1.0,2
6,47,1,standard,1.0,0.7,0.05,5000,1.0,1.0,
6,48,1,standard,1.0,0.7,0.05,5000,1.0,1.0,
6,49,1,standard,1.0,0.7,0.05,5000,1.0,1.0,
6,50,1,standard,1.0,0.7,0.05,5000,1.0,1.0,
6,51,1,standard,1.0,0.7,0.05,5000,1.0,1.0,
6,52,1,standard,1.0,0.7,0.05,5000,1.0,1.0,
6,53,1,standard,1.0,0.7,0.05,5000,1.0,1.0,
6,54,1,standard,1.0,0.7,0.05,5000,1.0,1.0,
6,55,1,standard,1.0,0.7,0.05,5000,1.0,1.0,
6,56,1,standard,1.0,0.7,0.05,5000,1.0,1.0,3
6,57,1,standard,1.0,0.7,0.05,5000,1.0,1.0,
6,58,1,standard,1.0,0.7,0.05,5000,1.0,1.0,
6,59,1,standard,1.0,0.7,0.05,5000,1.0,1.0,
6,60,1,standard,1.0,0.7,0.05,5000,1.0,1.0,2
6,61,1,standard,1.0,0.7,0.05,5000,1.0,1.0,
6,62,1,standard,1.0,0.7,0.05,5000,1.0,1.0,
6,63,1,standard,1.0,0.7,0.05,5000,1.0,1.0,
6,64,1,standard,1.0,0.7,0.05,5000,1.0,1.0,
6,65,1,standard,1.0,0.7,0.05,5000,1.0,1.0,
6,66,1,standard,1.0,0.7,0.05,5000,1.0,1.0,
6,67,1,standard,1.0,0.7,0.05,5000,1.0,1.0,
6,68,1,standard,1.0,0.7,0.05,5000,1.0,1.0,
6,69,1,standard,1.0,0.7,0.05,5000,1.0,1.0,
6,70,1,standard,1.0,0.7,0.05,5000,1.0,1.0,
6,71,1,standard,1.0,0.7,0.05,5000,1.0,1.0,
6,72,1,standard,1.0,0.7,0.05,5000,1.0,1.0,
6,73,1,standard,1.0,0.7,0.05,5000,1.0,1.0,
6,74,1,standard,1.0,0.7,0.05,5000,1.0,1.0,
6,75,1,standard,1.0,0.7,0.05,5000,1.0,1.0,
6,76,1,standard,1.0,0.7,0.05,5000,1.0,1.0,
6,77,1,standard,1.0,0.7,0.05,5000,1.0,1.0,
6,78,1,standard,1.0,0.7,0.05,5000,1.0,1.0,5
6,79,1,standard,1.0,0.7,0.05,5000,1.0,1.0,
6,80,1,standard,1.0,0.7,0.05,5000,1.0,1.0,
6,81,1,standard,1.0,0.7,0.05,5000,1.0,1.0,3
6,82,1,standard,1.0,0.7,0.05,5000,1.0,1.0,
6,83,1,standard,1.0,0.7,0.05,5000,1.0,1.0,
6,84,1,standard,1.0,0.7,0.05,5000,1.0,1.0,
6,85,1,standard,1.0,0.7,0.05,5000,1.0,1.0,
6,86,1,standard,1.0,0.7,0.05,5000,1.0,1.0,
6,87,1,standard,1.0,0.7,0.05,5000,1.0,1.0,
6,88,1,standard,1.0,0.7,0.05,5000,1.0,1.0,
6,89,1,standard,1.0,0.7,0.05,5000,1.0,1.0,2
6,90,1,standard,1.0,0.7,0.05,5000,1.0,1.0,
6,91,1,standard,1.0,0.7,0.05,5000,1.0,1.0,
6,92,1,standard,1.0,0.7,0.05,5000,1.0,1.0,
6,93,1,standard,1.0,0.7,0.05,5000,1.0,1.0,
6,94,1,standard,1.0,0.7,0.05,5000,1.0,1.0,
6,95,1,standard,1.0,0.7,0.05,5000,1.0,1.0,
6,96,1,standard,1.0,0.7,0.05,5000,1.0,1.0,
6,97,1,standard,1.0,0.7,0.05,5000,1.0,1.0,3
6,98,1,standard,1.0,0.7,0.05,5000,1.0,1.0,
6,99,1,standard,1.0,0.7,0.05,5000,1.0,1.0,
6,100,1,standard,1.0,0.7,0.05,5000,1.0,1.0,
6,1,1,standard,1.0,0.8,0.05,5000,1.0,1.0,
6,2,1,standard,1.0,0.8,0.05,5000,1.0,1.0,2
6,3,1,standard,1.0,0.8,0.05,5000,1.0,1.0,
6,4,1,standard,1.0,0.8,0.05,5000,1.0,1.0,
6,5,1,standard,1.0,0.8,0.05,5000,1.0,1.0,
6,6,1,standard,1.0,0.8,0.05,5000,1.0,1.0,3
6,7,1,standard,1.0,0.8,0.05,5000,1.0,1.0,
6,8,1,standard,1.0,0.8,0.05,5000,1.0,1.0,
6,9,1,standard,1.0,0.8,0.05,5000,1.0,1.0,
6,10,1,standard,1.0,0.8,0.05,5000,1.0,1.0,
6,11,1,standard,1.0,0.8,0.05,5000,1.0,1.0,
6,12,1,standard,1.0,0.8,0.05,5000,1.0,1.0,
6,13,1,standard,1.0,0.8,0.05,5000,1.0,1.0,
6,14,1,standard,1.0,0.8,0.05,5000,1.0,1.0,
6,15,1,standard,1.0,0.8,0.05,5000,1.0,1.0,2
6,16,1,standard,1.0,0.8,0.05,5000,1.0,1.0,
6,17,1,standard,1.0,0.8,0.05,5000,1.0,1.0,
6,18,1,standard,1.0,0.8,0.05,5000,1.0,1.0,2
6,19,1,standard,1.0,0.8,0.05,5000,1.0,1.0,3
6,20,1,standard,1.0,0.8,0.05,5000,1.0,1.0,
6,21,1,standard,1.0,0.8,0.05,5000,1.0,1.0,
6,22,1,standard,1.0,0.8,0.05,5000,1.0,1.0,
6,23,1,standard,1.0,0.8,0.05,5000,1.0,1.0,
6,24,1,standard,1.0,0.8,0.05,5000,1.0,1.0,
6,25,1,standard,1.0,0.8,0.05,5000,1.0,1.0,
6,26,1,standard,1.0,0.8,0.05,5000,1.0,1.0,
6,27,1,standard,1.0,0.8,0.05,5000,1.0,1.0,
6,28,1,standard,1.0,0.8,0.05,5000,1.0,1.0,3
6,29,1,standard,1.0,0.8,0.05,5000,1.0,1.0,
6,30,1,standard,1.0,0.8,0.05,5000,1.0,1.0,
6,31,1,standard,1.0,0.8,0.05,5000,1.0,1.0,
6,32,1,standard,1.0,0.8,0.05,5000,1.0,1.0,
6,33,1,standard,1.0,0.8,0.05,5000,1.0,1.0,
6,34,1,standard,1.0,0.8,0.05,5000,1.0,1.0,3
6,35,1,standard,1.0,0.8,0.05,5000,1.0,1.0,
6,36,1,standard,1.0,0.8,0.05,5000,1.0,1.0,
6,37,1,standard,1.0,0.8,0.05,5000,1.0,1.0,2
6,38,1,standard,1.0,0.8,0.05,5000,1.0,1.0,3
6,39,1,standard,1.0,0.8,0.05,5000,1.0,1.0,
6,40,1,standard,1.0,0.8,0.05,5000,1.0,1.0,
6,41,1,standard,1.0,0.8,0.05,5000,1.0,1.0,2
6,42,1,standard,1.0,0.8,0.05,5000,1.0,1.0,
6,43,1,standard,1.0,0.8,0.05,5000,1.0,1.0,
6,44,1,standard,1.0,0.8,0.05,5000,1.0,1.0,
6,45,1,standard,1.0,0.8,0.05,5000,1.0,1.0,
6,46,1,standard,1.0,0.8,0.05,5000,1.0,1.0,
6,47,1,standard,1.0,0.8,0.05,5000,1.0,1.0,
6,48,1,standard,1.0,0.8,0.05,5000,1.0,1.0,
6,49,1,standard,1.0,0.8,0.05,5000,1.0,1.0,
6,50,1,standard,1.0,0.8,0.05,5000,1.0,1.0,
6,51,1,standard,1.0,0.8,0.05,5000,1.0,1.0,
6,52,1,standard,1.0,0.8,0.05,5000,1.0,1.0,
6,53,1,standard,1.0,0.8,0.05,5000,1.0,1.0,2
6,54,1,standard,1.0,0.8,0.05,5000,1.0,1.0,
6,55,1,standard,1.0,0.8,0.05,5000,1.0,1.0,3
6,56,1,standard,1.0,0.8,0.05,5000,1.0,1.0,
6,57,1,standard,1.0,0.8,0.05,5000,1.0,1.0,
6,58,1,standard,1.0,0.8,0.05,5000,1.0,1.0,
6,59,1,standard,1.0,0.8,0.05,5000,1.0,1.0,
6,60,1,standard,1.0,0.8,0.05,5000,1.0,1.0,
6,61,1,standard,1.0,0.8,0.05,5000,1.0,1.0,
6,62,1,standard,1.0,0.8,0.05,5000,1.0,1.0,
6,63,1,standard,1.0,0.8,0.05,5000,1.0,1.0,3
6,64,1,standard,1.0,0.8,0.05,5000,1.0,1.0,
6,65,1,standard,1.0,0.8,0.05,5000,1.0,1.0,
6,66,1,standard,1.0,0.8,0.05,5000,1.0,1.0,
6,67,1,standard,1.0,0.8,0.05,5000,1.0,1.0,
6,68,1,standard,1.0,0.8,0.05,5000,1.0,1.0,
6,69,1,standard,1.0,0.8,0.05,5000,1.0,1.0,
6,70,1,standard,1.0,0.8,0.05,5000,1.0,1.0,3
6,71,1,standard,1.0,0.8,0.05,5000,1.0,1.0,
6,72,1,standard,1.0,0.8,0.05,5000,1.0,1.0,
6,73,1,standard,1.0,0.8,0.05,5000,1.0,1.0,2
6,74,1,standard,1.0,0.8,0.05,5000,1.0,1.0,3
6,75,1,standard,1.0,0.8,0.05,5000,1.0,1.0,2
6,76,1,standard,1.0,0.8,0.05,5000,1.0,1.0,
6,77,1,standard,1.0,0.8,0.05,5000,1.0,1.0,
6,78,1,standard,1.0,0.8,0.05,5000,1.0,1.0,
6,79,1,standard,1.0,0.8,0.05,5000,1.0,1.0,3
6,80,1,standard,1.0,0.8,0.05,5000,1.0,1.0,2
6,81,1,standard,1.0,0.8,0.05,5000,1.0,1.0,
6,82,1,standard,1.0,0.8,0.05,5000,1.0,1.0,
6,83,1,standard,1.0,0.8,0.05,5000,1.0,1.0,
6,84,1,standard,1.0,0.8,0.05,5000,1.0,1.0,2
6,85,1,standard,1.0,0.8,0.05,5000,1.0,1.0,
6,86,1,standard,1.0,0.8,0.05,5000,1.0,1.0,
6,87,1,standard,1.0,0.8,0.05,5000,1.0,1.0,
6,88,1,standard,1.0,0.8,0.05,5000,1.0,1.0,
6,89,1,standard,1.0,0.8,0.05,5000,1.0,1.0,
6,90,1,standard,1.0,0.8,0.05,5000,1.0,1.0,
6,91,1,standard,1.0,0.8,0.05,5000,1.0,1.0,
6,92,1,standard,1.0,0.8,0.05,5000,1.0,1.0,
6,93,1,standard,1.0,0.8,0.05,5000,1.0,1.0,
6,94,1,standard,1.0,0.8,0.05,5000,1.0,1.0,
6,95,1,standard,1.0,0.8,0.05,5000,1.0,1.0,
6,96,1,standard,1.0,0.8,0.05,5000,1.0,1.0,
6,97,1,standard,1.0,0.8,0.05,5000,1.0,1.0,
6,98,1,standard,1.0,0.8,0.05,5000,1.0,1.0,
6,99,1,standard,1.0,0.8,0.05,5000,1.0,1.0,
6,100,1,standard,1.0,0.8,0.05,5000,1.0,1.0,
6,1,1,standard,1.0,0.9,0.05,5000,1.0,1.0,
6,2,1,standard,1.0,0.9,0.05,5000,1.0,1.0,
6,3,1,standard,1.0,0.9,0.05,5000,1.0,1.0,
6,4,1,standard,1.0,0.9,0.05,5000,1.0,1.0,
6,5,1,standard,1.0,0.9,0.05,5000,1.0,1.0,
6,6,1,standard,1.0,0.9,0.05,5000,1.0,1.0,
6,7,1,standard,1.0,0.9,0.05,5000,1.0,1.0,
6,8,1,standard,1.0,0.9,0.05,5000,1.0,1.0,
6,9,1,standard,1.0,0.9,0.05,5000,1.0,1.0,
6,10,1,standard,1.0,0.9,0.05,5000,1.0,1.0,
6,11,1,standard,1.0,0.9,0.05,5000,1.0,1.0,
6,12,1,standard,1.0,0.9,0.05,5000,1.0,1.0,
6,13,1,standard,1.0,0.9,0.05,5000,1.0,1.0,
6,14,1,standard,1.0,0.9,0.05,5000,1.0,1.0,
6,15,1,standard,1.0,0.9,0.05,5000,1.0,1.0,
6,16,1,standard,1.0,0.9,0.05,5000,1.0,1.0,
6,17,1,standard,1.0,0.9,0.05,5000,1.0,1.0,
6,18,1,standard,1.0,0.9,0.05,5000,1.0,1.0,
6,19,1,standard,1.0,0.9,0.05,5000,1.0,1.0,
6,20,1,standard,1.0,0.9,0.05,5000,1.0,1.0,
6,21,1,standard,1.0,0.9,0.05,5000,1.0,1.0,
6,22,1,standard,1.0,0.9,0.05,5000,1.0,1.0,
6,23,1,standard,1.0,0.9,0.05,5000,1.0,1.0,
6,24,1,standard,1.0,0.9,0.05,5000,1.0,1.0,
6,25,1,standard,1.0,0.9,0.05,5000,1.0,1.0,
6,26,1,standard,1.0,0.9,0.05,5000,1.0,1.0,
6,27,1,standard,1.0,0.9,0.05,5000,1.0,1.0,
6,28,1,standard,1.0,0.9,0.05,5000,1.0,1.0,
6,29,1,standard,1.0,0.9,0.05,5000,1.0,1.0,
6,30,1,standard,1.0,0.9,0.05,5000,1.0,1.0,
6,31,1,standard,1.0,0.9,0.05,5000,1.0,1.0,
6,32,1,standard,1.0,0.9,0.05,5000,1.0,1.0,
6,33,1,standard,1.0,0.9,0.05,5000,1.0,1.0,
6,34,1,standard,1.0,0.9,0.05,5000,1.0,1.0,
6,35,1,standard,1.0,0.9,0.05,5000,1.0,1.0,
6,36,1,standard,1.0,0.9,0.05,5000,1.0,1.0,
6,37,1,standard,1.0,0.9,0.05,5000,1.0,1.0,
6,38,1,standard,1.0,0.9,0.05,5000,1.0,1.0,
6,39,1,standard,1.0,0.9,0.05,5000,1.0,1.0,
6,40,1,standard,1.0,0.9,0.05,5000,1.0,1.0,
6,41,1,standard,1.0,0.9,0.05,5000,1.0,1.0,
6,42,1,standard,1.0,0.9,0.05,5000,1.0,1.0,
6,43,1,standard,1.0,0.9,0.05,5000,1.0,1.0,
6,44,1,standard,1.0,0.9,0.05,5000,1.0,1.0,
6,45,1,standard,1.0,0.9,0.05,5000,1.0,1.0,
6,46,1,standard,1.0,0.9,0.05,5000,1.0,1.0,
6,47,1,standard,1.0,0.9,0.05,5000,1.0,1.0,
6,48,1,standard,1.0,0.9,0.05,5000,1.0,1.0,
6,49,1,standard,1.0,0.9,0.05,5000,1.0,1.0,
6,50,1,standard,1.0,0.9,0.05,5000,1.0,1.0,
6,51,1,standard,1.0,0.9,0.05,5000,1.0,1.0,
6,52,1,standard,1.0,0.9,0.05,5000,1.0,1.0,
6,53,1,standard,1.0,0.9,0.05,5000,1.0,1.0,
6,54,1,standard,1.0,0.9,0.05,5000,1.0,1.0,
6,55,1,standard,1.0,0.9,0.05,5000,1.0,1.0,
6,56,1,standard,1.0,0.9,0.05,5000,1.0,1.0,
6,57,1,standard,1.0,0.9,0.05,5000,1.0,1.0,
6,58,1,standard,1.0,0.9,0.05,5000,1.0,1.0,
6,59,1,standard,1.0,0.9,0.05,5000,1.0,1.0,
6,60,1,standard,1.0,0.9,0.05,5000,1.0,1.0,
6,61,1,standard,1.0,0.9,0.05,5000,1.0,1.0,
6,62,1,standard,1.0,0.9,0.05,5000,1.0,1.0,
6,63,1,standard,1.0,0.9,0.05,5000,1.0,1.0,
6,64,1,standard,1.0,0.9,0.05,5000,1.0,1.0,
6,65,1,standard,1.0,0.9,0.05,5000,1.0,1.0,
6,66,1,standard,1.0,0.9,0.05,5000,1.0,1.0,
6,67,1,standard,1.0,0.9,0.05,5000,1.0,1.0,
6,68,1,standard,1.0,0.9,0.05,5000,1.0,1.0,
6,69,1,standard,1.0,0.9,0.05,5000,1.0,1.0,
6,70,1,standard,1.0,0.9,0.05,5000,1.0,1.0,
6,71,1,standard,1.0,0.9,0.05,5000,1.0,1.0,
6,72,1,standard,1.0,0.9,0.05,5000,1.0,1.0,
6,73,1,standard,1.0,0.9,0.05,5000,1.0,1.0,
6,74,1,standard,1.0,0.9,0.05,5000,1.0,1.0,
6,75,1,standard,1.0,0.9,0.05,5000,1.0,1.0,
6,76,1,standard,1.0,0.9,0.05,5000,1.0,1.0,
6,77,1,standard,1.0,0.9,0.05,5000,1.0,1.0,
6,78,1,standard,1.0,0.9,0.05,5000,1.0,1.0,
6,79,1,standard,1.0,0.9,0.05,5000,1.0,1.0,
6,80,1,standard,1.0,0.9,0.05,5000,1.0,1.0,
6,81,1,standard,1.0,0.9,0.05,5000,1.0,1.0,
6,82,1,standard,1.0,0.9,0.05,5000,1.0,1.0,
6,83,1,standard,1.0,0.9,0.05,5000,1.0,1.0,
6,84,1,standard,1.0,0.9,0.05,5000,1.0,1.0,
6,85,1,standard,1.0,0.9,0.05,5000,1.0,1.0,
6,86,1,standard,1.0,0.9,0.05,5000,1.0,1.0,
6,87,1,standard,1.0,0.9,0.05,5000,1.0,1.0,
6,88,1,standard,1.0,0.9,0.05,5000,1.0,1.0,
6,89,1,standard,1.0,0.9,0.05,5000,1.0,1.0,
6,90,1,standard,1.0,0.9,0.05,5000,1.0,1.0,
6,91,1,standard,1.0,0.9,0.05,5000,1.0,1.0,
6,92,1,standard,1.0,0.9,0.05,5000,1.0,1.0,
6,93,1,standard,1.0,0.9,0.05,5000,1.0,1.0,
6,94,1,standard,1.0,0.9,0.05,5000,1.0,1.0,
6,95,1,standard,1.0,0.9,0.05,5000,1.0,1.0,
6,96,1,standard,1.0,0.9,0.05,5000,1.0,1.0,
6,97,1,standard,1.0,0.9,0.05,5000,1.0,1.0,
6,98,1,standard,1.0,0.9,0.05,5000,1.0,1.0,
6,99,1,standard,1.0,0.9,0.05,5000,1.0,1.0,
6,100,1,standard,1.0,0.9,0.05,5000,1.0,1.0,
6,1,1,standard,1.0,1.0,0.05,5000,1.0,1.0,
6,2,1,standard,1.0,1.0,0.05,5000,1.0,1.0,
6,3,1,standard,1.0,1.0,0.05,5000,1.0,1.0,
6,4,1,standard,1.0,1.0,0.05,5000,1.0,1.0,
6,5,1,standard,1.0,1.0,0.05,5000,1.0,1.0,
6,6,1,standard,1.0,1.0,0.05,5000,1.0,1.0,
6,7,1,standard,1.0,1.0,0.05,5000,1.0,1.0,
6,8,1,standard,1.0,1.0,0.05,5000,1.0,1.0,
6,9,1,standard,1.0,1.0,0.05,5000,1.0,1.0,
6,10,1,standard,1.0,1.0,0.05,5000,1.0,1.0,
6,11,1,standard,1.0,1.0,0.05,5000,1.0,1.0,
6,12,1,standard,1.0,1.0,0.05,5000,1.0,1.0,
6,13,1,standard,1.0,1.0,0.05,5000,1.0,1.0,
6,14,1,standard,1.0,1.0,0.05,5000,1.0,1.0,
6,15,1,standard,1.0,1.0,0.05,5000,1.0,1.0,
6,16,1,standard,1.0,1.0,0.05,5000,1.0,1.0,
6,17,1,standard,1.0,1.0,0.05,5000,1.0,1.0,
6,18,1,standard,1.0,1.0,0.05,5000,1.0,1.0,
6,19,1,standard,1.0,1.0,0.05,5000,1.0,1.0,
6,20,1,standard,1.0,1.0,0.05,5000,1.0,1.0,
6,21,1,standard,1.0,1.0,0.05,5000,1.0,1.0,
6,22,1,standard,1.0,1.0,0.05,5000,1.0,1.0,
6,23,1,standard,1.0,1.0,0.05,5000,1.0,1.0,
6,24,1,standard,1.0,1.0,0.05,5000,1.0,1.0,
6,25,1,standard,1.0,1.0,0.05,5000,1.0,1.0,
6,26,1,standard,1.0,1.0,0.05,5000,1.0,1.0,
6,27,1,standard,1.0,1.0,0.05,5000,1.0,1.0,
6,28,1,standard,1.0,1.0,0.05,5000,1.0,1.0,
6,29,1,standard,1.0,1.0,0.05,5000,1.0,1.0,
6,30,1,standard,1.0,1.0,0.05,5000,1.0,1.0,
6,31,1,standard,1.0,1.0,0.05,5000,1.0,1.0,
6,32,1,standard,1.0,1.0,0.05,5000,1.0,1.0,
6,33,1,standard,1.0,1.0,0.05,5000,1.0,1.0,
6,34,1,standard,1.0,1.0,0.05,5000,1.0,1.0,
6,35,1,standard,1.0,1.0,0.05,5000,1.0,1.0,
6,36,1,standard,1.0,1.0,0.05,5000,1.0,1.0,
6,37,1,standard,1.0,1.0,0.05,5000,1.0,1.0,
6,38,1,standard,1.0,1.0,0.05,5000,1.0,1.0,
6,39,1,standard,1.0,1.0,0.05,5000,1.0,1.0,
6,40,1,standard,1.0,1.0,0.05,5000,1.0,1.0,
6,41,1,standard,1.0,1.0,0.05,5000,1.0,1.0,
6,42,1,standard,1.0,1.0,0.05,5000,1.0,1.0,
6,43,1,standard,1.0,1.0,0.05,5000,1.0,1.0,
6,44,1,standard,1.0,1.0,0.05,5000,1.0,1.0,
6,45,1,standard,1.0,1.0,0.05,5000,1.0,1.0,
6,46,1,standard,1.0,1.0,0.05,5000,1.0,1.0,
6,47,1,standard,1.0,1.0,0.05,5000,1.0,1.0,
6,48,1,standard,1.0,1.0,0.05,5000,1.0,1.0,
6,49,1,standard,1.0,1.0,0.05,5000,1.0,1.0,
6,50,1,standard,1.0,1.0,0.05,5000,1.0,1.0,
6,51,1,standard,1.0,1.0,0.05,5000,1.0,1.0,
6,52,1,standard,1.0,1.0,0.05,5000,1.0,1.0,
6,53,1,standard,1.0,1.0,0.05,5000,1.0,1.0,
6,54,1,standard,1.0,1.0,0.05,5000,1.0,1.0,
6,55,1,standard,1.0,1.0,0.05,5000,1.0,1.0,
6,56,1,standard,1.0,1.0,0.05,5000,1.0,1.0,
6,57,1,standard,1.0,1.0,0.05,5000,1.0,1.0,
6,58,1,standard,1.0,1.0,0.05,5000,1.0,1.0,
6,59,1,standard,1.0,1.0,0.05,5000,1.0,1.0,
6,60,1,standard,1.0,1.0,0.05,5000,1.0,1.0,
6,61,1,standard,1.0,1.0,0.05,5000,1.0,1.0,
6,62,1,standard,1.0,1.0,0.05,5000,1.0,1.0,
6,63,1,standard,1.0,1.0,0.05,5000,1.0,1.0,
6,64,1,standard,1.0,1.0,0.05,5000,1.0,1.0,
6,65,1,standard,1.0,1.0,0.05,5000,1.0,1.0,
6,66,1,standard,1.0,1.0,0.05,5000,1.0,1.0,
6,67,1,standard,1.0,1.0,0.05,5000,1.0,1.0,
6,68,1,standard,1.0,1.0,0.05,5000,1.0,1.0,
6,69,1,standard,1.0,1.0,0.05,5000,1.0,1.0,
6,70,1,standard,1.0,1.0,0.05,5000,1.0,1.0,
6,71,1,standard,1.0,1.0,0.05,5000,1.0,1.0,
6,72,1,standard,1.0,1.0,0.05,5000,1.0,1.0,
6,73,1,standard,1.0,1.0,0.05,5000,1.0,1.0,
6,74,1,standard,1.0,1.0,0.05,5000,1.0,1.0,
6,75,1,standard,1.0,1.0,0.05,5000,1.0,1.0,
6,76,1,standard,1.0,1.0,0.05,5000,1.0,1.0,
6,77,1,standard,1.0,1.0,0.05,5000,1.0,1.0,
6,78,1,standard,1.0,1.0,0.05,5000,1.0,1.0,
6,79,1,standard,1.0,1.0,0.05,5000,1.0,1.0,
6,80,1,standard,1.0,1.0,0.05,5000,1.0,1.0,
6,81,1,standard,1.0,1.0,0.05,5000,1.0,1.0,
6,82,1,standard,1.0,1.0,0.05,5000,1.0,1.0,
6,83,1,standard,1.0,1.0,0.05,5000,1.0,1.0,
6,84,1,standard,1.0,1.0,0.05,5000,1.0,1.0,
6,85,1,standard,1.0,1.0,0.05,5000,1.0,1.0,
6,86,1,standard,1.0,1.0,0.05,5000,1.0,1.0,
6,87,1,standard,1.0,1.0,0.05,5000,1.0,1.0,
6,88,1,standard,1.0,1.0,0.05,5000,1.0,1.0,
6,89,1,standard,1.0,1.0,0.05,5000,1.0,1.0,
6,90,1,standard,1.0,1.0,0.05,5000,1.0,1.0,
6,91,1,standard,1.0,1.0,0.05,5000,1.0,1.0,
6,92,1,standard,1.0,1.0,0.05,5000,1.0,1.0,
6,93,1,standard,1.0,1.0,0.05,5000,1.0,1.0,
6,94,1,standard,1.0,1.0,0.05,5000,1.0,1.0,
6,95,1,standard,1.0,1.0,0.05,5000,1.0,1.0,
6,96,1,standard,1.0,1.0,0.05,5000,1.0,1.0,
6,97,1,standard,1.0,1.0,0.05,5000,1.0,1.0,
6,98,1,standard,1.0,1.0,0.05,5000,1.0,1.0,
6,99,1,standard,1.0,1.0,0.05,5000,1.0,1.0,
6,100,1,standard,1.0,1.0,0.05,5000,1.0,1.0,
7,1,1,standard,1.0,0.1,0.05,5000,1.0,1.0,15
7,2,1,standard,1.0,0.1,0.05,5000,1.0,1.0,19
7,3,1,standard,1.0,0.1,0.05,5000,1.0,1.0,21
7,4,1,standard,1.0,0.1,0.05,5000,1.0,1.0,17
7,5,1,standard,1.0,0.1,0.05,5000,1.0,1.0,20
7,6,1,standard,1.0,0.1,0.05,5000,1.0,1.0,19
7,7,1,standard,1.0,0.1,0.05,5000,1.0,1.0,18
7,8,1,standard,1.0,0.1,0.05,5000,1.0,1.0,21
7,9,1,standard,1.0,0.1,0.05,5000,1.0,1.0,22
7,10,1,standard,1.0,0.1,0.05,5000,1.0,1.0,18
7,11,1,standard,1.0,0.1,0.05,5000,1.0,1.0,20
7,12,1,standard,1.0,0.1,0.05,5000,1.0,1.0,16
7,13,1,standard,1.0,0.1,0.05,5000,1.0,1.0,19
7,14,1,standard,1.0,0.1,0.05,5000,1.0,1.0,20
7,15,1,standard,1.0,0.1,0.05,5000,1.0,1.0,20
7,16,1,standard,1.0,0.1,0.05,5000,1.0,1.0,21
7,17,1,standard,1.0,0.1,0.05,5000,1.0,1.0,21
7,18,1,standard,1.0,0.1,0.05,5000,1.0,1.0,18
7,19,1,standard,1.0,0.1,0.05,5000,1.0,1.0,19
7,20,1,standard,1.0,0.1,0.05,5000,1.0,1.0,21
7,21,1,standard,1.0,0.1,0.05,5000,1.0,1.0,21
7,22,1,standard,1.0,0.1,0.05,5000,1.0,1.0,22
7,23,1,standard,1.0,0.1,0.05,5000,1.0,1.0,21
7,24,1,standard,1.0,0.1,0.05,5000,1.0,1.0,21
7,25,1,standard,1.0,0.1,0.05,5000,1.0,1.0,19
7,26,1,standard,1.0,0.1,0.05,5000,1.0,1.0,20
7,27,1,standard,1.0,0.1,0.05,5000,1.0,1.0,22
7,28,1,standard,1.0,0.1,0.05,5000,1.0,1.0,19
7,29,1,standard,1.0,0.1,0.05,5000,1.0,1.0,21
7,30,1,standard,1.0,0.1,0.05,5000,1.0,1.0,20
7,31,1,standard,1.0,0.1,0.05,5000,1.0,1.0,18
7,32,1,standard,1.0,0.1,0.05,5000,1.0,1.0,20
7,33,1,standard,1.0,0.1,0.05,5000,1.0,1.0,20
7,34,1,standard,1.0,0.1,0.05,5000,1.0,1.0,20
7,35,1,standard,1.0,0.1,0.05,5000,1.0,1.0,17
7,36,1,standard,1.0,0.1,0.05,5000,1.0,1.0,22
7,37,1,standard,1.0,0.1,0.05,5000,1.0,1.0,20
7,38,1,standard,1.0,0.1,0.05,5000,1.0,1.0,20
7,39,1,standard,1.0,0.1,0.05,5000,1.0,1.0,16
7,40,1,standard,1.0,0.1,0.05,5000,1.0,1.0,20
7,41,1,standard,1.0,0.1,0.05,5000,1.0,1.0,19
7,42,1,standard,1.0,0.1,0.05,5000,1.0,1.0,21
7,43,1,standard,1.0,0.1,0.05,5000,1.0,1.0,16
7,44,1,standard,1.0,0.1,0.05,5000,1.0,1.0,22
7,45,1,standard,1.0,0.1,0.05,5000,1.0,1.0,21
7,46,1,standard,1.0,0.1,0.05,5000,1.0,1.0,18
7,47,1,standard,1.0,0.1,0.05,5000,1.0,1.0,19
7,48,1,standard,1.0,0.1,0.05,5000,1.0,1.0,18
7,49,1,standard,1.0,0.1,0.05,5000,1.0,1.0,19
7,50,1,standard,1.0,0.1,0.05,5000,1.0,1.0,21
7,51,1,standard,1.0,0.1,0.05,5000,1.0,1.0,18
7,52,1,standard,1.0,0.1,0.05,5000,1.0,1.0,13
7,53,1,standard,1.0,0.1,0.05,5000,1.0,1.0,19
7,54,1,standard,1.0,0.1,0.05,5000,1.0,1.0,21
7,55,1,standard,1.0,0.1,0.05,5000,1.0,1.0,20
7,56,1,standard,1.0,0.1,0.05,5000,1.0,1.0,17
7,57,1,standard,1.0,0.1,0.05,5000,1.0,1.0,19
7,58,1,standard,1.0,0.1,0.05,5000,1.0,1.0,20
7,59,1,standard,1.0,0.1,0.05,5000,1.0,1.0,20
7,60,1,standard,1.0,0.1,0.05,5000,1.0,1.0,14
7,61,1,standard,1.0,0.1,0.05,5000,1.0,1.0,16
7,62,1,standard,1.0,0.1,0.05,5000,1.0,1.0,15
7,63,1,standard,1.0,0.1,0.05,5000,1.0,1.0,20
7,64,1,standard,1.0,0.1,0.05,5000,1.0,1.0,19
7,65,1,standard,1.0,0.1,0.05,5000,1.0,1.0,21
7,66,1,standard,1.0,0.1,0.05,5000,1.0,1.0,20
7,67,1,standard,1.0,0.1,0.05,5000,1.0,1.0,16
7,68,1,standard,1.0,0.1,0.05,5000,1.0,1.0,20
7,69,1,standard,1.0,0.1,0.05,5000,1.0,1.0,18
7,70,1,standard,1.0,0.1,0.05,5000,1.0,1.0,20
7,71,1,standard,1.0,0.1,0.05,5000,1.0,1.0,19
7,72,1,standard,1.0,0.1,0.05,5000,1.0,1.0,21
7,73,1,standard,1.0,0.1,0.05,5000,1.0,1.0,18
7,74,1,standard,1.0,0.1,0.05,5000,1.0,1.0,18
7,75,1,standard,1.0,0.1,0.05,5000,1.0,1.0,19
7,76,1,standard,1.0,0.1,0.05,5000,1.0,1.0,20
7,77,1,standard,1.0,0.1,0.05,5000,1.0,1.0,16
7,78,1,standard,1.0,0.1,0.05,5000,1.0,1.0,22
7,79,1,standard,1.0,0.1,0.05,5000,1.0,1.0,20
7,80,1,standard,1.0,0.1,0.05,5000,1.0,1.0,19
7,81,1,standard,1.0,0.1,0.05,5000,1.0,1.0,18
7,82,1,standard,1.0,0.1,0.05,5000,1.0,1.0,21
7,83,1,standard,1.0,0.1,0.05,5000,1.0,1.0,19
7,84,1,standard,1.0,0.1,0.05,5000,1.0,1.0,19
7,85,1,standard,1.0,0.1,0.05,5000,1.0,1.0,21
7,86,1,standard,1.0,0.1,0.05,5000,1.0,1.0,22
7,87,1,standard,1.0,0.1,0.05,5000,1.0,1.0,18
7,88,1,standard,1.0,0.1,0.05,5000,1.0,1.0,20
7,89,1,standard,1.0,0.1,0.05,5000,1.0,1.0,18
7,90,1,standard,1.0,0.1,0.05,5000,1.0,1.0,21
7,91,1,standard,1.0,0.1,0.05,5000,1.0,1.0,18
7,92,1,standard,1.0,0.1,0.05,5000,1.0,1.0,20
7,93,1,standard,1.0,0.1,0.05,5000,1.0,1.0,21
7,94,1,standard,1.0,0.1,0.05,5000,1.0,1.0,21
7,95,1,standard,1.0,0.1,0.05,5000,1.0,1.0,19
7,96,1,standard,1.0,0.1,0.05,5000,1.0,1.0,17
7,97,1,standard,1.0,0.1,0.05,5000,1.0,1.0,18
7,98,1,standard,1.0,0.1,0.05,5000,1.0,1.0,21
7,99,1,standard,1.0,0.1,0.05,5000,1.0,1.0,18
7,100,1,standard,1.0,0.1,0.05,5000,1.0,1.0,20
7,1,1,standard,1.0,0.2,0.05,5000,1.0,1.0,8
7,2,1,standard,1.0,0.2,0.05,5000,1.0,1.0,10
7,3,1,standard,1.0,0.2,0.05,5000,1.0,1.0,11
7,4,1,standard,1.0,0.2,0.05,5000,1.0,1.0,8
7,5,1,standard,1.0,0.2,0.05,5000,1.0,1.0,10
7,6,1,standard,1.0,0.2,0.05,5000,1.0,1.0,9
7,7,1,standard,1.0,0.2,0.05,5000,1.0,1.0,9
7,8,1,standard,1.0,0.2,0.05,5000,1.0,1.0,10
7,9,1,standard,1.0,0.2,0.05,5000,1.0,1.0,11
7,10,1,standard,1.0,0.2,0.05,5000,1.0,1.0,9
7,11,1,standard,1.0,0.2,0.05,5000,1.0,1.0,10
7,12,1,standard,1.0,0.2,0.05,5000,1.0,1.0,8
7,13,1,standard,1.0,0.2,0.05,5000,1.0,1.0,10
7,14,1,standard,1.0,0.2,0.05,5000,1.0,1.0,10
7,15,1,standard,1.0,0.2,0.05,5000,1.0,1.0,10
7,16,1,standard,1.0,0.2,0.05,5000,1.0,1.0,11
7,17,1,standard,1.0,0.2,0.05,5000,1.0,1.0,10
7,18,1,standard,1.0,0.2,0.05,5000,1.0,1.0,9
7,19,1,standard,1.0,0.2,0.05,5000,1.0,1.0,10
7,20,1,standard,1.0,0.2,0.05,5000,1.0,1.0,10
7,21,1,standard,1.0,0.2,0.05,5000,1.0,1.0,11
7,22,1,standard,1.0,0.2,0.05,5000,1.0,1.0,11
7,23,1,standard,1.0,0.2,0.05,5000,1.0,1.0,11
7,24,1,standard,1.0,0.2,0.05,5000,1.0,1.0,10
7,25,1,standard,1.0,0.2,0.05,5000,1.0,1.0,10
7,26,1,standard,1.0,0.2,0.05,5000,1.0,1.0,10
7,27,1,standard,1.0,0.2,0.05,5000,1.0,1.0,11
7,28,1,standard,1.0,0.2,0.05,5000,1.0,1.0,9
7,29,1,standard,1.0,0.2,0.05,5000,1.0,1.0,11
7,30,1,standard,1.0,0.2,0.05,5000,1.0,1.0,10
7,31,1,standard,1.0,0.2,0.05,5000,1.0,1.0,9
7,32,1,standard,1.0,0.2,0.05,5000,1.0,1.0,10
7,33,1,standard,1.0,0.2,0.05,5000,1.0,1.0,10
7,34,1,standard,1.0,0.2,0.05,5000,1.0,1.0,10
7,35,1,standard,1.0,0.2,0.05,5000,1.0,1.0,9
7,36,1,standard,1.0,0.2,0.05,5000,1.0,1.0,11
7,37,1,standard,1.0,0.2,0.05,5000,1.0,1.0,10
7,38,1,standard,1.0,0.2,0.05,5000,1.0,1.0,10
7,39,1,standard,1.0,0.2,0.05,5000,1.0,1.0,8
7,40,1,standard,1.0,0.2,0.05,5000,1.0,1.0,10
7,41,1,standard,1.0,0.2,0.05,5000,1.0,1.0,9
7,42,1,standard,1.0,0.2,0.05,5000,1.0,1.0,10
7,43,1,standard,1.0,0.2,0.05,5000,1.0,1.0,8
7,44,1,standard,1.0,0.2,0.05,5000,1.0,1.0,11
7,45,1,standard,1.0,0.2,0.05,5000,1.0,1.0,10
7,46,1,standard,1.0,0.2,0.05,5000,1.0,1.0,9
7,47,1,standard,1.0,0.2,0.05,5000,1.0,1.0,10
7,48,1,standard,1.0,0.2,0.05,5000,1.0,1.0,9
7,49,1,standard,1.0,0.2,0.05,5000,1.0,1.0,10
7,50,1,standard,1.0,0.2,0.05,5000,1.0,1.0,11
7,51,1,standard,1.0,0.2,0.05,5000,1.0,1.0,9
7,52,1,standard,1.0,0.2,0.05,5000,1.0,1.0,7
7,53,1,standard,1.0,0.2,0.05,5000,1.0,1.0,9
7,54,1,standard,1.0,0.2,0.05,5000,1.0,1.0,10
7,55,1,standard,1.0,0.2,0.05,5000,1.0,1.0,10
7,56,1,standard,1.0,0.2,0.05,5000,1.0,1.0,9
7,57,1,standard,1.0,0.2,0.05,5000,1.0,1.0,10
7,58,1,standard,1.0,0.2,0.05,5000,1.0,1.0,10
7,59,1,standard,1.0,0.2,0.05,5000,1.0,1.0,10
7,60,1,standard,1.0,0.2,0.05,5000,1.0,1.0,7
7,61,1,standard,1.0,0.2,0.05,5000,1.0,1.0,8
7,62,1,standard,1.0,0.2,0.05,5000,1.0,1.0,8
7,63,1,standard,1.0,0.2,0.05,5000,1.0,1.0,10
7,64,1,standard,1.0,0.2,0.05,5000,1.0,1.0,9
7,65,1,standard,1.0,0.2,0.05,5000,1.0,1.0,10
7,66,1,standard,1.0,0.2,0.05,5000,1.0,1.0,10
7,67,1,standard,1.0,0.2,0.05,5000,1.0,1.0,8
7,68,1,standard,1.0,0.2,0.05,5000,1.0,1.0,10
7,69,1,standard,1.0,0.2,0.05,5000,1.0,1.0,9
7,70,1,standard,1.0,0.2,0.05,5000,1.0,1.0,10
7,71,1,standard,1.0,0.2,0.05,5000,1.0,1.0,10
7,72,1,standard,1.0,0.2,0.05,5000,1.0,1.0,11
7,73,1,standard,1.0,0.2,0.05,5000,1.0,1.0,9
7,74,1,standard,1.0,0.2,0.05,5000,1.0,1.0,9
7,75,1,standard,1.0,0.2,0.05,5000,1.0,1.0,10
7,76,1,standard,1.0,0.2,0.05,5000,1.0,1.0,10
7,77,1,standard,1.0,0.2,0.05,5000,1.0,1.0,8
7,78,1,standard,1.0,0.2,0.05,5000,1.0,1.0,11
7,79,1,standard,1.0,0.2,0.05,5000,1.0,1.0,10
7,80,1,standard,1.0,0.2,0.05,5000,1.0,1.0,10
7,81,1,standard,1.0,0.2,0.05,5000,1.0,1.0,9
7,82,1,standard,1.0,0.2,0.05,5000,1.0,1.0,10
7,83,1,standard,1.0,0.2,0.05,5000,1.0,1.0,10
7,84,1,standard,1.0,0.2,0.05,5000,1.0,1.0,10
7,85,1,standard,1.0,0.2,0.05,5000,1.0,1.0,10
7,86,1,standard,1.0,0.2,0.05,5000,1.0,1.0,11
7,87,1,standard,1.0,0.2,0.05,5000,1.0,1.0,9
7,88,1,standard,1.0,0.2,0.05,5000,1.0,1.0,10
7,89,1,standard,1.0,0.2,0.05,5000,1.0,1.0,9
7,90,1,standard,1.0,0.2,0.05,5000,1.0,1.0,10
7,91,1,standard,1.0,0.2,0.05,5000,1.0,1.0,9
7,92,1,standard,1.0,0.2,0.05,5000,1.0,1.0,10
7,93,1,standard,1.0,0.2,0.05,5000,1.0,1.0,10
7,94,1,standard,1.0,0.2,0.05,5000,1.0,1.0,10
7,95,1,standard,1.0,0.2,0.05,5000,1.0,1.0,9
7,96,1,standard,1.0,0.2,0.05,5000,1.0,1.0,8
7,97,1,standard,1.0,0.2,0.05,5000,1.0,1.0,9
7,98,1,standard,1.0,0.2,0.05,5000,1.0,1.0,10
7,99,1,standard,1.0,0.2,0.05,5000,1.0,1.0,9
7,100,1,standard,1.0,0.2,0.05,5000,1.0,1.0,10
7,1,1,standard,1.0,0.3,0.05,5000,1.0,1.0,5
7,2,1,standard,1.0,0.3,0.05,5000,1.0,1.0,6
7,3,1,standard,1.0,0.3,0.05,5000,1.0,1.0,7
7,4,1,standard,1.0,0.3,0.05,5000,1.0,1.0,6
7,5,1,standard,1.0,0.3,0.05,5000,1.0,1.0,7
7,6,1,standard,1.0,0.3,0.05,5000,1.0,1.0,6
7,7,1,standard,1.0,0.3,0.05,5000,1.0,1.0,6
7,8,1,standard,1.0,0.3,0.05,5000,1.0,1.0,7
7,9,1,standard,1.0,0.3,0.05,5000,1.0,1.0,7
7,10,1,standard,1.0,0.3,0.05,5000,1.0,1.0,6
7,11,1,standard,1.0,0.3,0.05,5000,1.0,1.0,7
7,12,1,standard,1.0,0.3,0.05,5000,1.0,1.0,5
7,13,1,standard,1.0,0.3,0.05,5000,1.0,1.0,6
7,14,1,standard,1.0,0.3,0.05,5000,1.0,1.0,7
7,15,1,standard,1.0,0.3,0.05,5000,1.0,1.0,7
7,16,1,standard,1.0,0.3,0.05,5000,1.0,1.0,7
7,17,1,standard,1.0,0.3,0.05,5000,1.0,1.0,7
7,18,1,standard,1.0,0.3,0.05,5000,1.0,1.0,6
7,19,1,standard,1.0,0.3,0.05,5000,1.0,1.0,6
7,20,1,standard,1.0,0.3,0.05,5000,1.0,1.0,7
7,21,1,standard,1.0,0.3,0.05,5000,1.0,1.0,7
7,22,1,standard,1.0,0.3,0.05,5000,1.0,1.0,7
7,23,1,standard,1.0,0.3,0.05,5000,1.0,1.0,7
7,24,1,standard,1.0,0.3,0.05,5000,1.0,1.0,7
7,25,1,standard,1.0,0.3,0.05,5000,1.0,1.0,6
7,26,1,standard,1.0,0.3,0.05,5000,1.0,1.0,7
7,27,1,standard,1.0,0.3,0.05,5000,1.0,1.0,7
7,28,1,standard,1.0,0.3,0.05,5000,1.0,1.0,6
7,29,1,standard,1.0,0.3,0.05,5000,1.0,1.0,7
7,30,1,standard,1.0,0.3,0.05,5000,1.0,1.0,7
7,31,1,standard,1.0,0.3,0.05,5000,1.0,1.0,6
7,32,1,standard,1.0,0.3,0.05,5000,1.0,1.0,7
7,33,1,standard,1.0,0.3,0.05,5000,1.0,1.0,7
7,34,1,standard,1.0,0.3,0.05,5000,1.0,1.0,7
7,35,1,standard,1.0,0.3,0.05,5000,1.0,1.0,6
7,36,1,standard,1.0,0.3,0.05,5000,1.0,1.0,7
7,37,1,standard,1.0,0.3,0.05,5000,1.0,1.0,7
7,38,1,standard,1.0,0.3,0.05,5000,1.0,1.0,7
7,39,1,standard,1.0,0.3,0.05,5000,1.0,1.0,5
7,40,1,standard,1.0,0.3,0.05,5000,1.0,1.0,7
7,41,1,standard,1.0,0.3,0.05,5000,1.0,1.0,6
7,42,1,standard,1.0,0.3,0.05,5000,1.0,1.0,7
7,43,1,standard,1.0,0.3,0.05,5000,1.0,1.0,6
7,44,1,standard,1.0,0.3,0.05,5000,1.0,1.0,7
7,45,1,standard,1.0,0.3,0.05,5000,1.0,1.0,7
7,46,1,standard,1.0,0.3,0.05,5000,1.0,1.0,6
7,47,1,standard,1.0,0.3,0.05,5000,1.0,1.0,6
7,48,1,standard,1.0,0.3,0.05,5000,1.0,1.0,6
7,49,1,standard,1.0,0.3,0.05,5000,1.0,1.0,6
7,50,1,standard,1.0,0.3,0.05,5000,1.0,1.0,7
7,51,1,standard,1.0,0.3,0.05,5000,1.0,1.0,6
7,52,1,standard,1.0,0.3,0.05,5000,1.0,1.0,5
7,53,1,standard,1.0,0.3,0.05,5000,1.0,1.0,6
7,54,1,standard,1.0,0.3,0.05,5000,1.0,1.0,7
7,55,1,standard,1.0,0.3,0.05,5000,1.0,1.0,7
7,56,1,standard,1.0,0.3,0.05,5000,1.0,1.0,6
7,57,1,standard,1.0,0.3,0.05,5000,1.0,1.0,6
7,58,1,standard,1.0,0.3,0.05,5000,1.0,1.0,7
7,59,1,standard,1.0,0.3,0.05,5000,1.0,1.0,7
7,60,1,standard,1.0,0.3,0.05,5000,1.0,1.0,5
7,61,1,standard,1.0,0.3,0.05,5000,1.0,1.0,6
7,62,1,standard,1.0,0.3,0.05,5000,1.0,1.0,5
7,63,1,standard,1.0,0.3,0.05,5000,1.0,1.0,6
7,64,1,standard,1.0,0.3,0.05,5000,1.0,1.0,6
7,65,1,standard,1.0,0.3,0.05,5000,1.0,1.0,7
7,66,1,standard,1.0,0.3,0.05,5000,1.0,1.0,7
7,67,1,standard,1.0,0.3,0.05,5000,1.0,1.0,6
7,68,1,standard,1.0,0.3,0.05,5000,1.0,1.0,7
7,69,1,standard,1.0,0.3,0.05,5000,1.0,1.0,6
7,70,1,standard,1.0,0.3,0.05,5000,1.0,1.0,7
7,71,1,standard,1.0,0.3,0.05,5000,1.0,1.0,7
7,72,1,standard,1.0,0.3,0.05,5000,1.0,1.0,7
7,73,1,standard,1.0,0.3,0.05,5000,1.0,1.0,6
7,74,1,standard,1.0,0.3,0.05,5000,1.0,1.0,6
7,75,1,standard,1.0,0.3,0.05,5000,1.0,1.0,6
7,76,1,standard,1.0,0.3,0.05,5000,1.0,1.0,7
7,77,1,standard,1.0,0.3,0.05,5000,1.0,1.0,5
7,78,1,standard,1.0,0.3,0.05,5000,1.0,1.0,8
7,79,1,standard,1.0,0.3,0.05,5000,1.0,1.0,6
7,80,1,standard,1.0,0.3,0.05,5000,1.0,1.0,6
7,81,1,standard,1.0,0.3,0.05,5000,1.0,1.0,6
7,82,1,standard,1.0,0.3,0.05,5000,1.0,1.0,7
7,83,1,standard,1.0,0.3,0.05,5000,1.0,1.0,6
7,84,1,standard,1.0,0.3,0.05,5000,1.0,1.0,6
7,85,1,standard,1.0,0.3,0.05,5000,1.0,1.0,7
7,86,1,standard,1.0,0.3,0.05,5000,1.0,1.0,8
7,87,1,standard,1.0,0.3,0.05,5000,1.0,1.0,6
7,88,1,standard,1.0,0.3,0.05,5000,1.0,1.0,7
7,89,1,standard,1.0,0.3,0.05,5000,1.0,1.0,6
7,90,1,standard,1.0,0.3,0.05,5000,1.0,1.0,7
7,91,1,standard,1.0,0.3,0.05,5000,1.0,1.0,6
7,92,1,standard,1.0,0.3,0.05,5000,1.0,1.0,7
7,93,1,standard,1.0,0.3,0.05,5000,1.0,1.0,7
7,94,1,standard,1.0,0.3,0.05,5000,1.0,1.0,7
7,95,1,standard,1.0,0.3,0.05,5000,1.0,1.0,6
7,96,1,standard,1.0,0.3,0.05,5000,1.0,1.0,6
7,97,1,standard,1.0,0.3,0.05,5000,1.0,1.0,6
7,98,1,standard,1.0,0.3,0.05,5000,1.0,1.0,7
7,99,1,standard,1.0,0.3,0.05,5000,1.0,1.0,6
7,100,1,standard,1.0,0.3,0.05,5000,1.0,1.0,7
7,1,1,standard,1.0,0.4,0.05,5000,1.0,1.0,4
7,2,1,standard,1.0,0.4,0.05,5000,1.0,1.0,6
7,3,1,standard,1.0,0.4,0.05,5000,1.0,1.0,5
7,4,1,standard,1.0,0.4,0.05,5000,1.0,1.0,5
7,5,1,standard,1.0,0.4,0.05,5000,1.0,1.0,5
7,6,1,standard,1.0,0.4,0.05,5000,1.0,1.0,6
7,7,1,standard,1.0,0.4,0.05,5000,1.0,1.0,6
7,8,1,standard,1.0,0.4,0.05,5000,1.0,1.0,5
7,9,1,standard,1.0,0.4,0.05,5000,1.0,1.0,6
7,10,1,standard,1.0,0.4,0.05,5000,1.0,1.0,5
7,11,1,standard,1.0,0.4,0.05,5000,1.0,1.0,5
7,12,1,standard,1.0,0.4,0.05,5000,1.0,1.0,5
7,13,1,standard,1.0,0.4,0.05,5000,1.0,1.0,6
7,14,1,standard,1.0,0.4,0.05,5000,1.0,1.0,5
7,15,1,standard,1.0,0.4,0.05,5000,1.0,1.0,5
7,16,1,standard,1.0,0.4,0.05,5000,1.0,1.0,5
7,17,1,standard,1.0,0.4,0.05,5000,1.0,1.0,6
7,18,1,standard,1.0,0.4,0.05,5000,1.0,1.0,5
7,19,1,standard,1.0,0.4,0.05,5000,1.0,1.0,6
7,20,1,standard,1.0,0.4,0.05,5000,1.0,1.0,5
7,21,1,standard,1.0,0.4,0.05,5000,1.0,1.0,5
7,22,1,standard,1.0,0.4,0.05,5000,1.0,1.0,6
7,23,1,standard,1.0,0.4,0.05,5000,1.0,1.0,5
7,24,1,standard,1.0,0.4,0.05,5000,1.0,1.0,5
7,25,1,standard,1.0,0.4,0.05,5000,1.0,1.0,6
7,26,1,standard,1.0,0.4,0.05,5000,1.0,1.0,5
7,27,1,standard,1.0,0.4,0.05,5000,1.0,1.0,6
7,28,1,standard,1.0,0.4,0.05,5000,1.0,1.0,6
7,29,1,standard,1.0,0.4,0.05,5000,1.0,1.0,6
7,30,1,standard,1.0,0.4,0.05,5000,1.0,1.0,6
7,31,1,standard,1.0,0.4,0.05,5000,1.0,1.0,5
7,32,1,standard,1.0,0.4,0.05,5000,1.0,1.0,5
7,33,1,standard,1.0,0.4,0.05,5000,1.0,1.0,6
7,34,1,standard,1.0,0.4,0.05,5000,1.0,1.0,5
7,35,1,standard,1.0,0.4,0.05,5000,1.0,1.0,5
7,36,1,standard,1.0,0.4,0.05,5000,1.0,1.0,6
7,37,1,standard,1.0,0.4,0.05,5000,1.0,1.0,5
7,38,1,standard,1.0,0.4,0.05,5000,1.0,1.0,6
7,39,1,standard,1.0,0.4,0.05,5000,1.0,1.0,4
7,40,1,standard,1.0,0.4,0.05,5000,1.0,1.0,6
7,41,1,standard,1.0,0.4,0.05,5000,1.0,1.0,6
7,42,1,standard,1.0,0.4,0.05,5000,1.0,1.0,5
7,43,1,standard,1.0,0.4,0.05,5000,1.0,1.0,5
7,44,1,standard,1.0,0.4,0.05,5000,1.0,1.0,5
7,45,1,standard,1.0,0.4,0.05,5000,1.0,1.0,5
7,46,1,standard,1.0,0.4,0.05,5000,1.0,1.0,5
7,47,1,standard,1.0,0.4,0.05,5000,1.0,1.0,6
7,48,1,standard,1.0,0.4,0.05,5000,1.0,1.0,6
7,49,1,standard,1.0,0.4,0.05,5000,1.0,1.0,6
7,50,1,standard,1.0,0.4,0.05,5000,1.0,1.0,5
7,51,1,standard,1.0,0.4,0.05,5000,1.0,1.0,5
7,52,1,standard,1.0,0.4,0.05,5000,1.0,1.0,5
7,53,1,standard,1.0,0.4,0.05,5000,1.0,1.0,6
7,54,1,standard,1.0,0.4,0.05,5000,1.0,1.0,5
7,55,1,standard,1.0,0.4,0.05,5000,1.0,1.0,6
7,56,1,standard,1.0,0.4,0.05,5000,1.0,1.0,4
7,57,1,standard,1.0,0.4,0.05,5000,1.0,1.0,6
7,58,1,standard,1.0,0.4,0.05,5000,1.0,1.0,6
7,59,1,standard,1.0,0.4,0.05,5000,1.0,1.0,5
7,60,1,standard,1.0,0.4,0.05,5000,1.0,1.0,4
7,61,1,standard,1.0,0.4,0.05,5000,1.0,1.0,4
7,62,1,standard,1.0,0.4,0.05,5000,1.0,1.0,4
7,63,1,standard,1.0,0.4,0.05,5000,1.0,1.0,6
7,64,1,standard,1.0,0.4,0.05,5000,1.0,1.0,5
7,65,1,standard,1.0,0.4,0.05,5000,1.0,1.0,5
7,66,1,standard,1.0,0.4,0.05,5000,1.0,1.0,5
7,67,1,standard,1.0,0.4,0.05,5000,1.0,1.0,4
7,68,1,standard,1.0,0.4,0.05,5000,1.0,1.0,5
7,69,1,standard,1.0,0.4,0.05,5000,1.0,1.0,5
7,70,1,standard,1.0,0.4,0.05,5000,1.0,1.0,5
7,71,1,standard,1.0,0.4,0.05,5000,1.0,1.0,5
7,72,1,standard,1.0,0.4,0.05,5000,1.0,1.0,5
7,73,1,standard,1.0,0.4,0.05,5000,1.0,1.0,5
7,74,1,standard,1.0,0.4,0.05,5000,1.0,1.0,5
7,75,1,standard,1.0,0.4,0.05,5000,1.0,1.0,6
7,76,1,standard,1.0,0.4,0.05,5000,1.0,1.0,5
7,77,1,standard,1.0,0.4,0.05,5000,1.0,1.0,4
7,78,1,standard,1.0,0.4,0.05,5000,1.0,1.0,6
7,79,1,standard,1.0,0.4,0.05,5000,1.0,1.0,6
7,80,1,standard,1.0,0.4,0.05,5000,1.0,1.0,6
7,81,1,standard,1.0,0.4,0.05,5000,1.0,1.0,5
7,82,1,standard,1.0,0.4,0.05,5000,1.0,1.0,5
7,83,1,standard,1.0,0.4,0.05,5000,1.0,1.0,6
7,84,1,standard,1.0,0.4,0.05,5000,1.0,1.0,5
7,85,1,standard,1.0,0.4,0.05,5000,1.0,1.0,5
7,86,1,standard,1.0,0.4,0.05,5000,1.0,1.0,6
7,87,1,standard,1.0,0.4,0.05,5000,1.0,1.0,5
7,88,1,standard,1.0,0.4,0.05,5000,1.0,1.0,5
7,89,1,standard,1.0,0.4,0.05,5000,1.0,1.0,4
7,90,1,standard,1.0,0.4,0.05,5000,1.0,1.0,5
7,91,1,standard,1.0,0.4,0.05,5000,1.0,1.0,5
7,92,1,standard,1.0,0.4,0.05,5000,1.0,1.0,6
7,93,1,standard,1.0,0.4,0.05,5000,1.0,1.0,6
7,94,1,standard,1.0,0.4,0.05,5000,1.0,1.0,5
7,95,1,standard,1.0,0.4,0.05,5000,1.0,1.0,5
7,96,1,standard,1.0,0.4,0.05,5000,1.0,1.0,4
7,97,1,standard,1.0,0.4,0.05,5000,1.0,1.0,4
7,98,1,standard,1.0,0.4,0.05,5000,1.0,1.0,5
7,99,1,standard,1.0,0.4,0.05,5000,1.0,1.0,5
7,100,1,standard,1.0,0.4,0.05,5000,1.0,1.0,5
7,1,1,standard,1.0,0.5,0.05,5000,1.0,1.0,3
7,2,1,standard,1.0,0.5,0.05,5000,1.0,1.0,6
7,3,1,standard,1.0,0.5,0.05,5000,1.0,1.0,4
7,4,1,standard,1.0,0.5,0.05,5000,1.0,1.0,7
7,5,1,standard,1.0,0.5,0.05,5000,1.0,1.0,4
7,6,1,standard,1.0,0.5,0.05,5000,1.0,1.0,6
7,7,1,standard,1.0,0.5,0.05,5000,1.0,1.0,6
7,8,1,standard,1.0,0.5,0.05,5000,1.0,1.0,4
7,9,1,standard,1.0,0.5,0.05,5000,1.0,1.0,6
7,10,1,standard,1.0,0.5,0.05,5000,1.0,1.0,6
7,11,1,standard,1.0,0.5,0.05,5000,1.0,1.0,4
7,12,1,standard,1.0,0.5,0.05,5000,1.0,1.0,3
7,13,1,standard,1.0,0.5,0.05,5000,1.0,1.0,6
7,14,1,standard,1.0,0.5,0.05,5000,1.0,1.0,5
7,15,1,standard,1.0,0.5,0.05,5000,1.0,1.0,4
7,16,1,standard,1.0,0.5,0.05,5000,1.0,1.0,4
7,17,1,standard,1.0,0.5,0.05,5000,1.0,1.0,6
7,18,1,standard,1.0,0.5,0.05,5000,1.0,1.0,7
7,19,1,standard,1.0,0.5,0.05,5000,1.0,1.0,6
7,20,1,standard,1.0,0.5,0.05,5000,1.0,1.0,4
7,21,1,standard,1.0,0.5,0.05,5000,1.0,1.0,4
7,22,1,standard,1.0,0.5,0.05,5000,1.0,1.0,4
7,23,1,standard,1.0,0.5,0.05,5000,1.0,1.0,4
7,24,1,standard,1.0,0.5,0.05,5000,1.0,1.0,4
7,25,1,standard,1.0,0.5,0.05,5000,1.0,1.0,6
7,26,1,standard,1.0,0.5,0.05,5000,1.0,1.0,5
7,27,1,standard,1.0,0.5,0.05,5000,1.0,1.0,6
7,28,1,standard,1.0,0.5,0.05,5000,1.0,1.0,6
7,29,1,standard,1.0,0.5,0.05,5000,1.0,1.0,5
7,30,1,standard,1.0,0.5,0.05,5000,1.0,1.0,6
7,31,1,standard,1.0,0.5,0.05,5000,1.0,1.0,7
7,32,1,standard,1.0,0.5,0.05,5000,1.0,1.0,5
7,33,1,standard,1.0,0.5,0.05,5000,1.0,1.0,6
7,34,1,standard,1.0,0.5,0.05,5000,1.0,1.0,6
7,35,1,standard,1.0,0.5,0.05,5000,1.0,1.0,4
7,36,1,standard,1.0,0.5,0.05,5000,1.0,1.0,5
7,37,1,standard,1.0,0.5,0.05,5000,1.0,1.0,5
7,38,1,standard,1.0,0.5,0.05,5000,1.0,1.0,5
7,39,1,standard,1.0,0.5,0.05,5000,1.0,1.0,4
7,40,1,standard,1.0,0.5,0.05,5000,1.0,1.0,6
7,41,1,standard,1.0,0.5,0.05,5000,1.0,1.0,6
7,42,1,standard,1.0,0.5,0.05,5000,1.0,1.0,4
7,43,1,standard,1.0,0.5,0.05,5000,1.0,1.0,4
7,44,1,standard,1.0,0.5,0.05,5000,1.0,1.0,4
7,45,1,standard,1.0,0.5,0.05,5000,1.0,1.0,4
7,46,1,standard,1.0,0.5,0.05,5000,1.0,1.0,6
7,47,1,standard,1.0,0.5,0.05,5000,1.0,1.0,6
7,48,1,standard,1.0,0.5,0.05,5000,1.0,1.0,6
7,49,1,standard,1.0,0.5,0.05,5000,1.0,1.0,6
7,50,1,standard,1.0,0.5,0.05,5000,1.0,1.0,4
7,51,1,standard,1.0,0.5,0.05,5000,1.0,1.0,6
7,52,1,standard,1.0,0.5,0.05,5000,1.0,1.0,4
7,53,1,standard,1.0,0.5,0.05,5000,1.0,1.0,6
7,54,1,standard,1.0,0.5,0.05,5000,1.0,1.0,4
7,55,1,standard,1.0,0.5,0.05,5000,1.0,1.0,6
7,56,1,standard,1.0,0.5,0.05,5000,1.0,1.0,5
7,57,1,standard,1.0,0.5,0.05,5000,1.0,1.0,6
7,58,1,standard,1.0,0.5,0.05,5000,1.0,1.0,6
7,59,1,standard,1.0,0.5,0.05,5000,1.0,1.0,4
7,60,1,standard,1.0,0.5,0.05,5000,1.0,1.0,3
7,61,1,standard,1.0,0.5,0.05,5000,1.0,1.0,5
7,62,1,standard,1.0,0.5,0.05,5000,1.0,1.0,5
7,63,1,standard,1.0,0.5,0.05,5000,1.0,1.0,6
7,64,1,standard,1.0,0.5,0.05,5000,1.0,1.0,4
7,65,1,standard,1.0,0.5,0.05,5000,1.0,1.0,4
7,66,1,standard,1.0,0.5,0.05,5000,1.0,1.0,6
7,67,1,standard,1.0,0.5,0.05,5000,1.0,1.0,5
7,68,1,standard,1.0,0.5,0.05,5000,1.0,1.0,4
7,69,1,standard,1.0,0.5,0.05,5000,1.0,1.0,6
7,70,1,standard,1.0,0.5,0.05,5000,1.0,1.0,5
7,71,1,standard,1.0,0.5,0.05,5000,1.0,1.0,5
7,72,1,standard,1.0,0.5,0.05,5000,1.0,1.0,4
7,73,1,standard,1.0,0.5,0.05,5000,1.0,1.0,6
7,74,1,standard,1.0,0.5,0.05,5000,1.0,1.0,6
7,75,1,standard,1.0,0.5,0.05,5000,1.0,1.0,6
7,76,1,standard,1.0,0.5,0.05,5000,1.0,1.0,5
7,77,1,standard,1.0,0.5,0.05,5000,1.0,1.0,3
7,78,1,standard,1.0,0.5,0.05,5000,1.0,1.0,5
7,79,1,standard,1.0,0.5,0.05,5000,1.0,1.0,6
7,80,1,standard,1.0,0.5,0.05,5000,1.0,1.0,6
7,81,1,standard,1.0,0.5,0.05,5000,1.0,1.0,6
7,82,1,standard,1.0,0.5,0.05,5000,1.0,1.0,4
7,83,1,standard,1.0,0.5,0.05,5000,1.0,1.0,6
7,84,1,standard,1.0,0.5,0.05,5000,1.0,1.0,6
7,85,1,standard,1.0,0.5,0.05,5000,1.0,1.0,4
7,86,1,standard,1.0,0.5,0.05,5000,1.0,1.0,6
7,87,1,standard,1.0,0.5,0.05,5000,1.0,1.0,6
7,88,1,standard,1.0,0.5,0.05,5000,1.0,1.0,4
7,89,1,standard,1.0,0.5,0.05,5000,1.0,1.0,6
7,90,1,standard,1.0,0.5,0.05,5000,1.0,1.0,4
7,91,1,standard,1.0,0.5,0.05,5000,1.0,1.0,6
7,92,1,standard,1.0,0.5,0.05,5000,1.0,1.0,6
7,93,1,standard,1.0,0.5,0.05,5000,1.0,1.0,5
7,94,1,standard,1.0,0.5,0.05,5000,1.0,1.0,4
7,95,1,standard,1.0,0.5,0.05,5000,1.0,1.0,5
7,96,1,standard,1.0,0.5,0.05,5000,1.0,1.0,3
7,97,1,standard,1.0,0.5,0.05,5000,1.0,1.0,5
7,98,1,standard,1.0,0.5,0.05,5000,1.0,1.0,5
7,99,1,standard,1.0,0.5,0.05,5000,1.0,1.0,6
7,100,1,standard,1.0,0.5,0.05,5000,1.0,1.0,4
7,1,1,standard,1.0,0.6,0.05,5000,1.0,1.0,
7,2,1,standard,1.0,0.6,0.05,5000,1.0,1.0,3
7,3,1,standard,1.0,0.6,0.05,5000,1.0,1.0,
7,4,1,standard,1.0,0.6,0.05,5000,1.0,1.0,
7,5,1,standard,1.0,0.6,0.05,5000,1.0,1.0,
7,6,1,standard,1.0,0.6,0.05,5000,1.0,1.0,3
7,7,1,standard,1.0,0.6,0.05,5000,1.0,1.0,3
7,8,1,standard,1.0,0.6,0.05,5000,1.0,1.0,
7,9,1,standard,1.0,0.6,0.05,5000,1.0,1.0,
7,10,1,standard,1.0,0.6,0.05,5000,1.0,1.0,
7,11,1,standard,1.0,0.6,0.05,5000,1.0,1.0,
7,12,1,standard,1.0,0.6,0.05,5000,1.0,1.0,
7,13,1,standard,1.0,0.6,0.05,5000,1.0,1.0,3
7,14,1,standard,1.0,0.6,0.05,5000,1.0,1.0,5
7,15,1,standard,1.0,0.6,0.05,5000,1.0,1.0,
7,16,1,standard,1.0,0.6,0.05,5000,1.0,1.0,
7,17,1,standard,1.0,0.6,0.05,5000,1.0,1.0,4
7,18,1,standard,1.0,0.6,0.05,5000,1.0,1.0,4
7,19,1,standard,1.0,0.6,0.05,5000,1.0,1.0,3
7,20,1,standard,1.0,0.6,0.05,5000,1.0,1.0,
7,21,1,standard,1.0,0.6,0.05,5000,1.0,1.0,
7,22,1,standard,1.0,0.6,0.05,5000,1.0,1.0,
7,23,1,standard,1.0,0.6,0.05,5000,1.0,1.0,
7,24,1,standard,1.0,0.6,0.05,5000,1.0,1.0,
7,25,1,standard,1.0,0.6,0.05,5000,1.0,1.0,3
7,26,1,standard,1.0,0.6,0.05,5000,1.0,1.0,5
7,27,1,standard,1.0,0.6,0.05,5000,1.0,1.0,4
7,28,1,standard,1.0,0.6,0.05,5000,1.0,1.0,3
7,29,1,standard,1.0,0.6,0.05,5000,1.0,1.0,
7,30,1,standard,1.0,0.6,0.05,5000,1.0,1.0,3
7,31,1,standard,1.0,0.6,0.05,5000,1.0,1.0,3
7,32,1,standard,1.0,0.6,0.05,5000,1.0,1.0,3
7,33,1,standard,1.0,0.6,0.05,5000,1.0,1.0,3
7,34,1,standard,1.0,0.6,0.05,5000,1.0,1.0,
7,35,1,standard,1.0,0.6,0.05,5000,1.0,1.0,
7,36,1,standard,1.0,0.6,0.05,5000,1.0,1.0,
7,37,1,standard,1.0,0.6,0.05,5000,1.0,1.0,3
7,38,1,standard,1.0,0.6,0.05,5000,1.0,1.0,3
7,39,1,standard,1.0,0.6,0.05,5000,1.0,1.0,
7,40,1,standard,1.0,0.6,0.05,5000,1.0,1.0,
7,41,1,standard,1.0,0.6,0.05,5000,1.0,1.0,3
7,42,1,standard,1.0,0.6,0.05,5000,1.0,1.0,
7,43,1,standard,1.0,0.6,0.05,5000,1.0,1.0,
7,44,1,standard,1.0,0.6,0.05,5000,1.0,1.0,
7,45,1,standard,1.0,0.6,0.05,5000,1.0,1.0,
7,46,1,standard,1.0,0.6,0.05,5000,1.0,1.0,
7,47,1,standard,1.0,0.6,0.05,5000,1.0,1.0,3
7,48,1,standard,1.0,0.6,0.05,5000,1.0,1.0,3
7,49,1,standard,1.0,0.6,0.05,5000,1.0,1.0,3
7,50,1,standard,1.0,0.6,0.05,5000,1.0,1.0,
7,51,1,standard,1.0,0.6,0.05,5000,1.0,1.0,
7,52,1,standard,1.0,0.6,0.05,5000,1.0,1.0,
7,53,1,standard,1.0,0.6,0.05,5000,1.0,1.0,3
7,54,1,standard,1.0,0.6,0.05,5000,1.0,1.0,
7,55,1,standard,1.0,0.6,0.05,5000,1.0,1.0,4
7,56,1,standard,1.0,0.6,0.05,5000,1.0,1.0,
7,57,1,standard,1.0,0.6,0.05,5000,1.0,1.0,3
7,58,1,standard,1.0,0.6,0.05,5000,1.0,1.0,4
7,59,1,standard,1.0,0.6,0.05,5000,1.0,1.0,
7,60,1,standard,1.0,0.6,0.05,5000,1.0,1.0,
7,61,1,standard,1.0,0.6,0.05,5000,1.0,1.0,
7,62,1,standard,1.0,0.6,0.05,5000,1.0,1.0,
7,63,1,standard,1.0,0.6,0.05,5000,1.0,1.0,3
7,64,1,standard,1.0,0.6,0.05,5000,1.0,1.0,
7,65,1,standard,1.0,0.6,0.05,5000,1.0,1.0,
7,66,1,standard,1.0,0.6,0.05,5000,1.0,1.0,
7,67,1,standard,1.0,0.6,0.05,5000,1.0,1.0,
7,68,1,standard,1.0,0.6,0.05,5000,1.0,1.0,
7,69,1,standard,1.0,0.6,0.05,5000,1.0,1.0,4
7,70,1,standard,1.0,0.6,0.05,5000,1.0,1.0,
7,71,1,standard,1.0,0.6,0.05,5000,1.0,1.0,3
7,72,1,standard,1.0,0.6,0.05,5000,1.0,1.0,
7,73,1,standard,1.0,0.6,0.05,5000,1.0,1.0,4
7,74,1,standard,1.0,0.6,0.05,5000,1.0,1.0,
7,75,1,standard,1.0,0.6,0.05,5000,1.0,1.0,3
7,76,1,standard,1.0,0.6,0.05,5000,1.0,1.0,3
7,77,1,standard,1.0,0.6,0.05,5000,1.0,1.0,
7,78,1,standard,1.0,0.6,0.05,5000,1.0,1.0,
7,79,1,standard,1.0,0.6,0.05,5000,1.0,1.0,3
7,80,1,standard,1.0,0.6,0.05,5000,1.0,1.0,3
7,81,1,standard,1.0,0.6,0.05,5000,1.0,1.0,
7,82,1,standard,1.0,0.6,0.05,5000,1.0,1.0,
7,83,1,standard,1.0,0.6,0.05,5000,1.0,1.0,3
7,84,1,standard,1.0,0.6,0.05,5000,1.0,1.0,
7,85,1,standard,1.0,0.6,0.05,5000,1.0,1.0,
7,86,1,standard,1.0,0.6,0.05,5000,1.0,1.0,
7,87,1,standard,1.0,0.6,0.05,5000,1.0,1.0,
7,88,1,standard,1.0,0.6,0.05,5000,1.0,1.0,
7,89,1,standard,1.0,0.6,0.05,5000,1.0,1.0,
7,90,1,standard,1.0,0.6,0.05,5000,1.0,1.0,
7,91,1,standard,1.0,0.6,0.05,5000,1.0,1.0,
7,92,1,standard,1.0,0.6,0.05,5000,1.0,1.0,3
7,93,1,standard,1.0,0.6,0.05,5000,1.0,1.0,
7,94,1,standard,1.0,0.6,0.05,5000,1.0,1.0,
7,95,1,standard,1.0,0.6,0.05,5000,1.0,1.0,
7,96,1,standard,1.0,0.6,0.05,5000,1.0,1.0,
7,97,1,standard,1.0,0.6,0.05,5000,1.0,1.0,
7,98,1,standard,1.0,0.6,0.05,5000,1.0,1.0,
7,99,1,standard,1.0,0.6,0.05,5000,1.0,1.0,
7,100,1,standard,1.0,0.6,0.05,5000,1.0,1.0,
7,1,1,standard,1.0,0.7,0.05,5000,1.0,1.0,
7,2,1,standard,1.0,0.7,0.05,5000,1.0,1.0,
7,3,1,standard,1.0,0.7,0.05,5000,1.0,1.0,
7,4,1,standard,1.0,0.7,0.05,5000,1.0,1.0,
7,5,1,standard,1.0,0.7,0.05,5000,1.0,1.0,3
7,6,1,standard,1.0,0.7,0.05,5000,1.0,1.0,
7,7,1,standard,1.0,0.7,0.05,5000,1.0,1.0,
7,8,1,standard,1.0,0.7,0.05,5000,1.0,1.0,
7,9,1,standard,1.0,0.7,0.05,5000,1.0,1.0,
7,10,1,standard,1.0,0.7,0.05,5000,1.0,1.0,
7,11,1,standard,1.0,0.7,0.05,5000,1.0,1.0,
7,12,1,standard,1.0,0.7,0.05,5000,1.0,1.0,
7,13,1,standard,1.0,0.7,0.05,5000,1.0,1.0,
7,14,1,standard,1.0,0.7,0.05,5000,1.0,1.0,
7,15,1,standard,1.0,0.7,0.05,5000,1.0,1.0,
7,16,1,standard,1.0,0.7,0.05,5000,1.0,1.0,
7,17,1,standard,1.0,0.7,0.05,5000,1.0,1.0,
7,18,1,standard,1.0,0.7,0.05,5000,1.0,1.0,
7,19,1,standard,1.0,0.7,0.05,5000,1.0,1.0,
7,20,1,standard,1.0,0.7,0.05,5000,1.0,1.0,
7,21,1,standard,1.0,0.7,0.05,5000,1.0,1.0,
7,22,1,standard,1.0,0.7,0.05,5000,1.0,1.0,
7,23,1,standard,1.0,0.7,0.05,5000,1.0,1.0,
7,24,1,standard,1.0,0.7,0.05,5000,1.0,1.0,
7,25,1,standard,1.0,0.7,0.05,5000,1.0,1.0,
7,26,1,standard,1.0,0.7,0.05,5000,1.0,1.0,
7,27,1,standard,1.0,0.7,0.05,5000,1.0,1.0,
7,28,1,standard,1.0,0.7,0.05,5000,1.0,1.0,
7,29,1,standard,1.0,0.7,0.05,5000,1.0,1.0,3
7,30,1,standard,1.0,0.7,0.05,5000,1.0,1.0,
7,31,1,standard,1.0,0.7,0.05,5000,1.0,1.0,
7,32,1,standard,1.0,0.7,0.05,5000,1.0,1.0,
7,33,1,standard,1.0,0.7,0.05,5000,1.0,1.0,
7,34,1,standard,1.0,0.7,0.05,5000,1.0,1.0,
7,35,1,standard,1.0,0.7,0.05,5000,1.0,1.0,
7,36,1,standard,1.0,0.7,0.05,5000,1.0,1.0,
7,37,1,standard,1.0,0.7,0.05,5000,1.0,1.0,
7,38,1,standard,1.0,0.7,0.05,5000,1.0,1.0,
7,39,1,standard,1.0,0.7,0.05,5000,1.0,1.0,
7,40,1,standard,1.0,0.7,0.05,5000,1.0,1.0,
7,41,1,standard,1.0,0.7,0.05,5000,1.0,1.0,
7,42,1,standard,1.0,0.7,0.05,5000,1.0,1.0,
7,43,1,standard,1.0,0.7,0.05,5000,1.0,1.0,3
7,44,1,standard,1.0,0.7,0.05,5000,1.0,1.0,
7,45,1,standard,1.0,0.7,0.05,5000,1.0,1.0,
7,46,1,standard,1.0,0.7,0.05,5000,1.0,1.0,
7,47,1,standard,1.0,0.7,0.05,5000,1.0,1.0,
7,48,1,standard,1.0,0.7,0.05,5000,1.0,1.0,
7,49,1,standard,1.0,0.7,0.05,5000,1.0,1.0,
7,50,1,standard,1.0,0.7,0.05,5000,1.0,1.0,
7,51,1,standard,1.0,0.7,0.05,5000,1.0,1.0,
7,52,1,standard,1.0,0.7,0.05,5000,1.0,1.0,2
7,53,1,standard,1.0,0.7,0.05,5000,1.0,1.0,
7,54,1,standard,1.0,0.7,0.05,5000,1.0,1.0,
7,55,1,standard,1.0,0.7,0.05,5000,1.0,1.0,
7,56,1,standard,1.0,0.7,0.05,5000,1.0,1.0,
7,57,1,standard,1.0,0.7,0.05,5000,1.0,1.0,
7,58,1,standard,1.0,0.7,0.05,5000,1.0,1.0,
7,59,1,standard,1.0,0.7,0.05,5000,1.0,1.0,
7,60,1,standard,1.0,0.7,0.05,5000,1.0,1.0,
7,61,1,standard,1.0,0.7,0.05,5000,1.0,1.0,
7,62,1,standard,1.0,0.7,0.05,5000,1.0,1.0,
7,63,1,standard,1.0,0.7,0.05,5000,1.0,1.0,
7,64,1,standard,1.0,0.7,0.05,5000,1.0,1.0,
7,65,1,standard,1.0,0.7,0.05,5000,1.0,1.0,
7,66,1,standard,1.0,0.7,0.05,5000,1.0,1.0,
7,67,1,standard,1.0,0.7,0.05,5000,1.0,1.0,
7,68,1,standard,1.0,0.7,0.05,5000,1.0,1.0,
7,69,1,standard,1.0,0.7,0.05,5000,1.0,1.0,
7,70,1,standard,1.0,0.7,0.05,5000,1.0,1.0,
7,71,1,standard,1.0,0.7,0.05,5000,1.0,1.0,
7,72,1,standard,1.0,0.7,0.05,5000,1.0,1.0,
7,73,1,standard,1.0,0.7,0.05,5000,1.0,1.0,
7,74,1,standard,1.0,0.7,0.05,5000,1.0,1.0,
7,75,1,standard,1.0,0.7,0.05,5000,1.0,1.0,
7,76,1,standard,1.0,0.7,0.05,5000,1.0,1.0,
7,77,1,standard,1.0,0.7,0.05,5000,1.0,1.0,
7,78,1,standard,1.0,0.7,0.05,5000,1.0,1.0,
7,79,1,standard,1.0,0.7,0.05,5000,1.0,1.0,
7,80,1,standard,1.0,0.7,0.05,5000,1.0,1.0,
7,81,1,standard,1.0,0.7,0.05,5000,1.0,1.0,
7,82,1,standard,1.0,0.7,0.05,5000,1.0,1.0,
7,83,1,standard,1.0,0.7,0.05,5000,1.0,1.0,
7,84,1,standard,1.0,0.7,0.05,5000,1.0,1.0,
7,85,1,standard,1.0,0.7,0.05,5000,1.0,1.0,
7,86,1,standard,1.0,0.7,0.05,5000,1.0,1.0,3
7,87,1,standard,1.0,0.7,0.05,5000,1.0,1.0,
7,88,1,standard,1.0,0.7,0.05,5000,1.0,1.0,
7,89,1,standard,1.0,0.7,0.05,5000,1.0,1.0,
7,90,1,standard,1.0,0.7,0.05,5000,1.0,1.0,
7,91,1,standard,1.0,0.7,0.05,5000,1.0,1.0,
7,92,1,standard,1.0,0.7,0.05,5000,1.0,1.0,
7,93,1,standard,1.0,0.7,0.05,5000,1.0,1.0,
7,94,1,standard,1.0,0.7,0.05,5000,1.0,1.0,
7,95,1,standard,1.0,0.7,0.05,5000,1.0,1.0,
7,96,1,standard,1.0,0.7,0.05,5000,1.0,1.0,
7,97,1,standard,1.0,0.7,0.05,5000,1.0,1.0,
7,98,1,standard,1.0,0.7,0.05,5000,1.0,1.0,
7,99,1,standard,1.0,0.7,0.05,5000,1.0,1.0,
7,100,1,standard,1.0,0.7,0.05,5000,1.0,1.0,
7,1,1,standard,1.0,0.8,0.05,5000,1.0,1.0,
7,2,1,standard,1.0,0.8,0.05,5000,1.0,1.0,
7,3,1,standard,1.0,0.8,0.05,5000,1.0,1.0,
7,4,1,standard,1.0,0.8,0.05,5000,1.0,1.0,2
7,5,1,standard,1.0,0.8,0.05,5000,1.0,1.0,
7,6,1,standard,1.0,0.8,0.05,5000,1.0,1.0,
7,7,1,standard,1.0,0.8,0.05,5000,1.0,1.0,
7,8,1,standard,1.0,0.8,0.05,5000,1.0,1.0,
7,9,1,standard,1.0,0.8,0.05,5000,1.0,1.0,
7,10,1,standard,1.0,0.8,0.05,5000,1.0,1.0,2
7,11,1,standard,1.0,0.8,0.05,5000,1.0,1.0,
7,12,1,standard,1.0,0.8,0.05,5000,1.0,1.0,
7,13,1,standard,1.0,0.8,0.05,5000,1.0,1.0,
7,14,1,standard,1.0,0.8,0.05,5000,1.0,1.0,
7,15,1,standard,1.0,0.8,0.05,5000,1.0,1.0,
7,16,1,standard,1.0,0.8,0.05,5000,1.0,1.0,
7,17,1,standard,1.0,0.8,0.05,5000,1.0,1.0,
7,18,1,standard,1.0,0.8,0.05,5000,1.0,1.0,
7,19,1,standard,1.0,0.8,0.05,5000,1.0,1.0,
7,20,1,standard,1.0,0.8,0.05,5000,1.0,1.0,
7,21,1,standard,1.0,0.8,0.05,5000,1.0,1.0,
7,22,1,standard,1.0,0.8,0.05,5000,1.0,1.0,
7,23,1,standard,1.0,0.8,0.05,5000,1.0,1.0,
7,24,1,standard,1.0,0.8,0.05,5000,1.0,1.0,
7,25,1,standard,1.0,0.8,0.05,5000,1.0,1.0,
7,26,1,standard,1.0,0.8,0.05,5000,1.0,1.0,
7,27,1,standard,1.0,0.8,0.05,5000,1.0,1.0,
7,28,1,standard,1.0,0.8,0.05,5000,1.0,1.0,
7,29,1,standard,1.0,0.8,0.05,5000,1.0,1.0,
7,30,1,standard,1.0,0.8,0.05,5000,1.0,1.0,
7,31,1,standard,1.0,0.8,0.05,5000,1.0,1.0,
7,32,1,standard,1.0,0.8,0.05,5000,1.0,1.0,
7,33,1,standard,1.0,0.8,0.05,5000,1.0,1.0,
7,34,1,standard,1.0,0.8,0.05,5000,1.0,1.0,3
7,35,1,standard,1.0,0.8,0.05,5000,1.0,1.0,
7,36,1,standard,1.0,0.8,0.05,5000,1.0,1.0,
7,37,1,standard,1.0,0.8,0.05,5000,1.0,1.0,
7,38,1,standard,1.0,0.8,0.05,5000,1.0,1.0,
7,39,1,standard,1.0,0.8,0.05,5000,1.0,1.0,
7,40,1,standard,1.0,0.8,0.05,5000,1.0,1.0,
7,41,1,standard,1.0,0.8,0.05,5000,1.0,1.0,
7,42,1,standard,1.0,0.8,0.05,5000,1.0,1.0,
7,43,1,standard,1.0,0.8,0.05,5000,1.0,1.0,
7,44,1,standard,1.0,0.8,0.05,5000,1.0,1.0,
7,45,1,standard,1.0,0.8,0.05,5000,1.0,1.0,
7,46,1,standard,1.0,0.8,0.05,5000,1.0,1.0,2
7,47,1,standard,1.0,0.8,0.05,5000,1.0,1.0,
7,48,1,standard,1.0,0.8,0.05,5000,1.0,1.0,
7,49,1,standard,1.0,0.8,0.05,5000,1.0,1.0,
7,50,1,standard,1.0,0.8,0.05,5000,1.0,1.0,
7,51,1,standard,1.0,0.8,0.05,5000,1.0,1.0,2
7,52,1,standard,1.0,0.8,0.05,5000,1.0,1.0,
7,53,1,standard,1.0,0.8,0.05,5000,1.0,1.0,
7,54,1,standard,1.0,0.8,0.05,5000,1.0,1.0,
7,55,1,standard,1.0,0.8,0.05,5000,1.0,1.0,
7,56,1,standard,1.0,0.8,0.05,5000,1.0,1.0,2
7,57,1,standard,1.0,0.8,0.05,5000,1.0,1.0,
7,58,1,standard,1.0,0.8,0.05,5000,1.0,1.0,
7,59,1,standard,1.0,0.8,0.05,5000,1.0,1.0,
7,60,1,standard,1.0,0.8,0.05,5000,1.0,1.0,
7,61,1,standard,1.0,0.8,0.05,5000,1.0,1.0,2
7,62,1,standard,1.0,0.8,0.05,5000,1.0,1.0,
7,63,1,standard,1.0,0.8,0.05,5000,1.0,1.0,
7,64,1,standard,1.0,0.8,0.05,5000,1.0,1.0,
7,65,1,standard,1.0,0.8,0.05,5000,1.0,1.0,
7,66,1,standard,1.0,0.8,0.05,5000,1.0,1.0,3
7,67,1,standard,1.0,0.8,0.05,5000,1.0,1.0,2
7,68,1,standard,1.0,0.8,0.05,5000,1.0,1.0,
7,69,1,standard,1.0,0.8,0.05,5000,1.0,1.0,
7,70,1,standard,1.0,0.8,0.05,5000,1.0,1.0,
7,71,1,standard,1.0,0.8,0.05,5000,1.0,1.0,
7,72,1,standard,1.0,0.8,0.05,5000,1.0,1.0,
7,73,1,standard,1.0,0.8,0.05,5000,1.0,1.0,
7,74,1,standard,1.0,0.8,0.05,5000,1.0,1.0,2
7,75,1,standard,1.0,0.8,0.05,5000,1.0,1.0,
7,76,1,standard,1.0,0.8,0.05,5000,1.0,1.0,
7,77,1,standard,1.0,0.8,0.05,5000,1.0,1.0,
7,78,1,standard,1.0,0.8,0.05,5000,1.0,1.0,
7,79,1,standard,1.0,0.8,0.05,5000,1.0,1.0,
7,80,1,standard,1.0,0.8,0.05,5000,1.0,1.0,
7,81,1,standard,1.0,0.8,0.05,5000,1.0,1.0,2
7,82,1,standard,1.0,0.8,0.05,5000,1.0,1.0,
7,83,1,standard,1.0,0.8,0.05,5000,1.0,1.0,
7,84,1,standard,1.0,0.8,0.05,5000,1.0,1.0,3
7,85,1,standard,1.0,0.8,0.05,5000,1.0,1.0,
7,86,1,standard,1.0,0.8,0.05,5000,1.0,1.0,
7,87,1,standard,1.0,0.8,0.05,5000,1.0,1.0,2
7,88,1,standard,1.0,0.8,0.05,5000,1.0,1.0,
7,89,1,standard,1.0,0.8,0.05,5000,1.0,1.0,2
7,90,1,standard,1.0,0.8,0.05,5000,1.0,1.0,
7,91,1,standard,1.0,0.8,0.05,5000,1.0,1.0,2
7,92,1,standard,1.0,0.8,0.05,5000,1.0,1.0,
7,93,1,standard,1.0,0.8,0.05,5000,1.0,1.0,
7,94,1,standard,1.0,0.8,0.05,5000,1.0,1.0,
7,95,1,standard,1.0,0.8,0.05,5000,1.0,1.0,3
7,96,1,standard,1.0,0.8,0.05,5000,1.0,1.0,
7,97,1,standard,1.0,0.8,0.05,5000,1.0,1.0,
7,98,1,standard,1.0,0.8,0.05,5000,1.0,1.0,
7,99,1,standard,1.0,0.8,0.05,5000,1.0,1.0,2
7,100,1,standard,1.0,0.8,0.05,5000,1.0,1.0,
7,1,1,standard,1.0,0.9,0.05,5000,1.0,1.0,
7,2,1,standard,1.0,0.9,0.05,5000,1.0,1.0,
7,3,1,standard,1.0,0.9,0.05,5000,1.0,1.0,
7,4,1,standard,1.0,0.9,0.05,5000,1.0,1.0,
7,5,1,standard,1.0,0.9,0.05,5000,1.0,1.0,
7,6,1,standard,1.0,0.9,0.05,5000,1.0,1.0,
7,7,1,standard,1.0,0.9,0.05,5000,1.0,1.0,
7,8,1,standard,1.0,0.9,0.05,5000,1.0,1.0,
7,9,1,standard,1.0,0.9,0.05,5000,1.0,1.0,2
7,10,1,standard,1.0,0.9,0.05,5000,1.0,1.0,
7,11,1,standard,1.0,0.9,0.05,5000,1.0,1.0,
7,12,1,standard,1.0,0.9,0.05,5000,1.0,1.0,
7,13,1,standard,1.0,0.9,0.05,5000,1.0,1.0,
7,14,1,standard,1.0,0.9,0.05,5000,1.0,1.0,
7,15,1,standard,1.0,0.9,0.05,5000,1.0,1.0,
7,16,1,standard,1.0,0.9,0.05,5000,1.0,1.0,
7,17,1,standard,1.0,0.9,0.05,5000,1.0,1.0,
7,18,1,standard,1.0,0.9,0.05,5000,1.0,1.0,
7,19,1,standard,1.0,0.9,0.05,5000,1.0,1.0,
7,20,1,standard,1.0,0.9,0.05,5000,1.0,1.0,
7,21,1,standard,1.0,0.9,0.05,5000,1.0,1.0,
7,22,1,standard,1.0,0.9,0.05,5000,1.0,1.0,
7,23,1,standard,1.0,0.9,0.05,5000,1.0,1.0,
7,24,1,standard,1.0,0.9,0.05,5000,1.0,1.0,
7,25,1,standard,1.0,0.9,0.05,5000,1.0,1.0,
7,26,1,standard,1.0,0.9,0.05,5000,1.0,1.0,
7,27,1,standard,1.0,0.9,0.05,5000,1.0,1.0,
7,28,1,standard,1.0,0.9,0.05,5000,1.0,1.0,
7,29,1,standard,1.0,0.9,0.05,5000,1.0,1.0,
7,30,1,standard,1.0,0.9,0.05,5000,1.0,1.0,
7,31,1,standard,1.0,0.9,0.05,5000,1.0,1.0,
7,32,1,standard,1.0,0.9,0.05,5000,1.0,1.0,
7,33,1,standard,1.0,0.9,0.05,5000,1.0,1.0,
7,34,1,standard,1.0,0.9,0.05,5000,1.0,1.0,
7,35,1,standard,1.0,0.9,0.05,5000,1.0,1.0,
7,36,1,standard,1.0,0.9,0.05,5000,1.0,1.0,2
7,37,1,standard,1.0,0.9,0.05,5000,1.0,1.0,
7,38,1,standard,1.0,0.9,0.05,5000,1.0,1.0,
7,39,1,standard,1.0,0.9,0.05,5000,1.0,1.0,
7,40,1,standard,1.0,0.9,0.05,5000,1.0,1.0,
7,41,1,standard,1.0,0.9,0.05,5000,1.0,1.0,
7,42,1,standard,1.0,0.9,0.05,5000,1.0,1.0,
7,43,1,standard,1.0,0.9,0.05,5000,1.0,1.0,
7,44,1,standard,1.0,0.9,0.05,5000,1.0,1.0,
7,45,1,standard,1.0,0.9,0.05,5000,1.0,1.0,
7,46,1,standard,1.0,0.9,0.05,5000,1.0,1.0,
7,47,1,standard,1.0,0.9,0.05,5000,1.0,1.0,
7,48,1,standard,1.0,0.9,0.05,5000,1.0,1.0,
7,49,1,standard,1.0,0.9,0.05,5000,1.0,1.0,
7,50,1,standard,1.0,0.9,0.05,5000,1.0,1.0,
7,51,1,standard,1.0,0.9,0.05,5000,1.0,1.0,
7,52,1,standard,1.0,0.9,0.05,5000,1.0,1.0,
7,53,1,standard,1.0,0.9,0.05,5000,1.0,1.0,
7,54,1,standard,1.0,0.9,0.05,5000,1.0,1.0,
7,55,1,standard,1.0,0.9,0.05,5000,1.0,1.0,
7,56,1,standard,1.0,0.9,0.05,5000,1.0,1.0,
7,57,1,standard,1.0,0.9,0.05,5000,1.0,1.0,
7,58,1,standard,1.0,0.9,0.05,5000,1.0,1.0,
7,59,1,standard,1.0,0.9,0.05,5000,1.0,1.0,
7,60,1,standard,1.0,0.9,0.05,5000,1.0,1.0,
7,61,1,standard,1.0,0.9,0.05,5000,1.0,1.0,
7,62,1,standard,1.0,0.9,0.05,5000,1.0,1.0,
7,63,1,standard,1.0,0.9,0.05,5000,1.0,1.0,
7,64,1,standard,1.0,0.9,0.05,5000,1.0,1.0,
7,65,1,standard,1.0,0.9,0.05,5000,1.0,1.0,
7,66,1,standard,1.0,0.9,0.05,5000,1.0,1.0,
7,67,1,standard,1.0,0.9,0.05,5000,1.0,1.0,
7,68,1,standard,1.0,0.9,0.05,5000,1.0,1.0,
7,69,1,standard,1.0,0.9,0.05,5000,1.0,1.0,
7,70,1,standard,1.0,0.9,0.05,5000,1.0,1.0,
7,71,1,standard,1.0,0.9,0.05,5000,1.0,1.0,
7,72,1,standard,1.0,0.9,0.05,5000,1.0,1.0,
7,73,1,standard,1.0,0.9,0.05,5000,1.0,1.0,
7,74,1,standard,1.0,0.9,0.05,5000,1.0,1.0,
7,75,1,standard,1.0,0.9,0.05,5000,1.0,1.0,
7,76,1,standard,1.0,0.9,0.05,5000,1.0,1.0,
7,77,1,standard,1.0,0.9,0.05,5000,1.0,1.0,
7,78,1,standard,1.0,0.9,0.05,5000,1.0,1.0,
7,79,1,standard,1.0,0.9,0.05,5000,1.0,1.0,
7,80,1,standard,1.0,0.9,0.05,5000,1.0,1.0,
7,81,1,standard,1.0,0.9,0.05,5000,1.0,1.0,
7,82,1,standard,1.0,0.9,0.05,5000,1.0,1.0,
7,83,1,standard,1.0,0.9,0.05,5000,1.0,1.0,
7,84,1,standard,1.0,0.9,0.05,5000,1.0,1.0,
7,85,1,standard,1.0,0.9,0.05,5000,1.0,1.0,
7,86,1,standard,1.0,0.9,0.05,5000,1.0,1.0,2
7,87,1,standard,1.0,0.9,0.05,5000,1.0,1.0,
7,88,1,standard,1.0,0.9,0.05,5000,1.0,1.0,
7,89,1,standard,1.0,0.9,0.05,5000,1.0,1.0,
7,90,1,standard,1.0,0.9,0.05,5000,1.0,1.0,
7,91,1,standard,1.0,0.9,0.05,5000,1.0,1.0,
7,92,1,standard,1.0,0.9,0.05,5000,1.0,1.0,
7,93,1,standard,1.0,0.9,0.05,5000,1.0,1.0,
7,94,1,standard,1.0,0.9,0.05,5000,1.0,1.0,
7,95,1,standard,1.0,0.9,0.05,5000,1.0,1.0,
7,96,1,standard,1.0,0.9,0.05,5000,1.0,1.0,
7,97,1,standard,1.0,0.9,0.05,5000,1.0,1.0,
7,98,1,standard,1.0,0.9,0.05,5000,1.0,1.0,
7,99,1,standard,1.0,0.9,0.05,5000,1.0,1.0,
7,100,1,standard,1.0,0.9,0.05,5000,1.0,1.0,
7,1,1,standard,1.0,1.0,0.05,5000,1.0,1.0,
7,2,1,standard,1.0,1.0,0.05,5000,1.0,1.0,
7,3,1,standard,1.0,1.0,0.05,5000,1.0,1.0,
7,4,1,standard,1.0,1.0,0.05,5000,1.0,1.0,
7,5,1,standard,1.0,1.0,0.05,5000,1.0,1.0,
7,6,1,standard,1.0,1.0,0.05,5000,1.0,1.0,
7,7,1,standard,1.0,1.0,0.05,5000,1.0,1.0,
7,8,1,standard,1.0,1.0,0.05,5000,1.0,1.0,
7,9,1,standard,1.0,1.0,0.05,5000,1.0,1.0,
7,10,1,standard,1.0,1.0,0.05,5000,1.0,1.0,
7,11,1,standard,1.0,1.0,0.05,5000,1.0,1.0,
7,12,1,standard,1.0,1.0,0.05,5000,1.0,1.0,
7,13,1,standard,1.0,1.0,0.05,5000,1.0,1.0,
7,14,1,standard,1.0,1.0,0.05,5000,1.0,1.0,
7,15,1,standard,1.0,1.0,0.05,5000,1.0,1.0,
7,16,1,standard,1.0,1.0,0.05,5000,1.0,1.0,
7,17,1,standard,1.0,1.0,0.05,5000,1.0,1.0,
7,18,1,standard,1.0,1.0,0.05,5000,1.0,1.0,
7,19,1,standard,1.0,1.0,0.05,5000,1.0,1.0,
7,20,1,standard,1.0,1.0,0.05,5000,1.0,1.0,
7,21,1,standard,1.0,1.0,0.05,5000,1.0,1.0,
7,22,1,standard,1.0,1.0,0.05,5000,1.0,1.0,
7,23,1,standard,1.0,1.0,0.05,5000,1.0,1.0,
7,24,1,standard,1.0,1.0,0.05,5000,1.0,1.0,
7,25,1,standard,1.0,1.0,0.05,5000,1.0,1.0,
7,26,1,standard,1.0,1.0,0.05,5000,1.0,1.0,
7,27,1,standard,1.0,1.0,0.05,5000,1.0,1.0,
7,28,1,standard,1.0,1.0,0.05,5000,1.0,1.0,
7,29,1,standard,1.0,1.0,0.05,5000,1.0,1.0,
7,30,1,standard,1.0,1.0,0.05,5000,1.0,1.0,
7,31,1,standard,1.0,1.0,0.05,5000,1.0,1.0,
7,32,1,standard,1.0,1.0,0.05,5000,1.0,1.0,
7,33,1,standard,1.0,1.0,0.05,5000,1.0,1.0,
7,34,1,standard,1.0,1.0,0.05,5000,1.0,1.0,
7,35,1,standard,1.0,1.0,0.05,5000,1.0,1.0,
7,36,1,standard,1.0,1.0,0.05,5000,1.0,1.0,
7,37,1,standard,1.0,1.0,0.05,5000,1.0,1.0,
7,38,1,standard,1.0,1.0,0.05,5000,1.0,1.0,
7,39,1,standard,1.0,1.0,0.05,5000,1.0,1.0,
7,40,1,standard,1.0,1.0,0.05,5000,1.0,1.0,
7,41,1,standard,1.0,1.0,0.05,5000,1.0,1.0,
7,42,1,standard,1.0,1.0,0.05,5000,1.0,1.0,
7,43,1,standard,1.0,1.0,0.05,5000,1.0,1.0,
7,44,1,standard,1.0,1.0,0.05,5000,1.0,1.0,
7,45,1,standard,1.0,1.0,0.05,5000,1.0,1.0,
7,46,1,standard,1.0,1.0,0.05,5000,1.0,1.0,
7,47,1,standard,1.0,1.0,0.05,5000,1.0,1.0,
7,48,1,standard,1.0,1.0,0.05,5000,1.0,1.0,
7,49,1,standard,1.0,1.0,0.05,5000,1.0,1.0,
7,50,1,standard,1.0,1.0,0.05,5000,1.0,1.0,
7,51,1,standard,1.0,1.0,0.05,5000,1.0,1.0,
7,52,1,standard,1.0,1.0,0.05,5000,1.0,1.0,
7,53,1,standard,1.0,1.0,0.05,5000,1.0,1.0,
7,54,1,standard,1.0,1.0,0.05,5000,1.0,1.0,
7,55,1,standard,1.0,1.0,0.05,5000,1.0,1.0,
7,56,1,standard,1.0,1.0,0.05,5000,1.0,1.0,
7,57,1,standard,1.0,1.0,0.05,5000,1.0,1.0,
7,58,1,standard,1.0,1.0,0.05,5000,1.0,1.0,
7,59,1,standard,1.0,1.0,0.05,5000,1.0,1.0,
7,60,1,standard,1.0,1.0,0.05,5000,1.0,1.0,
7,61,1,standard,1.0,1.0,0.05,5000,1.0,1.0,
7,62,1,standard,1.0,1.0,0.05,5000,1.0,1.0,
7,63,1,standard,1.0,1.0,0.05,5000,1.0,1.0,
7,64,1,standard,1.0,1.0,0.05,5000,1.0,1.0,
7,65,1,standard,1.0,1.0,0.05,5000,1.0,1.0,
7,66,1,standard,1.0,1.0,0.05,5000,1.0,1.0,
7,67,1,standard,1.0,1.0,0.05,5000,1.0,1.0,
7,68,1,standard,1.0,1.0,0.05,5000,1.0,1.0,
7,69,1,standard,1.0,1.0,0.05,5000,1.0,1.0,
7,70,1,standard,1.0,1.0,0.05,5000,1.0,1.0,
7,71,1,standard,1.0,1.0,0.05,5000,1.0,1.0,
7,72,1,standard,1.0,1.0,0.05,5000,1.0,1.0,
7,73,1,standard,1.0,1.0,0.05,5000,1.0,1.0,
7,74,1,standard,1.0,1.0,0.05,5000,1.0,1.0,
7,75,1,standard,1.0,1.0,0.05,5000,1.0,1.0,
7,76,1,standard,1.0,1.0,0.05,5000,1.0,1.0,
7,77,1,standard,1.0,1.0,0.05,5000,1.0,1.0,
7,78,1,standard,1.0,1.0,0.05,5000,1.0,1.0,
7,79,1,standard,1.0,1.0,0.05,5000,1.0,1.0,
7,80,1,standard,1.0,1.0,0.05,5000,1.0,1.0,
7,81,1,standard,1.0,1.0,0.05,5000,1.0,1.0,
7,82,1,standard,1.0,1.0,0.05,5000,1.0,1.0,
7,83,1,standard,1.0,1.0,0.05,5000,1.0,1.0,
7,84,1,standard,1.0,1.0,0.05,5000,1.0,1.0,
7,85,1,standard,1.0,1.0,0.05,5000,1.0,1.0,
7,86,1,standard,1.0,1.0,0.05,5000,1.0,1.0,
7,87,1,standard,1.0,1.0,0.05,5000,1.0,1.0,
7,88,1,standard,1.0,1.0,0.05,5000,1.0,1.0,
7,89,1,standard,1.0,1.0,0.05,5000,1.0,1.0,
7,90,1,standard,1.0,1.0,0.05,5000,1.0,1.0,
7,91,1,standard,1.0,1.0,0.05,5000,1.0,1.0,
7,92,1,standard,1.0,1.0,0.05,5000,1.0,1.0,
7,93,1,standard,1.0,1.0,0.05,5000,1.0,1.0,
7,94,1,standard,1.0,1.0,0.05,5000,1.0,1.0,
7,95,1,standard,1.0,1.0,0.05,5000,1.0,1.0,
7,96,1,standard,1.0,1.0,0.05,5000,1.0,1.0,
7,97,1,standard,1.0,1.0,0.05,5000,1.0,1.0,
7,98,1,standard,1.0,1.0,0.05,5000,1.0,1.0,
7,99,1,standard,1.0,1.0,0.05,5000,1.0,1.0,
7,100,1,standard,1.0,1.0,0.05,5000,1.0,1.0,
8,1,1,standard,1.0,0.1,0.05,5000,1.0,1.0,18
8,2,1,standard,1.0,0.1,0.05,5000,1.0,1.0,21
8,3,1,standard,1.0,0.1,0.05,5000,1.0,1.0,23
8,4,1,standard,1.0,0.1,0.05,5000,1.0,1.0,17
8,5,1,standard,1.0,0.1,0.05,5000,1.0,1.0,20
8,6,1,standard,1.0,0.1,0.05,5000,1.0,1.0,19
8,7,1,standard,1.0,0.1,0.05,5000,1.0,1.0,20
8,8,1,standard,1.0,0.1,0.05,5000,1.0,1.0,22
8,9,1,standard,1.0,0.1,0.05,5000,1.0,1.0,24
8,10,1,standard,1.0,0.1,0.05,5000,1.0,1.0,19
8,11,1,standard,1.0,0.1,0.05,5000,1.0,1.0,21
8,12,1,standard,1.0,0.1,0.05,5000,1.0,1.0,18
8,13,1,standard,1.0,0.1,0.05,5000,1.0,1.0,21
8,14,1,standard,1.0,0.1,0.05,5000,1.0,1.0,21
8,15,1,standard,1.0,0.1,0.05,5000,1.0,1.0,21
8,16,1,standard,1.0,0.1,0.05,5000,1.0,1.0,22
8,17,1,standard,1.0,0.1,0.05,5000,1.0,1.0,20
8,18,1,standard,1.0,0.1,0.05,5000,1.0,1.0,19
8,19,1,standard,1.0,0.1,0.05,5000,1.0,1.0,20
8,20,1,standard,1.0,0.1,0.05,5000,1.0,1.0,22
8,21,1,standard,1.0,0.1,0.05,5000,1.0,1.0,23
8,22,1,standard,1.0,0.1,0.05,5000,1.0,1.0,22
8,23,1,standard,1.0,0.1,0.05,5000,1.0,1.0,22
8,24,1,standard,1.0,0.1,0.05,5000,1.0,1.0,22
8,25,1,standard,1.0,0.1,0.05,5000,1.0,1.0,21
8,26,1,standard,1.0,0.1,0.05,5000,1.0,1.0,21
8,27,1,standard,1.0,0.1,0.05,5000,1.0,1.0,22
8,28,1,standard,1.0,0.1,0.05,5000,1.0,1.0,21
8,29,1,standard,1.0,0.1,0.05,5000,1.0,1.0,21
8,30,1,standard,1.0,0.1,0.05,5000,1.0,1.0,22
8,31,1,standard,1.0,0.1,0.05,5000,1.0,1.0,20
8,32,1,standard,1.0,0.1,0.05,5000,1.0,1.0,22
8,33,1,standard,1.0,0.1,0.05,5000,1.0,1.0,21
8,34,1,standard,1.0,0.1,0.05,5000,1.0,1.0,19
8,35,1,standard,1.0,0.1,0.05,5000,1.0,1.0,19
8,36,1,standard,1.0,0.1,0.05,5000,1.0,1.0,23
8,37,1,standard,1.0,0.1,0.05,5000,1.0,1.0,21
8,38,1,standard,1.0,0.1,0.05,5000,1.0,1.0,21
8,39,1,standard,1.0,0.1,0.05,5000,1.0,1.0,17
8,40,1,standard,1.0,0.1,0.05,5000,1.0,1.0,20
8,41,1,standard,1.0,0.1,0.05,5000,1.0,1.0,21
8,42,1,standard,1.0,0.1,0.05,5000,1.0,1.0,23
8,43,1,standard,1.0,0.1,0.05,5000,1.0,1.0,16
8,44,1,standard,1.0,0.1,0.05,5000,1.0,1.0,23
8,45,1,standard,1.0,0.1,0.05,5000,1.0,1.0,22
8,46,1,standard,1.0,0.1,0.05,5000,1.0,1.0,20
8,47,1,standard,1.0,0.1,0.05,5000,1.0,1.0,21
8,48,1,standard,1.0,0.1,0.05,5000,1.0,1.0,19
8,49,1,standard,1.0,0.1,0.05,5000,1.0,1.0,20
8,50,1,standard,1.0,0.1,0.05,5000,1.0,1.0,23
8,51,1,standard,1.0,0.1,0.05,5000,1.0,1.0,19
8,52,1,standard,1.0,0.1,0.05,5000,1.0,1.0,14
8,53,1,standard,1.0,0.1,0.05,5000,1.0,1.0,19
8,54,1,standard,1.0,0.1,0.05,5000,1.0,1.0,22
8,55,1,standard,1.0,0.1,0.05,5000,1.0,1.0,21
8,56,1,standard,1.0,0.1,0.05,5000,1.0,1.0,18
8,57,1,standard,1.0,0.1,0.05,5000,1.0,1.0,21
8,58,1,standard,1.0,0.1,0.05,5000,1.0,1.0,21
8,59,1,standard,1.0,0.1,0.05,5000,1.0,1.0,21
8,60,1,standard,1.0,0.1,0.05,5000,1.0,1.0,18
8,61,1,standard,1.0,0.1,0.05,5000,1.0,1.0,19
8,62,1,standard,1.0,0.1,0.05,5000,1.0,1.0,14
8,63,1,standard,1.0,0.1,0.05,5000,1.0,1.0,21
8,64,1,standard,1.0,0.1,0.05,5000,1.0,1.0,19
8,65,1,standard,1.0,0.1,0.05,5000,1.0,1.0,21
8,66,1,standard,1.0,0.1,0.05,5000,1.0,1.0,19
8,67,1,standard,1.0,0.1,0.05,5000,1.0,1.0,18
8,68,1,standard,1.0,0.1,0.05,5000,1.0,1.0,21
8,69,1,standard,1.0,0.1,0.05,5000,1.0,1.0,20
8,70,1,standard,1.0,0.1,0.05,5000,1.0,1.0,22
8,71,1,standard,1.0,0.1,0.05,5000,1.0,1.0,20
8,72,1,standard,1.0,0.1,0.05,5000,1.0,1.0,23
8,73,1,standard,1.0,0.1,0.05,5000,1.0,1.0,19
8,74,1,standard,1.0,0.1,0.05,5000,1.0,1.0,19
8,75,1,standard,1.0,0.1,0.05,5000,1.0,1.0,19
8,76,1,standard,1.0,0.1,0.05,5000,1.0,1.0,21
8,77,1,standard,1.0,0.1,0.05,5000,1.0,1.0,16
8,78,1,standard,1.0,0.1,0.05,5000,1.0,1.0,21
8,79,1,standard,1.0,0.1,0.05,5000,1.0,1.0,20
8,80,1,standard,1.0,0.1,0.05,5000,1.0,1.0,20
8,81,1,standard,1.0,0.1,0.05,5000,1.0,1.0,18
8,82,1,standard,1.0,0.1,0.05,5000,1.0,1.0,21
8,83,1,standard,1.0,0.1,0.05,5000,1.0,1.0,21
8,84,1,standard,1.0,0.1,0.05,5000,1.0,1.0,20
8,85,1,standard,1.0,0.1,0.05,5000,1.0,1.0,22
8,86,1,standard,1.0,0.1,0.05,5000,1.0,1.0,24
8,87,1,standard,1.0,0.1,0.05,5000,1.0,1.0,19
8,88,1,standard,1.0,0.1,0.05,5000,1.0,1.0,21
8,89,1,standard,1.0,0.1,0.05,5000,1.0,1.0,18
8,90,1,standard,1.0,0.1,0.05,5000,1.0,1.0,22
8,91,1,standard,1.0,0.1,0.05,5000,1.0,1.0,19
8,92,1,standard,1.0,0.1,0.05,5000,1.0,1.0,22
8,93,1,standard,1.0,0.1,0.05,5000,1.0,1.0,22
8,94,1,standard,1.0,0.1,0.05,5000,1.0,1.0,23
8,95,1,standard,1.0,0.1,0.05,5000,1.0,1.0,18
8,96,1,standard,1.0,0.1,0.05,5000,1.0,1.0,19
8,97,1,standard,1.0,0.1,0.05,5000,1.0,1.0,18
8,98,1,standard,1.0,0.1,0.05,5000,1.0,1.0,22
8,99,1,standard,1.0,0.1,0.05,5000,1.0,1.0,20
8,100,1,standard,1.0,0.1,0.05,5000,1.0,1.0,20
8,1,1,standard,1.0,0.2,0.05,5000,1.0,1.0,9
8,2,1,standard,1.0,0.2,0.05,5000,1.0,1.0,11
8,3,1,standard,1.0,0.2,0.05,5000,1.0,1.0,12
8,4,1,standard,1.0,0.2,0.05,5000,1.0,1.0,9
8,5,1,standard,1.0,0.2,0.05,5000,1.0,1.0,10
8,6,1,standard,1.0,0.2,0.05,5000,1.0,1.0,10
8,7,1,standard,1.0,0.2,0.05,5000,1.0,1.0,10
8,8,1,standard,1.0,0.2,0.05,5000,1.0,1.0,11
8,9,1,standard,1.0,0.2,0.05,5000,1.0,1.0,12
8,10,1,standard,1.0,0.2,0.05,5000,1.0,1.0,9
8,11,1,standard,1.0,0.2,0.05,5000,1.0,1.0,11
8,12,1,standard,1.0,0.2,0.05,5000,1.0,1.0,9
8,13,1,standard,1.0,0.2,0.05,5000,1.0,1.0,10
8,14,1,standard,1.0,0.2,0.05,5000,1.0,1.0,10
8,15,1,standard,1.0,0.2,0.05,5000,1.0,1.0,10
8,16,1,standard,1.0,0.2,0.05,5000,1.0,1.0,11
8,17,1,standard,1.0,0.2,0.05,5000,1.0,1.0,10
8,18,1,standard,1.0,0.2,0.05,5000,1.0,1.0,10
8,19,1,standard,1.0,0.2,0.05,5000,1.0,1.0,10
8,20,1,standard,1.0,0.2,0.05,5000,1.0,1.0,11
8,21,1,standard,1.0,0.2,0.05,5000,1.0,1.0,12
8,22,1,standard,1.0,0.2,0.05,5000,1.0,1.0,11
8,23,1,standard,1.0,0.2,0.05,5000,1.0,1.0,11
8,24,1,standard,1.0,0.2,0.05,5000,1.0,1.0,11
8,25,1,standard,1.0,0.2,0.05,5000,1.0,1.0,10
8,26,1,standard,1.0,0.2,0.05,5000,1.0,1.0,11
8,27,1,standard,1.0,0.2,0.05,5000,1.0,1.0,11
8,28,1,standard,1.0,0.2,0.05,5000,1.0,1.0,10
8,29,1,standard,1.0,0.2,0.05,5000,1.0,1.0,11
8,30,1,standard,1.0,0.2,0.05,5000,1.0,1.0,11
8,31,1,standard,1.0,0.2,0.05,5000,1.0,1.0,10
8,32,1,standard,1.0,0.2,0.05,5000,1.0,1.0,11
8,33,1,standard,1.0,0.2,0.05,5000,1.0,1.0,10
8,34,1,standard,1.0,0.2,0.05,5000,1.0,1.0,9
8,35,1,standard,1.0,0.2,0.05,5000,1.0,1.0,10
8,36,1,standard,1.0,0.2,0.05,5000,1.0,1.0,12
8,37,1,standard,1.0,0.2,0.05,5000,1.0,1.0,11
8,38,1,standard,1.0,0.2,0.05,5000,1.0,1.0,11
8,39,1,standard,1.0,0.2,0.05,5000,1.0,1.0,8
8,40,1,standard,1.0,0.2,0.05,5000,1.0,1.0,10
8,41,1,standard,1.0,0.2,0.05,5000,1.0,1.0,11
8,42,1,standard,1.0,0.2,0.05,5000,1.0,1.0,11
8,43,1,standard,1.0,0.2,0.05,5000,1.0,1.0,8
8,44,1,standard,1.0,0.2,0.05,5000,1.0,1.0,11
8,45,1,standard,1.0,0.2,0.05,5000,1.0,1.0,11
8,46,1,standard,1.0,0.2,0.05,5000,1.0,1.0,10
8,47,1,standard,1.0,0.2,0.05,5000,1.0,1.0,10
8,48,1,standard,1.0,0.2,0.05,5000,1.0,1.0,10
8,49,1,standard,1.0,0.2,0.05,5000,1.0,1.0,10
8,50,1,standard,1.0,0.2,0.05,5000,1.0,1.0,12
8,51,1,standard,1.0,0.2,0.05,5000,1.0,1.0,10
8,52,1,standard,1.0,0.2,0.05,5000,1.0,1.0,7
8,53,1,standard,1.0,0.2,0.05,5000,1.0,1.0,10
8,54,1,standard,1.0,0.2,0.05,5000,1.0,1.0,11
8,55,1,standard,1.0,0.2,0.05,5000,1.0,1.0,10
8,56,1,standard,1.0,0.2,0.05,5000,1.0,1.0,9
8,57,1,standard,1.0,0.2,0.05,5000,1.0,1.0,11
8,58,1,standard,1.0,0.2,0.05,5000,1.0,1.0,10
8,59,1,standard,1.0,0.2,0.05,5000,1.0,1.0,10
8,60,1,standard,1.0,0.2,0.05,5000,1.0,1.0,9
8,61,1,standard,1.0,0.2,0.05,5000,1.0,1.0,9
8,62,1,standard,1.0,0.2,0.05,5000,1.0,1.0,7
8,63,1,standard,1.0,0.2,0.05,5000,1.0,1.0,11
8,64,1,standard,1.0,0.2,0.05,5000,1.0,1.0,9
8,65,1,standard,1.0,0.2,0.05,5000,1.0,1.0,11
8,66,1,standard,1.0,0.2,0.05,5000,1.0,1.0,10
8,67,1,standard,1.0,0.2,0.05,5000,1.0,1.0,9
8,68,1,standard,1.0,0.2,0.05,5000,1.0,1.0,11
8,69,1,standard,1.0,0.2,0.05,5000,1.0,1.0,10
8,70,1,standard,1.0,0.2,0.05,5000,1.0,1.0,11
8,71,1,standard,1.0,0.2,0.05,5000,1.0,1.0,10
8,72,1,standard,1.0,0.2,0.05,5000,1.0,1.0,11
8,73,1,standard,1.0,0.2,0.05,5000,1.0,1.0,10
8,74,1,standard,1.0,0.2,0.05,5000,1.0,1.0,9
8,75,1,standard,1.0,0.2,0.05,5000,1.0,1.0,10
8,76,1,standard,1.0,0.2,0.05,5000,1.0,1.0,11
8,77,1,standard,1.0,0.2,0.05,5000,1.0,1.0,8
8,78,1,standard,1.0,0.2,0.05,5000,1.0,1.0,10
8,79,1,standard,1.0,0.2,0.05,5000,1.0,1.0,10
8,80,1,standard,1.0,0.2,0.05,5000,1.0,1.0,10
8,81,1,standard,1.0,0.2,0.05,5000,1.0,1.0,9
8,82,1,standard,1.0,0.2,0.05,5000,1.0,1.0,11
8,83,1,standard,1.0,0.2,0.05,5000,1.0,1.0,11
8,84,1,standard,1.0,0.2,0.05,5000,1.0,1.0,10
8,85,1,standard,1.0,0.2,0.05,5000,1.0,1.0,11
8,86,1,standard,1.0,0.2,0.05,5000,1.0,1.0,12
8,87,1,standard,1.0,0.2,0.05,5000,1.0,1.0,9
8,88,1,standard,1.0,0.2,0.05,5000,1.0,1.0,11
8,89,1,standard,1.0,0.2,0.05,5000,1.0,1.0,9
8,90,1,standard,1.0,0.2,0.05,5000,1.0,1.0,11
8,91,1,standard,1.0,0.2,0.05,5000,1.0,1.0,9
8,92,1,standard,1.0,0.2,0.05,5000,1.0,1.0,11
8,93,1,standard,1.0,0.2,0.05,5000,1.0,1.0,11
8,94,1,standard,1.0,0.2,0.05,5000,1.0,1.0,11
8,95,1,standard,1.0,0.2,0.05,5000,1.0,1.0,9
8,96,1,standard,1.0,0.2,0.05,5000,1.0,1.0,9
8,97,1,standard,1.0,0.2,0.05,5000,1.0,1.0,9
8,98,1,standard,1.0,0.2,0.05,5000,1.0,1.0,11
8,99,1,standard,1.0,0.2,0.05,5000,1.0,1.0,10
8,100,1,standard,1.0,0.2,0.05,5000,1.0,1.0,10
8,1,1,standard,1.0,0.3,0.05,5000,1.0,1.0,6
8,2,1,standard,1.0,0.3,0.05,5000,1.0,1.0,7
8,3,1,standard,1.0,0.3,0.05,5000,1.0,1.0,8
8,4,1,standard,1.0,0.3,0.05,5000,1.0,1.0,6
8,5,1,standard,1.0,0.3,0.05,5000,1.0,1.0,7
8,6,1,standard,1.0,0.3,0.05,5000,1.0,1.0,7
8,7,1,standard,1.0,0.3,0.05,5000,1.0,1.0,7
8,8,1,standard,1.0,0.3,0.05,5000,1.0,1.0,7
8,9,1,standard,1.0,0.3,0.05,5000,1.0,1.0,8
8,10,1,standard,1.0,0.3,0.05,5000,1.0,1.0,6
8,11,1,standard,1.0,0.3,0.05,5000,1.0,1.0,7
8,12,1,standard,1.0,0.3,0.05,5000,1.0,1.0,6
8,13,1,standard,1.0,0.3,0.05,5000,1.0,1.0,7
8,14,1,standard,1.0,0.3,0.05,5000,1.0,1.0,7
8,15,1,standard,1.0,0.3,0.05,5000,1.0,1.0,7
8,16,1,standard,1.0,0.3,0.05,5000,1.0,1.0,8
8,17,1,standard,1.0,0.3,0.05,5000,1.0,1.0,7
8,18,1,standard,1.0,0.3,0.05,5000,1.0,1.0,6
8,19,1,standard,1.0,0.3,0.05,5000,1.0,1.0,7
8,20,1,standard,1.0,0.3,0.05,5000,1.0,1.0,8
8,21,1,standard,1.0,0.3,0.05,5000,1.0,1.0,8
8,22,1,standard,1.0,0.3,0.05,5000,1.0,1.0,7
8,23,1,standard,1.0,0.3,0.05,5000,1.0,1.0,7
8,24,1,standard,1.0,0.3,0.05,5000,1.0,1.0,8
8,25,1,standard,1.0,0.3,0.05,5000,1.0,1.0,7
8,26,1,standard,1.0,0.3,0.05,5000,1.0,1.0,7
8,27,1,standard,1.0,0.3,0.05,5000,1.0,1.0,7
8,28,1,standard,1.0,0.3,0.05,5000,1.0,1.0,7
8,29,1,standard,1.0,0.3,0.05,5000,1.0,1.0,7
8,30,1,standard,1.0,0.3,0.05,5000,1.0,1.0,7
8,31,1,standard,1.0,0.3,0.05,5000,1.0,1.0,7
8,32,1,standard,1.0,0.3,0.05,5000,1.0,1.0,7
8,33,1,standard,1.0,0.3,0.05,5000,1.0,1.0,7
8,34,1,standard,1.0,0.3,0.05,5000,1.0,1.0,6
8,35,1,standard,1.0,0.3,0.05,5000,1.0,1.0,6
8,36,1,standard,1.0,0.3,0.05,5000,1.0,1.0,8
8,37,1,standard,1.0,0.3,0.05,5000,1.0,1.0,7
8,38,1,standard,1.0,0.3,0.05,5000,1.0,1.0,7
8,39,1,standard,1.0,0.3,0.05,5000,1.0,1.0,6
8,40,1,standard,1.0,0.3,0.05,5000,1.0,1.0,7
8,41,1,standard,1.0,0.3,0.05,5000,1.0,1.0,7
8,42,1,standard,1.0,0.3,0.05,5000,1.0,1.0,8
8,43,1,standard,1.0,0.3,0.05,5000,1.0,1.0,6
8,44,1,standard,1.0,0.3,0.05,5000,1.0,1.0,8
8,45,1,standard,1.0,0.3,0.05,5000,1.0,1.0,7
8,46,1,standard,1.0,0.3,0.05,5000,1.0,1.0,7
8,47,1,standard,1.0,0.3,0.05,5000,1.0,1.0,7
8,48,1,standard,1.0,0.3,0.05,5000,1.0,1.0,6
8,49,1,standard,1.0,0.3,0.05,5000,1.0,1.0,7
8,50,1,standard,1.0,0.3,0.05,5000,1.0,1.0,8
8,51,1,standard,1.0,0.3,0.05,5000,1.0,1.0,6
8,52,1,standard,1.0,0.3,0.05,5000,1.0,1.0,5
8,53,1,standard,1.0,0.3,0.05,5000,1.0,1.0,7
8,54,1,standard,1.0,0.3,0.05,5000,1.0,1.0,7
8,55,1,standard,1.0,0.3,0.05,5000,1.0,1.0,7
8,56,1,standard,1.0,0.3,0.05,5000,1.0,1.0,6
8,57,1,standard,1.0,0.3,0.05,5000,1.0,1.0,7
8,58,1,standard,1.0,0.3,0.05,5000,1.0,1.0,7
8,59,1,standard,1.0,0.3,0.05,5000,1.0,1.0,7
8,60,1,standard,1.0,0.3,0.05,5000,1.0,1.0,6
8,61,1,standard,1.0,0.3,0.05,5000,1.0,1.0,6
8,62,1,standard,1.0,0.3,0.05,5000,1.0,1.0,5
8,63,1,standard,1.0,0.3,0.05,5000,1.0,1.0,7
8,64,1,standard,1.0,0.3,0.05,5000,1.0,1.0,6
8,65,1,standard,1.0,0.3,0.05,5000,1.0,1.0,7
8,66,1,standard,1.0,0.3,0.05,5000,1.0,1.0,7
8,67,1,standard,1.0,0.3,0.05,5000,1.0,1.0,6
8,68,1,standard,1.0,0.3,0.05,5000,1.0,1.0,7
8,69,1,standard,1.0,0.3,0.05,5000,1.0,1.0,7
8,70,1,standard,1.0,0.3,0.05,5000,1.0,1.0,7
8,71,1,standard,1.0,0.3,0.05,5000,1.0,1.0,7
8,72,1,standard,1.0,0.3,0.05,5000,1.0,1.0,8
8,73,1,standard,1.0,0.3,0.05,5000,1.0,1.0,6
8,74,1,standard,1.0,0.3,0.05,5000,1.0,1.0,6
8,75,1,standard,1.0,0.3,0.05,5000,1.0,1.0,7
8,76,1,standard,1.0,0.3,0.05,5000,1.0,1.0,7
8,77,1,standard,1.0,0.3,0.05,5000,1.0,1.0,6
8,78,1,standard,1.0,0.3,0.05,5000,1.0,1.0,7
8,79,1,standard,1.0,0.3,0.05,5000,1.0,1.0,7
8,80,1,standard,1.0,0.3,0.05,5000,1.0,1.0,7
8,81,1,standard,1.0,0.3,0.05,5000,1.0,1.0,6
8,82,1,standard,1.0,0.3,0.05,5000,1.0,1.0,7
8,83,1,standard,1.0,0.3,0.05,5000,1.0,1.0,7
8,84,1,standard,1.0,0.3,0.05,5000,1.0,1.0,7
8,85,1,standard,1.0,0.3,0.05,5000,1.0,1.0,8
8,86,1,standard,1.0,0.3,0.05,5000,1.0,1.0,8
8,87,1,standard,1.0,0.3,0.05,5000,1.0,1.0,6
8,88,1,standard,1.0,0.3,0.05,5000,1.0,1.0,7
8,89,1,standard,1.0,0.3,0.05,5000,1.0,1.0,6
8,90,1,standard,1.0,0.3,0.05,5000,1.0,1.0,8
8,91,1,standard,1.0,0.3,0.05,5000,1.0,1.0,6
8,92,1,standard,1.0,0.3,0.05,5000,1.0,1.0,7
8,93,1,standard,1.0,0.3,0.05,5000,1.0,1.0,7
8,94,1,standard,1.0,0.3,0.05,5000,1.0,1.0,8
8,95,1,standard,1.0,0.3,0.05,5000,1.0,1.0,6
8,96,1,standard,1.0,0.3,0.05,5000,1.0,1.0,6
8,97,1,standard,1.0,0.3,0.05,5000,1.0,1.0,6
8,98,1,standard,1.0,0.3,0.05,5000,1.0,1.0,7
8,99,1,standard,1.0,0.3,0.05,5000,1.0,1.0,7
8,100,1,standard,1.0,0.3,0.05,5000,1.0,1.0,7
8,1,1,standard,1.0,0.4,0.05,5000,1.0,1.0,6
8,2,1,standard,1.0,0.4,0.05,5000,1.0,1.0,5
8,3,1,standard,1.0,0.4,0.05,5000,1.0,1.0,7
8,4,1,standard,1.0,0.4,0.05,5000,1.0,1.0,6
8,5,1,standard,1.0,0.4,0.05,5000,1.0,1.0,6
8,6,1,standard,1.0,0.4,0.05,5000,1.0,1.0,6
8,7,1,standard,1.0,0.4,0.05,5000,1.0,1.0,5
8,8,1,standard,1.0,0.4,0.05,5000,1.0,1.0,6
8,9,1,standard,1.0,0.4,0.05,5000,1.0,1.0,6
8,10,1,standard,1.0,0.4,0.05,5000,1.0,1.0,6
8,11,1,standard,1.0,0.4,0.05,5000,1.0,1.0,6
8,12,1,standard,1.0,0.4,0.05,5000,1.0,1.0,6
8,13,1,standard,1.0,0.4,0.05,5000,1.0,1.0,5
8,14,1,standard,1.0,0.4,0.05,5000,1.0,1.0,5
8,15,1,standard,1.0,0.4,0.05,5000,1.0,1.0,5
8,16,1,standard,1.0,0.4,0.05,5000,1.0,1.0,7
8,17,1,standard,1.0,0.4,0.05,5000,1.0,1.0,6
8,18,1,standard,1.0,0.4,0.05,5000,1.0,1.0,6
8,19,1,standard,1.0,0.4,0.05,5000,1.0,1.0,6
8,20,1,standard,1.0,0.4,0.05,5000,1.0,1.0,7
8,21,1,standard,1.0,0.4,0.05,5000,1.0,1.0,7
8,22,1,standard,1.0,0.4,0.05,5000,1.0,1.0,7
8,23,1,standard,1.0,0.4,0.05,5000,1.0,1.0,6
8,24,1,standard,1.0,0.4,0.05,5000,1.0,1.0,7
8,25,1,standard,1.0,0.4,0.05,5000,1.0,1.0,5
8,26,1,standard,1.0,0.4,0.05,5000,1.0,1.0,6
8,27,1,standard,1.0,0.4,0.05,5000,1.0,1.0,5
8,28,1,standard,1.0,0.4,0.05,5000,1.0,1.0,5
8,29,1,standard,1.0,0.4,0.05,5000,1.0,1.0,6
8,30,1,standard,1.0,0.4,0.05,5000,1.0,1.0,6
8,31,1,standard,1.0,0.4,0.05,5000,1.0,1.0,5
8,32,1,standard,1.0,0.4,0.05,5000,1.0,1.0,7
8,33,1,standard,1.0,0.4,0.05,5000,1.0,1.0,5
8,34,1,standard,1.0,0.4,0.05,5000,1.0,1.0,6
8,35,1,standard,1.0,0.4,0.05,5000,1.0,1.0,6
8,36,1,standard,1.0,0.4,0.05,5000,1.0,1.0,7
8,37,1,standard,1.0,0.4,0.05,5000,1.0,1.0,5
8,38,1,standard,1.0,0.4,0.05,5000,1.0,1.0,5
8,39,1,standard,1.0,0.4,0.05,5000,1.0,1.0,4
8,40,1,standard,1.0,0.4,0.05,5000,1.0,1.0,6
8,41,1,standard,1.0,0.4,0.05,5000,1.0,1.0,5
8,42,1,standard,1.0,0.4,0.05,5000,1.0,1.0,7
8,43,1,standard,1.0,0.4,0.05,5000,1.0,1.0,5
8,44,1,standard,1.0,0.4,0.05,5000,1.0,1.0,7
8,45,1,standard,1.0,0.4,0.05,5000,1.0,1.0,7
8,46,1,standard,1.0,0.4,0.05,5000,1.0,1.0,5
8,47,1,standard,1.0,0.4,0.05,5000,1.0,1.0,5
8,48,1,standard,1.0,0.4,0.05,5000,1.0,1.0,6
8,49,1,standard,1.0,0.4,0.05,5000,1.0,1.0,5
8,50,1,standard,1.0,0.4,0.05,5000,1.0,1.0,7
8,51,1,standard,1.0,0.4,0.05,5000,1.0,1.0,6
8,52,1,standard,1.0,0.4,0.05,5000,1.0,1.0,4
8,53,1,standard,1.0,0.4,0.05,5000,1.0,1.0,6
8,54,1,standard,1.0,0.4,0.05,5000,1.0,1.0,6
8,55,1,standard,1.0,0.4,0.05,5000,1.0,1.0,5
8,56,1,standard,1.0,0.4,0.05,5000,1.0,1.0,6
8,57,1,standard,1.0,0.4,0.05,5000,1.0,1.0,5
8,58,1,standard,1.0,0.4,0.05,5000,1.0,1.0,5
8,59,1,standard,1.0,0.4,0.05,5000,1.0,1.0,5
8,60,1,standard,1.0,0.4,0.05,5000,1.0,1.0,6
8,61,1,standard,1.0,0.4,0.05,5000,1.0,1.0,6
8,62,1,standard,1.0,0.4,0.05,5000,1.0,1.0,5
8,63,1,standard,1.0,0.4,0.05,5000,1.0,1.0,5
8,64,1,standard,1.0,0.4,0.05,5000,1.0,1.0,6
8,65,1,standard,1.0,0.4,0.05,5000,1.0,1.0,5
8,66,1,standard,1.0,0.4,0.05,5000,1.0,1.0,6
8,67,1,standard,1.0,0.4,0.05,5000,1.0,1.0,6
8,68,1,standard,1.0,0.4,0.05,5000,1.0,1.0,5
8,69,1,standard,1.0,0.4,0.05,5000,1.0,1.0,5
8,70,1,standard,1.0,0.4,0.05,5000,1.0,1.0,6
8,71,1,standard,1.0,0.4,0.05,5000,1.0,1.0,5
8,72,1,standard,1.0,0.4,0.05,5000,1.0,1.0,7
8,73,1,standard,1.0,0.4,0.05,5000,1.0,1.0,6
8,74,1,standard,1.0,0.4,0.05,5000,1.0,1.0,6
8,75,1,standard,1.0,0.4,0.05,5000,1.0,1.0,6
8,76,1,standard,1.0,0.4,0.05,5000,1.0,1.0,5
8,77,1,standard,1.0,0.4,0.05,5000,1.0,1.0,4
8,78,1,standard,1.0,0.4,0.05,5000,1.0,1.0,5
8,79,1,standard,1.0,0.4,0.05,5000,1.0,1.0,6
8,80,1,standard,1.0,0.4,0.05,5000,1.0,1.0,5
8,81,1,standard,1.0,0.4,0.05,5000,1.0,1.0,6
8,82,1,standard,1.0,0.4,0.05,5000,1.0,1.0,5
8,83,1,standard,1.0,0.4,0.05,5000,1.0,1.0,5
8,84,1,standard,1.0,0.4,0.05,5000,1.0,1.0,5
8,85,1,standard,1.0,0.4,0.05,5000,1.0,1.0,7
8,86,1,standard,1.0,0.4,0.05,5000,1.0,1.0,6
8,87,1,standard,1.0,0.4,0.05,5000,1.0,1.0,6
8,88,1,standard,1.0,0.4,0.05,5000,1.0,1.0,5
8,89,1,standard,1.0,0.4,0.05,5000,1.0,1.0,6
8,90,1,standard,1.0,0.4,0.05,5000,1.0,1.0,7
8,91,1,standard,1.0,0.4,0.05,5000,1.0,1.0,6
8,92,1,standard,1.0,0.4,0.05,5000,1.0,1.0,6
8,93,1,standard,1.0,0.4,0.05,5000,1.0,1.0,7
8,94,1,standard,1.0,0.4,0.05,5000,1.0,1.0,7
8,95,1,standard,1.0,0.4,0.05,5000,1.0,1.0,6
8,96,1,standard,1.0,0.4,0.05,5000,1.0,1.0,6
8,97,1,standard,1.0,0.4,0.05,5000,1.0,1.0,5
8,98,1,standard,1.0,0.4,0.05,5000,1.0,1.0,7
8,99,1,standard,1.0,0.4,0.05,5000,1.0,1.0,5
8,100,1,standard,1.0,0.4,0.05,5000,1.0,1.0,5
8,1,1,standard,1.0,0.5,0.05,5000,1.0,1.0,97
8,2,1,standard,1.0,0.5,0.05,5000,1.0,1.0,4
8,3,1,standard,1.0,0.5,0.05,5000,1.0,1.0,124
8,4,1,standard,1.0,0.5,0.05,5000,1.0,1.0,117
8,5,1,standard,1.0,0.5,0.05,5000,1.0,1.0,87
8,6,1,standard,1.0,0.5,0.05,5000,1.0,1.0,37
8,7,1,standard,1.0,0.5,0.05,5000,1.0,1.0,4
8,8,1,standard,1.0,0.5,0.05,5000,1.0,1.0,4
8,9,1,standard,1.0,0.5,0.05,5000,1.0,1.0,106
8,10,1,standard,1.0,0.5,0.05,5000,1.0,1.0,101
8,11,1,standard,1.0,0.5,0.05,5000,1.0,1.0,4
8,12,1,standard,1.0,0.5,0.05,5000,1.0,1.0,109
8,13,1,standard,1.0,0.5,0.05,5000,1.0,1.0,4
8,14,1,standard,1.0,0.5,0.05,5000,1.0,1.0,4
8,15,1,standard,1.0,0.5,0.05,5000,1.0,1.0,4
8,16,1,standard,1.0,0.5,0.05,5000,1.0,1.0,82
8,17,1,standard,1.0,0.5,0.05,5000,1.0,1.0,5
8,18,1,standard,1.0,0.5,0.05,5000,1.0,1.0,59
8,19,1,standard,1.0,0.5,0.05,5000,1.0,1.0,43
8,20,1,standard,1.0,0.5,0.05,5000,1.0,1.0,86
8,21,1,standard,1.0,0.5,0.05,5000,1.0,1.0,118
8,22,1,standard,1.0,0.5,0.05,5000,1.0,1.0,34
8,23,1,standard,1.0,0.5,0.05,5000,1.0,1.0,4
8,24,1,standard,1.0,0.5,0.05,5000,1.0,1.0,104
8,25,1,standard,1.0,0.5,0.05,5000,1.0,1.0,4
8,26,1,standard,1.0,0.5,0.05,5000,1.0,1.0,4
8,27,1,standard,1.0,0.5,0.05,5000,1.0,1.0,4
8,28,1,standard,1.0,0.5,0.05,5000,1.0,1.0,4
8,29,1,standard,1.0,0.5,0.05,5000,1.0,1.0,77
8,30,1,standard,1.0,0.5,0.05,5000,1.0,1.0,4
8,31,1,standard,1.0,0.5,0.05,5000,1.0,1.0,4
8,32,1,standard,1.0,0.5,0.05,5000,1.0,1.0,54
8,33,1,standard,1.0,0.5,0.05,5000,1.0,1.0,4
8,34,1,standard,1.0,0.5,0.05,5000,1.0,1.0,91
8,35,1,standard,1.0,0.5,0.05,5000,1.0,1.0,89
8,36,1,standard,1.0,0.5,0.05,5000,1.0,1.0,124
8,37,1,standard,1.0,0.5,0.05,5000,1.0,1.0,4
8,38,1,standard,1.0,0.5,0.05,5000,1.0,1.0,4
8,39,1,standard,1.0,0.5,0.05,5000,1.0,1.0,15
8,40,1,standard,1.0,0.5,0.05,5000,1.0,1.0,73
8,41,1,standard,1.0,0.5,0.05,5000,1.0,1.0,4
8,42,1,standard,1.0,0.5,0.05,5000,1.0,1.0,90
8,43,1,standard,1.0,0.5,0.05,5000,1.0,1.0,6
8,44,1,standard,1.0,0.5,0.05,5000,1.0,1.0,118
8,45,1,standard,1.0,0.5,0.05,5000,1.0,1.0,46
8,46,1,standard,1.0,0.5,0.05,5000,1.0,1.0,5
8,47,1,standard,1.0,0.5,0.05,5000,1.0,1.0,4
8,48,1,standard,1.0,0.5,0.05,5000,1.0,1.0,59
8,49,1,standard,1.0,0.5,0.05,5000,1.0,1.0,4
8,50,1,standard,1.0,0.5,0.05,5000,1.0,1.0,126
8,51,1,standard,1.0,0.5,0.05,5000,1.0,1.0,57
8,52,1,standard,1.0,0.5,0.05,5000,1.0,1.0,3
8,53,1,standard,1.0,0.5,0.05,5000,1.0,1.0,63
8,54,1,standard,1.0,0.5,0.05,5000,1.0,1.0,4
8,55,1,standard,1.0,0.5,0.05,5000,1.0,1.0,4
8,56,1,standard,1.0,0.5,0.05,5000,1.0,1.0,105
8,57,1,standard,1.0,0.5,0.05,5000,1.0,1.0,4
8,58,1,standard,1.0,0.5,0.05,5000,1.0,1.0,4
8,59,1,standard,1.0,0.5,0.05,5000,1.0,1.0,4
8,60,1,standard,1.0,0.5,0.05,5000,1.0,1.0,103
8,61,1,standard,1.0,0.5,0.05,5000,1.0,1.0,59
8,62,1,standard,1.0,0.5,0.05,5000,1.0,1.0,8
8,63,1,standard,1.0,0.5,0.05,5000,1.0,1.0,4
8,64,1,standard,1.0,0.5,0.05,5000,1.0,1.0,101
8,65,1,standard,1.0,0.5,0.05,5000,1.0,1.0,4
8,66,1,standard,1.0,0.5,0.05,5000,1.0,1.0,75
8,67,1,standard,1.0,0.5,0.05,5000,1.0,1.0,117
8,68,1,standard,1.0,0.5,0.05,5000,1.0,1.0,4
8,69,1,standard,1.0,0.5,0.05,5000,1.0,1.0,4
8,70,1,standard,1.0,0.5,0.05,5000,1.0,1.0,20
8,71,1,standard,1.0,0.5,0.05,5000,1.0,1.0,4
8,72,1,standard,1.0,0.5,0.05,5000,1.0,1.0,112
8,73,1,standard,1.0,0.5,0.05,5000,1.0,1.0,75
8,74,1,standard,1.0,0.5,0.05,5000,1.0,1.0,97
8,75,1,standard,1.0,0.5,0.05,5000,1.0,1.0,37
8,76,1,standard,1.0,0.5,0.05,5000,1.0,1.0,4
8,77,1,standard,1.0,0.5,0.05,5000,1.0,1.0,95
8,78,1,standard,1.0,0.5,0.05,5000,1.0,1.0,5
8,79,1,standard,1.0,0.5,0.05,5000,1.0,1.0,9
8,80,1,standard,1.0,0.5,0.05,5000,1.0,1.0,5
8,81,1,standard,1.0,0.5,0.05,5000,1.0,1.0,93
8,82,1,standard,1.0,0.5,0.05,5000,1.0,1.0,4
8,83,1,standard,1.0,0.5,0.05,5000,1.0,1.0,4
8,84,1,standard,1.0,0.5,0.05,5000,1.0,1.0,4
8,85,1,standard,1.0,0.5,0.05,5000,1.0,1.0,90
8,86,1,standard,1.0,0.5,0.05,5000,1.0,1.0,114
8,87,1,standard,1.0,0.5,0.05,5000,1.0,1.0,91
8,88,1,standard,1.0,0.5,0.05,5000,1.0,1.0,4
8,89,1,standard,1.0,0.5,0.05,5000,1.0,1.0,105
8,90,1,standard,1.0,0.5,0.05,5000,1.0,1.0,82
8,91,1,standard,1.0,0.5,0.05,5000,1.0,1.0,83
8,92,1,standard,1.0,0.5,0.05,5000,1.0,1.0,4
8,93,1,standard,1.0,0.5,0.05,5000,1.0,1.0,10
8,94,1,standard,1.0,0.5,0.05,5000,1.0,1.0,106
8,95,1,standard,1.0,0.5,0.05,5000,1.0,1.0,95
8,96,1,standard,1.0,0.5,0.05,5000,1.0,1.0,91
8,97,1,standard,1.0,0.5,0.05,5000,1.0,1.0,91
8,98,1,standard,1.0,0.5,0.05,5000,1.0,1.0,34
8,99,1,standard,1.0,0.5,0.05,5000,1.0,1.0,4
8,100,1,standard,1.0,0.5,0.05,5000,1.0,1.0,4
8,1,1,standard,1.0,0.6,0.05,5000,1.0,1.0,3
8,2,1,standard,1.0,0.6,0.05,5000,1.0,1.0,
8,3,1,standard,1.0,0.6,0.05,5000,1.0,1.0,
8,4,1,standard,1.0,0.6,0.05,5000,1.0,1.0,3
8,5,1,standard,1.0,0.6,0.05,5000,1.0,1.0,
8,6,1,standard,1.0,0.6,0.05,5000,1.0,1.0,3
8,7,1,standard,1.0,0.6,0.05,5000,1.0,1.0,
8,8,1,standard,1.0,0.6,0.05,5000,1.0,1.0,
8,9,1,standard,1.0,0.6,0.05,5000,1.0,1.0,
8,10,1,standard,1.0,0.6,0.05,5000,1.0,1.0,3
8,11,1,standard,1.0,0.6,0.05,5000,1.0,1.0,
8,12,1,standard,1.0,0.6,0.05,5000,1.0,1.0,
8,13,1,standard,1.0,0.6,0.05,5000,1.0,1.0,
8,14,1,standard,1.0,0.6,0.05,5000,1.0,1.0,
8,15,1,standard,1.0,0.6,0.05,5000,1.0,1.0,
8,16,1,standard,1.0,0.6,0.05,5000,1.0,1.0,
8,17,1,standard,1.0,0.6,0.05,5000,1.0,1.0,
8,18,1,standard,1.0,0.6,0.05,5000,1.0,1.0,3
8,19,1,standard,1.0,0.6,0.05,5000,1.0,1.0,3
8,20,1,standard,1.0,0.6,0.05,5000,1.0,1.0,
8,21,1,standard,1.0,0.6,0.05,5000,1.0,1.0,
8,22,1,standard,1.0,0.6,0.05,5000,1.0,1.0,
8,23,1,standard,1.0,0.6,0.05,5000,1.0,1.0,
8,24,1,standard,1.0,0.6,0.05,5000,1.0,1.0,
8,25,1,standard,1.0,0.6,0.05,5000,1.0,1.0,
8,26,1,standard,1.0,0.6,0.05,5000,1.0,1.0,
8,27,1,standard,1.0,0.6,0.05,5000,1.0,1.0,
8,28,1,standard,1.0,0.6,0.05,5000,1.0,1.0,
8,29,1,standard,1.0,0.6,0.05,5000,1.0,1.0,
8,30,1,standard,1.0,0.6,0.05,5000,1.0,1.0,
8,31,1,standard,1.0,0.6,0.05,5000,1.0,1.0,
8,32,1,standard,1.0,0.6,0.05,5000,1.0,1.0,
8,33,1,standard,1.0,0.6,0.05,5000,1.0,1.0,
8,34,1,standard,1.0,0.6,0.05,5000,1.0,1.0,3
8,35,1,standard,1.0,0.6,0.05,5000,1.0,1.0,3
8,36,1,standard,1.0,0.6,0.05,5000,1.0,1.0,
8,37,1,standard,1.0,0.6,0.05,5000,1.0,1.0,
8,38,1,standard,1.0,0.6,0.05,5000,1.0,1.0,
8,39,1,standard,1.0,0.6,0.05,5000,1.0,1.0,
8,40,1,standard,1.0,0.6,0.05,5000,1.0,1.0,3
8,41,1,standard,1.0,0.6,0.05,5000,1.0,1.0,
8,42,1,standard,1.0,0.6,0.05,5000,1.0,1.0,
8,43,1,standard,1.0,0.6,0.05,5000,1.0,1.0,
8,44,1,standard,1.0,0.6,0.05,5000,1.0,1.0,
8,45,1,standard,1.0,0.6,0.05,5000,1.0,1.0,
8,46,1,standard,1.0,0.6,0.05,5000,1.0,1.0,
8,47,1,standard,1.0,0.6,0.05,5000,1.0,1.0,
8,48,1,standard,1.0,0.6,0.05,5000,1.0,1.0,3
8,49,1,standard,1.0,0.6,0.05,5000,1.0,1.0,
8,50,1,standard,1.0,0.6,0.05,5000,1.0,1.0,
8,51,1,standard,1.0,0.6,0.05,5000,1.0,1.0,3
8,52,1,standard,1.0,0.6,0.05,5000,1.0,1.0,
8,53,1,standard,1.0,0.6,0.05,5000,1.0,1.0,3
8,54,1,standard,1.0,0.6,0.05,5000,1.0,1.0,
8,55,1,standard,1.0,0.6,0.05,5000,1.0,1.0,
8,56,1,standard,1.0,0.6,0.05,5000,1.0,1.0,
8,57,1,standard,1.0,0.6,0.05,5000,1.0,1.0,
8,58,1,standard,1.0,0.6,0.05,5000,1.0,1.0,
8,59,1,standard,1.0,0.6,0.05,5000,1.0,1.0,
8,60,1,standard,1.0,0.6,0.05,5000,1.0,1.0,3
8,61,1,standard,1.0,0.6,0.05,5000,1.0,1.0,3
8,62,1,standard,1.0,0.6,0.05,5000,1.0,1.0,
8,63,1,standard,1.0,0.6,0.05,5000,1.0,1.0,
8,64,1,standard,1.0,0.6,0.05,5000,1.0,1.0,4
8,65,1,standard,1.0,0.6,0.05,5000,1.0,1.0,
8,66,1,standard,1.0,0.6,0.05,5000,1.0,1.0,3
8,67,1,standard,1.0,0.6,0.05,5000,1.0,1.0,3
8,68,1,standard,1.0,0.6,0.05,5000,1.0,1.0,
8,69,1,standard,1.0,0.6,0.05,5000,1.0,1.0,
8,70,1,standard,1.0,0.6,0.05,5000,1.0,1.0,
8,71,1,standard,1.0,0.6,0.05,5000,1.0,1.0,
8,72,1,standard,1.0,0.6,0.05,5000,1.0,1.0,
8,73,1,standard,1.0,0.6,0.05,5000,1.0,1.0,3
8,74,1,standard,1.0,0.6,0.05,5000,1.0,1.0,3
8,75,1,standard,1.0,0.6,0.05,5000,1.0,1.0,3
8,76,1,standard,1.0,0.6,0.05,5000,1.0,1.0,
8,77,1,standard,1.0,0.6,0.05,5000,1.0,1.0,
8,78,1,standard,1.0,0.6,0.05,5000,1.0,1.0,
8,79,1,standard,1.0,0.6,0.05,5000,1.0,1.0,
8,80,1,standard,1.0,0.6,0.05,5000,1.0,1.0,
8,81,1,standard,1.0,0.6,0.05,5000,1.0,1.0,3
8,82,1,standard,1.0,0.6,0.05,5000,1.0,1.0,
8,83,1,standard,1.0,0.6,0.05,5000,1.0,1.0,
8,84,1,standard,1.0,0.6,0.05,5000,1.0,1.0,
8,85,1,standard,1.0,0.6,0.05,5000,1.0,1.0,
8,86,1,standard,1.0,0.6,0.05,5000,1.0,1.0,
8,87,1,standard,1.0,0.6,0.05,5000,1.0,1.0,3
8,88,1,standard,1.0,0.6,0.05,5000,1.0,1.0,
8,89,1,standard,1.0,0.6,0.05,5000,1.0,1.0,
8,90,1,standard,1.0,0.6,0.05,5000,1.0,1.0,
8,91,1,standard,1.0,0.6,0.05,5000,1.0,1.0,
8,92,1,standard,1.0,0.6,0.05,5000,1.0,1.0,
8,93,1,standard,1.0,0.6,0.05,5000,1.0,1.0,
8,94,1,standard,1.0,0.6,0.05,5000,1.0,1.0,
8,95,1,standard,1.0,0.6,0.05,5000,1.0,1.0,3
8,96,1,standard,1.0,0.6,0.05,5000,1.0,1.0,3
8,97,1,standard,1.0,0.6,0.05,5000,1.0,1.0,
8,98,1,standard,1.0,0.6,0.05,5000,1.0,1.0,
8,99,1,standard,1.0,0.6,0.05,5000,1.0,1.0,
8,100,1,standard,1.0,0.6,0.05,5000,1.0,1.0,
8,1,1,standard,1.0,0.7,0.05,5000,1.0,1.0,
8,2,1,standard,1.0,0.7,0.05,5000,1.0,1.0,
8,3,1,standard,1.0,0.7,0.05,5000,1.0,1.0,3
8,4,1,standard,1.0,0.7,0.05,5000,1.0,1.0,
8,5,1,standard,1.0,0.7,0.05,5000,1.0,1.0,
8,6,1,standard,1.0,0.7,0.05,5000,1.0,1.0,
8,7,1,standard,1.0,0.7,0.05,5000,1.0,1.0,
8,8,1,standard,1.0,0.7,0.05,5000,1.0,1.0,
8,9,1,standard,1.0,0.7,0.05,5000,1.0,1.0,3
8,10,1,standard,1.0,0.7,0.05,5000,1.0,1.0,
8,11,1,standard,1.0,0.7,0.05,5000,1.0,1.0,
8,12,1,standard,1.0,0.7,0.05,5000,1.0,1.0,
8,13,1,standard,1.0,0.7,0.05,5000,1.0,1.0,
8,14,1,standard,1.0,0.7,0.05,5000,1.0,1.0,
8,15,1,standard,1.0,0.7,0.05,5000,1.0,1.0,
8,16,1,standard,1.0,0.7,0.05,5000,1.0,1.0,
8,17,1,standard,1.0,0.7,0.05,5000,1.0,1.0,
8,18,1,standard,1.0,0.7,0.05,5000,1.0,1.0,
8,19,1,standard,1.0,0.7,0.05,5000,1.0,1.0,
8,20,1,standard,1.0,0.7,0.05,5000,1.0,1.0,
8,21,1,standard,1.0,0.7,0.05,5000,1.0,1.0,3
8,22,1,standard,1.0,0.7,0.05,5000,1.0,1.0,
8,23,1,standard,1.0,0.7,0.05,5000,1.0,1.0,
8,24,1,standard,1.0,0.7,0.05,5000,1.0,1.0,3
8,25,1,standard,1.0,0.7,0.05,5000,1.0,1.0,
8,26,1,standard,1.0,0.7,0.05,5000,1.0,1.0,
8,27,1,standard,1.0,0.7,0.05,5000,1.0,1.0,
8,28,1,standard,1.0,0.7,0.05,5000,1.0,1.0,
8,29,1,standard,1.0,0.7,0.05,5000,1.0,1.0,
8,30,1,standard,1.0,0.7,0.05,5000,1.0,1.0,
8,31,1,standard,1.0,0.7,0.05,5000,1.0,1.0,
8,32,1,standard,1.0,0.7,0.05,5000,1.0,1.0,
8,33,1,standard,1.0,0.7,0.05,5000,1.0,1.0,
8,34,1,standard,1.0,0.7,0.05,5000,1.0,1.0,
8,35,1,standard,1.0,0.7,0.05,5000,1.0,1.0,
8,36,1,standard,1.0,0.7,0.05,5000,1.0,1.0,3
8,37,1,standard,1.0,0.7,0.05,5000,1.0,1.0,
8,38,1,standard,1.0,0.7,0.05,5000,1.0,1.0,
8,39,1,standard,1.0,0.7,0.05,5000,1.0,1.0,
8,40,1,standard,1.0,0.7,0.05,5000,1.0,1.0,
8,41,1,standard,1.0,0.7,0.05,5000,1.0,1.0,
8,42,1,standard,1.0,0.7,0.05,5000,1.0,1.0,3
8,43,1,standard,1.0,0.7,0.05,5000,1.0,1.0,3
8,44,1,standard,1.0,0.7,0.05,5000,1.0,1.0,3
8,45,1,standard,1.0,0.7,0.05,5000,1.0,1.0,
8,46,1,standard,1.0,0.7,0.05,5000,1.0,1.0,
8,47,1,standard,1.0,0.7,0.05,5000,1.0,1.0,
8,48,1,standard,1.0,0.7,0.05,5000,1.0,1.0,
8,49,1,standard,1.0,0.7,0.05,5000,1.0,1.0,
8,50,1,standard,1.0,0.7,0.05,5000,1.0,1.0,3
8,51,1,standard,1.0,0.7,0.05,5000,1.0,1.0,
8,52,1,standard,1.0,0.7,0.05,5000,1.0,1.0,
8,53,1,standard,1.0,0.7,0.05,5000,1.0,1.0,
8,54,1,standard,1.0,0.7,0.05,5000,1.0,1.0,
8,55,1,standard,1.0,0.7,0.05,5000,1.0,1.0,
8,56,1,standard,1.0,0.7,0.05,5000,1.0,1.0,
8,57,1,standard,1.0,0.7,0.05,5000,1.0,1.0,
8,58,1,standard,1.0,0.7,0.05,5000,1.0,1.0,
8,59,1,standard,1.0,0.7,0.05,5000,1.0,1.0,
8,60,1,standard,1.0,0.7,0.05,5000,1.0,1.0,
8,61,1,standard,1.0,0.7,0.05,5000,1.0,1.0,
8,62,1,standard,1.0,0.7,0.05,5000,1.0,1.0,2
8,63,1,standard,1.0,0.7,0.05,5000,1.0,1.0,
8,64,1,standard,1.0,0.7,0.05,5000,1.0,1.0,
8,65,1,standard,1.0,0.7,0.05,5000,1.0,1.0,
8,66,1,standard,1.0,0.7,0.05,5000,1.0,1.0,
8,67,1,standard,1.0,0.7,0.05,5000,1.0,1.0,
8,68,1,standard,1.0,0.7,0.05,5000,1.0,1.0,
8,69,1,standard,1.0,0.7,0.05,5000,1.0,1.0,
8,70,1,standard,1.0,0.7,0.05,5000,1.0,1.0,
8,71,1,standard,1.0,0.7,0.05,5000,1.0,1.0,
8,72,1,standard,1.0,0.7,0.05,5000,1.0,1.0,3
8,73,1,standard,1.0,0.7,0.05,5000,1.0,1.0,
8,74,1,standard,1.0,0.7,0.05,5000,1.0,1.0,
8,75,1,standard,1.0,0.7,0.05,5000,1.0,1.0,
8,76,1,standard,1.0,0.7,0.05,5000,1.0,1.0,
8,77,1,standard,1.0,0.7,0.05,5000,1.0,1.0,
8,78,1,standard,1.0,0.7,0.05,5000,1.0,1.0,
8,79,1,standard,1.0,0.7,0.05,5000,1.0,1.0,
8,80,1,standard,1.0,0.7,0.05,5000,1.0,1.0,
8,81,1,standard,1.0,0.7,0.05,5000,1.0,1.0,
8,82,1,standard,1.0,0.7,0.05,5000,1.0,1.0,
8,83,1,standard,1.0,0.7,0.05,5000,1.0,1.0,
8,84,1,standard,1.0,0.7,0.05,5000,1.0,1.0,
8,85,1,standard,1.0,0.7,0.05,5000,1.0,1.0,
8,86,1,standard,1.0,0.7,0.05,5000,1.0,1.0,3
8,87,1,standard,1.0,0.7,0.05,5000,1.0,1.0,
8,88,1,standard,1.0,0.7,0.05,5000,1.0,1.0,
8,89,1,standard,1.0,0.7,0.05,5000,1.0,1.0,
8,90,1,standard,1.0,0.7,0.05,5000,1.0,1.0,
8,91,1,standard,1.0,0.7,0.05,5000,1.0,1.0,
8,92,1,standard,1.0,0.7,0.05,5000,1.0,1.0,
8,93,1,standard,1.0,0.7,0.05,5000,1.0,1.0,
8,94,1,standard,1.0,0.7,0.05,5000,1.0,1.0,3
8,95,1,standard,1.0,0.7,0.05,5000,1.0,1.0,
8,96,1,standard,1.0,0.7,0.05,5000,1.0,1.0,
8,97,1,standard,1.0,0.7,0.05,5000,1.0,1.0,
8,98,1,standard,1.0,0.7,0.05,5000,1.0,1.0,
8,99,1,standard,1.0,0.7,0.05,5000,1.0,1.0,
8,100,1,standard,1.0,0.7,0.05,5000,1.0,1.0,
8,1,1,standard,1.0,0.8,0.05,5000,1.0,1.0,
8,2,1,standard,1.0,0.8,0.05,5000,1.0,1.0,
8,3,1,standard,1.0,0.8,0.05,5000,1.0,1.0,
8,4,1,standard,1.0,0.8,0.05,5000,1.0,1.0,2
8,5,1,standard,1.0,0.8,0.05,5000,1.0,1.0,
8,6,1,standard,1.0,0.8,0.05,5000,1.0,1.0,
8,7,1,standard,1.0,0.8,0.05,5000,1.0,1.0,
8,8,1,standard,1.0,0.8,0.05,5000,1.0,1.0,
8,9,1,standard,1.0,0.8,0.05,5000,1.0,1.0,
8,10,1,standard,1.0,0.8,0.05,5000,1.0,1.0,
8,11,1,standard,1.0,0.8,0.05,5000,1.0,1.0,
8,12,1,standard,1.0,0.8,0.05,5000,1.0,1.0,
8,13,1,standard,1.0,0.8,0.05,5000,1.0,1.0,
8,14,1,standard,1.0,0.8,0.05,5000,1.0,1.0,
8,15,1,standard,1.0,0.8,0.05,5000,1.0,1.0,
8,16,1,standard,1.0,0.8,0.05,5000,1.0,1.0,
8,17,1,standard,1.0,0.8,0.05,5000,1.0,1.0,
8,18,1,standard,1.0,0.8,0.05,5000,1.0,1.0,
8,19,1,standard,1.0,0.8,0.05,5000,1.0,1.0,
8,20,1,standard,1.0,0.8,0.05,5000,1.0,1.0,
8,21,1,standard,1.0,0.8,0.05,5000,1.0,1.0,
8,22,1,standard,1.0,0.8,0.05,5000,1.0,1.0,
8,23,1,standard,1.0,0.8,0.05,5000,1.0,1.0,
8,24,1,standard,1.0,0.8,0.05,5000,1.0,1.0,
8,25,1,standard,1.0,0.8,0.05,5000,1.0,1.0,
8,26,1,standard,1.0,0.8,0.05,5000,1.0,1.0,
8,27,1,standard,1.0,0.8,0.05,5000,1.0,1.0,
8,28,1,standard,1.0,0.8,0.05,5000,1.0,1.0,
8,29,1,standard,1.0,0.8,0.05,5000,1.0,1.0,
8,30,1,standard,1.0,0.8,0.05,5000,1.0,1.0,
8,31,1,standard,1.0,0.8,0.05,5000,1.0,1.0,
8,32,1,standard,1.0,0.8,0.05,5000,1.0,1.0,
8,33,1,standard,1.0,0.8,0.05,5000,1.0,1.0,
8,34,1,standard,1.0,0.8,0.05,5000,1.0,1.0,
8,35,1,standard,1.0,0.8,0.05,5000,1.0,1.0,
8,36,1,standard,1.0,0.8,0.05,5000,1.0,1.0,
8,37,1,standard,1.0,0.8,0.05,5000,1.0,1.0,
8,38,1,standard,1.0,0.8,0.05,5000,1.0,1.0,
8,39,1,standard,1.0,0.8,0.05,5000,1.0,1.0,2
8,40,1,standard,1.0,0.8,0.05,5000,1.0,1.0,
8,41,1,standard,1.0,0.8,0.05,5000,1.0,1.0,
8,42,1,standard,1.0,0.8,0.05,5000,1.0,1.0,
8,43,1,standard,1.0,0.8,0.05,5000,1.0,1.0,
8,44,1,standard,1.0,0.8,0.05,5000,1.0,1.0,
8,45,1,standard,1.0,0.8,0.05,5000,1.0,1.0,
8,46,1,standard,1.0,0.8,0.05,5000,1.0,1.0,
8,47,1,standard,1.0,0.8,0.05,5000,1.0,1.0,
8,48,1,standard,1.0,0.8,0.05,5000,1.0,1.0,
8,49,1,standard,1.0,0.8,0.05,5000,1.0,1.0,
8,50,1,standard,1.0,0.8,0.05,5000,1.0,1.0,
8,51,1,standard,1.0,0.8,0.05,5000,1.0,1.0,
8,52,1,standard,1.0,0.8,0.05,5000,1.0,1.0,
8,53,1,standard,1.0,0.8,0.05,5000,1.0,1.0,
8,54,1,standard,1.0,0.8,0.05,5000,1.0,1.0,
8,55,1,standard,1.0,0.8,0.05,5000,1.0,1.0,
8,56,1,standard,1.0,0.8,0.05,5000,1.0,1.0,
8,57,1,standard,1.0,0.8,0.05,5000,1.0,1.0,
8,58,1,standard,1.0,0.8,0.05,5000,1.0,1.0,
8,59,1,standard,1.0,0.8,0.05,5000,1.0,1.0,
8,60,1,standard,1.0,0.8,0.05,5000,1.0,1.0,
8,61,1,standard,1.0,0.8,0.05,5000,1.0,1.0,
8,62,1,standard,1.0,0.8,0.05,5000,1.0,1.0,
8,63,1,standard,1.0,0.8,0.05,5000,1.0,1.0,
8,64,1,standard,1.0,0.8,0.05,5000,1.0,1.0,
8,65,1,standard,1.0,0.8,0.05,5000,1.0,1.0,
8,66,1,standard,1.0,0.8,0.05,5000,1.0,1.0,
8,67,1,standard,1.0,0.8,0.05,5000,1.0,1.0,
8,68,1,standard,1.0,0.8,0.05,5000,1.0,1.0,
8,69,1,standard,1.0,0.8,0.05,5000,1.0,1.0,
8,70,1,standard,1.0,0.8,0.05,5000,1.0,1.0,
8,71,1,standard,1.0,0.8,0.05,5000,1.0,1.0,
8,72,1,standard,1.0,0.8,0.05,5000,1.0,1.0,
8,73,1,standard,1.0,0.8,0.05,5000,1.0,1.0,
8,74,1,standard,1.0,0.8,0.05,5000,1.0,1.0,
8,75,1,standard,1.0,0.8,0.05,5000,1.0,1.0,
8,76,1,standard,1.0,0.8,0.05,5000,1.0,1.0,
8,77,1,standard,1.0,0.8,0.05,5000,1.0,1.0,2
8,78,1,standard,1.0,0.8,0.05,5000,1.0,1.0,
8,79,1,standard,1.0,0.8,0.05,5000,1.0,1.0,
8,80,1,standard,1.0,0.8,0.05,5000,1.0,1.0,
8,81,1,standard,1.0,0.8,0.05,5000,1.0,1.0,
8,82,1,standard,1.0,0.8,0.05,5000,1.0,1.0,
8,83,1,standard,1.0,0.8,0.05,5000,1.0,1.0,
8,84,1,standard,1.0,0.8,0.05,5000,1.0,1.0,
8,85,1,standard,1.0,0.8,0.05,5000,1.0,1.0,
8,86,1,standard,1.0,0.8,0.05,5000,1.0,1.0,
8,87,1,standard,1.0,0.8,0.05,5000,1.0,1.0,
8,88,1,standard,1.0,0.8,0.05,5000,1.0,1.0,
8,89,1,standard,1.0,0.8,0.05,5000,1.0,1.0,
8,90,1,standard,1.0,0.8,0.05,5000,1.0,1.0,
8,91,1,standard,1.0,0.8,0.05,5000,1.0,1.0,3
8,92,1,standard,1.0,0.8,0.05,5000,1.0,1.0,
8,93,1,standard,1.0,0.8,0.05,5000,1.0,1.0,
8,94,1,standard,1.0,0.8,0.05,5000,1.0,1.0,
8,95,1,standard,1.0,0.8,0.05,5000,1.0,1.0,
8,96,1,standard,1.0,0.8,0.05,5000,1.0,1.0,
8,97,1,standard,1.0,0.8,0.05,5000,1.0,1.0,2
8,98,1,standard,1.0,0.8,0.05,5000,1.0,1.0,
8,99,1,standard,1.0,0.8,0.05,5000,1.0,1.0,
8,100,1,standard,1.0,0.8,0.05,5000,1.0,1.0,
8,1,1,standard,1.0,0.9,0.05,5000,1.0,1.0,
8,2,1,standard,1.0,0.9,0.05,5000,1.0,1.0,
8,3,1,standard,1.0,0.9,0.05,5000,1.0,1.0,2
8,4,1,standard,1.0,0.9,0.05,5000,1.0,1.0,
8,5,1,standard,1.0,0.9,0.05,5000,1.0,1.0,
8,6,1,standard,1.0,0.9,0.05,5000,1.0,1.0,
8,7,1,standard,1.0,0.9,0.05,5000,1.0,1.0,
8,8,1,standard,1.0,0.9,0.05,5000,1.0,1.0,
8,9,1,standard,1.0,0.9,0.05,5000,1.0,1.0,
8,10,1,standard,1.0,0.9,0.05,5000,1.0,1.0,
8,11,1,standard,1.0,0.9,0.05,5000,1.0,1.0,
8,12,1,standard,1.0,0.9,0.05,5000,1.0,1.0,
8,13,1,standard,1.0,0.9,0.05,5000,1.0,1.0,
8,14,1,standard,1.0,0.9,0.05,5000,1.0,1.0,
8,15,1,standard,1.0,0.9,0.05,5000,1.0,1.0,
8,16,1,standard,1.0,0.9,0.05,5000,1.0,1.0,2
8,17,1,standard,1.0,0.9,0.05,5000,1.0,1.0,
8,18,1,standard,1.0,0.9,0.05,5000,1.0,1.0,
8,19,1,standard,1.0,0.9,0.05,5000,1.0,1.0,
8,20,1,standard,1.0,0.9,0.05,5000,1.0,1.0,2
8,21,1,standard,1.0,0.9,0.05,5000,1.0,1.0,2
8,22,1,standard,1.0,0.9,0.05,5000,1.0,1.0,2
8,23,1,standard,1.0,0.9,0.05,5000,1.0,1.0,
8,24,1,standard,1.0,0.9,0.05,5000,1.0,1.0,2
8,25,1,standard,1.0,0.9,0.05,5000,1.0,1.0,
8,26,1,standard,1.0,0.9,0.05,5000,1.0,1.0,
8,27,1,standard,1.0,0.9,0.05,5000,1.0,1.0,
8,28,1,standard,1.0,0.9,0.05,5000,1.0,1.0,
8,29,1,standard,1.0,0.9,0.05,5000,1.0,1.0,
8,30,1,standard,1.0,0.9,0.05,5000,1.0,1.0,
8,31,1,standard,1.0,0.9,0.05,5000,1.0,1.0,
8,32,1,standard,1.0,0.9,0.05,5000,1.0,1.0,2
8,33,1,standard,1.0,0.9,0.05,5000,1.0,1.0,
8,34,1,standard,1.0,0.9,0.05,5000,1.0,1.0,
8,35,1,standard,1.0,0.9,0.05,5000,1.0,1.0,
8,36,1,standard,1.0,0.9,0.05,5000,1.0,1.0,2
8,37,1,standard,1.0,0.9,0.05,5000,1.0,1.0,
8,38,1,standard,1.0,0.9,0.05,5000,1.0,1.0,
8,39,1,standard,1.0,0.9,0.05,5000,1.0,1.0,
8,40,1,standard,1.0,0.9,0.05,5000,1.0,1.0,
8,41,1,standard,1.0,0.9,0.05,5000,1.0,1.0,
8,42,1,standard,1.0,0.9,0.05,5000,1.0,1.0,2
8,43,1,standard,1.0,0.9,0.05,5000,1.0,1.0,
8,44,1,standard,1.0,0.9,0.05,5000,1.0,1.0,2
8,45,1,standard,1.0,0.9,0.05,5000,1.0,1.0,2
8,46,1,standard,1.0,0.9,0.05,5000,1.0,1.0,
8,47,1,standard,1.0,0.9,0.05,5000,1.0,1.0,
8,48,1,standard,1.0,0.9,0.05,5000,1.0,1.0,
8,49,1,standard,1.0,0.9,0.05,5000,1.0,1.0,
8,50,1,standard,1.0,0.9,0.05,5000,1.0,1.0,2
8,51,1,standard,1.0,0.9,0.05,5000,1.0,1.0,
8,52,1,standard,1.0,0.9,0.05,5000,1.0,1.0,
8,53,1,standard,1.0,0.9,0.05,5000,1.0,1.0,
8,54,1,standard,1.0,0.9,0.05,5000,1.0,1.0,
8,55,1,standard,1.0,0.9,0.05,5000,1.0,1.0,
8,56,1,standard,1.0,0.9,0.05,5000,1.0,1.0,
8,57,1,standard,1.0,0.9,0.05,5000,1.0,1.0,
8,58,1,standard,1.0,0.9,0.05,5000,1.0,1.0,
8,59,1,standard,1.0,0.9,0.05,5000,1.0,1.0,
8,60,1,standard,1.0,0.9,0.05,5000,1.0,1.0,
8,61,1,standard,1.0,0.9,0.05,5000,1.0,1.0,
8,62,1,standard,1.0,0.9,0.05,5000,1.0,1.0,
8,63,1,standard,1.0,0.9,0.05,5000,1.0,1.0,
8,64,1,standard,1.0,0.9,0.05,5000,1.0,1.0,
8,65,1,standard,1.0,0.9,0.05,5000,1.0,1.0,
8,66,1,standard,1.0,0.9,0.05,5000,1.0,1.0,
8,67,1,standard,1.0,0.9,0.05,5000,1.0,1.0,
8,68,1,standard,1.0,0.9,0.05,5000,1.0,1.0,
8,69,1,standard,1.0,0.9,0.05,5000,1.0,1.0,
8,70,1,standard,1.0,0.9,0.05,5000,1.0,1.0,2
8,71,1,standard,1.0,0.9,0.05,5000,1.0,1.0,
8,72,1,standard,1.0,0.9,0.05,5000,1.0,1.0,2
8,73,1,standard,1.0,0.9,0.05,5000,1.0,1.0,
8,74,1,standard,1.0,0.9,0.05,5000,1.0,1.0,
8,75,1,standard,1.0,0.9,0.05,5000,1.0,1.0,
8,76,1,standard,1.0,0.9,0.05,5000,1.0,1.0,
8,77,1,standard,1.0,0.9,0.05,5000,1.0,1.0,
8,78,1,standard,1.0,0.9,0.05,5000,1.0,1.0,
8,79,1,standard,1.0,0.9,0.05,5000,1.0,1.0,
8,80,1,standard,1.0,0.9,0.05,5000,1.0,1.0,
8,81,1,standard,1.0,0.9,0.05,5000,1.0,1.0,
8,82,1,standard,1.0,0.9,0.05,5000,1.0,1.0,
8,83,1,standard,1.0,0.9,0.05,5000,1.0,1.0,
8,84,1,standard,1.0,0.9,0.05,5000,1.0,1.0,
8,85,1,standard,1.0,0.9,0.05,5000,1.0,1.0,2
8,86,1,standard,1.0,0.9,0.05,5000,1.0,1.0,
8,87,1,standard,1.0,0.9,0.05,5000,1.0,1.0,
8,88,1,standard,1.0,0.9,0.05,5000,1.0,1.0,
8,89,1,standard,1.0,0.9,0.05,5000,1.0,1.0,
8,90,1,standard,1.0,0.9,0.05,5000,1.0,1.0,2
8,91,1,standard,1.0,0.9,0.05,5000,1.0,1.0,
8,92,1,standard,1.0,0.9,0.05,5000,1.0,1.0,
8,93,1,standard,1.0,0.9,0.05,5000,1.0,1.0,2
8,94,1,standard,1.0,0.9,0.05,5000,1.0,1.0,2
8,95,1,standard,1.0,0.9,0.05,5000,1.0,1.0,
8,96,1,standard,1.0,0.9,0.05,5000,1.0,1.0,
8,97,1,standard,1.0,0.9,0.05,5000,1.0,1.0,
8,98,1,standard,1.0,0.9,0.05,5000,1.0,1.0,2
8,99,1,standard,1.0,0.9,0.05,5000,1.0,1.0,
8,100,1,standard,1.0,0.9,0.05,5000,1.0,1.0,
8,1,1,standard,1.0,1.0,0.05,5000,1.0,1.0,
8,2,1,standard,1.0,1.0,0.05,5000,1.0,1.0,
8,3,1,standard,1.0,1.0,0.05,5000,1.0,1.0,
8,4,1,standard,1.0,1.0,0.05,5000,1.0,1.0,
8,5,1,standard,1.0,1.0,0.05,5000,1.0,1.0,
8,6,1,standard,1.0,1.0,0.05,5000,1.0,1.0,
8,7,1,standard,1.0,1.0,0.05,5000,1.0,1.0,
8,8,1,standard,1.0,1.0,0.05,5000,1.0,1.0,
8,9,1,standard,1.0,1.0,0.05,5000,1.0,1.0,
8,10,1,standard,1.0,1.0,0.05,5000,1.0,1.0,
8,11,1,standard,1.0,1.0,0.05,5000,1.0,1.0,
8,12,1,standard,1.0,1.0,0.05,5000,1.0,1.0,
8,13,1,standard,1.0,1.0,0.05,5000,1.0,1.0,
8,14,1,standard,1.0,1.0,0.05,5000,1.0,1.0,
8,15,1,standard,1.0,1.0,0.05,5000,1.0,1.0,
8,16,1,standard,1.0,1.0,0.05,5000,1.0,1.0,
8,17,1,standard,1.0,1.0,0.05,5000,1.0,1.0,
8,18,1,standard,1.0,1.0,0.05,5000,1.0,1.0,
8,19,1,standard,1.0,1.0,0.05,5000,1.0,1.0,
8,20,1,standard,1.0,1.0,0.05,5000,1.0,1.0,
8,21,1,standard,1.0,1.0,0.05,5000,1.0,1.0,
8,22,1,standard,1.0,1.0,0.05,5000,1.0,1.0,
8,23,1,standard,1.0,1.0,0.05,5000,1.0,1.0,
8,24,1,standard,1.0,1.0,0.05,5000,1.0,1.0,
8,25,1,standard,1.0,1.0,0.05,5000,1.0,1.0,
8,26,1,standard,1.0,1.0,0.05,5000,1.0,1.0,
8,27,1,standard,1.0,1.0,0.05,5000,1.0,1.0,
8,28,1,standard,1.0,1.0,0.05,5000,1.0,1.0,
8,29,1,standard,1.0,1.0,0.05,5000,1.0,1.0,
8,30,1,standard,1.0,1.0,0.05,5000,1.0,1.0,
8,31,1,standard,1.0,1.0,0.05,5000,1.0,1.0,
8,32,1,standard,1.0,1.0,0.05,5000,1.0,1.0,
8,33,1,standard,1.0,1.0,0.05,5000,1.0,1.0,
8,34,1,standard,1.0,1.0,0.05,5000,1.0,1.0,
8,35,1,standard,1.0,1.0,0.05,5000,1.0,1.0,
8,36,1,standard,1.0,1.0,0.05,5000,1.0,1.0,
8,37,1,standard,1.0,1.0,0.05,5000,1.0,1.0,
8,38,1,standard,1.0,1.0,0.05,5000,1.0,1.0,
8,39,1,standard,1.0,1.0,0.05,5000,1.0,1.0,
8,40,1,standard,1.0,1.0,0.05,5000,1.0,1.0,
8,41,1,standard,1.0,1.0,0.05,5000,1.0,1.0,
8,42,1,standard,1.0,1.0,0.05,5000,1.0,1.0,
8,43,1,standard,1.0,1.0,0.05,5000,1.0,1.0,
8,44,1,standard,1.0,1.0,0.05,5000,1.0,1.0,
8,45,1,standard,1.0,1.0,0.05,5000,1.0,1.0,
8,46,1,standard,1.0,1.0,0.05,5000,1.0,1.0,
8,47,1,standard,1.0,1.0,0.05,5000,1.0,1.0,
8,48,1,standard,1.0,1.0,0.05,5000,1.0,1.0,
8,49,1,standard,1.0,1.0,0.05,5000,1.0,1.0,
8,50,1,standard,1.0,1.0,0.05,5000,1.0,1.0,
8,51,1,standard,1.0,1.0,0.05,5000,1.0,1.0,
8,52,1,standard,1.0,1.0,0.05,5000,1.0,1.0,
8,53,1,standard,1.0,1.0,0.05,5000,1.0,1.0,
8,54,1,standard,1.0,1.0,0.05,5000,1.0,1.0,
8,55,1,standard,1.0,1.0,0.05,5000,1.0,1.0,
8,56,1,standard,1.0,1.0,0.05,5000,1.0,1.0,
8,57,1,standard,1.0,1.0,0.05,5000,1.0,1.0,
8,58,1,standard,1.0,1.0,0.05,5000,1.0,1.0,
8,59,1,standard,1.0,1.0,0.05,5000,1.0,1.0,
8,60,1,standard,1.0,1.0,0.05,5000,1.0,1.0,
8,61,1,standard,1.0,1.0,0.05,5000,1.0,1.0,
8,62,1,standard,1.0,1.0,0.05,5000,1.0,1.0,
8,63,1,standard,1.0,1.0,0.05,5000,1.0,1.0,
8,64,1,standard,1.0,1.0,0.05,5000,1.0,1.0,
8,65,1,standard,1.0,1.0,0.05,5000,1.0,1.0,
8,66,1,standard,1.0,1.0,0.05,5000,1.0,1.0,
8,67,1,standard,1.0,1.0,0.05,5000,1.0,1.0,
8,68,1,standard,1.0,1.0,0.05,5000,1.0,1.0,
8,69,1,standard,1.0,1.0,0.05,5000,1.0,1.0,
8,70,1,standard,1.0,1.0,0.05,5000,1.0,1.0,
8,71,1,standard,1.0,1.0,0.05,5000,1.0,1.0,
8,72,1,standard,1.0,1.0,0.05,5000,1.0,1.0,
8,73,1,standard,1.0,1.0,0.05,5000,1.0,1.0,
8,74,1,standard,1.0,1.0,0.05,5000,1.0,1.0,
8,75,1,standard,1.0,1.0,0.05,5000,1.0,1.0,
8,76,1,standard,1.0,1.0,0.05,5000,1.0,1.0,
8,77,1,standard,1.0,1.0,0.05,5000,1.0,1.0,
8,78,1,standard,1.0,1.0,0.05,5000,1.0,1.0,
8,79,1,standard,1.0,1.0,0.05,5000,1.0,1.0,
8,80,1,standard,1.0,1.0,0.05,5000,1.0,1.0,
8,81,1,standard,1.0,1.0,0.05,5000,1.0,1.0,
8,82,1,standard,1.0,1.0,0.05,5000,1.0,1.0,
8,83,1,standard,1.0,1.0,0.05,5000,1.0,1.0,
8,84,1,standard,1.0,1.0,0.05,5000,1.0,1.0,
8,85,1,standard,1.0,1.0,0.05,5000,1.0,1.0,
8,86,1,standard,1.0,1.0,0.05,5000,1.0,1.0,
8,87,1,standard,1.0,1.0,0.05,5000,1.0,1.0,
8,88,1,standard,1.0,1.0,0.05,5000,1.0,1.0,
8,89,1,standard,1.0,1.0,0.05,5000,1.0,1.0,
8,90,1,standard,1.0,1.0,0.05,5000,1.0,1.0,
8,91,1,standard,1.0,1.0,0.05,5000,1.0,1.0,
8,92,1,standard,1.0,1.0,0.05,5000,1.0,1.0,
8,93,1,standard,1.0,1.0,0.05,5000,1.0,1.0,
8,94,1,standard,1.0,1.0,0.05,5000,1.0,1.0,
8,95,1,standard,1.0,1.0,0.05,5000,1.0,1.0,
8,96,1,standard,1.0,1.0,0.05,5000,1.0,1.0,
8,97,1,standard,1.0,1.0,0.05,5000,1.0,1.0,
8,98,1,standard,1.0,1.0,0.05,5000,1.0,1.0,
8,99,1,standard,1.0,1.0,0.05,5000,1.0,1.0,
8,100,1,standard,1.0,1.0,0.05,5000,1.0,1.0,
