n,effort_row,rep,estimator,p,α,χ,h,a,r,t
2,1,1,standard,0.1,1.0,0.05,5000,1.0,1.0,1
2,2,1,standard,0.1,1.0,0.05,5000,1.0,1.0,16
2,3,1,standard,0.1,1.0,0.05,5000,1.0,1.0,26
2,4,1,standard,0.1,1.0,0.05,5000,1.0,1.0,12
2,5,1,standard,0.1,1.0,0.05,5000,1.0,1.0,34
2,6,1,standard,0.1,1.0,0.05,5000,1.0,1.0,21
2,7,1,standard,0.1,1.0,0.05,5000,1.0,1.0,1
2,8,1,standard,0.1,1.0,0.05,5000,1.0,1.0,13
2,9,1,standard,0.1,1.0,0.05,5000,1.0,1.0,34
2,10,1,standard,0.1,1.0,0.05,5000,1.0,1.0,47
2,11,1,standard,0.1,1.0,0.05,5000,1.0,1.0,38
2,12,1,standard,0.1,1.0,0.05,5000,1.0,1.0,8
2,13,1,standard,0.1,1.0,0.05,5000,1.0,1.0,19
2,14,1,standard,0.1,1.0,0.05,5000,1.0,1.0,25
2,15,1,standard,0.1,1.0,0.05,5000,1.0,1.0,19
2,16,1,standard,0.1,1.0,0.05,5000,1.0,1.0,25
2,17,1,standard,0.1,1.0,0.05,5000,1.0,1.0,36
2,18,1,standard,0.1,1.0,0.05,5000,1.0,1.0,48
2,19,1,standard,0.1,1.0,0.05,5000,1.0,1.0,14
2,20,1,standard,0.1,1.0,0.05,5000,1.0,1.0,41
2,21,1,standard,0.1,1.0,0.05,5000,1.0,1.0,24
2,22,1,standard,0.1,1.0,0.05,5000,1.0,1.0,68
2,23,1,standard,0.1,1.0,0.05,5000,1.0,1.0,36
2,24,1,standard,0.1,1.0,0.05,5000,1.0,1.0,28
2,25,1,standard,0.1,1.0,0.05,5000,1.0,1.0,22
2,26,1,standard,0.1,1.0,0.05,5000,1.0,1.0,18
2,27,1,standard,0.1,1.0,0.05,5000,1.0,1.0,28
2,28,1,standard,0.1,1.0,0.05,5000,1.0,1.0,16
2,29,1,standard,0.1,1.0,0.05,5000,1.0,1.0,8
2,30,1,standard,0.1,1.0,0.05,5000,1.0,1.0,30
2,31,1,standard,0.1,1.0,0.05,5000,1.0,1.0,29
2,32,1,standard,0.1,1.0,0.05,5000,1.0,1.0,32
2,33,1,standard,0.1,1.0,0.05,5000,1.0,1.0,12
2,34,1,standard,0.1,1.0,0.05,5000,1.0,1.0,42
2,35,1,standard,0.1,1.0,0.05,5000,1.0,1.0,12
2,36,1,standard,0.1,1.0,0.05,5000,1.0,1.0,20
2,37,1,standard,0.1,1.0,0.05,5000,1.0,1.0,26
2,38,1,standard,0.1,1.0,0.05,5000,1.0,1.0,10
2,39,1,standard,0.1,1.0,0.05,5000,1.0,1.0,7
2,40,1,standard,0.1,1.0,0.05,5000,1.0,1.0,16
2,41,1,standard,0.1,1.0,0.05,5000,1.0,1.0,3
2,42,1,standard,0.1,1.0,0.05,5000,1.0,1.0,16
2,43,1,standard,0.1,1.0,0.05,5000,1.0,1.0,40
2,44,1,standard,0.1,1.0,0.05,5000,1.0,1.0,23
2,45,1,standard,0.1,1.0,0.05,5000,1.0,1.0,24
2,46,1,standard,0.1,1.0,0.05,5000,1.0,1.0,4
2,47,1,standard,0.1,1.0,0.05,5000,1.0,1.0,23
2,48,1,standard,0.1,1.0,0.05,5000,1.0,1.0,10
2,49,1,standard,0.1,1.0,0.05,5000,1.0,1.0,3
2,50,1,standard,0.1,1.0,0.05,5000,1.0,1.0,58
2,51,1,standard,0.1,1.0,0.05,5000,1.0,1.0,8
2,52,1,standard,0.1,1.0,0.05,5000,1.0,1.0,23
2,53,1,standard,0.1,1.0,0.05,5000,1.0,1.0,35
2,54,1,standard,0.1,1.0,0.05,5000,1.0,1.0,45
2,55,1,standard,0.1,1.0,0.05,5000,1.0,1.0,10
2,56,1,standard,0.1,1.0,0.05,5000,1.0,1.0,8
2,57,1,standard,0.1,1.0,0.05,5000,1.0,1.0,3
2,58,1,standard,0.1,1.0,0.05,5000,1.0,1.0,31
2,59,1,standard,0.1,1.0,0.05,5000,1.0,1.0,7
2,60,1,standard,0.1,1.0,0.05,5000,1.0,1.0,31
2,61,1,standard,0.1,1.0,0.05,5000,1.0,1.0,13
2,62,1,standard,0.1,1.0,0.05,5000,1.0,1.0,36
2,63,1,standard,0.1,1.0,0.05,5000,1.0,1.0,45
2,64,1,standard,0.1,1.0,0.05,5000,1.0,1.0,9
2,65,1,standard,0.1,1.0,0.05,5000,1.0,1.0,20
2,66,1,standard,0.1,1.0,0.05,5000,1.0,1.0,21
2,67,1,standard,0.1,1.0,0.05,5000,1.0,1.0,67
2,68,1,standard,0.1,1.0,0.05,5000,1.0,1.0,22
2,69,1,standard,0.1,1.0,0.05,5000,1.0,1.0,24
2,70,1,standard,0.1,1.0,0.05,5000,1.0,1.0,7
2,71,1,standard,0.1,1.0,0.05,5000,1.0,1.0,20
2,72,1,standard,0.1,1.0,0.05,5000,1.0,1.0,49
2,73,1,standard,0.1,1.0,0.05,5000,1.0,1.0,1
2,74,1,standard,0.1,1.0,0.05,5000,1.0,1.0,17
2,75,1,standard,0.1,1.0,0.05,5000,1.0,1.0,26
2,76,1,standard,0.1,1.0,0.05,5000,1.0,1.0,45
2,77,1,standard,0.1,1.0,0.05,5000,1.0,1.0,5
2,78,1,standard,0.1,1.0,0.05,5000,1.0,1.0,9
2,79,1,standard,0.1,1.0,0.05,5000,1.0,1.0,7
2,80,1,standard,0.1,1.0,0.05,5000,1.0,1.0,42
2,81,1,standard,0.1,1.0,0.05,5000,1.0,1.0,10
2,82,1,standard,0.1,1.0,0.05,5000,1.0,1.0,69
2,83,1,standard,0.1,1.0,0.05,5000,1.0,1.0,7
2,84,1,standard,0.1,1.0,0.05,5000,1.0,1.0,57
2,85,1,standard,0.1,1.0,0.05,5000,1.0,1.0,32
2,86,1,standard,0.1,1.0,0.05,5000,1.0,1.0,90
2,87,1,standard,0.1,1.0,0.05,5000,1.0,1.0,69
2,88,1,standard,0.1,1.0,0.05,5000,1.0,1.0,24
2,89,1,standard,0.1,1.0,0.05,5000,1.0,1.0,9
2,90,1,standard,0.1,1.0,0.05,5000,1.0,1.0,7
2,91,1,standard,0.1,1.0,0.05,5000,1.0,1.0,68
2,92,1,standard,0.1,1.0,0.05,5000,1.0,1.0,1
2,93,1,standard,0.1,1.0,0.05,5000,1.0,1.0,23
2,94,1,standard,0.1,1.0,0.05,5000,1.0,1.0,9
2,95,1,standard,0.1,1.0,0.05,5000,1.0,1.0,5
2,96,1,standard,0.1,1.0,0.05,5000,1.0,1.0,17
2,97,1,standard,0.1,1.0,0.05,5000,1.0,1.0,9
2,98,1,standard,0.1,1.0,0.05,5000,1.0,1.0,58
2,99,1,standard,0.1,1.0,0.05,5000,1.0,1.0,30
2,100,1,standard,0.1,1.0,0.05,5000,1.0,1.0,26
2,1,1,standard,0.2,1.0,0.05,5000,1.0,1.0,1
2,2,1,standard,0.2,1.0,0.05,5000,1.0,1.0,4
2,3,1,standard,0.2,1.0,0.05,5000,1.0,1.0,5
2,4,1,standard,0.2,1.0,0.05,5000,1.0,1.0,21
2,5,1,standard,0.2,1.0,0.05,5000,1.0,1.0,10
2,6,1,standard,0.2,1.0,0.05,5000,1.0,1.0,9
2,7,1,standard,0.2,1.0,0.05,5000,1.0,1.0,1
2,8,1,standard,0.2,1.0,0.05,5000,1.0,1.0,2
2,9,1,standard,0.2,1.0,0.05,5000,1.0,1.0,12
2,10,1,standard,0.2,1.0,0.05,5000,1.0,1.0,19
2,11,1,standard,0.2,1.0,0.05,5000,1.0,1.0,13
2,12,1,standard,0.2,1.0,0.05,5000,1.0,1.0,5
2,13,1,standard,0.2,1.0,0.05,5000,1.0,1.0,3
2,14,1,standard,0.2,1.0,0.05,5000,1.0,1.0,6
2,15,1,standard,0.2,1.0,0.05,5000,1.0,1.0,7
2,16,1,standard,0.2,1.0,0.05,5000,1.0,1.0,11
2,17,1,standard,0.2,1.0,0.05,5000,1.0,1.0,26
2,18,1,standard,0.2,1.0,0.05,5000,1.0,1.0,10
2,19,1,standard,0.2,1.0,0.05,5000,1.0,1.0,14
2,20,1,standard,0.2,1.0,0.05,5000,1.0,1.0,25
2,21,1,standard,0.2,1.0,0.05,5000,1.0,1.0,15
2,22,1,standard,0.2,1.0,0.05,5000,1.0,1.0,13
2,23,1,standard,0.2,1.0,0.05,5000,1.0,1.0,8
2,24,1,standard,0.2,1.0,0.05,5000,1.0,1.0,11
2,25,1,standard,0.2,1.0,0.05,5000,1.0,1.0,7
2,26,1,standard,0.2,1.0,0.05,5000,1.0,1.0,6
2,27,1,standard,0.2,1.0,0.05,5000,1.0,1.0,26
2,28,1,standard,0.2,1.0,0.05,5000,1.0,1.0,2
2,29,1,standard,0.2,1.0,0.05,5000,1.0,1.0,4
2,30,1,standard,0.2,1.0,0.05,5000,1.0,1.0,8
2,31,1,standard,0.2,1.0,0.05,5000,1.0,1.0,14
2,32,1,standard,0.2,1.0,0.05,5000,1.0,1.0,12
2,33,1,standard,0.2,1.0,0.05,5000,1.0,1.0,16
2,34,1,standard,0.2,1.0,0.05,5000,1.0,1.0,21
2,35,1,standard,0.2,1.0,0.05,5000,1.0,1.0,18
2,36,1,standard,0.2,1.0,0.05,5000,1.0,1.0,16
2,37,1,standard,0.2,1.0,0.05,5000,1.0,1.0,11
2,38,1,standard,0.2,1.0,0.05,5000,1.0,1.0,7
2,39,1,standard,0.2,1.0,0.05,5000,1.0,1.0,15
2,40,1,standard,0.2,1.0,0.05,5000,1.0,1.0,11
2,41,1,standard,0.2,1.0,0.05,5000,1.0,1.0,8
2,42,1,standard,0.2,1.0,0.05,5000,1.0,1.0,4
2,43,1,standard,0.2,1.0,0.05,5000,1.0,1.0,16
2,44,1,standard,0.2,1.0,0.05,5000,1.0,1.0,12
2,45,1,standard,0.2,1.0,0.05,5000,1.0,1.0,5
2,46,1,standard,0.2,1.0,0.05,5000,1.0,1.0,2
2,47,1,standard,0.2,1.0,0.05,5000,1.0,1.0,9
2,48,1,standard,0.2,1.0,0.05,5000,1.0,1.0,7
2,49,1,standard,0.2,1.0,0.05,5000,1.0,1.0,42
2,50,1,standard,0.2,1.0,0.05,5000,1.0,1.0,4
2,51,1,standard,0.2,1.0,0.05,5000,1.0,1.0,2
2,52,1,standard,0.2,1.0,0.05,5000,1.0,1.0,9
2,53,1,standard,0.2,1.0,0.05,5000,1.0,1.0,16
2,54,1,standard,0.2,1.0,0.05,5000,1.0,1.0,10
2,55,1,standard,0.2,1.0,0.05,5000,1.0,1.0,15
2,56,1,standard,0.2,1.0,0.05,5000,1.0,1.0,5
2,57,1,standard,0.2,1.0,0.05,5000,1.0,1.0,7
2,58,1,standard,0.2,1.0,0.05,5000,1.0,1.0,27
2,59,1,standard,0.2,1.0,0.05,5000,1.0,1.0,11
2,60,1,standard,0.2,1.0,0.05,5000,1.0,1.0,15
2,61,1,standard,0.2,1.0,0.05,5000,1.0,1.0,17
2,62,1,standard,0.2,1.0,0.05,5000,1.0,1.0,14
2,63,1,standard,0.2,1.0,0.05,5000,1.0,1.0,6
2,64,1,standard,0.2,1.0,0.05,5000,1.0,1.0,4
2,65,1,standard,0.2,1.0,0.05,5000,1.0,1.0,14
2,66,1,standard,0.2,1.0,0.05,5000,1.0,1.0,20
2,67,1,standard,0.2,1.0,0.05,5000,1.0,1.0,10
2,68,1,standard,0.2,1.0,0.05,5000,1.0,1.0,12
2,69,1,standard,0.2,1.0,0.05,5000,1.0,1.0,10
2,70,1,standard,0.2,1.0,0.05,5000,1.0,1.0,6
2,71,1,standard,0.2,1.0,0.05,5000,1.0,1.0,5
2,72,1,standard,0.2,1.0,0.05,5000,1.0,1.0,37
2,73,1,standard,0.2,1.0,0.05,5000,1.0,1.0,1
2,74,1,standard,0.2,1.0,0.05,5000,1.0,1.0,3
2,75,1,standard,0.2,1.0,0.05,5000,1.0,1.0,3
2,76,1,standard,0.2,1.0,0.05,5000,1.0,1.0,9
2,77,1,standard,0.2,1.0,0.05,5000,1.0,1.0,4
2,78,1,standard,0.2,1.0,0.05,5000,1.0,1.0,5
2,79,1,standard,0.2,1.0,0.05,5000,1.0,1.0,7
2,80,1,standard,0.2,1.0,0.05,5000,1.0,1.0,6
2,81,1,standard,0.2,1.0,0.05,5000,1.0,1.0,4
2,82,1,standard,0.2,1.0,0.05,5000,1.0,1.0,10
2,83,1,standard,0.2,1.0,0.05,5000,1.0,1.0,5
2,84,1,standard,0.2,1.0,0.05,5000,1.0,1.0,5
2,85,1,standard,0.2,1.0,0.05,5000,1.0,1.0,13
2,86,1,standard,0.2,1.0,0.05,5000,1.0,1.0,20
2,87,1,standard,0.2,1.0,0.05,5000,1.0,1.0,6
2,88,1,standard,0.2,1.0,0.05,5000,1.0,1.0,3
2,89,1,standard,0.2,1.0,0.05,5000,1.0,1.0,7
2,90,1,standard,0.2,1.0,0.05,5000,1.0,1.0,16
2,91,1,standard,0.2,1.0,0.05,5000,1.0,1.0,7
2,92,1,standard,0.2,1.0,0.05,5000,1.0,1.0,1
2,93,1,standard,0.2,1.0,0.05,5000,1.0,1.0,20
2,94,1,standard,0.2,1.0,0.05,5000,1.0,1.0,18
2,95,1,standard,0.2,1.0,0.05,5000,1.0,1.0,3
2,96,1,standard,0.2,1.0,0.05,5000,1.0,1.0,11
2,97,1,standard,0.2,1.0,0.05,5000,1.0,1.0,7
2,98,1,standard,0.2,1.0,0.05,5000,1.0,1.0,12
2,99,1,standard,0.2,1.0,0.05,5000,1.0,1.0,21
2,100,1,standard,0.2,1.0,0.05,5000,1.0,1.0,5
2,1,1,standard,0.3,1.0,0.05,5000,1.0,1.0,1
2,2,1,standard,0.3,1.0,0.05,5000,1.0,1.0,9
2,3,1,standard,0.3,1.0,0.05,5000,1.0,1.0,4
2,4,1,standard,0.3,1.0,0.05,5000,1.0,1.0,6
2,5,1,standard,0.3,1.0,0.05,5000,1.0,1.0,9
2,6,1,standard,0.3,1.0,0.05,5000,1.0,1.0,11
2,7,1,standard,0.3,1.0,0.05,5000,1.0,1.0,1
2,8,1,standard,0.3,1.0,0.05,5000,1.0,1.0,2
2,9,1,standard,0.3,1.0,0.05,5000,1.0,1.0,19
2,10,1,standard,0.3,1.0,0.05,5000,1.0,1.0,5
2,11,1,standard,0.3,1.0,0.05,5000,1.0,1.0,4
2,12,1,standard,0.3,1.0,0.05,5000,1.0,1.0,5
2,13,1,standard,0.3,1.0,0.05,5000,1.0,1.0,4
2,14,1,standard,0.3,1.0,0.05,5000,1.0,1.0,20
2,15,1,standard,0.3,1.0,0.05,5000,1.0,1.0,9
2,16,1,standard,0.3,1.0,0.05,5000,1.0,1.0,19
2,17,1,standard,0.3,1.0,0.05,5000,1.0,1.0,13
2,18,1,standard,0.3,1.0,0.05,5000,1.0,1.0,17
2,19,1,standard,0.3,1.0,0.05,5000,1.0,1.0,7
2,20,1,standard,0.3,1.0,0.05,5000,1.0,1.0,9
2,21,1,standard,0.3,1.0,0.05,5000,1.0,1.0,13
2,22,1,standard,0.3,1.0,0.05,5000,1.0,1.0,11
2,23,1,standard,0.3,1.0,0.05,5000,1.0,1.0,8
2,24,1,standard,0.3,1.0,0.05,5000,1.0,1.0,4
2,25,1,standard,0.3,1.0,0.05,5000,1.0,1.0,7
2,26,1,standard,0.3,1.0,0.05,5000,1.0,1.0,5
2,27,1,standard,0.3,1.0,0.05,5000,1.0,1.0,10
2,28,1,standard,0.3,1.0,0.05,5000,1.0,1.0,4
2,29,1,standard,0.3,1.0,0.05,5000,1.0,1.0,4
2,30,1,standard,0.3,1.0,0.05,5000,1.0,1.0,6
2,31,1,standard,0.3,1.0,0.05,5000,1.0,1.0,9
2,32,1,standard,0.3,1.0,0.05,5000,1.0,1.0,8
2,33,1,standard,0.3,1.0,0.05,5000,1.0,1.0,4
2,34,1,standard,0.3,1.0,0.05,5000,1.0,1.0,11
2,35,1,standard,0.3,1.0,0.05,5000,1.0,1.0,7
2,36,1,standard,0.3,1.0,0.05,5000,1.0,1.0,3
2,37,1,standard,0.3,1.0,0.05,5000,1.0,1.0,7
2,38,1,standard,0.3,1.0,0.05,5000,1.0,1.0,16
2,39,1,standard,0.3,1.0,0.05,5000,1.0,1.0,16
2,40,1,standard,0.3,1.0,0.05,5000,1.0,1.0,4
2,41,1,standard,0.3,1.0,0.05,5000,1.0,1.0,5
2,42,1,standard,0.3,1.0,0.05,5000,1.0,1.0,6
2,43,1,standard,0.3,1.0,0.05,5000,1.0,1.0,7
2,44,1,standard,0.3,1.0,0.05,5000,1.0,1.0,13
2,45,1,standard,0.3,1.0,0.05,5000,1.0,1.0,11
2,46,1,standard,0.3,1.0,0.05,5000,1.0,1.0,2
2,47,1,standard,0.3,1.0,0.05,5000,1.0,1.0,17
2,48,1,standard,0.3,1.0,0.05,5000,1.0,1.0,2
2,49,1,standard,0.3,1.0,0.05,5000,1.0,1.0,19
2,50,1,standard,0.3,1.0,0.05,5000,1.0,1.0,2
2,51,1,standard,0.3,1.0,0.05,5000,1.0,1.0,5
2,52,1,standard,0.3,1.0,0.05,5000,1.0,1.0,4
2,53,1,standard,0.3,1.0,0.05,5000,1.0,1.0,13
2,54,1,standard,0.3,1.0,0.05,5000,1.0,1.0,12
2,55,1,standard,0.3,1.0,0.05,5000,1.0,1.0,5
2,56,1,standard,0.3,1.0,0.05,5000,1.0,1.0,2
2,57,1,standard,0.3,1.0,0.05,5000,1.0,1.0,8
2,58,1,standard,0.3,1.0,0.05,5000,1.0,1.0,10
2,59,1,standard,0.3,1.0,0.05,5000,1.0,1.0,11
2,60,1,standard,0.3,1.0,0.05,5000,1.0,1.0,7
2,61,1,standard,0.3,1.0,0.05,5000,1.0,1.0,8
2,62,1,standard,0.3,1.0,0.05,5000,1.0,1.0,14
2,63,1,standard,0.3,1.0,0.05,5000,1.0,1.0,22
2,64,1,standard,0.3,1.0,0.05,5000,1.0,1.0,5
2,65,1,standard,0.3,1.0,0.05,5000,1.0,1.0,2
2,66,1,standard,0.3,1.0,0.05,5000,1.0,1.0,6
2,67,1,standard,0.3,1.0,0.05,5000,1.0,1.0,13
2,68,1,standard,0.3,1.0,0.05,5000,1.0,1.0,12
2,69,1,standard,0.3,1.0,0.05,5000,1.0,1.0,11
2,70,1,standard,0.3,1.0,0.05,5000,1.0,1.0,6
2,71,1,standard,0.3,1.0,0.05,5000,1.0,1.0,2
2,72,1,standard,0.3,1.0,0.05,5000,1.0,1.0,5
2,73,1,standard,0.3,1.0,0.05,5000,1.0,1.0,1
2,74,1,standard,0.3,1.0,0.05,5000,1.0,1.0,2
2,75,1,standard,0.3,1.0,0.05,5000,1.0,1.0,12
2,76,1,standard,0.3,1.0,0.05,5000,1.0,1.0,8
2,77,1,standard,0.3,1.0,0.05,5000,1.0,1.0,2
2,78,1,standard,0.3,1.0,0.05,5000,1.0,1.0,3
2,79,1,standard,0.3,1.0,0.05,5000,1.0,1.0,13
2,80,1,standard,0.3,1.0,0.05,5000,1.0,1.0,7
2,81,1,standard,0.3,1.0,0.05,5000,1.0,1.0,8
2,82,1,standard,0.3,1.0,0.05,5000,1.0,1.0,5
2,83,1,standard,0.3,1.0,0.05,5000,1.0,1.0,8
2,84,1,standard,0.3,1.0,0.05,5000,1.0,1.0,9
2,85,1,standard,0.3,1.0,0.05,5000,1.0,1.0,4
2,86,1,standard,0.3,1.0,0.05,5000,1.0,1.0,8
2,87,1,standard,0.3,1.0,0.05,5000,1.0,1.0,9
2,88,1,standard,0.3,1.0,0.05,5000,1.0,1.0,6
2,89,1,standard,0.3,1.0,0.05,5000,1.0,1.0,5
2,90,1,standard,0.3,1.0,0.05,5000,1.0,1.0,3
2,91,1,standard,0.3,1.0,0.05,5000,1.0,1.0,11
2,92,1,standard,0.3,1.0,0.05,5000,1.0,1.0,1
2,93,1,standard,0.3,1.0,0.05,5000,1.0,1.0,8
2,94,1,standard,0.3,1.0,0.05,5000,1.0,1.0,6
2,95,1,standard,0.3,1.0,0.05,5000,1.0,1.0,2
2,96,1,standard,0.3,1.0,0.05,5000,1.0,1.0,5
2,97,1,standard,0.3,1.0,0.05,5000,1.0,1.0,4
2,98,1,standard,0.3,1.0,0.05,5000,1.0,1.0,10
2,99,1,standard,0.3,1.0,0.05,5000,1.0,1.0,8
2,100,1,standard,0.3,1.0,0.05,5000,1.0,1.0,3
2,1,1,standard,0.4,1.0,0.05,5000,1.0,1.0,1
2,2,1,standard,0.4,1.0,0.05,5000,1.0,1.0,7
2,3,1,standard,0.4,1.0,0.05,5000,1.0,1.0,9
2,4,1,standard,0.4,1.0,0.05,5000,1.0,1.0,4
2,5,1,standard,0.4,1.0,0.05,5000,1.0,1.0,7
2,6,1,standard,0.4,1.0,0.05,5000,1.0,1.0,3
2,7,1,standard,0.4,1.0,0.05,5000,1.0,1.0,1
2,8,1,standard,0.4,1.0,0.05,5000,1.0,1.0,7
2,9,1,standard,0.4,1.0,0.05,5000,1.0,1.0,5
2,10,1,standard,0.4,1.0,0.05,5000,1.0,1.0,3
2,11,1,standard,0.4,1.0,0.05,5000,1.0,1.0,5
2,12,1,standard,0.4,1.0,0.05,5000,1.0,1.0,9
2,13,1,standard,0.4,1.0,0.05,5000,1.0,1.0,5
2,14,1,standard,0.4,1.0,0.05,5000,1.0,1.0,3
2,15,1,standard,0.4,1.0,0.05,5000,1.0,1.0,4
2,16,1,standard,0.4,1.0,0.05,5000,1.0,1.0,11
2,17,1,standard,0.4,1.0,0.05,5000,1.0,1.0,7
2,18,1,standard,0.4,1.0,0.05,5000,1.0,1.0,12
2,19,1,standard,0.4,1.0,0.05,5000,1.0,1.0,5
2,20,1,standard,0.4,1.0,0.05,5000,1.0,1.0,3
2,21,1,standard,0.4,1.0,0.05,5000,1.0,1.0,16
2,22,1,standard,0.4,1.0,0.05,5000,1.0,1.0,7
2,23,1,standard,0.4,1.0,0.05,5000,1.0,1.0,7
2,24,1,standard,0.4,1.0,0.05,5000,1.0,1.0,4
2,25,1,standard,0.4,1.0,0.05,5000,1.0,1.0,5
2,26,1,standard,0.4,1.0,0.05,5000,1.0,1.0,3
2,27,1,standard,0.4,1.0,0.05,5000,1.0,1.0,6
2,28,1,standard,0.4,1.0,0.05,5000,1.0,1.0,10
2,29,1,standard,0.4,1.0,0.05,5000,1.0,1.0,5
2,30,1,standard,0.4,1.0,0.05,5000,1.0,1.0,7
2,31,1,standard,0.4,1.0,0.05,5000,1.0,1.0,5
2,32,1,standard,0.4,1.0,0.05,5000,1.0,1.0,5
2,33,1,standard,0.4,1.0,0.05,5000,1.0,1.0,7
2,34,1,standard,0.4,1.0,0.05,5000,1.0,1.0,9
2,35,1,standard,0.4,1.0,0.05,5000,1.0,1.0,7
2,36,1,standard,0.4,1.0,0.05,5000,1.0,1.0,9
2,37,1,standard,0.4,1.0,0.05,5000,1.0,1.0,8
2,38,1,standard,0.4,1.0,0.05,5000,1.0,1.0,5
2,39,1,standard,0.4,1.0,0.05,5000,1.0,1.0,5
2,40,1,standard,0.4,1.0,0.05,5000,1.0,1.0,9
2,41,1,standard,0.4,1.0,0.05,5000,1.0,1.0,4
2,42,1,standard,0.4,1.0,0.05,5000,1.0,1.0,3
2,43,1,standard,0.4,1.0,0.05,5000,1.0,1.0,7
2,44,1,standard,0.4,1.0,0.05,5000,1.0,1.0,8
2,45,1,standard,0.4,1.0,0.05,5000,1.0,1.0,4
2,46,1,standard,0.4,1.0,0.05,5000,1.0,1.0,2
2,47,1,standard,0.4,1.0,0.05,5000,1.0,1.0,3
2,48,1,standard,0.4,1.0,0.05,5000,1.0,1.0,3
2,49,1,standard,0.4,1.0,0.05,5000,1.0,1.0,11
2,50,1,standard,0.4,1.0,0.05,5000,1.0,1.0,4
2,51,1,standard,0.4,1.0,0.05,5000,1.0,1.0,2
2,52,1,standard,0.4,1.0,0.05,5000,1.0,1.0,4
2,53,1,standard,0.4,1.0,0.05,5000,1.0,1.0,9
2,54,1,standard,0.4,1.0,0.05,5000,1.0,1.0,10
2,55,1,standard,0.4,1.0,0.05,5000,1.0,1.0,3
2,56,1,standard,0.4,1.0,0.05,5000,1.0,1.0,7
2,57,1,standard,0.4,1.0,0.05,5000,1.0,1.0,7
2,58,1,standard,0.4,1.0,0.05,5000,1.0,1.0,4
2,59,1,standard,0.4,1.0,0.05,5000,1.0,1.0,2
2,60,1,standard,0.4,1.0,0.05,5000,1.0,1.0,6
2,61,1,standard,0.4,1.0,0.05,5000,1.0,1.0,11
2,62,1,standard,0.4,1.0,0.05,5000,1.0,1.0,4
2,63,1,standard,0.4,1.0,0.05,5000,1.0,1.0,4
2,64,1,standard,0.4,1.0,0.05,5000,1.0,1.0,5
2,65,1,standard,0.4,1.0,0.05,5000,1.0,1.0,6
2,66,1,standard,0.4,1.0,0.05,5000,1.0,1.0,3
2,67,1,standard,0.4,1.0,0.05,5000,1.0,1.0,7
2,68,1,standard,0.4,1.0,0.05,5000,1.0,1.0,4
2,69,1,standard,0.4,1.0,0.05,5000,1.0,1.0,7
2,70,1,standard,0.4,1.0,0.05,5000,1.0,1.0,4
2,71,1,standard,0.4,1.0,0.05,5000,1.0,1.0,4
2,72,1,standard,0.4,1.0,0.05,5000,1.0,1.0,3
2,73,1,standard,0.4,1.0,0.05,5000,1.0,1.0,1
2,74,1,standard,0.4,1.0,0.05,5000,1.0,1.0,5
2,75,1,standard,0.4,1.0,0.05,5000,1.0,1.0,8
2,76,1,standard,0.4,1.0,0.05,5000,1.0,1.0,11
2,77,1,standard,0.4,1.0,0.05,5000,1.0,1.0,9
2,78,1,standard,0.4,1.0,0.05,5000,1.0,1.0,3
2,79,1,standard,0.4,1.0,0.05,5000,1.0,1.0,3
2,80,1,standard,0.4,1.0,0.05,5000,1.0,1.0,5
2,81,1,standard,0.4,1.0,0.05,5000,1.0,1.0,5
2,82,1,standard,0.4,1.0,0.05,5000,1.0,1.0,7
2,83,1,standard,0.4,1.0,0.05,5000,1.0,1.0,4
2,84,1,standard,0.4,1.0,0.05,5000,1.0,1.0,4
2,85,1,standard,0.4,1.0,0.05,5000,1.0,1.0,3
2,86,1,standard,0.4,1.0,0.05,5000,1.0,1.0,7
2,87,1,standard,0.4,1.0,0.05,5000,1.0,1.0,12
2,88,1,standard,0.4,1.0,0.05,5000,1.0,1.0,4
2,89,1,standard,0.4,1.0,0.05,5000,1.0,1.0,8
2,90,1,standard,0.4,1.0,0.05,5000,1.0,1.0,3
2,91,1,standard,0.4,1.0,0.05,5000,1.0,1.0,11
2,92,1,standard,0.4,1.0,0.05,5000,1.0,1.0,1
2,93,1,standard,0.4,1.0,0.05,5000,1.0,1.0,5
2,94,1,standard,0.4,1.0,0.05,5000,1.0,1.0,4
2,95,1,standard,0.4,1.0,0.05,5000,1.0,1.0,3
2,96,1,standard,0.4,1.0,0.05,5000,1.0,1.0,7
2,97,1,standard,0.4,1.0,0.05,5000,1.0,1.0,6
2,98,1,standard,0.4,1.0,0.05,5000,1.0,1.0,11
2,99,1,standard,0.4,1.0,0.05,5000,1.0,1.0,4
2,100,1,standard,0.4,1.0,0.05,5000,1.0,1.0,4
2,1,1,standard,0.5,1.0,0.05,5000,1.0,1.0,1
2,2,1,standard,0.5,1.0,0.05,5000,1.0,1.0,5
2,3,1,standard,0.5,1.0,0.05,5000,1.0,1.0,5
2,4,1,standard,0.5,1.0,0.05,5000,1.0,1.0,3
2,5,1,standard,0.5,1.0,0.05,5000,1.0,1.0,6
2,6,1,standard,0.5,1.0,0.05,5000,1.0,1.0,3
2,7,1,standard,0.5,1.0,0.05,5000,1.0,1.0,1
2,8,1,standard,0.5,1.0,0.05,5000,1.0,1.0,3
2,9,1,standard,0.5,1.0,0.05,5000,1.0,1.0,6
2,10,1,standard,0.5,1.0,0.05,5000,1.0,1.0,4
2,11,1,standard,0.5,1.0,0.05,5000,1.0,1.0,5
2,12,1,standard,0.5,1.0,0.05,5000,1.0,1.0,3
2,13,1,standard,0.5,1.0,0.05,5000,1.0,1.0,6
2,14,1,standard,0.5,1.0,0.05,5000,1.0,1.0,6
2,15,1,standard,0.5,1.0,0.05,5000,1.0,1.0,7
2,16,1,standard,0.5,1.0,0.05,5000,1.0,1.0,4
2,17,1,standard,0.5,1.0,0.05,5000,1.0,1.0,7
2,18,1,standard,0.5,1.0,0.05,5000,1.0,1.0,7
2,19,1,standard,0.5,1.0,0.05,5000,1.0,1.0,10
2,20,1,standard,0.5,1.0,0.05,5000,1.0,1.0,4
2,21,1,standard,0.5,1.0,0.05,5000,1.0,1.0,11
2,22,1,standard,0.5,1.0,0.05,5000,1.0,1.0,12
2,23,1,standard,0.5,1.0,0.05,5000,1.0,1.0,4
2,24,1,standard,0.5,1.0,0.05,5000,1.0,1.0,6
2,25,1,standard,0.5,1.0,0.05,5000,1.0,1.0,6
2,26,1,standard,0.5,1.0,0.05,5000,1.0,1.0,7
2,27,1,standard,0.5,1.0,0.05,5000,1.0,1.0,5
2,28,1,standard,0.5,1.0,0.05,5000,1.0,1.0,14
2,29,1,standard,0.5,1.0,0.05,5000,1.0,1.0,2
2,30,1,standard,0.5,1.0,0.05,5000,1.0,1.0,4
2,31,1,standard,0.5,1.0,0.05,5000,1.0,1.0,3
2,32,1,standard,0.5,1.0,0.05,5000,1.0,1.0,10
2,33,1,standard,0.5,1.0,0.05,5000,1.0,1.0,4
2,34,1,standard,0.5,1.0,0.05,5000,1.0,1.0,3
2,35,1,standard,0.5,1.0,0.05,5000,1.0,1.0,10
2,36,1,standard,0.5,1.0,0.05,5000,1.0,1.0,3
2,37,1,standard,0.5,1.0,0.05,5000,1.0,1.0,5
2,38,1,standard,0.5,1.0,0.05,5000,1.0,1.0,3
2,39,1,standard,0.5,1.0,0.05,5000,1.0,1.0,13
2,40,1,standard,0.5,1.0,0.05,5000,1.0,1.0,3
2,41,1,standard,0.5,1.0,0.05,5000,1.0,1.0,3
2,42,1,standard,0.5,1.0,0.05,5000,1.0,1.0,7
2,43,1,standard,0.5,1.0,0.05,5000,1.0,1.0,12
2,44,1,standard,0.5,1.0,0.05,5000,1.0,1.0,5
2,45,1,standard,0.5,1.0,0.05,5000,1.0,1.0,3
2,46,1,standard,0.5,1.0,0.05,5000,1.0,1.0,5
2,47,1,standard,0.5,1.0,0.05,5000,1.0,1.0,10
2,48,1,standard,0.5,1.0,0.05,5000,1.0,1.0,3
2,49,1,standard,0.5,1.0,0.05,5000,1.0,1.0,3
2,50,1,standard,0.5,1.0,0.05,5000,1.0,1.0,6
2,51,1,standard,0.5,1.0,0.05,5000,1.0,1.0,2
2,52,1,standard,0.5,1.0,0.05,5000,1.0,1.0,3
2,53,1,standard,0.5,1.0,0.05,5000,1.0,1.0,11
2,54,1,standard,0.5,1.0,0.05,5000,1.0,1.0,11
2,55,1,standard,0.5,1.0,0.05,5000,1.0,1.0,10
2,56,1,standard,0.5,1.0,0.05,5000,1.0,1.0,7
2,57,1,standard,0.5,1.0,0.05,5000,1.0,1.0,8
2,58,1,standard,0.5,1.0,0.05,5000,1.0,1.0,4
2,59,1,standard,0.5,1.0,0.05,5000,1.0,1.0,2
2,60,1,standard,0.5,1.0,0.05,5000,1.0,1.0,4
2,61,1,standard,0.5,1.0,0.05,5000,1.0,1.0,6
2,62,1,standard,0.5,1.0,0.05,5000,1.0,1.0,4
2,63,1,standard,0.5,1.0,0.05,5000,1.0,1.0,5
2,64,1,standard,0.5,1.0,0.05,5000,1.0,1.0,3
2,65,1,standard,0.5,1.0,0.05,5000,1.0,1.0,2
2,66,1,standard,0.5,1.0,0.05,5000,1.0,1.0,5
2,67,1,standard,0.5,1.0,0.05,5000,1.0,1.0,5
2,68,1,standard,0.5,1.0,0.05,5000,1.0,1.0,7
2,69,1,standard,0.5,1.0,0.05,5000,1.0,1.0,3
2,70,1,standard,0.5,1.0,0.05,5000,1.0,1.0,3
2,71,1,standard,0.5,1.0,0.05,5000,1.0,1.0,4
2,72,1,standard,0.5,1.0,0.05,5000,1.0,1.0,9
2,73,1,standard,0.5,1.0,0.05,5000,1.0,1.0,1
2,74,1,standard,0.5,1.0,0.05,5000,1.0,1.0,3
2,75,1,standard,0.5,1.0,0.05,5000,1.0,1.0,3
2,76,1,standard,0.5,1.0,0.05,5000,1.0,1.0,3
2,77,1,standard,0.5,1.0,0.05,5000,1.0,1.0,3
2,78,1,standard,0.5,1.0,0.05,5000,1.0,1.0,3
2,79,1,standard,0.5,1.0,0.05,5000,1.0,1.0,4
2,80,1,standard,0.5,1.0,0.05,5000,1.0,1.0,4
2,81,1,standard,0.5,1.0,0.05,5000,1.0,1.0,3
2,82,1,standard,0.5,1.0,0.05,5000,1.0,1.0,6
2,83,1,standard,0.5,1.0,0.05,5000,1.0,1.0,2
2,84,1,standard,0.5,1.0,0.05,5000,1.0,1.0,7
2,85,1,standard,0.5,1.0,0.05,5000,1.0,1.0,4
2,86,1,standard,0.5,1.0,0.05,5000,1.0,1.0,5
2,87,1,standard,0.5,1.0,0.05,5000,1.0,1.0,3
2,88,1,standard,0.5,1.0,0.05,5000,1.0,1.0,6
2,89,1,standard,0.5,1.0,0.05,5000,1.0,1.0,3
2,90,1,standard,0.5,1.0,0.05,5000,1.0,1.0,4
2,91,1,standard,0.5,1.0,0.05,5000,1.0,1.0,6
2,92,1,standard,0.5,1.0,0.05,5000,1.0,1.0,1
2,93,1,standard,0.5,1.0,0.05,5000,1.0,1.0,8
2,94,1,standard,0.5,1.0,0.05,5000,1.0,1.0,4
2,95,1,standard,0.5,1.0,0.05,5000,1.0,1.0,3
2,96,1,standard,0.5,1.0,0.05,5000,1.0,1.0,5
2,97,1,standard,0.5,1.0,0.05,5000,1.0,1.0,8
2,98,1,standard,0.5,1.0,0.05,5000,1.0,1.0,4
2,99,1,standard,0.5,1.0,0.05,5000,1.0,1.0,5
2,100,1,standard,0.5,1.0,0.05,5000,1.0,1.0,4
2,1,1,standard,0.6,1.0,0.05,5000,1.0,1.0,1
2,2,1,standard,0.6,1.0,0.05,5000,1.0,1.0,2
2,3,1,standard,0.6,1.0,0.05,5000,1.0,1.0,5
2,4,1,standard,0.6,1.0,0.05,5000,1.0,1.0,2
2,5,1,standard,0.6,1.0,0.05,5000,1.0,1.0,4
2,6,1,standard,0.6,1.0,0.05,5000,1.0,1.0,2
2,7,1,standard,0.6,1.0,0.05,5000,1.0,1.0,1
2,8,1,standard,0.6,1.0,0.05,5000,1.0,1.0,8
2,9,1,standard,0.6,1.0,0.05,5000,1.0,1.0,4
2,10,1,standard,0.6,1.0,0.05,5000,1.0,1.0,5
2,11,1,standard,0.6,1.0,0.05,5000,1.0,1.0,6
2,12,1,standard,0.6,1.0,0.05,5000,1.0,1.0,4
2,13,1,standard,0.6,1.0,0.05,5000,1.0,1.0,2
2,14,1,standard,0.6,1.0,0.05,5000,1.0,1.0,7
2,15,1,standard,0.6,1.0,0.05,5000,1.0,1.0,4
2,16,1,standard,0.6,1.0,0.05,5000,1.0,1.0,7
2,17,1,standard,0.6,1.0,0.05,5000,1.0,1.0,4
2,18,1,standard,0.6,1.0,0.05,5000,1.0,1.0,7
2,19,1,standard,0.6,1.0,0.05,5000,1.0,1.0,10
2,20,1,standard,0.6,1.0,0.05,5000,1.0,1.0,4
2,21,1,standard,0.6,1.0,0.05,5000,1.0,1.0,6
2,22,1,standard,0.6,1.0,0.05,5000,1.0,1.0,6
2,23,1,standard,0.6,1.0,0.05,5000,1.0,1.0,5
2,24,1,standard,0.6,1.0,0.05,5000,1.0,1.0,4
2,25,1,standard,0.6,1.0,0.05,5000,1.0,1.0,3
2,26,1,standard,0.6,1.0,0.05,5000,1.0,1.0,5
2,27,1,standard,0.6,1.0,0.05,5000,1.0,1.0,4
2,28,1,standard,0.6,1.0,0.05,5000,1.0,1.0,3
2,29,1,standard,0.6,1.0,0.05,5000,1.0,1.0,2
2,30,1,standard,0.6,1.0,0.05,5000,1.0,1.0,9
2,31,1,standard,0.6,1.0,0.05,5000,1.0,1.0,3
2,32,1,standard,0.6,1.0,0.05,5000,1.0,1.0,4
2,33,1,standard,0.6,1.0,0.05,5000,1.0,1.0,4
2,34,1,standard,0.6,1.0,0.05,5000,1.0,1.0,14
2,35,1,standard,0.6,1.0,0.05,5000,1.0,1.0,7
2,36,1,standard,0.6,1.0,0.05,5000,1.0,1.0,3
2,37,1,standard,0.6,1.0,0.05,5000,1.0,1.0,5
2,38,1,standard,0.6,1.0,0.05,5000,1.0,1.0,6
2,39,1,standard,0.6,1.0,0.05,5000,1.0,1.0,7
2,40,1,standard,0.6,1.0,0.05,5000,1.0,1.0,2
2,41,1,standard,0.6,1.0,0.05,5000,1.0,1.0,3
2,42,1,standard,0.6,1.0,0.05,5000,1.0,1.0,6
2,43,1,standard,0.6,1.0,0.05,5000,1.0,1.0,7
2,44,1,standard,0.6,1.0,0.05,5000,1.0,1.0,4
2,45,1,standard,0.6,1.0,0.05,5000,1.0,1.0,9
2,46,1,standard,0.6,1.0,0.05,5000,1.0,1.0,3
2,47,1,standard,0.6,1.0,0.05,5000,1.0,1.0,3
2,48,1,standard,0.6,1.0,0.05,5000,1.0,1.0,2
2,49,1,standard,0.6,1.0,0.05,5000,1.0,1.0,5
2,50,1,standard,0.6,1.0,0.05,5000,1.0,1.0,4
2,51,1,standard,0.6,1.0,0.05,5000,1.0,1.0,2
2,52,1,standard,0.6,1.0,0.05,5000,1.0,1.0,3
2,53,1,standard,0.6,1.0,0.05,5000,1.0,1.0,7
2,54,1,standard,0.6,1.0,0.05,5000,1.0,1.0,5
2,55,1,standard,0.6,1.0,0.05,5000,1.0,1.0,3
2,56,1,standard,0.6,1.0,0.05,5000,1.0,1.0,4
2,57,1,standard,0.6,1.0,0.05,5000,1.0,1.0,6
2,58,1,standard,0.6,1.0,0.05,5000,1.0,1.0,6
2,59,1,standard,0.6,1.0,0.05,5000,1.0,1.0,2
2,60,1,standard,0.6,1.0,0.05,5000,1.0,1.0,2
2,61,1,standard,0.6,1.0,0.05,5000,1.0,1.0,4
2,62,1,standard,0.6,1.0,0.05,5000,1.0,1.0,5
2,63,1,standard,0.6,1.0,0.05,5000,1.0,1.0,6
2,64,1,standard,0.6,1.0,0.05,5000,1.0,1.0,4
2,65,1,standard,0.6,1.0,0.05,5000,1.0,1.0,3
2,66,1,standard,0.6,1.0,0.05,5000,1.0,1.0,5
2,67,1,standard,0.6,1.0,0.05,5000,1.0,1.0,3
2,68,1,standard,0.6,1.0,0.05,5000,1.0,1.0,4
2,69,1,standard,0.6,1.0,0.05,5000,1.0,1.0,3
2,70,1,standard,0.6,1.0,0.05,5000,1.0,1.0,3
2,71,1,standard,0.6,1.0,0.05,5000,1.0,1.0,5
2,72,1,standard,0.6,1.0,0.05,5000,1.0,1.0,8
2,73,1,standard,0.6,1.0,0.05,5000,1.0,1.0,1
2,74,1,standard,0.6,1.0,0.05,5000,1.0,1.0,3
2,75,1,standard,0.6,1.0,0.05,5000,1.0,1.0,6
2,76,1,standard,0.6,1.0,0.05,5000,1.0,1.0,5
2,77,1,standard,0.6,1.0,0.05,5000,1.0,1.0,3
2,78,1,standard,0.6,1.0,0.05,5000,1.0,1.0,5
2,79,1,standard,0.6,1.0,0.05,5000,1.0,1.0,3
2,80,1,standard,0.6,1.0,0.05,5000,1.0,1.0,3
2,81,1,standard,0.6,1.0,0.05,5000,1.0,1.0,2
2,82,1,standard,0.6,1.0,0.05,5000,1.0,1.0,5
2,83,1,standard,0.6,1.0,0.05,5000,1.0,1.0,2
2,84,1,standard,0.6,1.0,0.05,5000,1.0,1.0,4
2,85,1,standard,0.6,1.0,0.05,5000,1.0,1.0,3
2,86,1,standard,0.6,1.0,0.05,5000,1.0,1.0,5
2,87,1,standard,0.6,1.0,0.05,5000,1.0,1.0,4
2,88,1,standard,0.6,1.0,0.05,5000,1.0,1.0,5
2,89,1,standard,0.6,1.0,0.05,5000,1.0,1.0,8
2,90,1,standard,0.6,1.0,0.05,5000,1.0,1.0,3
2,91,1,standard,0.6,1.0,0.05,5000,1.0,1.0,4
2,92,1,standard,0.6,1.0,0.05,5000,1.0,1.0,1
2,93,1,standard,0.6,1.0,0.05,5000,1.0,1.0,9
2,94,1,standard,0.6,1.0,0.05,5000,1.0,1.0,3
2,95,1,standard,0.6,1.0,0.05,5000,1.0,1.0,2
2,96,1,standard,0.6,1.0,0.05,5000,1.0,1.0,5
2,97,1,standard,0.6,1.0,0.05,5000,1.0,1.0,3
2,98,1,standard,0.6,1.0,0.05,5000,1.0,1.0,7
2,99,1,standard,0.6,1.0,0.05,5000,1.0,1.0,4
2,100,1,standard,0.6,1.0,0.05,5000,1.0,1.0,3
2,1,1,standard,0.7,1.0,0.05,5000,1.0,1.0,1
2,2,1,standard,0.7,1.0,0.05,5000,1.0,1.0,3
2,3,1,standard,0.7,1.0,0.05,5000,1.0,1.0,3
2,4,1,standard,0.7,1.0,0.05,5000,1.0,1.0,2
2,5,1,standard,0.7,1.0,0.05,5000,1.0,1.0,4
2,6,1,standard,0.7,1.0,0.05,5000,1.0,1.0,3
2,7,1,standard,0.7,1.0,0.05,5000,1.0,1.0,1
2,8,1,standard,0.7,1.0,0.05,5000,1.0,1.0,5
2,9,1,standard,0.7,1.0,0.05,5000,1.0,1.0,4
2,10,1,standard,0.7,1.0,0.05,5000,1.0,1.0,5
2,11,1,standard,0.7,1.0,0.05,5000,1.0,1.0,7
2,12,1,standard,0.7,1.0,0.05,5000,1.0,1.0,4
2,13,1,standard,0.7,1.0,0.05,5000,1.0,1.0,4
2,14,1,standard,0.7,1.0,0.05,5000,1.0,1.0,4
2,15,1,standard,0.7,1.0,0.05,5000,1.0,1.0,5
2,16,1,standard,0.7,1.0,0.05,5000,1.0,1.0,5
2,17,1,standard,0.7,1.0,0.05,5000,1.0,1.0,4
2,18,1,standard,0.7,1.0,0.05,5000,1.0,1.0,3
2,19,1,standard,0.7,1.0,0.05,5000,1.0,1.0,3
2,20,1,standard,0.7,1.0,0.05,5000,1.0,1.0,4
2,21,1,standard,0.7,1.0,0.05,5000,1.0,1.0,8
2,22,1,standard,0.7,1.0,0.05,5000,1.0,1.0,5
2,23,1,standard,0.7,1.0,0.05,5000,1.0,1.0,3
2,24,1,standard,0.7,1.0,0.05,5000,1.0,1.0,5
2,25,1,standard,0.7,1.0,0.05,5000,1.0,1.0,4
2,26,1,standard,0.7,1.0,0.05,5000,1.0,1.0,5
2,27,1,standard,0.7,1.0,0.05,5000,1.0,1.0,5
2,28,1,standard,0.7,1.0,0.05,5000,1.0,1.0,3
2,29,1,standard,0.7,1.0,0.05,5000,1.0,1.0,3
2,30,1,standard,0.7,1.0,0.05,5000,1.0,1.0,3
2,31,1,standard,0.7,1.0,0.05,5000,1.0,1.0,3
2,32,1,standard,0.7,1.0,0.05,5000,1.0,1.0,4
2,33,1,standard,0.7,1.0,0.05,5000,1.0,1.0,3
2,34,1,standard,0.7,1.0,0.05,5000,1.0,1.0,6
2,35,1,standard,0.7,1.0,0.05,5000,1.0,1.0,6
2,36,1,standard,0.7,1.0,0.05,5000,1.0,1.0,6
2,37,1,standard,0.7,1.0,0.05,5000,1.0,1.0,3
2,38,1,standard,0.7,1.0,0.05,5000,1.0,1.0,3
2,39,1,standard,0.7,1.0,0.05,5000,1.0,1.0,3
2,40,1,standard,0.7,1.0,0.05,5000,1.0,1.0,2
2,41,1,standard,0.7,1.0,0.05,5000,1.0,1.0,6
2,42,1,standard,0.7,1.0,0.05,5000,1.0,1.0,3
2,43,1,standard,0.7,1.0,0.05,5000,1.0,1.0,5
2,44,1,standard,0.7,1.0,0.05,5000,1.0,1.0,6
2,45,1,standard,0.7,1.0,0.05,5000,1.0,1.0,6
2,46,1,standard,0.7,1.0,0.05,5000,1.0,1.0,2
2,47,1,standard,0.7,1.0,0.05,5000,1.0,1.0,4
2,48,1,standard,0.7,1.0,0.05,5000,1.0,1.0,2
2,49,1,standard,0.7,1.0,0.05,5000,1.0,1.0,3
2,50,1,standard,0.7,1.0,0.05,5000,1.0,1.0,3
2,51,1,standard,0.7,1.0,0.05,5000,1.0,1.0,3
2,52,1,standard,0.7,1.0,0.05,5000,1.0,1.0,2
2,53,1,standard,0.7,1.0,0.05,5000,1.0,1.0,7
2,54,1,standard,0.7,1.0,0.05,5000,1.0,1.0,5
2,55,1,standard,0.7,1.0,0.05,5000,1.0,1.0,6
2,56,1,standard,0.7,1.0,0.05,5000,1.0,1.0,3
2,57,1,standard,0.7,1.0,0.05,5000,1.0,1.0,5
2,58,1,standard,0.7,1.0,0.05,5000,1.0,1.0,3
2,59,1,standard,0.7,1.0,0.05,5000,1.0,1.0,3
2,60,1,standard,0.7,1.0,0.05,5000,1.0,1.0,4
2,61,1,standard,0.7,1.0,0.05,5000,1.0,1.0,3
2,62,1,standard,0.7,1.0,0.05,5000,1.0,1.0,4
2,63,1,standard,0.7,1.0,0.05,5000,1.0,1.0,6
2,64,1,standard,0.7,1.0,0.05,5000,1.0,1.0,4
2,65,1,standard,0.7,1.0,0.05,5000,1.0,1.0,2
2,66,1,standard,0.7,1.0,0.05,5000,1.0,1.0,4
2,67,1,standard,0.7,1.0,0.05,5000,1.0,1.0,3
2,68,1,standard,0.7,1.0,0.05,5000,1.0,1.0,4
2,69,1,standard,0.7,1.0,0.05,5000,1.0,1.0,4
2,70,1,standard,0.7,1.0,0.05,5000,1.0,1.0,3
2,71,1,standard,0.7,1.0,0.05,5000,1.0,1.0,2
2,72,1,standard,0.7,1.0,0.05,5000,1.0,1.0,9
2,73,1,standard,0.7,1.0,0.05,5000,1.0,1.0,1
2,74,1,standard,0.7,1.0,0.05,5000,1.0,1.0,3
2,75,1,standard,0.7,1.0,0.05,5000,1.0,1.0,3
2,76,1,standard,0.7,1.0,0.05,5000,1.0,1.0,3
2,77,1,standard,0.7,1.0,0.05,5000,1.0,1.0,3
2,78,1,standard,0.7,1.0,0.05,5000,1.0,1.0,2
2,79,1,standard,0.7,1.0,0.05,5000,1.0,1.0,3
2,80,1,standard,0.7,1.0,0.05,5000,1.0,1.0,6
2,81,1,standard,0.7,1.0,0.05,5000,1.0,1.0,2
2,82,1,standard,0.7,1.0,0.05,5000,1.0,1.0,6
2,83,1,standard,0.7,1.0,0.05,5000,1.0,1.0,2
2,84,1,standard,0.7,1.0,0.05,5000,1.0,1.0,3
2,85,1,standard,0.7,1.0,0.05,5000,1.0,1.0,4
2,86,1,standard,0.7,1.0,0.05,5000,1.0,1.0,3
2,87,1,standard,0.7,1.0,0.05,5000,1.0,1.0,3
2,88,1,standard,0.7,1.0,0.05,5000,1.0,1.0,3
2,89,1,standard,0.7,1.0,0.05,5000,1.0,1.0,3
2,90,1,standard,0.7,1.0,0.05,5000,1.0,1.0,4
2,91,1,standard,0.7,1.0,0.05,5000,1.0,1.0,4
2,92,1,standard,0.7,1.0,0.05,5000,1.0,1.0,1
2,93,1,standard,0.7,1.0,0.05,5000,1.0,1.0,4
2,94,1,standard,0.7,1.0,0.05,5000,1.0,1.0,4
2,95,1,standard,0.7,1.0,0.05,5000,1.0,1.0,3
2,96,1,standard,0.7,1.0,0.05,5000,1.0,1.0,10
2,97,1,standard,0.7,1.0,0.05,5000,1.0,1.0,4
2,98,1,standard,0.7,1.0,0.05,5000,1.0,1.0,4
2,99,1,standard,0.7,1.0,0.05,5000,1.0,1.0,3
2,100,1,standard,0.7,1.0,0.05,5000,1.0,1.0,3
2,1,1,standard,0.8,1.0,0.05,5000,1.0,1.0,1
2,2,1,standard,0.8,1.0,0.05,5000,1.0,1.0,2
2,3,1,standard,0.8,1.0,0.05,5000,1.0,1.0,3
2,4,1,standard,0.8,1.0,0.05,5000,1.0,1.0,2
2,5,1,standard,0.8,1.0,0.05,5000,1.0,1.0,3
2,6,1,standard,0.8,1.0,0.05,5000,1.0,1.0,3
2,7,1,standard,0.8,1.0,0.05,5000,1.0,1.0,1
2,8,1,standard,0.8,1.0,0.05,5000,1.0,1.0,5
2,9,1,standard,0.8,1.0,0.05,5000,1.0,1.0,4
2,10,1,standard,0.8,1.0,0.05,5000,1.0,1.0,3
2,11,1,standard,0.8,1.0,0.05,5000,1.0,1.0,5
2,12,1,standard,0.8,1.0,0.05,5000,1.0,1.0,4
2,13,1,standard,0.8,1.0,0.05,5000,1.0,1.0,3
2,14,1,standard,0.8,1.0,0.05,5000,1.0,1.0,4
2,15,1,standard,0.8,1.0,0.05,5000,1.0,1.0,3
2,16,1,standard,0.8,1.0,0.05,5000,1.0,1.0,4
2,17,1,standard,0.8,1.0,0.05,5000,1.0,1.0,4
2,18,1,standard,0.8,1.0,0.05,5000,1.0,1.0,4
2,19,1,standard,0.8,1.0,0.05,5000,1.0,1.0,4
2,20,1,standard,0.8,1.0,0.05,5000,1.0,1.0,3
2,21,1,standard,0.8,1.0,0.05,5000,1.0,1.0,4
2,22,1,standard,0.8,1.0,0.05,5000,1.0,1.0,5
2,23,1,standard,0.8,1.0,0.05,5000,1.0,1.0,4
2,24,1,standard,0.8,1.0,0.05,5000,1.0,1.0,3
2,25,1,standard,0.8,1.0,0.05,5000,1.0,1.0,3
2,26,1,standard,0.8,1.0,0.05,5000,1.0,1.0,3
2,27,1,standard,0.8,1.0,0.05,5000,1.0,1.0,4
2,28,1,standard,0.8,1.0,0.05,5000,1.0,1.0,4
2,29,1,standard,0.8,1.0,0.05,5000,1.0,1.0,3
2,30,1,standard,0.8,1.0,0.05,5000,1.0,1.0,4
2,31,1,standard,0.8,1.0,0.05,5000,1.0,1.0,3
2,32,1,standard,0.8,1.0,0.05,5000,1.0,1.0,4
2,33,1,standard,0.8,1.0,0.05,5000,1.0,1.0,3
2,34,1,standard,0.8,1.0,0.05,5000,1.0,1.0,4
2,35,1,standard,0.8,1.0,0.05,5000,1.0,1.0,3
2,36,1,standard,0.8,1.0,0.05,5000,1.0,1.0,3
2,37,1,standard,0.8,1.0,0.05,5000,1.0,1.0,5
2,38,1,standard,0.8,1.0,0.05,5000,1.0,1.0,4
2,39,1,standard,0.8,1.0,0.05,5000,1.0,1.0,4
2,40,1,standard,0.8,1.0,0.05,5000,1.0,1.0,2
2,41,1,standard,0.8,1.0,0.05,5000,1.0,1.0,3
2,42,1,standard,0.8,1.0,0.05,5000,1.0,1.0,5
2,43,1,standard,0.8,1.0,0.05,5000,1.0,1.0,5
2,44,1,standard,0.8,1.0,0.05,5000,1.0,1.0,4
2,45,1,standard,0.8,1.0,0.05,5000,1.0,1.0,4
2,46,1,standard,0.8,1.0,0.05,5000,1.0,1.0,2
2,47,1,standard,0.8,1.0,0.05,5000,1.0,1.0,4
2,48,1,standard,0.8,1.0,0.05,5000,1.0,1.0,3
2,49,1,standard,0.8,1.0,0.05,5000,1.0,1.0,3
2,50,1,standard,0.8,1.0,0.05,5000,1.0,1.0,3
2,51,1,standard,0.8,1.0,0.05,5000,1.0,1.0,2
2,52,1,standard,0.8,1.0,0.05,5000,1.0,1.0,3
2,53,1,standard,0.8,1.0,0.05,5000,1.0,1.0,6
2,54,1,standard,0.8,1.0,0.05,5000,1.0,1.0,5
2,55,1,standard,0.8,1.0,0.05,5000,1.0,1.0,6
2,56,1,standard,0.8,1.0,0.05,5000,1.0,1.0,3
2,57,1,standard,0.8,1.0,0.05,5000,1.0,1.0,2
2,58,1,standard,0.8,1.0,0.05,5000,1.0,1.0,4
2,59,1,standard,0.8,1.0,0.05,5000,1.0,1.0,2
2,60,1,standard,0.8,1.0,0.05,5000,1.0,1.0,2
2,61,1,standard,0.8,1.0,0.05,5000,1.0,1.0,5
2,62,1,standard,0.8,1.0,0.05,5000,1.0,1.0,3
2,63,1,standard,0.8,1.0,0.05,5000,1.0,1.0,8
2,64,1,standard,0.8,1.0,0.05,5000,1.0,1.0,5
2,65,1,standard,0.8,1.0,0.05,5000,1.0,1.0,5
2,66,1,standard,0.8,1.0,0.05,5000,1.0,1.0,4
2,67,1,standard,0.8,1.0,0.05,5000,1.0,1.0,4
2,68,1,standard,0.8,1.0,0.05,5000,1.0,1.0,4
2,69,1,standard,0.8,1.0,0.05,5000,1.0,1.0,3
2,70,1,standard,0.8,1.0,0.05,5000,1.0,1.0,2
2,71,1,standard,0.8,1.0,0.05,5000,1.0,1.0,2
2,72,1,standard,0.8,1.0,0.05,5000,1.0,1.0,4
2,73,1,standard,0.8,1.0,0.05,5000,1.0,1.0,1
2,74,1,standard,0.8,1.0,0.05,5000,1.0,1.0,2
2,75,1,standard,0.8,1.0,0.05,5000,1.0,1.0,4
2,76,1,standard,0.8,1.0,0.05,5000,1.0,1.0,3
2,77,1,standard,0.8,1.0,0.05,5000,1.0,1.0,2
2,78,1,standard,0.8,1.0,0.05,5000,1.0,1.0,2
2,79,1,standard,0.8,1.0,0.05,5000,1.0,1.0,5
2,80,1,standard,0.8,1.0,0.05,5000,1.0,1.0,3
2,81,1,standard,0.8,1.0,0.05,5000,1.0,1.0,2
2,82,1,standard,0.8,1.0,0.05,5000,1.0,1.0,5
2,83,1,standard,0.8,1.0,0.05,5000,1.0,1.0,2
2,84,1,standard,0.8,1.0,0.05,5000,1.0,1.0,3
2,85,1,standard,0.8,1.0,0.05,5000,1.0,1.0,3
2,86,1,standard,0.8,1.0,0.05,5000,1.0,1.0,3
2,87,1,standard,0.8,1.0,0.05,5000,1.0,1.0,3
2,88,1,standard,0.8,1.0,0.05,5000,1.0,1.0,2
2,89,1,standard,0.8,1.0,0.05,5000,1.0,1.0,3
2,90,1,standard,0.8,1.0,0.05,5000,1.0,1.0,3
2,91,1,standard,0.8,1.0,0.05,5000,1.0,1.0,3
2,92,1,standard,0.8,1.0,0.05,5000,1.0,1.0,1
2,93,1,standard,0.8,1.0,0.05,5000,1.0,1.0,4
2,94,1,standard,0.8,1.0,0.05,5000,1.0,1.0,6
2,95,1,standard,0.8,1.0,0.05,5000,1.0,1.0,3
2,96,1,standard,0.8,1.0,0.05,5000,1.0,1.0,3
2,97,1,standard,0.8,1.0,0.05,5000,1.0,1.0,4
2,98,1,standard,0.8,1.0,0.05,5000,1.0,1.0,5
2,99,1,standard,0.8,1.0,0.05,5000,1.0,1.0,3
2,100,1,standard,0.8,1.0,0.05,5000,1.0,1.0,4
2,1,1,standard,0.9,1.0,0.05,5000,1.0,1.0,1
2,2,1,standard,0.9,1.0,0.05,5000,1.0,1.0,2
2,3,1,standard,0.9,1.0,0.05,5000,1.0,1.0,5
2,4,1,standard,0.9,1.0,0.05,5000,1.0,1.0,3
2,5,1,standard,0.9,1.0,0.05,5000,1.0,1.0,4
2,6,1,standard,0.9,1.0,0.05,5000,1.0,1.0,2
2,7,1,standard,0.9,1.0,0.05,5000,1.0,1.0,1
2,8,1,standard,0.9,1.0,0.05,5000,1.0,1.0,4
2,9,1,standard,0.9,1.0,0.05,5000,1.0,1.0,5
2,10,1,standard,0.9,1.0,0.05,5000,1.0,1.0,3
2,11,1,standard,0.9,1.0,0.05,5000,1.0,1.0,5
2,12,1,standard,0.9,1.0,0.05,5000,1.0,1.0,3
2,13,1,standard,0.9,1.0,0.05,5000,1.0,1.0,3
2,14,1,standard,0.9,1.0,0.05,5000,1.0,1.0,4
2,15,1,standard,0.9,1.0,0.05,5000,1.0,1.0,3
2,16,1,standard,0.9,1.0,0.05,5000,1.0,1.0,4
2,17,1,standard,0.9,1.0,0.05,5000,1.0,1.0,4
2,18,1,standard,0.9,1.0,0.05,5000,1.0,1.0,3
2,19,1,standard,0.9,1.0,0.05,5000,1.0,1.0,4
2,20,1,standard,0.9,1.0,0.05,5000,1.0,1.0,3
2,21,1,standard,0.9,1.0,0.05,5000,1.0,1.0,4
2,22,1,standard,0.9,1.0,0.05,5000,1.0,1.0,4
2,23,1,standard,0.9,1.0,0.05,5000,1.0,1.0,3
2,24,1,standard,0.9,1.0,0.05,5000,1.0,1.0,4
2,25,1,standard,0.9,1.0,0.05,5000,1.0,1.0,3
2,26,1,standard,0.9,1.0,0.05,5000,1.0,1.0,3
2,27,1,standard,0.9,1.0,0.05,5000,1.0,1.0,3
2,28,1,standard,0.9,1.0,0.05,5000,1.0,1.0,4
2,29,1,standard,0.9,1.0,0.05,5000,1.0,1.0,2
2,30,1,standard,0.9,1.0,0.05,5000,1.0,1.0,3
2,31,1,standard,0.9,1.0,0.05,5000,1.0,1.0,3
2,32,1,standard,0.9,1.0,0.05,5000,1.0,1.0,3
2,33,1,standard,0.9,1.0,0.05,5000,1.0,1.0,4
2,34,1,standard,0.9,1.0,0.05,5000,1.0,1.0,5
2,35,1,standard,0.9,1.0,0.05,5000,1.0,1.0,3
2,36,1,standard,0.9,1.0,0.05,5000,1.0,1.0,3
2,37,1,standard,0.9,1.0,0.05,5000,1.0,1.0,3
2,38,1,standard,0.9,1.0,0.05,5000,1.0,1.0,4
2,39,1,standard,0.9,1.0,0.05,5000,1.0,1.0,3
2,40,1,standard,0.9,1.0,0.05,5000,1.0,1.0,2
2,41,1,standard,0.9,1.0,0.05,5000,1.0,1.0,2
2,42,1,standard,0.9,1.0,0.05,5000,1.0,1.0,3
2,43,1,standard,0.9,1.0,0.05,5000,1.0,1.0,4
2,44,1,standard,0.9,1.0,0.05,5000,1.0,1.0,3
2,45,1,standard,0.9,1.0,0.05,5000,1.0,1.0,4
2,46,1,standard,0.9,1.0,0.05,5000,1.0,1.0,2
2,47,1,standard,0.9,1.0,0.05,5000,1.0,1.0,4
2,48,1,standard,0.9,1.0,0.05,5000,1.0,1.0,2
2,49,1,standard,0.9,1.0,0.05,5000,1.0,1.0,4
2,50,1,standard,0.9,1.0,0.05,5000,1.0,1.0,3
2,51,1,standard,0.9,1.0,0.05,5000,1.0,1.0,2
2,52,1,standard,0.9,1.0,0.05,5000,1.0,1.0,2
2,53,1,standard,0.9,1.0,0.05,5000,1.0,1.0,6
2,54,1,standard,0.9,1.0,0.05,5000,1.0,1.0,4
2,55,1,standard,0.9,1.0,0.05,5000,1.0,1.0,4
2,56,1,standard,0.9,1.0,0.05,5000,1.0,1.0,3
2,57,1,standard,0.9,1.0,0.05,5000,1.0,1.0,4
2,58,1,standard,0.9,1.0,0.05,5000,1.0,1.0,3
2,59,1,standard,0.9,1.0,0.05,5000,1.0,1.0,3
2,60,1,standard,0.9,1.0,0.05,5000,1.0,1.0,3
2,61,1,standard,0.9,1.0,0.05,5000,1.0,1.0,3
2,62,1,standard,0.9,1.0,0.05,5000,1.0,1.0,4
2,63,1,standard,0.9,1.0,0.05,5000,1.0,1.0,4
2,64,1,standard,0.9,1.0,0.05,5000,1.0,1.0,2
2,65,1,standard,0.9,1.0,0.05,5000,1.0,1.0,2
2,66,1,standard,0.9,1.0,0.05,5000,1.0,1.0,4
2,67,1,standard,0.9,1.0,0.05,5000,1.0,1.0,3
2,68,1,standard,0.9,1.0,0.05,5000,1.0,1.0,4
2,69,1,standard,0.9,1.0,0.05,5000,1.0,1.0,3
2,70,1,standard,0.9,1.0,0.05,5000,1.0,1.0,2
2,71,1,standard,0.9,1.0,0.05,5000,1.0,1.0,3
2,72,1,standard,0.9,1.0,0.05,5000,1.0,1.0,5
2,73,1,standard,0.9,1.0,0.05,5000,1.0,1.0,1
2,74,1,standard,0.9,1.0,0.05,5000,1.0,1.0,3
2,75,1,standard,0.9,1.0,0.05,5000,1.0,1.0,4
2,76,1,standard,0.9,1.0,0.05,5000,1.0,1.0,3
2,77,1,standard,0.9,1.0,0.05,5000,1.0,1.0,2
2,78,1,standard,0.9,1.0,0.05,5000,1.0,1.0,2
2,79,1,standard,0.9,1.0,0.05,5000,1.0,1.0,5
2,80,1,standard,0.9,1.0,0.05,5000,1.0,1.0,4
2,81,1,standard,0.9,1.0,0.05,5000,1.0,1.0,2
2,82,1,standard,0.9,1.0,0.05,5000,1.0,1.0,4
2,83,1,standard,0.9,1.0,0.05,5000,1.0,1.0,2
2,84,1,standard,0.9,1.0,0.05,5000,1.0,1.0,3
2,85,1,standard,0.9,1.0,0.05,5000,1.0,1.0,3
2,86,1,standard,0.9,1.0,0.05,5000,1.0,1.0,4
2,87,1,standard,0.9,1.0,0.05,5000,1.0,1.0,3
2,88,1,standard,0.9,1.0,0.05,5000,1.0,1.0,2
2,89,1,standard,0.9,1.0,0.05,5000,1.0,1.0,3
2,90,1,standard,0.9,1.0,0.05,5000,1.0,1.0,3
2,91,1,standard,0.9,1.0,0.05,5000,1.0,1.0,3
2,92,1,standard,0.9,1.0,0.05,5000,1.0,1.0,1
2,93,1,standard,0.9,1.0,0.05,5000,1.0,1.0,4
2,94,1,standard,0.9,1.0,0.05,5000,1.0,1.0,3
2,95,1,standard,0.9,1.0,0.05,5000,1.0,1.0,3
2,96,1,standard,0.9,1.0,0.05,5000,1.0,1.0,3
2,97,1,standard,0.9,1.0,0.05,5000,1.0,1.0,3
2,98,1,standard,0.9,1.0,0.05,5000,1.0,1.0,4
2,99,1,standard,0.9,1.0,0.05,5000,1.0,1.0,3
2,100,1,standard,0.9,1.0,0.05,5000,1.0,1.0,3
2,1,1,standard,1.0,1.0,0.05,5000,1.0,1.0,1
2,2,1,standard,1.0,1.0,0.05,5000,1.0,1.0,2
2,3,1,standard,1.0,1.0,0.05,5000,1.0,1.0,3
2,4,1,standard,1.0,1.0,0.05,5000,1.0,1.0,2
2,5,1,standard,1.0,1.0,0.05,5000,1.0,1.0,4
2,6,1,standard,1.0,1.0,0.05,5000,1.0,1.0,2
2,7,1,standard,1.0,1.0,0.05,5000,1.0,1.0,1
2,8,1,standard,1.0,1.0,0.05,5000,1.0,1.0,4
2,9,1,standard,1.0,1.0,0.05,5000,1.0,1.0,4
2,10,1,standard,1.0,1.0,0.05,5000,1.0,1.0,3
2,11,1,standard,1.0,1.0,0.05,5000,1.0,1.0,4
2,12,1,standard,1.0,1.0,0.05,5000,1.0,1.0,3
2,13,1,standard,1.0,1.0,0.05,5000,1.0,1.0,3
2,14,1,standard,1.0,1.0,0.05,5000,1.0,1.0,4
2,15,1,standard,1.0,1.0,0.05,5000,1.0,1.0,3
2,16,1,standard,1.0,1.0,0.05,5000,1.0,1.0,4
2,17,1,standard,1.0,1.0,0.05,5000,1.0,1.0,3
2,18,1,standard,1.0,1.0,0.05,5000,1.0,1.0,4
2,19,1,standard,1.0,1.0,0.05,5000,1.0,1.0,4
2,20,1,standard,1.0,1.0,0.05,5000,1.0,1.0,3
2,21,1,standard,1.0,1.0,0.05,5000,1.0,1.0,4
2,22,1,standard,1.0,1.0,0.05,5000,1.0,1.0,4
2,23,1,standard,1.0,1.0,0.05,5000,1.0,1.0,3
2,24,1,standard,1.0,1.0,0.05,5000,1.0,1.0,3
2,25,1,standard,1.0,1.0,0.05,5000,1.0,1.0,3
2,26,1,standard,1.0,1.0,0.05,5000,1.0,1.0,3
2,27,1,standard,1.0,1.0,0.05,5000,1.0,1.0,3
2,28,1,standard,1.0,1.0,0.05,5000,1.0,1.0,3
2,29,1,standard,1.0,1.0,0.05,5000,1.0,1.0,2
2,30,1,standard,1.0,1.0,0.05,5000,1.0,1.0,3
2,31,1,standard,1.0,1.0,0.05,5000,1.0,1.0,3
2,32,1,standard,1.0,1.0,0.05,5000,1.0,1.0,3
2,33,1,standard,1.0,1.0,0.05,5000,1.0,1.0,3
2,34,1,standard,1.0,1.0,0.05,5000,1.0,1.0,4
2,35,1,standard,1.0,1.0,0.05,5000,1.0,1.0,3
2,36,1,standard,1.0,1.0,0.05,5000,1.0,1.0,4
2,37,1,standard,1.0,1.0,0.05,5000,1.0,1.0,3
2,38,1,standard,1.0,1.0,0.05,5000,1.0,1.0,3
2,39,1,standard,1.0,1.0,0.05,5000,1.0,1.0,3
2,40,1,standard,1.0,1.0,0.05,5000,1.0,1.0,2
2,41,1,standard,1.0,1.0,0.05,5000,1.0,1.0,2
2,42,1,standard,1.0,1.0,0.05,5000,1.0,1.0,3
2,43,1,standard,1.0,1.0,0.05,5000,1.0,1.0,4
2,44,1,standard,1.0,1.0,0.05,5000,1.0,1.0,3
2,45,1,standard,1.0,1.0,0.05,5000,1.0,1.0,4
2,46,1,standard,1.0,1.0,0.05,5000,1.0,1.0,2
2,47,1,standard,1.0,1.0,0.05,5000,1.0,1.0,4
2,48,1,standard,1.0,1.0,0.05,5000,1.0,1.0,2
2,49,1,standard,1.0,1.0,0.05,5000,1.0,1.0,4
2,50,1,standard,1.0,1.0,0.05,5000,1.0,1.0,3
2,51,1,standard,1.0,1.0,0.05,5000,1.0,1.0,2
2,52,1,standard,1.0,1.0,0.05,5000,1.0,1.0,2
2,53,1,standard,1.0,1.0,0.05,5000,1.0,1.0,4
2,54,1,standard,1.0,1.0,0.05,5000,1.0,1.0,4
2,55,1,standard,1.0,1.0,0.05,5000,1.0,1.0,4
2,56,1,standard,1.0,1.0,0.05,5000,1.0,1.0,3
2,57,1,standard,1.0,1.0,0.05,5000,1.0,1.0,4
2,58,1,standard,1.0,1.0,0.05,5000,1.0,1.0,3
2,59,1,standard,1.0,1.0,0.05,5000,1.0,1.0,2
2,60,1,standard,1.0,1.0,0.05,5000,1.0,1.0,2
2,61,1,standard,1.0,1.0,0.05,5000,1.0,1.0,3
2,62,1,standard,1.0,1.0,0.05,5000,1.0,1.0,3
2,63,1,standard,1.0,1.0,0.05,5000,1.0,1.0,4
2,64,1,standard,1.0,1.0,0.05,5000,1.0,1.0,2
2,65,1,standard,1.0,1.0,0.05,5000,1.0,1.0,3
2,66,1,standard,1.0,1.0,0.05,5000,1.0,1.0,3
2,67,1,standard,1.0,1.0,0.05,5000,1.0,1.0,3
2,68,1,standard,1.0,1.0,0.05,5000,1.0,1.0,4
2,69,1,standard,1.0,1.0,0.05,5000,1.0,1.0,3
2,70,1,standard,1.0,1.0,0.05,5000,1.0,1.0,2
2,71,1,standard,1.0,1.0,0.05,5000,1.0,1.0,2
2,72,1,standard,1.0,1.0,0.05,5000,1.0,1.0,4
2,73,1,standard,1.0,1.0,0.05,5000,1.0,1.0,1
2,74,1,standard,1.0,1.0,0.05,5000,1.0,1.0,2
2,75,1,standard,1.0,1.0,0.05,5000,1.0,1.0,3
2,76,1,standard,1.0,1.0,0.05,5000,1.0,1.0,3
2,77,1,standard,1.0,1.0,0.05,5000,1.0,1.0,2
2,78,1,standard,1.0,1.0,0.05,5000,1.0,1.0,2
2,79,1,standard,1.0,1.0,0.05,5000,1.0,1.0,4
2,80,1,standard,1.0,1.0,0.05,5000,1.0,1.0,3
2,81,1,standard,1.0,1.0,0.05,5000,1.0,1.0,2
2,82,1,standard,1.0,1.0,0.05,5000,1.0,1.0,4
2,83,1,standard,1.0,1.0,0.05,5000,1.0,1.0,2
2,84,1,standard,1.0,1.0,0.05,5000,1.0,1.0,3
2,85,1,standard,1.0,1.0,0.05,5000,1.0,1.0,3
2,86,1,standard,1.0,1.0,0.05,5000,1.0,1.0,3
2,87,1,standard,1.0,1.0,0.05,5000,1.0,1.0,3
2,88,1,standard,1.0,1.0,0.05,5000,1.0,1.0,2
2,89,1,standard,1.0,1.0,0.05,5000,1.0,1.0,3
2,90,1,standard,1.0,1.0,0.05,5000,1.0,1.0,3
2,91,1,standard,1.0,1.0,0.05,5000,1.0,1.0,3
2,92,1,standard,1.0,1.0,0.05,5000,1.0,1.0,1
2,93,1,standard,1.0,1.0,0.05,5000,1.0,1.0,4
2,94,1,standard,1.0,1.0,0.05,5000,1.0,1.0,4
2,95,1,standard,1.0,1.0,0.05,5000,1.0,1.0,3
2,96,1,standard,1.0,1.0,0.05,5000,1.0,1.0,3
2,97,1,standard,1.0,1.0,0.05,5000,1.0,1.0,3
2,98,1,standard,1.0,1.0,0.05,5000,1.0,1.0,4
2,99,1,standard,1.0,1.0,0.05,5000,1.0,1.0,3
2,100,1,standard,1.0,1.0,0.05,5000,1.0,1.0,3
3,1,1,standard,0.1,1.0,0.05,5000,1.0,1.0,14
3,2,1,standard,0.1,1.0,0.05,5000,1.0,1.0,14
3,3,1,standard,0.1,1.0,0.05,5000,1.0,1.0,26
3,4,1,standard,0.1,1.0,0.05,5000,1.0,1.0,26
3,5,1,standard,0.1,1.0,0.05,5000,1.0,1.0,10
3,6,1,standard,0.1,1.0,0.05,5000,1.0,1.0,17
3,7,1,standard,0.1,1.0,0.05,5000,1.0,1.0,27
3,8,1,standard,0.1,1.0,0.05,5000,1.0,1.0,9
3,9,1,standard,0.1,1.0,0.05,5000,1.0,1.0,61
3,10,1,standard,0.1,1.0,0.05,5000,1.0,1.0,4
3,11,1,standard,0.1,1.0,0.05,5000,1.0,1.0,34
3,12,1,standard,0.1,1.0,0.05,5000,1.0,1.0,31
3,13,1,standard,0.1,1.0,0.05,5000,1.0,1.0,10
3,14,1,standard,0.1,1.0,0.05,5000,1.0,1.0,27
3,15,1,standard,0.1,1.0,0.05,5000,1.0,1.0,18
3,16,1,standard,0.1,1.0,0.05,5000,1.0,1.0,18
3,17,1,standard,0.1,1.0,0.05,5000,1.0,1.0,25
3,18,1,standard,0.1,1.0,0.05,5000,1.0,1.0,23
3,19,1,standard,0.1,1.0,0.05,5000,1.0,1.0,37
3,20,1,standard,0.1,1.0,0.05,5000,1.0,1.0,8
3,21,1,standard,0.1,1.0,0.05,5000,1.0,1.0,26
3,22,1,standard,0.1,1.0,0.05,5000,1.0,1.0,31
3,23,1,standard,0.1,1.0,0.05,5000,1.0,1.0,27
3,24,1,standard,0.1,1.0,0.05,5000,1.0,1.0,50
3,25,1,standard,0.1,1.0,0.05,5000,1.0,1.0,27
3,26,1,standard,0.1,1.0,0.05,5000,1.0,1.0,13
3,27,1,standard,0.1,1.0,0.05,5000,1.0,1.0,13
3,28,1,standard,0.1,1.0,0.05,5000,1.0,1.0,8
3,29,1,standard,0.1,1.0,0.05,5000,1.0,1.0,15
3,30,1,standard,0.1,1.0,0.05,5000,1.0,1.0,54
3,31,1,standard,0.1,1.0,0.05,5000,1.0,1.0,32
3,32,1,standard,0.1,1.0,0.05,5000,1.0,1.0,35
3,33,1,standard,0.1,1.0,0.05,5000,1.0,1.0,35
3,34,1,standard,0.1,1.0,0.05,5000,1.0,1.0,22
3,35,1,standard,0.1,1.0,0.05,5000,1.0,1.0,44
3,36,1,standard,0.1,1.0,0.05,5000,1.0,1.0,23
3,37,1,standard,0.1,1.0,0.05,5000,1.0,1.0,21
3,38,1,standard,0.1,1.0,0.05,5000,1.0,1.0,29
3,39,1,standard,0.1,1.0,0.05,5000,1.0,1.0,20
3,40,1,standard,0.1,1.0,0.05,5000,1.0,1.0,47
3,41,1,standard,0.1,1.0,0.05,5000,1.0,1.0,30
3,42,1,standard,0.1,1.0,0.05,5000,1.0,1.0,21
3,43,1,standard,0.1,1.0,0.05,5000,1.0,1.0,15
3,44,1,standard,0.1,1.0,0.05,5000,1.0,1.0,37
3,45,1,standard,0.1,1.0,0.05,5000,1.0,1.0,10
3,46,1,standard,0.1,1.0,0.05,5000,1.0,1.0,39
3,47,1,standard,0.1,1.0,0.05,5000,1.0,1.0,24
3,48,1,standard,0.1,1.0,0.05,5000,1.0,1.0,20
3,49,1,standard,0.1,1.0,0.05,5000,1.0,1.0,20
3,50,1,standard,0.1,1.0,0.05,5000,1.0,1.0,36
3,51,1,standard,0.1,1.0,0.05,5000,1.0,1.0,28
3,52,1,standard,0.1,1.0,0.05,5000,1.0,1.0,35
3,53,1,standard,0.1,1.0,0.05,5000,1.0,1.0,25
3,54,1,standard,0.1,1.0,0.05,5000,1.0,1.0,33
3,55,1,standard,0.1,1.0,0.05,5000,1.0,1.0,35
3,56,1,standard,0.1,1.0,0.05,5000,1.0,1.0,18
3,57,1,standard,0.1,1.0,0.05,5000,1.0,1.0,23
3,58,1,standard,0.1,1.0,0.05,5000,1.0,1.0,20
3,59,1,standard,0.1,1.0,0.05,5000,1.0,1.0,10
3,60,1,standard,0.1,1.0,0.05,5000,1.0,1.0,37
3,61,1,standard,0.1,1.0,0.05,5000,1.0,1.0,36
3,62,1,standard,0.1,1.0,0.05,5000,1.0,1.0,20
3,63,1,standard,0.1,1.0,0.05,5000,1.0,1.0,13
3,64,1,standard,0.1,1.0,0.05,5000,1.0,1.0,28
3,65,1,standard,0.1,1.0,0.05,5000,1.0,1.0,22
3,66,1,standard,0.1,1.0,0.05,5000,1.0,1.0,54
3,67,1,standard,0.1,1.0,0.05,5000,1.0,1.0,16
3,68,1,standard,0.1,1.0,0.05,5000,1.0,1.0,37
3,69,1,standard,0.1,1.0,0.05,5000,1.0,1.0,13
3,70,1,standard,0.1,1.0,0.05,5000,1.0,1.0,14
3,71,1,standard,0.1,1.0,0.05,5000,1.0,1.0,11
3,72,1,standard,0.1,1.0,0.05,5000,1.0,1.0,10
3,73,1,standard,0.1,1.0,0.05,5000,1.0,1.0,10
3,74,1,standard,0.1,1.0,0.05,5000,1.0,1.0,3
3,75,1,standard,0.1,1.0,0.05,5000,1.0,1.0,5
3,76,1,standard,0.1,1.0,0.05,5000,1.0,1.0,17
3,77,1,standard,0.1,1.0,0.05,5000,1.0,1.0,7
3,78,1,standard,0.1,1.0,0.05,5000,1.0,1.0,4
3,79,1,standard,0.1,1.0,0.05,5000,1.0,1.0,48
3,80,1,standard,0.1,1.0,0.05,5000,1.0,1.0,50
3,81,1,standard,0.1,1.0,0.05,5000,1.0,1.0,3
3,82,1,standard,0.1,1.0,0.05,5000,1.0,1.0,21
3,83,1,standard,0.1,1.0,0.05,5000,1.0,1.0,19
3,84,1,standard,0.1,1.0,0.05,5000,1.0,1.0,43
3,85,1,standard,0.1,1.0,0.05,5000,1.0,1.0,56
3,86,1,standard,0.1,1.0,0.05,5000,1.0,1.0,7
3,87,1,standard,0.1,1.0,0.05,5000,1.0,1.0,42
3,88,1,standard,0.1,1.0,0.05,5000,1.0,1.0,37
3,89,1,standard,0.1,1.0,0.05,5000,1.0,1.0,32
3,90,1,standard,0.1,1.0,0.05,5000,1.0,1.0,20
3,91,1,standard,0.1,1.0,0.05,5000,1.0,1.0,7
3,92,1,standard,0.1,1.0,0.05,5000,1.0,1.0,3
3,93,1,standard,0.1,1.0,0.05,5000,1.0,1.0,39
3,94,1,standard,0.1,1.0,0.05,5000,1.0,1.0,24
3,95,1,standard,0.1,1.0,0.05,5000,1.0,1.0,19
3,96,1,standard,0.1,1.0,0.05,5000,1.0,1.0,9
3,97,1,standard,0.1,1.0,0.05,5000,1.0,1.0,66
3,98,1,standard,0.1,1.0,0.05,5000,1.0,1.0,68
3,99,1,standard,0.1,1.0,0.05,5000,1.0,1.0,14
3,100,1,standard,0.1,1.0,0.05,5000,1.0,1.0,38
3,1,1,standard,0.2,1.0,0.05,5000,1.0,1.0,5
3,2,1,standard,0.2,1.0,0.05,5000,1.0,1.0,8
3,3,1,standard,0.2,1.0,0.05,5000,1.0,1.0,14
3,4,1,standard,0.2,1.0,0.05,5000,1.0,1.0,15
3,5,1,standard,0.2,1.0,0.05,5000,1.0,1.0,9
3,6,1,standard,0.2,1.0,0.05,5000,1.0,1.0,16
3,7,1,standard,0.2,1.0,0.05,5000,1.0,1.0,11
3,8,1,standard,0.2,1.0,0.05,5000,1.0,1.0,7
3,9,1,standard,0.2,1.0,0.05,5000,1.0,1.0,16
3,10,1,standard,0.2,1.0,0.05,5000,1.0,1.0,9
3,11,1,standard,0.2,1.0,0.05,5000,1.0,1.0,15
3,12,1,standard,0.2,1.0,0.05,5000,1.0,1.0,17
3,13,1,standard,0.2,1.0,0.05,5000,1.0,1.0,14
3,14,1,standard,0.2,1.0,0.05,5000,1.0,1.0,12
3,15,1,standard,0.2,1.0,0.05,5000,1.0,1.0,17
3,16,1,standard,0.2,1.0,0.05,5000,1.0,1.0,8
3,17,1,standard,0.2,1.0,0.05,5000,1.0,1.0,10
3,18,1,standard,0.2,1.0,0.05,5000,1.0,1.0,6
3,19,1,standard,0.2,1.0,0.05,5000,1.0,1.0,13
3,20,1,standard,0.2,1.0,0.05,5000,1.0,1.0,5
3,21,1,standard,0.2,1.0,0.05,5000,1.0,1.0,15
3,22,1,standard,0.2,1.0,0.05,5000,1.0,1.0,17
3,23,1,standard,0.2,1.0,0.05,5000,1.0,1.0,6
3,24,1,standard,0.2,1.0,0.05,5000,1.0,1.0,11
3,25,1,standard,0.2,1.0,0.05,5000,1.0,1.0,5
3,26,1,standard,0.2,1.0,0.05,5000,1.0,1.0,12
3,27,1,standard,0.2,1.0,0.05,5000,1.0,1.0,6
3,28,1,standard,0.2,1.0,0.05,5000,1.0,1.0,6
3,29,1,standard,0.2,1.0,0.05,5000,1.0,1.0,6
3,30,1,standard,0.2,1.0,0.05,5000,1.0,1.0,29
3,31,1,standard,0.2,1.0,0.05,5000,1.0,1.0,14
3,32,1,standard,0.2,1.0,0.05,5000,1.0,1.0,16
3,33,1,standard,0.2,1.0,0.05,5000,1.0,1.0,8
3,34,1,standard,0.2,1.0,0.05,5000,1.0,1.0,15
3,35,1,standard,0.2,1.0,0.05,5000,1.0,1.0,10
3,36,1,standard,0.2,1.0,0.05,5000,1.0,1.0,13
3,37,1,standard,0.2,1.0,0.05,5000,1.0,1.0,11
3,38,1,standard,0.2,1.0,0.05,5000,1.0,1.0,7
3,39,1,standard,0.2,1.0,0.05,5000,1.0,1.0,8
3,40,1,standard,0.2,1.0,0.05,5000,1.0,1.0,19
3,41,1,standard,0.2,1.0,0.05,5000,1.0,1.0,22
3,42,1,standard,0.2,1.0,0.05,5000,1.0,1.0,15
3,43,1,standard,0.2,1.0,0.05,5000,1.0,1.0,9
3,44,1,standard,0.2,1.0,0.05,5000,1.0,1.0,19
3,45,1,standard,0.2,1.0,0.05,5000,1.0,1.0,31
3,46,1,standard,0.2,1.0,0.05,5000,1.0,1.0,13
3,47,1,standard,0.2,1.0,0.05,5000,1.0,1.0,10
3,48,1,standard,0.2,1.0,0.05,5000,1.0,1.0,18
3,49,1,standard,0.2,1.0,0.05,5000,1.0,1.0,15
3,50,1,standard,0.2,1.0,0.05,5000,1.0,1.0,20
3,51,1,standard,0.2,1.0,0.05,5000,1.0,1.0,22
3,52,1,standard,0.2,1.0,0.05,5000,1.0,1.0,9
3,53,1,standard,0.2,1.0,0.05,5000,1.0,1.0,16
3,54,1,standard,0.2,1.0,0.05,5000,1.0,1.0,13
3,55,1,standard,0.2,1.0,0.05,5000,1.0,1.0,20
3,56,1,standard,0.2,1.0,0.05,5000,1.0,1.0,15
3,57,1,standard,0.2,1.0,0.05,5000,1.0,1.0,4
3,58,1,standard,0.2,1.0,0.05,5000,1.0,1.0,4
3,59,1,standard,0.2,1.0,0.05,5000,1.0,1.0,11
3,60,1,standard,0.2,1.0,0.05,5000,1.0,1.0,4
3,61,1,standard,0.2,1.0,0.05,5000,1.0,1.0,14
3,62,1,standard,0.2,1.0,0.05,5000,1.0,1.0,21
3,63,1,standard,0.2,1.0,0.05,5000,1.0,1.0,10
3,64,1,standard,0.2,1.0,0.05,5000,1.0,1.0,6
3,65,1,standard,0.2,1.0,0.05,5000,1.0,1.0,7
3,66,1,standard,0.2,1.0,0.05,5000,1.0,1.0,14
3,67,1,standard,0.2,1.0,0.05,5000,1.0,1.0,4
3,68,1,standard,0.2,1.0,0.05,5000,1.0,1.0,15
3,69,1,standard,0.2,1.0,0.05,5000,1.0,1.0,11
3,70,1,standard,0.2,1.0,0.05,5000,1.0,1.0,16
3,71,1,standard,0.2,1.0,0.05,5000,1.0,1.0,7
3,72,1,standard,0.2,1.0,0.05,5000,1.0,1.0,16
3,73,1,standard,0.2,1.0,0.05,5000,1.0,1.0,19
3,74,1,standard,0.2,1.0,0.05,5000,1.0,1.0,9
3,75,1,standard,0.2,1.0,0.05,5000,1.0,1.0,20
3,76,1,standard,0.2,1.0,0.05,5000,1.0,1.0,8
3,77,1,standard,0.2,1.0,0.05,5000,1.0,1.0,11
3,78,1,standard,0.2,1.0,0.05,5000,1.0,1.0,4
3,79,1,standard,0.2,1.0,0.05,5000,1.0,1.0,25
3,80,1,standard,0.2,1.0,0.05,5000,1.0,1.0,15
3,81,1,standard,0.2,1.0,0.05,5000,1.0,1.0,5
3,82,1,standard,0.2,1.0,0.05,5000,1.0,1.0,10
3,83,1,standard,0.2,1.0,0.05,5000,1.0,1.0,23
3,84,1,standard,0.2,1.0,0.05,5000,1.0,1.0,12
3,85,1,standard,0.2,1.0,0.05,5000,1.0,1.0,20
3,86,1,standard,0.2,1.0,0.05,5000,1.0,1.0,24
3,87,1,standard,0.2,1.0,0.05,5000,1.0,1.0,3
3,88,1,standard,0.2,1.0,0.05,5000,1.0,1.0,16
3,89,1,standard,0.2,1.0,0.05,5000,1.0,1.0,14
3,90,1,standard,0.2,1.0,0.05,5000,1.0,1.0,20
3,91,1,standard,0.2,1.0,0.05,5000,1.0,1.0,19
3,92,1,standard,0.2,1.0,0.05,5000,1.0,1.0,7
3,93,1,standard,0.2,1.0,0.05,5000,1.0,1.0,28
3,94,1,standard,0.2,1.0,0.05,5000,1.0,1.0,10
3,95,1,standard,0.2,1.0,0.05,5000,1.0,1.0,8
3,96,1,standard,0.2,1.0,0.05,5000,1.0,1.0,9
3,97,1,standard,0.2,1.0,0.05,5000,1.0,1.0,25
3,98,1,standard,0.2,1.0,0.05,5000,1.0,1.0,15
3,99,1,standard,0.2,1.0,0.05,5000,1.0,1.0,4
3,100,1,standard,0.2,1.0,0.05,5000,1.0,1.0,17
3,1,1,standard,0.3,1.0,0.05,5000,1.0,1.0,5
3,2,1,standard,0.3,1.0,0.05,5000,1.0,1.0,8
3,3,1,standard,0.3,1.0,0.05,5000,1.0,1.0,12
3,4,1,standard,0.3,1.0,0.05,5000,1.0,1.0,9
3,5,1,standard,0.3,1.0,0.05,5000,1.0,1.0,5
3,6,1,standard,0.3,1.0,0.05,5000,1.0,1.0,7
3,7,1,standard,0.3,1.0,0.05,5000,1.0,1.0,10
3,8,1,standard,0.3,1.0,0.05,5000,1.0,1.0,17
3,9,1,standard,0.3,1.0,0.05,5000,1.0,1.0,8
3,10,1,standard,0.3,1.0,0.05,5000,1.0,1.0,9
3,11,1,standard,0.3,1.0,0.05,5000,1.0,1.0,5
3,12,1,standard,0.3,1.0,0.05,5000,1.0,1.0,3
3,13,1,standard,0.3,1.0,0.05,5000,1.0,1.0,15
3,14,1,standard,0.3,1.0,0.05,5000,1.0,1.0,12
3,15,1,standard,0.3,1.0,0.05,5000,1.0,1.0,11
3,16,1,standard,0.3,1.0,0.05,5000,1.0,1.0,12
3,17,1,standard,0.3,1.0,0.05,5000,1.0,1.0,8
3,18,1,standard,0.3,1.0,0.05,5000,1.0,1.0,10
3,19,1,standard,0.3,1.0,0.05,5000,1.0,1.0,10
3,20,1,standard,0.3,1.0,0.05,5000,1.0,1.0,9
3,21,1,standard,0.3,1.0,0.05,5000,1.0,1.0,9
3,22,1,standard,0.3,1.0,0.05,5000,1.0,1.0,12
3,23,1,standard,0.3,1.0,0.05,5000,1.0,1.0,8
3,24,1,standard,0.3,1.0,0.05,5000,1.0,1.0,8
3,25,1,standard,0.3,1.0,0.05,5000,1.0,1.0,12
3,26,1,standard,0.3,1.0,0.05,5000,1.0,1.0,4
3,27,1,standard,0.3,1.0,0.05,5000,1.0,1.0,10
3,28,1,standard,0.3,1.0,0.05,5000,1.0,1.0,19
3,29,1,standard,0.3,1.0,0.05,5000,1.0,1.0,3
3,30,1,standard,0.3,1.0,0.05,5000,1.0,1.0,16
3,31,1,standard,0.3,1.0,0.05,5000,1.0,1.0,6
3,32,1,standard,0.3,1.0,0.05,5000,1.0,1.0,7
3,33,1,standard,0.3,1.0,0.05,5000,1.0,1.0,8
3,34,1,standard,0.3,1.0,0.05,5000,1.0,1.0,9
3,35,1,standard,0.3,1.0,0.05,5000,1.0,1.0,13
3,36,1,standard,0.3,1.0,0.05,5000,1.0,1.0,10
3,37,1,standard,0.3,1.0,0.05,5000,1.0,1.0,8
3,38,1,standard,0.3,1.0,0.05,5000,1.0,1.0,12
3,39,1,standard,0.3,1.0,0.05,5000,1.0,1.0,13
3,40,1,standard,0.3,1.0,0.05,5000,1.0,1.0,8
3,41,1,standard,0.3,1.0,0.05,5000,1.0,1.0,9
3,42,1,standard,0.3,1.0,0.05,5000,1.0,1.0,9
3,43,1,standard,0.3,1.0,0.05,5000,1.0,1.0,8
3,44,1,standard,0.3,1.0,0.05,5000,1.0,1.0,12
3,45,1,standard,0.3,1.0,0.05,5000,1.0,1.0,4
3,46,1,standard,0.3,1.0,0.05,5000,1.0,1.0,6
3,47,1,standard,0.3,1.0,0.05,5000,1.0,1.0,10
3,48,1,standard,0.3,1.0,0.05,5000,1.0,1.0,11
3,49,1,standard,0.3,1.0,0.05,5000,1.0,1.0,22
3,50,1,standard,0.3,1.0,0.05,5000,1.0,1.0,16
3,51,1,standard,0.3,1.0,0.05,5000,1.0,1.0,6
3,52,1,standard,0.3,1.0,0.05,5000,1.0,1.0,2
3,53,1,standard,0.3,1.0,0.05,5000,1.0,1.0,11
3,54,1,standard,0.3,1.0,0.05,5000,1.0,1.0,17
3,55,1,standard,0.3,1.0,0.05,5000,1.0,1.0,3
3,56,1,standard,0.3,1.0,0.05,5000,1.0,1.0,10
3,57,1,standard,0.3,1.0,0.05,5000,1.0,1.0,2
3,58,1,standard,0.3,1.0,0.05,5000,1.0,1.0,6
3,59,1,standard,0.3,1.0,0.05,5000,1.0,1.0,9
3,60,1,standard,0.3,1.0,0.05,5000,1.0,1.0,11
3,61,1,standard,0.3,1.0,0.05,5000,1.0,1.0,10
3,62,1,standard,0.3,1.0,0.05,5000,1.0,1.0,6
3,63,1,standard,0.3,1.0,0.05,5000,1.0,1.0,3
3,64,1,standard,0.3,1.0,0.05,5000,1.0,1.0,12
3,65,1,standard,0.3,1.0,0.05,5000,1.0,1.0,9
3,66,1,standard,0.3,1.0,0.05,5000,1.0,1.0,3
3,67,1,standard,0.3,1.0,0.05,5000,1.0,1.0,7
3,68,1,standard,0.3,1.0,0.05,5000,1.0,1.0,8
3,69,1,standard,0.3,1.0,0.05,5000,1.0,1.0,4
3,70,1,standard,0.3,1.0,0.05,5000,1.0,1.0,10
3,71,1,standard,0.3,1.0,0.05,5000,1.0,1.0,9
3,72,1,standard,0.3,1.0,0.05,5000,1.0,1.0,5
3,73,1,standard,0.3,1.0,0.05,5000,1.0,1.0,4
3,74,1,standard,0.3,1.0,0.05,5000,1.0,1.0,9
3,75,1,standard,0.3,1.0,0.05,5000,1.0,1.0,4
3,76,1,standard,0.3,1.0,0.05,5000,1.0,1.0,10
3,77,1,standard,0.3,1.0,0.05,5000,1.0,1.0,9
3,78,1,standard,0.3,1.0,0.05,5000,1.0,1.0,3
3,79,1,standard,0.3,1.0,0.05,5000,1.0,1.0,8
3,80,1,standard,0.3,1.0,0.05,5000,1.0,1.0,5
3,81,1,standard,0.3,1.0,0.05,5000,1.0,1.0,5
3,82,1,standard,0.3,1.0,0.05,5000,1.0,1.0,11
3,83,1,standard,0.3,1.0,0.05,5000,1.0,1.0,2
3,84,1,standard,0.3,1.0,0.05,5000,1.0,1.0,5
3,85,1,standard,0.3,1.0,0.05,5000,1.0,1.0,12
3,86,1,standard,0.3,1.0,0.05,5000,1.0,1.0,7
3,87,1,standard,0.3,1.0,0.05,5000,1.0,1.0,12
3,88,1,standard,0.3,1.0,0.05,5000,1.0,1.0,8
3,89,1,standard,0.3,1.0,0.05,5000,1.0,1.0,10
3,90,1,standard,0.3,1.0,0.05,5000,1.0,1.0,9
3,91,1,standard,0.3,1.0,0.05,5000,1.0,1.0,9
3,92,1,standard,0.3,1.0,0.05,5000,1.0,1.0,8
3,93,1,standard,0.3,1.0,0.05,5000,1.0,1.0,12
3,94,1,standard,0.3,1.0,0.05,5000,1.0,1.0,9
3,95,1,standard,0.3,1.0,0.05,5000,1.0,1.0,4
3,96,1,standard,0.3,1.0,0.05,5000,1.0,1.0,4
3,97,1,standard,0.3,1.0,0.05,5000,1.0,1.0,11
3,98,1,standard,0.3,1.0,0.05,5000,1.0,1.0,7
3,99,1,standard,0.3,1.0,0.05,5000,1.0,1.0,8
3,100,1,standard,0.3,1.0,0.05,5000,1.0,1.0,9
3,1,1,standard,0.4,1.0,0.05,5000,1.0,1.0,2
3,2,1,standard,0.4,1.0,0.05,5000,1.0,1.0,7
3,3,1,standard,0.4,1.0,0.05,5000,1.0,1.0,7
3,4,1,standard,0.4,1.0,0.05,5000,1.0,1.0,4
3,5,1,standard,0.4,1.0,0.05,5000,1.0,1.0,5
3,6,1,standard,0.4,1.0,0.05,5000,1.0,1.0,8
3,7,1,standard,0.4,1.0,0.05,5000,1.0,1.0,6
3,8,1,standard,0.4,1.0,0.05,5000,1.0,1.0,9
3,9,1,standard,0.4,1.0,0.05,5000,1.0,1.0,5
3,10,1,standard,0.4,1.0,0.05,5000,1.0,1.0,2
3,11,1,standard,0.4,1.0,0.05,5000,1.0,1.0,6
3,12,1,standard,0.4,1.0,0.05,5000,1.0,1.0,5
3,13,1,standard,0.4,1.0,0.05,5000,1.0,1.0,9
3,14,1,standard,0.4,1.0,0.05,5000,1.0,1.0,7
3,15,1,standard,0.4,1.0,0.05,5000,1.0,1.0,9
3,16,1,standard,0.4,1.0,0.05,5000,1.0,1.0,3
3,17,1,standard,0.4,1.0,0.05,5000,1.0,1.0,14
3,18,1,standard,0.4,1.0,0.05,5000,1.0,1.0,7
3,19,1,standard,0.4,1.0,0.05,5000,1.0,1.0,9
3,20,1,standard,0.4,1.0,0.05,5000,1.0,1.0,7
3,21,1,standard,0.4,1.0,0.05,5000,1.0,1.0,9
3,22,1,standard,0.4,1.0,0.05,5000,1.0,1.0,7
3,23,1,standard,0.4,1.0,0.05,5000,1.0,1.0,4
3,24,1,standard,0.4,1.0,0.05,5000,1.0,1.0,5
3,25,1,standard,0.4,1.0,0.05,5000,1.0,1.0,12
3,26,1,standard,0.4,1.0,0.05,5000,1.0,1.0,4
3,27,1,standard,0.4,1.0,0.05,5000,1.0,1.0,8
3,28,1,standard,0.4,1.0,0.05,5000,1.0,1.0,7
3,29,1,standard,0.4,1.0,0.05,5000,1.0,1.0,4
3,30,1,standard,0.4,1.0,0.05,5000,1.0,1.0,7
3,31,1,standard,0.4,1.0,0.05,5000,1.0,1.0,6
3,32,1,standard,0.4,1.0,0.05,5000,1.0,1.0,5
3,33,1,standard,0.4,1.0,0.05,5000,1.0,1.0,9
3,34,1,standard,0.4,1.0,0.05,5000,1.0,1.0,20
3,35,1,standard,0.4,1.0,0.05,5000,1.0,1.0,5
3,36,1,standard,0.4,1.0,0.05,5000,1.0,1.0,5
3,37,1,standard,0.4,1.0,0.05,5000,1.0,1.0,8
3,38,1,standard,0.4,1.0,0.05,5000,1.0,1.0,3
3,39,1,standard,0.4,1.0,0.05,5000,1.0,1.0,6
3,40,1,standard,0.4,1.0,0.05,5000,1.0,1.0,3
3,41,1,standard,0.4,1.0,0.05,5000,1.0,1.0,4
3,42,1,standard,0.4,1.0,0.05,5000,1.0,1.0,7
3,43,1,standard,0.4,1.0,0.05,5000,1.0,1.0,3
3,44,1,standard,0.4,1.0,0.05,5000,1.0,1.0,12
3,45,1,standard,0.4,1.0,0.05,5000,1.0,1.0,9
3,46,1,standard,0.4,1.0,0.05,5000,1.0,1.0,4
3,47,1,standard,0.4,1.0,0.05,5000,1.0,1.0,3
3,48,1,standard,0.4,1.0,0.05,5000,1.0,1.0,12
3,49,1,standard,0.4,1.0,0.05,5000,1.0,1.0,7
3,50,1,standard,0.4,1.0,0.05,5000,1.0,1.0,6
3,51,1,standard,0.4,1.0,0.05,5000,1.0,1.0,8
3,52,1,standard,0.4,1.0,0.05,5000,1.0,1.0,2
3,53,1,standard,0.4,1.0,0.05,5000,1.0,1.0,8
3,54,1,standard,0.4,1.0,0.05,5000,1.0,1.0,10
3,55,1,standard,0.4,1.0,0.05,5000,1.0,1.0,5
3,56,1,standard,0.4,1.0,0.05,5000,1.0,1.0,8
3,57,1,standard,0.4,1.0,0.05,5000,1.0,1.0,9
3,58,1,standard,0.4,1.0,0.05,5000,1.0,1.0,13
3,59,1,standard,0.4,1.0,0.05,5000,1.0,1.0,9
3,60,1,standard,0.4,1.0,0.05,5000,1.0,1.0,5
3,61,1,standard,0.4,1.0,0.05,5000,1.0,1.0,8
3,62,1,standard,0.4,1.0,0.05,5000,1.0,1.0,3
3,63,1,standard,0.4,1.0,0.05,5000,1.0,1.0,5
3,64,1,standard,0.4,1.0,0.05,5000,1.0,1.0,7
3,65,1,standard,0.4,1.0,0.05,5000,1.0,1.0,4
3,66,1,standard,0.4,1.0,0.05,5000,1.0,1.0,4
3,67,1,standard,0.4,1.0,0.05,5000,1.0,1.0,5
3,68,1,standard,0.4,1.0,0.05,5000,1.0,1.0,3
3,69,1,standard,0.4,1.0,0.05,5000,1.0,1.0,7
3,70,1,standard,0.4,1.0,0.05,5000,1.0,1.0,9
3,71,1,standard,0.4,1.0,0.05,5000,1.0,1.0,13
3,72,1,standard,0.4,1.0,0.05,5000,1.0,1.0,6
3,73,1,standard,0.4,1.0,0.05,5000,1.0,1.0,2
3,74,1,standard,0.4,1.0,0.05,5000,1.0,1.0,4
3,75,1,standard,0.4,1.0,0.05,5000,1.0,1.0,8
3,76,1,standard,0.4,1.0,0.05,5000,1.0,1.0,6
3,77,1,standard,0.4,1.0,0.05,5000,1.0,1.0,11
3,78,1,standard,0.4,1.0,0.05,5000,1.0,1.0,4
3,79,1,standard,0.4,1.0,0.05,5000,1.0,1.0,3
3,80,1,standard,0.4,1.0,0.05,5000,1.0,1.0,14
3,81,1,standard,0.4,1.0,0.05,5000,1.0,1.0,3
3,82,1,standard,0.4,1.0,0.05,5000,1.0,1.0,13
3,83,1,standard,0.4,1.0,0.05,5000,1.0,1.0,6
3,84,1,standard,0.4,1.0,0.05,5000,1.0,1.0,6
3,85,1,standard,0.4,1.0,0.05,5000,1.0,1.0,9
3,86,1,standard,0.4,1.0,0.05,5000,1.0,1.0,11
3,87,1,standard,0.4,1.0,0.05,5000,1.0,1.0,7
3,88,1,standard,0.4,1.0,0.05,5000,1.0,1.0,13
3,89,1,standard,0.4,1.0,0.05,5000,1.0,1.0,7
3,90,1,standard,0.4,1.0,0.05,5000,1.0,1.0,9
3,91,1,standard,0.4,1.0,0.05,5000,1.0,1.0,6
3,92,1,standard,0.4,1.0,0.05,5000,1.0,1.0,6
3,93,1,standard,0.4,1.0,0.05,5000,1.0,1.0,6
3,94,1,standard,0.4,1.0,0.05,5000,1.0,1.0,6
3,95,1,standard,0.4,1.0,0.05,5000,1.0,1.0,5
3,96,1,standard,0.4,1.0,0.05,5000,1.0,1.0,3
3,97,1,standard,0.4,1.0,0.05,5000,1.0,1.0,5
3,98,1,standard,0.4,1.0,0.05,5000,1.0,1.0,5
3,99,1,standard,0.4,1.0,0.05,5000,1.0,1.0,7
3,100,1,standard,0.4,1.0,0.05,5000,1.0,1.0,7
3,1,1,standard,0.5,1.0,0.05,5000,1.0,1.0,4
3,2,1,standard,0.5,1.0,0.05,5000,1.0,1.0,6
3,3,1,standard,0.5,1.0,0.05,5000,1.0,1.0,6
3,4,1,standard,0.5,1.0,0.05,5000,1.0,1.0,3
3,5,1,standard,0.5,1.0,0.05,5000,1.0,1.0,9
3,6,1,standard,0.5,1.0,0.05,5000,1.0,1.0,7
3,7,1,standard,0.5,1.0,0.05,5000,1.0,1.0,2
3,8,1,standard,0.5,1.0,0.05,5000,1.0,1.0,6
3,9,1,standard,0.5,1.0,0.05,5000,1.0,1.0,4
3,10,1,standard,0.5,1.0,0.05,5000,1.0,1.0,5
3,11,1,standard,0.5,1.0,0.05,5000,1.0,1.0,6
3,12,1,standard,0.5,1.0,0.05,5000,1.0,1.0,9
3,13,1,standard,0.5,1.0,0.05,5000,1.0,1.0,4
3,14,1,standard,0.5,1.0,0.05,5000,1.0,1.0,6
3,15,1,standard,0.5,1.0,0.05,5000,1.0,1.0,8
3,16,1,standard,0.5,1.0,0.05,5000,1.0,1.0,10
3,17,1,standard,0.5,1.0,0.05,5000,1.0,1.0,6
3,18,1,standard,0.5,1.0,0.05,5000,1.0,1.0,8
3,19,1,standard,0.5,1.0,0.05,5000,1.0,1.0,6
3,20,1,standard,0.5,1.0,0.05,5000,1.0,1.0,5
3,21,1,standard,0.5,1.0,0.05,5000,1.0,1.0,17
3,22,1,standard,0.5,1.0,0.05,5000,1.0,1.0,14
3,23,1,standard,0.5,1.0,0.05,5000,1.0,1.0,4
3,24,1,standard,0.5,1.0,0.05,5000,1.0,1.0,5
3,25,1,standard,0.5,1.0,0.05,5000,1.0,1.0,5
3,26,1,standard,0.5,1.0,0.05,5000,1.0,1.0,6
3,27,1,standard,0.5,1.0,0.05,5000,1.0,1.0,5
3,28,1,standard,0.5,1.0,0.05,5000,1.0,1.0,4
3,29,1,standard,0.5,1.0,0.05,5000,1.0,1.0,2
3,30,1,standard,0.5,1.0,0.05,5000,1.0,1.0,5
3,31,1,standard,0.5,1.0,0.05,5000,1.0,1.0,12
3,32,1,standard,0.5,1.0,0.05,5000,1.0,1.0,5
3,33,1,standard,0.5,1.0,0.05,5000,1.0,1.0,8
3,34,1,standard,0.5,1.0,0.05,5000,1.0,1.0,8
3,35,1,standard,0.5,1.0,0.05,5000,1.0,1.0,4
3,36,1,standard,0.5,1.0,0.05,5000,1.0,1.0,8
3,37,1,standard,0.5,1.0,0.05,5000,1.0,1.0,8
3,38,1,standard,0.5,1.0,0.05,5000,1.0,1.0,5
3,39,1,standard,0.5,1.0,0.05,5000,1.0,1.0,4
3,40,1,standard,0.5,1.0,0.05,5000,1.0,1.0,3
3,41,1,standard,0.5,1.0,0.05,5000,1.0,1.0,9
3,42,1,standard,0.5,1.0,0.05,5000,1.0,1.0,5
3,43,1,standard,0.5,1.0,0.05,5000,1.0,1.0,4
3,44,1,standard,0.5,1.0,0.05,5000,1.0,1.0,7
3,45,1,standard,0.5,1.0,0.05,5000,1.0,1.0,11
3,46,1,standard,0.5,1.0,0.05,5000,1.0,1.0,9
3,47,1,standard,0.5,1.0,0.05,5000,1.0,1.0,7
3,48,1,standard,0.5,1.0,0.05,5000,1.0,1.0,5
3,49,1,standard,0.5,1.0,0.05,5000,1.0,1.0,8
3,50,1,standard,0.5,1.0,0.05,5000,1.0,1.0,6
3,51,1,standard,0.5,1.0,0.05,5000,1.0,1.0,5
3,52,1,standard,0.5,1.0,0.05,5000,1.0,1.0,2
3,53,1,standard,0.5,1.0,0.05,5000,1.0,1.0,4
3,54,1,standard,0.5,1.0,0.05,5000,1.0,1.0,12
3,55,1,standard,0.5,1.0,0.05,5000,1.0,1.0,8
3,56,1,standard,0.5,1.0,0.05,5000,1.0,1.0,4
3,57,1,standard,0.5,1.0,0.05,5000,1.0,1.0,4
3,58,1,standard,0.5,1.0,0.05,5000,1.0,1.0,6
3,59,1,standard,0.5,1.0,0.05,5000,1.0,1.0,5
3,60,1,standard,0.5,1.0,0.05,5000,1.0,1.0,4
3,61,1,standard,0.5,1.0,0.05,5000,1.0,1.0,4
3,62,1,standard,0.5,1.0,0.05,5000,1.0,1.0,4
3,63,1,standard,0.5,1.0,0.05,5000,1.0,1.0,4
3,64,1,standard,0.5,1.0,0.05,5000,1.0,1.0,4
3,65,1,standard,0.5,1.0,0.05,5000,1.0,1.0,7
3,66,1,standard,0.5,1.0,0.05,5000,1.0,1.0,4
3,67,1,standard,0.5,1.0,0.05,5000,1.0,1.0,3
3,68,1,standard,0.5,1.0,0.05,5000,1.0,1.0,6
3,69,1,standard,0.5,1.0,0.05,5000,1.0,1.0,3
3,70,1,standard,0.5,1.0,0.05,5000,1.0,1.0,3
3,71,1,standard,0.5,1.0,0.05,5000,1.0,1.0,4
3,72,1,standard,0.5,1.0,0.05,5000,1.0,1.0,4
3,73,1,standard,0.5,1.0,0.05,5000,1.0,1.0,4
3,74,1,standard,0.5,1.0,0.05,5000,1.0,1.0,3
3,75,1,standard,0.5,1.0,0.05,5000,1.0,1.0,5
3,76,1,standard,0.5,1.0,0.05,5000,1.0,1.0,4
3,77,1,standard,0.5,1.0,0.05,5000,1.0,1.0,5
3,78,1,standard,0.5,1.0,0.05,5000,1.0,1.0,3
3,79,1,standard,0.5,1.0,0.05,5000,1.0,1.0,6
3,80,1,standard,0.5,1.0,0.05,5000,1.0,1.0,6
3,81,1,standard,0.5,1.0,0.05,5000,1.0,1.0,2
3,82,1,standard,0.5,1.0,0.05,5000,1.0,1.0,6
3,83,1,standard,0.5,1.0,0.05,5000,1.0,1.0,5
3,84,1,standard,0.5,1.0,0.05,5000,1.0,1.0,11
3,85,1,standard,0.5,1.0,0.05,5000,1.0,1.0,3
3,86,1,standard,0.5,1.0,0.05,5000,1.0,1.0,8
3,87,1,standard,0.5,1.0,0.05,5000,1.0,1.0,3
3,88,1,standard,0.5,1.0,0.05,5000,1.0,1.0,5
3,89,1,standard,0.5,1.0,0.05,5000,1.0,1.0,11
3,90,1,standard,0.5,1.0,0.05,5000,1.0,1.0,13
3,91,1,standard,0.5,1.0,0.05,5000,1.0,1.0,9
3,92,1,standard,0.5,1.0,0.05,5000,1.0,1.0,4
3,93,1,standard,0.5,1.0,0.05,5000,1.0,1.0,7
3,94,1,standard,0.5,1.0,0.05,5000,1.0,1.0,4
3,95,1,standard,0.5,1.0,0.05,5000,1.0,1.0,5
3,96,1,standard,0.5,1.0,0.05,5000,1.0,1.0,5
3,97,1,standard,0.5,1.0,0.05,5000,1.0,1.0,6
3,98,1,standard,0.5,1.0,0.05,5000,1.0,1.0,4
3,99,1,standard,0.5,1.0,0.05,5000,1.0,1.0,7
3,100,1,standard,0.5,1.0,0.05,5000,1.0,1.0,5
3,1,1,standard,0.6,1.0,0.05,5000,1.0,1.0,2
3,2,1,standard,0.6,1.0,0.05,5000,1.0,1.0,3
3,3,1,standard,0.6,1.0,0.05,5000,1.0,1.0,4
3,4,1,standard,0.6,1.0,0.05,5000,1.0,1.0,6
3,5,1,standard,0.6,1.0,0.05,5000,1.0,1.0,4
3,6,1,standard,0.6,1.0,0.05,5000,1.0,1.0,8
3,7,1,standard,0.6,1.0,0.05,5000,1.0,1.0,4
3,8,1,standard,0.6,1.0,0.05,5000,1.0,1.0,5
3,9,1,standard,0.6,1.0,0.05,5000,1.0,1.0,4
3,10,1,standard,0.6,1.0,0.05,5000,1.0,1.0,2
3,11,1,standard,0.6,1.0,0.05,5000,1.0,1.0,3
3,12,1,standard,0.6,1.0,0.05,5000,1.0,1.0,3
3,13,1,standard,0.6,1.0,0.05,5000,1.0,1.0,7
3,14,1,standard,0.6,1.0,0.05,5000,1.0,1.0,4
3,15,1,standard,0.6,1.0,0.05,5000,1.0,1.0,4
3,16,1,standard,0.6,1.0,0.05,5000,1.0,1.0,7
3,17,1,standard,0.6,1.0,0.05,5000,1.0,1.0,6
3,18,1,standard,0.6,1.0,0.05,5000,1.0,1.0,5
3,19,1,standard,0.6,1.0,0.05,5000,1.0,1.0,5
3,20,1,standard,0.6,1.0,0.05,5000,1.0,1.0,5
3,21,1,standard,0.6,1.0,0.05,5000,1.0,1.0,6
3,22,1,standard,0.6,1.0,0.05,5000,1.0,1.0,6
3,23,1,standard,0.6,1.0,0.05,5000,1.0,1.0,7
3,24,1,standard,0.6,1.0,0.05,5000,1.0,1.0,5
3,25,1,standard,0.6,1.0,0.05,5000,1.0,1.0,4
3,26,1,standard,0.6,1.0,0.05,5000,1.0,1.0,5
3,27,1,standard,0.6,1.0,0.05,5000,1.0,1.0,4
3,28,1,standard,0.6,1.0,0.05,5000,1.0,1.0,4
3,29,1,standard,0.6,1.0,0.05,5000,1.0,1.0,2
3,30,1,standard,0.6,1.0,0.05,5000,1.0,1.0,8
3,31,1,standard,0.6,1.0,0.05,5000,1.0,1.0,6
3,32,1,standard,0.6,1.0,0.05,5000,1.0,1.0,7
3,33,1,standard,0.6,1.0,0.05,5000,1.0,1.0,6
3,34,1,standard,0.6,1.0,0.05,5000,1.0,1.0,5
3,35,1,standard,0.6,1.0,0.05,5000,1.0,1.0,4
3,36,1,standard,0.6,1.0,0.05,5000,1.0,1.0,8
3,37,1,standard,0.6,1.0,0.05,5000,1.0,1.0,4
3,38,1,standard,0.6,1.0,0.05,5000,1.0,1.0,5
3,39,1,standard,0.6,1.0,0.05,5000,1.0,1.0,5
3,40,1,standard,0.6,1.0,0.05,5000,1.0,1.0,4
3,41,1,standard,0.6,1.0,0.05,5000,1.0,1.0,7
3,42,1,standard,0.6,1.0,0.05,5000,1.0,1.0,5
3,43,1,standard,0.6,1.0,0.05,5000,1.0,1.0,3
3,44,1,standard,0.6,1.0,0.05,5000,1.0,1.0,6
3,45,1,standard,0.6,1.0,0.05,5000,1.0,1.0,6
3,46,1,standard,0.6,1.0,0.05,5000,1.0,1.0,6
3,47,1,standard,0.6,1.0,0.05,5000,1.0,1.0,4
3,48,1,standard,0.6,1.0,0.05,5000,1.0,1.0,5
3,49,1,standard,0.6,1.0,0.05,5000,1.0,1.0,4
3,50,1,standard,0.6,1.0,0.05,5000,1.0,1.0,3
3,51,1,standard,0.6,1.0,0.05,5000,1.0,1.0,4
3,52,1,standard,0.6,1.0,0.05,5000,1.0,1.0,4
3,53,1,standard,0.6,1.0,0.05,5000,1.0,1.0,5
3,54,1,standard,0.6,1.0,0.05,5000,1.0,1.0,7
3,55,1,standard,0.6,1.0,0.05,5000,1.0,1.0,4
3,56,1,standard,0.6,1.0,0.05,5000,1.0,1.0,6
3,57,1,standard,0.6,1.0,0.05,5000,1.0,1.0,3
3,58,1,standard,0.6,1.0,0.05,5000,1.0,1.0,4
3,59,1,standard,0.6,1.0,0.05,5000,1.0,1.0,5
3,60,1,standard,0.6,1.0,0.05,5000,1.0,1.0,5
3,61,1,standard,0.6,1.0,0.05,5000,1.0,1.0,4
3,62,1,standard,0.6,1.0,0.05,5000,1.0,1.0,4
3,63,1,standard,0.6,1.0,0.05,5000,1.0,1.0,3
3,64,1,standard,0.6,1.0,0.05,5000,1.0,1.0,4
3,65,1,standard,0.6,1.0,0.05,5000,1.0,1.0,5
3,66,1,standard,0.6,1.0,0.05,5000,1.0,1.0,4
3,67,1,standard,0.6,1.0,0.05,5000,1.0,1.0,5
3,68,1,standard,0.6,1.0,0.05,5000,1.0,1.0,10
3,69,1,standard,0.6,1.0,0.05,5000,1.0,1.0,3
3,70,1,standard,0.6,1.0,0.05,5000,1.0,1.0,5
3,71,1,standard,0.6,1.0,0.05,5000,1.0,1.0,4
3,72,1,standard,0.6,1.0,0.05,5000,1.0,1.0,6
3,73,1,standard,0.6,1.0,0.05,5000,1.0,1.0,2
3,74,1,standard,0.6,1.0,0.05,5000,1.0,1.0,5
3,75,1,standard,0.6,1.0,0.05,5000,1.0,1.0,3
3,76,1,standard,0.6,1.0,0.05,5000,1.0,1.0,3
3,77,1,standard,0.6,1.0,0.05,5000,1.0,1.0,4
3,78,1,standard,0.6,1.0,0.05,5000,1.0,1.0,4
3,79,1,standard,0.6,1.0,0.05,5000,1.0,1.0,3
3,80,1,standard,0.6,1.0,0.05,5000,1.0,1.0,4
3,81,1,standard,0.6,1.0,0.05,5000,1.0,1.0,2
3,82,1,standard,0.6,1.0,0.05,5000,1.0,1.0,4
3,83,1,standard,0.6,1.0,0.05,5000,1.0,1.0,5
3,84,1,standard,0.6,1.0,0.05,5000,1.0,1.0,6
3,85,1,standard,0.6,1.0,0.05,5000,1.0,1.0,6
3,86,1,standard,0.6,1.0,0.05,5000,1.0,1.0,3
3,87,1,standard,0.6,1.0,0.05,5000,1.0,1.0,6
3,88,1,standard,0.6,1.0,0.05,5000,1.0,1.0,5
3,89,1,standard,0.6,1.0,0.05,5000,1.0,1.0,3
3,90,1,standard,0.6,1.0,0.05,5000,1.0,1.0,5
3,91,1,standard,0.6,1.0,0.05,5000,1.0,1.0,6
3,92,1,standard,0.6,1.0,0.05,5000,1.0,1.0,4
3,93,1,standard,0.6,1.0,0.05,5000,1.0,1.0,6
3,94,1,standard,0.6,1.0,0.05,5000,1.0,1.0,4
3,95,1,standard,0.6,1.0,0.05,5000,1.0,1.0,9
3,96,1,standard,0.6,1.0,0.05,5000,1.0,1.0,5
3,97,1,standard,0.6,1.0,0.05,5000,1.0,1.0,4
3,98,1,standard,0.6,1.0,0.05,5000,1.0,1.0,5
3,99,1,standard,0.6,1.0,0.05,5000,1.0,1.0,5
3,100,1,standard,0.6,1.0,0.05,5000,1.0,1.0,4
3,1,1,standard,0.7,1.0,0.05,5000,1.0,1.0,3
3,2,1,standard,0.7,1.0,0.05,5000,1.0,1.0,3
3,3,1,standard,0.7,1.0,0.05,5000,1.0,1.0,4
3,4,1,standard,0.7,1.0,0.05,5000,1.0,1.0,4
3,5,1,standard,0.7,1.0,0.05,5000,1.0,1.0,4
3,6,1,standard,0.7,1.0,0.05,5000,1.0,1.0,4
3,7,1,standard,0.7,1.0,0.05,5000,1.0,1.0,5
3,8,1,standard,0.7,1.0,0.05,5000,1.0,1.0,5
3,9,1,standard,0.7,1.0,0.05,5000,1.0,1.0,3
3,10,1,standard,0.7,1.0,0.05,5000,1.0,1.0,2
3,11,1,standard,0.7,1.0,0.05,5000,1.0,1.0,8
3,12,1,standard,0.7,1.0,0.05,5000,1.0,1.0,4
3,13,1,standard,0.7,1.0,0.05,5000,1.0,1.0,3
3,14,1,standard,0.7,1.0,0.05,5000,1.0,1.0,8
3,15,1,standard,0.7,1.0,0.05,5000,1.0,1.0,7
3,16,1,standard,0.7,1.0,0.05,5000,1.0,1.0,5
3,17,1,standard,0.7,1.0,0.05,5000,1.0,1.0,4
3,18,1,standard,0.7,1.0,0.05,5000,1.0,1.0,4
3,19,1,standard,0.7,1.0,0.05,5000,1.0,1.0,9
3,20,1,standard,0.7,1.0,0.05,5000,1.0,1.0,6
3,21,1,standard,0.7,1.0,0.05,5000,1.0,1.0,7
3,22,1,standard,0.7,1.0,0.05,5000,1.0,1.0,4
3,23,1,standard,0.7,1.0,0.05,5000,1.0,1.0,5
3,24,1,standard,0.7,1.0,0.05,5000,1.0,1.0,5
3,25,1,standard,0.7,1.0,0.05,5000,1.0,1.0,4
3,26,1,standard,0.7,1.0,0.05,5000,1.0,1.0,4
3,27,1,standard,0.7,1.0,0.05,5000,1.0,1.0,4
3,28,1,standard,0.7,1.0,0.05,5000,1.0,1.0,6
3,29,1,standard,0.7,1.0,0.05,5000,1.0,1.0,2
3,30,1,standard,0.7,1.0,0.05,5000,1.0,1.0,5
3,31,1,standard,0.7,1.0,0.05,5000,1.0,1.0,7
3,32,1,standard,0.7,1.0,0.05,5000,1.0,1.0,6
3,33,1,standard,0.7,1.0,0.05,5000,1.0,1.0,4
3,34,1,standard,0.7,1.0,0.05,5000,1.0,1.0,4
3,35,1,standard,0.7,1.0,0.05,5000,1.0,1.0,5
3,36,1,standard,0.7,1.0,0.05,5000,1.0,1.0,3
3,37,1,standard,0.7,1.0,0.05,5000,1.0,1.0,4
3,38,1,standard,0.7,1.0,0.05,5000,1.0,1.0,3
3,39,1,standard,0.7,1.0,0.05,5000,1.0,1.0,4
3,40,1,standard,0.7,1.0,0.05,5000,1.0,1.0,4
3,41,1,standard,0.7,1.0,0.05,5000,1.0,1.0,3
3,42,1,standard,0.7,1.0,0.05,5000,1.0,1.0,4
3,43,1,standard,0.7,1.0,0.05,5000,1.0,1.0,3
3,44,1,standard,0.7,1.0,0.05,5000,1.0,1.0,4
3,45,1,standard,0.7,1.0,0.05,5000,1.0,1.0,5
3,46,1,standard,0.7,1.0,0.05,5000,1.0,1.0,3
3,47,1,standard,0.7,1.0,0.05,5000,1.0,1.0,4
3,48,1,standard,0.7,1.0,0.05,5000,1.0,1.0,4
3,49,1,standard,0.7,1.0,0.05,5000,1.0,1.0,6
3,50,1,standard,0.7,1.0,0.05,5000,1.0,1.0,4
3,51,1,standard,0.7,1.0,0.05,5000,1.0,1.0,3
3,52,1,standard,0.7,1.0,0.05,5000,1.0,1.0,2
3,53,1,standard,0.7,1.0,0.05,5000,1.0,1.0,7
3,54,1,standard,0.7,1.0,0.05,5000,1.0,1.0,4
3,55,1,standard,0.7,1.0,0.05,5000,1.0,1.0,4
3,56,1,standard,0.7,1.0,0.05,5000,1.0,1.0,9
3,57,1,standard,0.7,1.0,0.05,5000,1.0,1.0,3
3,58,1,standard,0.7,1.0,0.05,5000,1.0,1.0,3
3,59,1,standard,0.7,1.0,0.05,5000,1.0,1.0,3
3,60,1,standard,0.7,1.0,0.05,5000,1.0,1.0,5
3,61,1,standard,0.7,1.0,0.05,5000,1.0,1.0,3
3,62,1,standard,0.7,1.0,0.05,5000,1.0,1.0,3
3,63,1,standard,0.7,1.0,0.05,5000,1.0,1.0,4
3,64,1,standard,0.7,1.0,0.05,5000,1.0,1.0,3
3,65,1,standard,0.7,1.0,0.05,5000,1.0,1.0,4
3,66,1,standard,0.7,1.0,0.05,5000,1.0,1.0,4
3,67,1,standard,0.7,1.0,0.05,5000,1.0,1.0,3
3,68,1,standard,0.7,1.0,0.05,5000,1.0,1.0,7
3,69,1,standard,0.7,1.0,0.05,5000,1.0,1.0,3
3,70,1,standard,0.7,1.0,0.05,5000,1.0,1.0,4
3,71,1,standard,0.7,1.0,0.05,5000,1.0,1.0,7
3,72,1,standard,0.7,1.0,0.05,5000,1.0,1.0,3
3,73,1,standard,0.7,1.0,0.05,5000,1.0,1.0,3
3,74,1,standard,0.7,1.0,0.05,5000,1.0,1.0,4
3,75,1,standard,0.7,1.0,0.05,5000,1.0,1.0,4
3,76,1,standard,0.7,1.0,0.05,5000,1.0,1.0,7
3,77,1,standard,0.7,1.0,0.05,5000,1.0,1.0,5
3,78,1,standard,0.7,1.0,0.05,5000,1.0,1.0,2
3,79,1,standard,0.7,1.0,0.05,5000,1.0,1.0,5
3,80,1,standard,0.7,1.0,0.05,5000,1.0,1.0,3
3,81,1,standard,0.7,1.0,0.05,5000,1.0,1.0,2
3,82,1,standard,0.7,1.0,0.05,5000,1.0,1.0,4
3,83,1,standard,0.7,1.0,0.05,5000,1.0,1.0,2
3,84,1,standard,0.7,1.0,0.05,5000,1.0,1.0,5
3,85,1,standard,0.7,1.0,0.05,5000,1.0,1.0,5
3,86,1,standard,0.7,1.0,0.05,5000,1.0,1.0,4
3,87,1,standard,0.7,1.0,0.05,5000,1.0,1.0,6
3,88,1,standard,0.7,1.0,0.05,5000,1.0,1.0,4
3,89,1,standard,0.7,1.0,0.05,5000,1.0,1.0,5
3,90,1,standard,0.7,1.0,0.05,5000,1.0,1.0,7
3,91,1,standard,0.7,1.0,0.05,5000,1.0,1.0,4
3,92,1,standard,0.7,1.0,0.05,5000,1.0,1.0,5
3,93,1,standard,0.7,1.0,0.05,5000,1.0,1.0,6
3,94,1,standard,0.7,1.0,0.05,5000,1.0,1.0,4
3,95,1,standard,0.7,1.0,0.05,5000,1.0,1.0,3
3,96,1,standard,0.7,1.0,0.05,5000,1.0,1.0,4
3,97,1,standard,0.7,1.0,0.05,5000,1.0,1.0,3
3,98,1,standard,0.7,1.0,0.05,5000,1.0,1.0,4
3,99,1,standard,0.7,1.0,0.05,5000,1.0,1.0,3
3,100,1,standard,0.7,1.0,0.05,5000,1.0,1.0,3
3,1,1,standard,0.8,1.0,0.05,5000,1.0,1.0,2
3,2,1,standard,0.8,1.0,0.05,5000,1.0,1.0,3
3,3,1,standard,0.8,1.0,0.05,5000,1.0,1.0,4
3,4,1,standard,0.8,1.0,0.05,5000,1.0,1.0,4
3,5,1,standard,0.8,1.0,0.05,5000,1.0,1.0,4
3,6,1,standard,0.8,1.0,0.05,5000,1.0,1.0,5
3,7,1,standard,0.8,1.0,0.05,5000,1.0,1.0,3
3,8,1,standard,0.8,1.0,0.05,5000,1.0,1.0,4
3,9,1,standard,0.8,1.0,0.05,5000,1.0,1.0,4
3,10,1,standard,0.8,1.0,0.05,5000,1.0,1.0,2
3,11,1,standard,0.8,1.0,0.05,5000,1.0,1.0,3
3,12,1,standard,0.8,1.0,0.05,5000,1.0,1.0,3
3,13,1,standard,0.8,1.0,0.05,5000,1.0,1.0,3
3,14,1,standard,0.8,1.0,0.05,5000,1.0,1.0,4
3,15,1,standard,0.8,1.0,0.05,5000,1.0,1.0,3
3,16,1,standard,0.8,1.0,0.05,5000,1.0,1.0,4
3,17,1,standard,0.8,1.0,0.05,5000,1.0,1.0,3
3,18,1,standard,0.8,1.0,0.05,5000,1.0,1.0,4
3,19,1,standard,0.8,1.0,0.05,5000,1.0,1.0,6
3,20,1,standard,0.8,1.0,0.05,5000,1.0,1.0,3
3,21,1,standard,0.8,1.0,0.05,5000,1.0,1.0,6
3,22,1,standard,0.8,1.0,0.05,5000,1.0,1.0,4
3,23,1,standard,0.8,1.0,0.05,5000,1.0,1.0,5
3,24,1,standard,0.8,1.0,0.05,5000,1.0,1.0,3
3,25,1,standard,0.8,1.0,0.05,5000,1.0,1.0,4
3,26,1,standard,0.8,1.0,0.05,5000,1.0,1.0,3
3,27,1,standard,0.8,1.0,0.05,5000,1.0,1.0,4
3,28,1,standard,0.8,1.0,0.05,5000,1.0,1.0,5
3,29,1,standard,0.8,1.0,0.05,5000,1.0,1.0,2
3,30,1,standard,0.8,1.0,0.05,5000,1.0,1.0,4
3,31,1,standard,0.8,1.0,0.05,5000,1.0,1.0,4
3,32,1,standard,0.8,1.0,0.05,5000,1.0,1.0,6
3,33,1,standard,0.8,1.0,0.05,5000,1.0,1.0,3
3,34,1,standard,0.8,1.0,0.05,5000,1.0,1.0,5
3,35,1,standard,0.8,1.0,0.05,5000,1.0,1.0,3
3,36,1,standard,0.8,1.0,0.05,5000,1.0,1.0,3
3,37,1,standard,0.8,1.0,0.05,5000,1.0,1.0,4
3,38,1,standard,0.8,1.0,0.05,5000,1.0,1.0,5
3,39,1,standard,0.8,1.0,0.05,5000,1.0,1.0,3
3,40,1,standard,0.8,1.0,0.05,5000,1.0,1.0,3
3,41,1,standard,0.8,1.0,0.05,5000,1.0,1.0,4
3,42,1,standard,0.8,1.0,0.05,5000,1.0,1.0,3
3,43,1,standard,0.8,1.0,0.05,5000,1.0,1.0,2
3,44,1,standard,0.8,1.0,0.05,5000,1.0,1.0,3
3,45,1,standard,0.8,1.0,0.05,5000,1.0,1.0,3
3,46,1,standard,0.8,1.0,0.05,5000,1.0,1.0,4
3,47,1,standard,0.8,1.0,0.05,5000,1.0,1.0,4
3,48,1,standard,0.8,1.0,0.05,5000,1.0,1.0,5
3,49,1,standard,0.8,1.0,0.05,5000,1.0,1.0,3
3,50,1,standard,0.8,1.0,0.05,5000,1.0,1.0,3
3,51,1,standard,0.8,1.0,0.05,5000,1.0,1.0,4
3,52,1,standard,0.8,1.0,0.05,5000,1.0,1.0,4
3,53,1,standard,0.8,1.0,0.05,5000,1.0,1.0,3
3,54,1,standard,0.8,1.0,0.05,5000,1.0,1.0,4
3,55,1,standard,0.8,1.0,0.05,5000,1.0,1.0,3
3,56,1,standard,0.8,1.0,0.05,5000,1.0,1.0,4
3,57,1,standard,0.8,1.0,0.05,5000,1.0,1.0,3
3,58,1,standard,0.8,1.0,0.05,5000,1.0,1.0,3
3,59,1,standard,0.8,1.0,0.05,5000,1.0,1.0,3
3,60,1,standard,0.8,1.0,0.05,5000,1.0,1.0,3
3,61,1,standard,0.8,1.0,0.05,5000,1.0,1.0,4
3,62,1,standard,0.8,1.0,0.05,5000,1.0,1.0,3
3,63,1,standard,0.8,1.0,0.05,5000,1.0,1.0,3
3,64,1,standard,0.8,1.0,0.05,5000,1.0,1.0,3
3,65,1,standard,0.8,1.0,0.05,5000,1.0,1.0,3
3,66,1,standard,0.8,1.0,0.05,5000,1.0,1.0,3
3,67,1,standard,0.8,1.0,0.05,5000,1.0,1.0,4
3,68,1,standard,0.8,1.0,0.05,5000,1.0,1.0,4
3,69,1,standard,0.8,1.0,0.05,5000,1.0,1.0,4
3,70,1,standard,0.8,1.0,0.05,5000,1.0,1.0,5
3,71,1,standard,0.8,1.0,0.05,5000,1.0,1.0,5
3,72,1,standard,0.8,1.0,0.05,5000,1.0,1.0,5
3,73,1,standard,0.8,1.0,0.05,5000,1.0,1.0,3
3,74,1,standard,0.8,1.0,0.05,5000,1.0,1.0,3
3,75,1,standard,0.8,1.0,0.05,5000,1.0,1.0,5
3,76,1,standard,0.8,1.0,0.05,5000,1.0,1.0,3
3,77,1,standard,0.8,1.0,0.05,5000,1.0,1.0,4
3,78,1,standard,0.8,1.0,0.05,5000,1.0,1.0,2
3,79,1,standard,0.8,1.0,0.05,5000,1.0,1.0,4
3,80,1,standard,0.8,1.0,0.05,5000,1.0,1.0,5
3,81,1,standard,0.8,1.0,0.05,5000,1.0,1.0,2
3,82,1,standard,0.8,1.0,0.05,5000,1.0,1.0,6
3,83,1,standard,0.8,1.0,0.05,5000,1.0,1.0,3
3,84,1,standard,0.8,1.0,0.05,5000,1.0,1.0,4
3,85,1,standard,0.8,1.0,0.05,5000,1.0,1.0,3
3,86,1,standard,0.8,1.0,0.05,5000,1.0,1.0,5
3,87,1,standard,0.8,1.0,0.05,5000,1.0,1.0,3
3,88,1,standard,0.8,1.0,0.05,5000,1.0,1.0,4
3,89,1,standard,0.8,1.0,0.05,5000,1.0,1.0,6
3,90,1,standard,0.8,1.0,0.05,5000,1.0,1.0,4
3,91,1,standard,0.8,1.0,0.05,5000,1.0,1.0,3
3,92,1,standard,0.8,1.0,0.05,5000,1.0,1.0,4
3,93,1,standard,0.8,1.0,0.05,5000,1.0,1.0,5
3,94,1,standard,0.8,1.0,0.05,5000,1.0,1.0,5
3,95,1,standard,0.8,1.0,0.05,5000,1.0,1.0,3
3,96,1,standard,0.8,1.0,0.05,5000,1.0,1.0,3
3,97,1,standard,0.8,1.0,0.05,5000,1.0,1.0,3
3,98,1,standard,0.8,1.0,0.05,5000,1.0,1.0,4
3,99,1,standard,0.8,1.0,0.05,5000,1.0,1.0,3
3,100,1,standard,0.8,1.0,0.05,5000,1.0,1.0,3
3,1,1,standard,0.9,1.0,0.05,5000,1.0,1.0,3
3,2,1,standard,0.9,1.0,0.05,5000,1.0,1.0,3
3,3,1,standard,0.9,1.0,0.05,5000,1.0,1.0,3
3,4,1,standard,0.9,1.0,0.05,5000,1.0,1.0,3
3,5,1,standard,0.9,1.0,0.05,5000,1.0,1.0,3
3,6,1,standard,0.9,1.0,0.05,5000,1.0,1.0,5
3,7,1,standard,0.9,1.0,0.05,5000,1.0,1.0,3
3,8,1,standard,0.9,1.0,0.05,5000,1.0,1.0,3
3,9,1,standard,0.9,1.0,0.05,5000,1.0,1.0,3
3,10,1,standard,0.9,1.0,0.05,5000,1.0,1.0,2
3,11,1,standard,0.9,1.0,0.05,5000,1.0,1.0,3
3,12,1,standard,0.9,1.0,0.05,5000,1.0,1.0,3
3,13,1,standard,0.9,1.0,0.05,5000,1.0,1.0,3
3,14,1,standard,0.9,1.0,0.05,5000,1.0,1.0,5
3,15,1,standard,0.9,1.0,0.05,5000,1.0,1.0,3
3,16,1,standard,0.9,1.0,0.05,5000,1.0,1.0,4
3,17,1,standard,0.9,1.0,0.05,5000,1.0,1.0,3
3,18,1,standard,0.9,1.0,0.05,5000,1.0,1.0,4
3,19,1,standard,0.9,1.0,0.05,5000,1.0,1.0,4
3,20,1,standard,0.9,1.0,0.05,5000,1.0,1.0,4
3,21,1,standard,0.9,1.0,0.05,5000,1.0,1.0,3
3,22,1,standard,0.9,1.0,0.05,5000,1.0,1.0,3
3,23,1,standard,0.9,1.0,0.05,5000,1.0,1.0,3
3,24,1,standard,0.9,1.0,0.05,5000,1.0,1.0,5
3,25,1,standard,0.9,1.0,0.05,5000,1.0,1.0,3
3,26,1,standard,0.9,1.0,0.05,5000,1.0,1.0,3
3,27,1,standard,0.9,1.0,0.05,5000,1.0,1.0,4
3,28,1,standard,0.9,1.0,0.05,5000,1.0,1.0,3
3,29,1,standard,0.9,1.0,0.05,5000,1.0,1.0,2
3,30,1,standard,0.9,1.0,0.05,5000,1.0,1.0,4
3,31,1,standard,0.9,1.0,0.05,5000,1.0,1.0,3
3,32,1,standard,0.9,1.0,0.05,5000,1.0,1.0,3
3,33,1,standard,0.9,1.0,0.05,5000,1.0,1.0,3
3,34,1,standard,0.9,1.0,0.05,5000,1.0,1.0,4
3,35,1,standard,0.9,1.0,0.05,5000,1.0,1.0,3
3,36,1,standard,0.9,1.0,0.05,5000,1.0,1.0,3
3,37,1,standard,0.9,1.0,0.05,5000,1.0,1.0,3
3,38,1,standard,0.9,1.0,0.05,5000,1.0,1.0,3
3,39,1,standard,0.9,1.0,0.05,5000,1.0,1.0,3
3,40,1,standard,0.9,1.0,0.05,5000,1.0,1.0,3
3,41,1,standard,0.9,1.0,0.05,5000,1.0,1.0,3
3,42,1,standard,0.9,1.0,0.05,5000,1.0,1.0,4
3,43,1,standard,0.9,1.0,0.05,5000,1.0,1.0,2
3,44,1,standard,0.9,1.0,0.05,5000,1.0,1.0,4
3,45,1,standard,0.9,1.0,0.05,5000,1.0,1.0,3
3,46,1,standard,0.9,1.0,0.05,5000,1.0,1.0,4
3,47,1,standard,0.9,1.0,0.05,5000,1.0,1.0,3
3,48,1,standard,0.9,1.0,0.05,5000,1.0,1.0,4
3,49,1,standard,0.9,1.0,0.05,5000,1.0,1.0,4
3,50,1,standard,0.9,1.0,0.05,5000,1.0,1.0,4
3,51,1,standard,0.9,1.0,0.05,5000,1.0,1.0,3
3,52,1,standard,0.9,1.0,0.05,5000,1.0,1.0,2
3,53,1,standard,0.9,1.0,0.05,5000,1.0,1.0,3
3,54,1,standard,0.9,1.0,0.05,5000,1.0,1.0,3
3,55,1,standard,0.9,1.0,0.05,5000,1.0,1.0,3
3,56,1,standard,0.9,1.0,0.05,5000,1.0,1.0,4
3,57,1,standard,0.9,1.0,0.05,5000,1.0,1.0,5
3,58,1,standard,0.9,1.0,0.05,5000,1.0,1.0,3
3,59,1,standard,0.9,1.0,0.05,5000,1.0,1.0,4
3,60,1,standard,0.9,1.0,0.05,5000,1.0,1.0,3
3,61,1,standard,0.9,1.0,0.05,5000,1.0,1.0,3
3,62,1,standard,0.9,1.0,0.05,5000,1.0,1.0,4
3,63,1,standard,0.9,1.0,0.05,5000,1.0,1.0,3
3,64,1,standard,0.9,1.0,0.05,5000,1.0,1.0,3
3,65,1,standard,0.9,1.0,0.05,5000,1.0,1.0,3
3,66,1,standard,0.9,1.0,0.05,5000,1.0,1.0,3
3,67,1,standard,0.9,1.0,0.05,5000,1.0,1.0,3
3,68,1,standard,0.9,1.0,0.05,5000,1.0,1.0,3
3,69,1,standard,0.9,1.0,0.05,5000,1.0,1.0,3
3,70,1,standard,0.9,1.0,0.05,5000,1.0,1.0,3
3,71,1,standard,0.9,1.0,0.05,5000,1.0,1.0,4
3,72,1,standard,0.9,1.0,0.05,5000,1.0,1.0,3
3,73,1,standard,0.9,1.0,0.05,5000,1.0,1.0,3
3,74,1,standard,0.9,1.0,0.05,5000,1.0,1.0,3
3,75,1,standard,0.9,1.0,0.05,5000,1.0,1.0,3
3,76,1,standard,0.9,1.0,0.05,5000,1.0,1.0,3
3,77,1,standard,0.9,1.0,0.05,5000,1.0,1.0,5
3,78,1,standard,0.9,1.0,0.05,5000,1.0,1.0,2
3,79,1,standard,0.9,1.0,0.05,5000,1.0,1.0,3
3,80,1,standard,0.9,1.0,0.05,5000,1.0,1.0,3
3,81,1,standard,0.9,1.0,0.05,5000,1.0,1.0,2
3,82,1,standard,0.9,1.0,0.05,5000,1.0,1.0,4
3,83,1,standard,0.9,1.0,0.05,5000,1.0,1.0,3
3,84,1,standard,0.9,1.0,0.05,5000,1.0,1.0,5
3,85,1,standard,0.9,1.0,0.05,5000,1.0,1.0,3
3,86,1,standard,0.9,1.0,0.05,5000,1.0,1.0,3
3,87,1,standard,0.9,1.0,0.05,5000,1.0,1.0,3
3,88,1,standard,0.9,1.0,0.05,5000,1.0,1.0,3
3,89,1,standard,0.9,1.0,0.05,5000,1.0,1.0,3
3,90,1,standard,0.9,1.0,0.05,5000,1.0,1.0,4
3,91,1,standard,0.9,1.0,0.05,5000,1.0,1.0,3
3,92,1,standard,0.9,1.0,0.05,5000,1.0,1.0,3
3,93,1,standard,0.9,1.0,0.05,5000,1.0,1.0,3
3,94,1,standard,0.9,1.0,0.05,5000,1.0,1.0,3
3,95,1,standard,0.9,1.0,0.05,5000,1.0,1.0,4
3,96,1,standard,0.9,1.0,0.05,5000,1.0,1.0,3
3,97,1,standard,0.9,1.0,0.05,5000,1.0,1.0,3
3,98,1,standard,0.9,1.0,0.05,5000,1.0,1.0,5
3,99,1,standard,0.9,1.0,0.05,5000,1.0,1.0,3
3,100,1,standard,0.9,1.0,0.05,5000,1.0,1.0,3
3,1,1,standard,1.0,1.0,0.05,5000,1.0,1.0,3
3,2,1,standard,1.0,1.0,0.05,5000,1.0,1.0,3
3,3,1,standard,1.0,1.0,0.05,5000,1.0,1.0,3
3,4,1,standard,1.0,1.0,0.05,5000,1.0,1.0,3
3,5,1,standard,1.0,1.0,0.05,5000,1.0,1.0,3
3,6,1,standard,1.0,1.0,0.05,5000,1.0,1.0,3
3,7,1,standard,1.0,1.0,0.05,5000,1.0,1.0,3
3,8,1,standard,1.0,1.0,0.05,5000,1.0,1.0,3
3,9,1,standard,1.0,1.0,0.05,5000,1.0,1.0,3
3,10,1,standard,1.0,1.0,0.05,5000,1.0,1.0,2
3,11,1,standard,1.0,1.0,0.05,5000,1.0,1.0,3
3,12,1,standard,1.0,1.0,0.05,5000,1.0,1.0,3
3,13,1,standard,1.0,1.0,0.05,5000,1.0,1.0,3
3,14,1,standard,1.0,1.0,0.05,5000,1.0,1.0,3
3,15,1,standard,1.0,1.0,0.05,5000,1.0,1.0,3
3,16,1,standard,1.0,1.0,0.05,5000,1.0,1.0,3
3,17,1,standard,1.0,1.0,0.05,5000,1.0,1.0,3
3,18,1,standard,1.0,1.0,0.05,5000,1.0,1.0,3
3,19,1,standard,1.0,1.0,0.05,5000,1.0,1.0,3
3,20,1,standard,1.0,1.0,0.05,5000,1.0,1.0,3
3,21,1,standard,1.0,1.0,0.05,5000,1.0,1.0,3
3,22,1,standard,1.0,1.0,0.05,5000,1.0,1.0,3
3,23,1,standard,1.0,1.0,0.05,5000,1.0,1.0,3
3,24,1,standard,1.0,1.0,0.05,5000,1.0,1.0,3
3,25,1,standard,1.0,1.0,0.05,5000,1.0,1.0,3
3,26,1,standard,1.0,1.0,0.05,5000,1.0,1.0,3
3,27,1,standard,1.0,1.0,0.05,5000,1.0,1.0,3
3,28,1,standard,1.0,1.0,0.05,5000,1.0,1.0,3
3,29,1,standard,1.0,1.0,0.05,5000,1.0,1.0,2
3,30,1,standard,1.0,1.0,0.05,5000,1.0,1.0,3
3,31,1,standard,1.0,1.0,0.05,5000,1.0,1.0,3
3,32,1,standard,1.0,1.0,0.05,5000,1.0,1.0,3
3,33,1,standard,1.0,1.0,0.05,5000,1.0,1.0,3
3,34,1,standard,1.0,1.0,0.05,5000,1.0,1.0,3
3,35,1,standard,1.0,1.0,0.05,5000,1.0,1.0,3
3,36,1,standard,1.0,1.0,0.05,5000,1.0,1.0,3
3,37,1,standard,1.0,1.0,0.05,5000,1.0,1.0,3
3,38,1,standard,1.0,1.0,0.05,5000,1.0,1.0,3
3,39,1,standard,1.0,1.0,0.05,5000,1.0,1.0,3
3,40,1,standard,1.0,1.0,0.05,5000,1.0,1.0,3
3,41,1,standard,1.0,1.0,0.05,5000,1.0,1.0,3
3,42,1,standard,1.0,1.0,0.05,5000,1.0,1.0,3
3,43,1,standard,1.0,1.0,0.05,5000,1.0,1.0,2
3,44,1,standard,1.0,1.0,0.05,5000,1.0,1.0,3
3,45,1,standard,1.0,1.0,0.05,5000,1.0,1.0,3
3,46,1,standard,1.0,1.0,0.05,5000,1.0,1.0,3
3,47,1,standard,1.0,1.0,0.05,5000,1.0,1.0,3
3,48,1,standard,1.0,1.0,0.05,5000,1.0,1.0,3
3,49,1,standard,1.0,1.0,0.05,5000,1.0,1.0,3
3,50,1,standard,1.0,1.0,0.05,5000,1.0,1.0,3
3,51,1,standard,1.0,1.0,0.05,5000,1.0,1.0,3
3,52,1,standard,1.0,1.0,0.05,5000,1.0,1.0,2
3,53,1,standard,1.0,1.0,0.05,5000,1.0,1.0,3
3,54,1,standard,1.0,1.0,0.05,5000,1.0,1.0,3
3,55,1,standard,1.0,1.0,0.05,5000,1.0,1.0,3
3,56,1,standard,1.0,1.0,0.05,5000,1.0,1.0,3
3,57,1,standard,1.0,1.0,0.05,5000,1.0,1.0,3
3,58,1,standard,1.0,1.0,0.05,5000,1.0,1.0,3
3,59,1,standard,1.0,1.0,0.05,5000,1.0,1.0,3
3,60,1,standard,1.0,1.0,0.05,5000,1.0,1.0,3
3,61,1,standard,1.0,1.0,0.05,5000,1.0,1.0,3
3,62,1,standard,1.0,1.0,0.05,5000,1.0,1.0,3
3,63,1,standard,1.0,1.0,0.05,5000,1.0,1.0,3
3,64,1,standard,1.0,1.0,0.05,5000,1.0,1.0,3
3,65,1,standard,1.0,1.0,0.05,5000,1.0,1.0,3
3,66,1,standard,1.0,1.0,0.05,5000,1.0,1.0,3
3,67,1,standard,1.0,1.0,0.05,5000,1.0,1.0,3
3,68,1,standard,1.0,1.0,0.05,5000,1.0,1.0,3
3,69,1,standard,1.0,1.0,0.05,5000,1.0,1.0,3
3,70,1,standard,1.0,1.0,0.05,5000,1.0,1.0,3
3,71,1,standard,1.0,1.0,0.05,5000,1.0,1.0,3
3,72,1,standard,1.0,1.0,0.05,5000,1.0,1.0,3
3,73,1,standard,1.0,1.0,0.05,5000,1.0,1.0,3
3,74,1,standard,1.0,1.0,0.05,5000,1.0,1.0,3
3,75,1,standard,1.0,1.0,0.05,5000,1.0,1.0,3
3,76,1,standard,1.0,1.0,0.05,5000,1.0,1.0,3
3,77,1,standard,1.0,1.0,0.05,5000,1.0,1.0,3
3,78,1,standard,1.0,1.0,0.05,5000,1.0,1.0,2
3,79,1,standard,1.0,1.0,0.05,5000,1.0,1.0,3
3,80,1,standard,1.0,1.0,0.05,5000,1.0,1.0,3
3,81,1,standard,1.0,1.0,0.05,5000,1.0,1.0,2
3,82,1,standard,1.0,1.0,0.05,5000,1.0,1.0,3
3,83,1,standard,1.0,1.0,0.05,5000,1.0,1.0,3
3,84,1,standard,1.0,1.0,0.05,5000,1.0,1.0,3
3,85,1,standard,1.0,1.0,0.05,5000,1.0,1.0,3
3,86,1,standard,1.0,1.0,0.05,5000,1.0,1.0,3
3,87,1,standard,1.0,1.0,0.05,5000,1.0,1.0,3
3,88,1,standard,1.0,1.0,0.05,5000,1.0,1.0,3
3,89,1,standard,1.0,1.0,0.05,5000,1.0,1.0,3
3,90,1,standard,1.0,1.0,0.05,5000,1.0,1.0,3
3,91,1,standard,1.0,1.0,0.05,5000,1.0,1.0,3
3,92,1,standard,1.0,1.0,0.05,5000,1.0,1.0,3
3,93,1,standard,1.0,1.0,0.05,5000,1.0,1.0,3
3,94,1,standard,1.0,1.0,0.05,5000,1.0,1.0,3
3,95,1,standard,1.0,1.0,0.05,5000,1.0,1.0,3
3,96,1,standard,1.0,1.0,0.05,5000,1.0,1.0,3
3,97,1,standard,1.0,1.0,0.05,5000,1.0,1.0,3
3,98,1,standard,1.0,1.0,0.05,5000,1.0,1.0,3
3,99,1,standard,1.0,1.0,0.05,5000,1.0,1.0,3
3,100,1,standard,1.0,1.0,0.05,5000,1.0,1.0,3
4,1,1,standard,0.1,1.0,0.05,5000,1.0,1.0,16
4,2,1,standard,0.1,1.0,0.05,5000,1.0,1.0,31
4,3,1,standard,0.1,1.0,0.05,5000,1.0,1.0,44
4,4,1,standard,0.1,1.0,0.05,5000,1.0,1.0,13
4,5,1,standard,0.1,1.0,0.05,5000,1.0,1.0,25
4,6,1,standard,0.1,1.0,0.05,5000,1.0,1.0,16
4,7,1,standard,0.1,1.0,0.05,5000,1.0,1.0,42
4,8,1,standard,0.1,1.0,0.05,5000,1.0,1.0,49
4,9,1,standard,0.1,1.0,0.05,5000,1.0,1.0,11
4,10,1,standard,0.1,1.0,0.05,5000,1.0,1.0,30
4,11,1,standard,0.1,1.0,0.05,5000,1.0,1.0,63
4,12,1,standard,0.1,1.0,0.05,5000,1.0,1.0,51
4,13,1,standard,0.1,1.0,0.05,5000,1.0,1.0,20
4,14,1,standard,0.1,1.0,0.05,5000,1.0,1.0,20
4,15,1,standard,0.1,1.0,0.05,5000,1.0,1.0,37
4,16,1,standard,0.1,1.0,0.05,5000,1.0,1.0,38
4,17,1,standard,0.1,1.0,0.05,5000,1.0,1.0,30
4,18,1,standard,0.1,1.0,0.05,5000,1.0,1.0,23
4,19,1,standard,0.1,1.0,0.05,5000,1.0,1.0,22
4,20,1,standard,0.1,1.0,0.05,5000,1.0,1.0,18
4,21,1,standard,0.1,1.0,0.05,5000,1.0,1.0,45
4,22,1,standard,0.1,1.0,0.05,5000,1.0,1.0,34
4,23,1,standard,0.1,1.0,0.05,5000,1.0,1.0,51
4,24,1,standard,0.1,1.0,0.05,5000,1.0,1.0,14
4,25,1,standard,0.1,1.0,0.05,5000,1.0,1.0,20
4,26,1,standard,0.1,1.0,0.05,5000,1.0,1.0,18
4,27,1,standard,0.1,1.0,0.05,5000,1.0,1.0,27
4,28,1,standard,0.1,1.0,0.05,5000,1.0,1.0,56
4,29,1,standard,0.1,1.0,0.05,5000,1.0,1.0,54
4,30,1,standard,0.1,1.0,0.05,5000,1.0,1.0,39
4,31,1,standard,0.1,1.0,0.05,5000,1.0,1.0,19
4,32,1,standard,0.1,1.0,0.05,5000,1.0,1.0,24
4,33,1,standard,0.1,1.0,0.05,5000,1.0,1.0,24
4,34,1,standard,0.1,1.0,0.05,5000,1.0,1.0,36
4,35,1,standard,0.1,1.0,0.05,5000,1.0,1.0,34
4,36,1,standard,0.1,1.0,0.05,5000,1.0,1.0,25
4,37,1,standard,0.1,1.0,0.05,5000,1.0,1.0,52
4,38,1,standard,0.1,1.0,0.05,5000,1.0,1.0,34
4,39,1,standard,0.1,1.0,0.05,5000,1.0,1.0,52
4,40,1,standard,0.1,1.0,0.05,5000,1.0,1.0,21
4,41,1,standard,0.1,1.0,0.05,5000,1.0,1.0,21
4,42,1,standard,0.1,1.0,0.05,5000,1.0,1.0,37
4,43,1,standard,0.1,1.0,0.05,5000,1.0,1.0,28
4,44,1,standard,0.1,1.0,0.05,5000,1.0,1.0,85
4,45,1,standard,0.1,1.0,0.05,5000,1.0,1.0,28
4,46,1,standard,0.1,1.0,0.05,5000,1.0,1.0,16
4,47,1,standard,0.1,1.0,0.05,5000,1.0,1.0,42
4,48,1,standard,0.1,1.0,0.05,5000,1.0,1.0,20
4,49,1,standard,0.1,1.0,0.05,5000,1.0,1.0,46
4,50,1,standard,0.1,1.0,0.05,5000,1.0,1.0,47
4,51,1,standard,0.1,1.0,0.05,5000,1.0,1.0,31
4,52,1,standard,0.1,1.0,0.05,5000,1.0,1.0,25
4,53,1,standard,0.1,1.0,0.05,5000,1.0,1.0,59
4,54,1,standard,0.1,1.0,0.05,5000,1.0,1.0,64
4,55,1,standard,0.1,1.0,0.05,5000,1.0,1.0,12
4,56,1,standard,0.1,1.0,0.05,5000,1.0,1.0,15
4,57,1,standard,0.1,1.0,0.05,5000,1.0,1.0,26
4,58,1,standard,0.1,1.0,0.05,5000,1.0,1.0,30
4,59,1,standard,0.1,1.0,0.05,5000,1.0,1.0,23
4,60,1,standard,0.1,1.0,0.05,5000,1.0,1.0,30
4,61,1,standard,0.1,1.0,0.05,5000,1.0,1.0,53
4,62,1,standard,0.1,1.0,0.05,5000,1.0,1.0,35
4,63,1,standard,0.1,1.0,0.05,5000,1.0,1.0,51
4,64,1,standard,0.1,1.0,0.05,5000,1.0,1.0,38
4,65,1,standard,0.1,1.0,0.05,5000,1.0,1.0,27
4,66,1,standard,0.1,1.0,0.05,5000,1.0,1.0,23
4,67,1,standard,0.1,1.0,0.05,5000,1.0,1.0,23
4,68,1,standard,0.1,1.0,0.05,5000,1.0,1.0,26
4,69,1,standard,0.1,1.0,0.05,5000,1.0,1.0,19
4,70,1,standard,0.1,1.0,0.05,5000,1.0,1.0,67
4,71,1,standard,0.1,1.0,0.05,5000,1.0,1.0,27
4,72,1,standard,0.1,1.0,0.05,5000,1.0,1.0,23
4,73,1,standard,0.1,1.0,0.05,5000,1.0,1.0,18
4,74,1,standard,0.1,1.0,0.05,5000,1.0,1.0,16
4,75,1,standard,0.1,1.0,0.05,5000,1.0,1.0,29
4,76,1,standard,0.1,1.0,0.05,5000,1.0,1.0,51
4,77,1,standard,0.1,1.0,0.05,5000,1.0,1.0,34
4,78,1,standard,0.1,1.0,0.05,5000,1.0,1.0,4
4,79,1,standard,0.1,1.0,0.05,5000,1.0,1.0,37
4,80,1,standard,0.1,1.0,0.05,5000,1.0,1.0,27
4,81,1,standard,0.1,1.0,0.05,5000,1.0,1.0,12
4,82,1,standard,0.1,1.0,0.05,5000,1.0,1.0,21
4,83,1,standard,0.1,1.0,0.05,5000,1.0,1.0,15
4,84,1,standard,0.1,1.0,0.05,5000,1.0,1.0,20
4,85,1,standard,0.1,1.0,0.05,5000,1.0,1.0,47
4,86,1,standard,0.1,1.0,0.05,5000,1.0,1.0,36
4,87,1,standard,0.1,1.0,0.05,5000,1.0,1.0,12
4,88,1,standard,0.1,1.0,0.05,5000,1.0,1.0,33
4,89,1,standard,0.1,1.0,0.05,5000,1.0,1.0,18
4,90,1,standard,0.1,1.0,0.05,5000,1.0,1.0,54
4,91,1,standard,0.1,1.0,0.05,5000,1.0,1.0,13
4,92,1,standard,0.1,1.0,0.05,5000,1.0,1.0,29
4,93,1,standard,0.1,1.0,0.05,5000,1.0,1.0,12
4,94,1,standard,0.1,1.0,0.05,5000,1.0,1.0,30
4,95,1,standard,0.1,1.0,0.05,5000,1.0,1.0,33
4,96,1,standard,0.1,1.0,0.05,5000,1.0,1.0,36
4,97,1,standard,0.1,1.0,0.05,5000,1.0,1.0,11
4,98,1,standard,0.1,1.0,0.05,5000,1.0,1.0,21
4,99,1,standard,0.1,1.0,0.05,5000,1.0,1.0,19
4,100,1,standard,0.1,1.0,0.05,5000,1.0,1.0,58
4,1,1,standard,0.2,1.0,0.05,5000,1.0,1.0,11
4,2,1,standard,0.2,1.0,0.05,5000,1.0,1.0,23
4,3,1,standard,0.2,1.0,0.05,5000,1.0,1.0,16
4,4,1,standard,0.2,1.0,0.05,5000,1.0,1.0,6
4,5,1,standard,0.2,1.0,0.05,5000,1.0,1.0,16
4,6,1,standard,0.2,1.0,0.05,5000,1.0,1.0,11
4,7,1,standard,0.2,1.0,0.05,5000,1.0,1.0,11
4,8,1,standard,0.2,1.0,0.05,5000,1.0,1.0,12
4,9,1,standard,0.2,1.0,0.05,5000,1.0,1.0,21
4,10,1,standard,0.2,1.0,0.05,5000,1.0,1.0,5
4,11,1,standard,0.2,1.0,0.05,5000,1.0,1.0,40
4,12,1,standard,0.2,1.0,0.05,5000,1.0,1.0,16
4,13,1,standard,0.2,1.0,0.05,5000,1.0,1.0,26
4,14,1,standard,0.2,1.0,0.05,5000,1.0,1.0,17
4,15,1,standard,0.2,1.0,0.05,5000,1.0,1.0,46
4,16,1,standard,0.2,1.0,0.05,5000,1.0,1.0,28
4,17,1,standard,0.2,1.0,0.05,5000,1.0,1.0,22
4,18,1,standard,0.2,1.0,0.05,5000,1.0,1.0,13
4,19,1,standard,0.2,1.0,0.05,5000,1.0,1.0,35
4,20,1,standard,0.2,1.0,0.05,5000,1.0,1.0,8
4,21,1,standard,0.2,1.0,0.05,5000,1.0,1.0,17
4,22,1,standard,0.2,1.0,0.05,5000,1.0,1.0,16
4,23,1,standard,0.2,1.0,0.05,5000,1.0,1.0,46
4,24,1,standard,0.2,1.0,0.05,5000,1.0,1.0,14
4,25,1,standard,0.2,1.0,0.05,5000,1.0,1.0,16
4,26,1,standard,0.2,1.0,0.05,5000,1.0,1.0,31
4,27,1,standard,0.2,1.0,0.05,5000,1.0,1.0,10
4,28,1,standard,0.2,1.0,0.05,5000,1.0,1.0,5
4,29,1,standard,0.2,1.0,0.05,5000,1.0,1.0,38
4,30,1,standard,0.2,1.0,0.05,5000,1.0,1.0,14
4,31,1,standard,0.2,1.0,0.05,5000,1.0,1.0,14
4,32,1,standard,0.2,1.0,0.05,5000,1.0,1.0,31
4,33,1,standard,0.2,1.0,0.05,5000,1.0,1.0,9
4,34,1,standard,0.2,1.0,0.05,5000,1.0,1.0,36
4,35,1,standard,0.2,1.0,0.05,5000,1.0,1.0,7
4,36,1,standard,0.2,1.0,0.05,5000,1.0,1.0,26
4,37,1,standard,0.2,1.0,0.05,5000,1.0,1.0,15
4,38,1,standard,0.2,1.0,0.05,5000,1.0,1.0,9
4,39,1,standard,0.2,1.0,0.05,5000,1.0,1.0,10
4,40,1,standard,0.2,1.0,0.05,5000,1.0,1.0,13
4,41,1,standard,0.2,1.0,0.05,5000,1.0,1.0,15
4,42,1,standard,0.2,1.0,0.05,5000,1.0,1.0,13
4,43,1,standard,0.2,1.0,0.05,5000,1.0,1.0,14
4,44,1,standard,0.2,1.0,0.05,5000,1.0,1.0,24
4,45,1,standard,0.2,1.0,0.05,5000,1.0,1.0,14
4,46,1,standard,0.2,1.0,0.05,5000,1.0,1.0,18
4,47,1,standard,0.2,1.0,0.05,5000,1.0,1.0,13
4,48,1,standard,0.2,1.0,0.05,5000,1.0,1.0,15
4,49,1,standard,0.2,1.0,0.05,5000,1.0,1.0,13
4,50,1,standard,0.2,1.0,0.05,5000,1.0,1.0,15
4,51,1,standard,0.2,1.0,0.05,5000,1.0,1.0,23
4,52,1,standard,0.2,1.0,0.05,5000,1.0,1.0,9
4,53,1,standard,0.2,1.0,0.05,5000,1.0,1.0,19
4,54,1,standard,0.2,1.0,0.05,5000,1.0,1.0,9
4,55,1,standard,0.2,1.0,0.05,5000,1.0,1.0,14
4,56,1,standard,0.2,1.0,0.05,5000,1.0,1.0,12
4,57,1,standard,0.2,1.0,0.05,5000,1.0,1.0,26
4,58,1,standard,0.2,1.0,0.05,5000,1.0,1.0,35
4,59,1,standard,0.2,1.0,0.05,5000,1.0,1.0,20
4,60,1,standard,0.2,1.0,0.05,5000,1.0,1.0,24
4,61,1,standard,0.2,1.0,0.05,5000,1.0,1.0,14
4,62,1,standard,0.2,1.0,0.05,5000,1.0,1.0,26
4,63,1,standard,0.2,1.0,0.05,5000,1.0,1.0,20
4,64,1,standard,0.2,1.0,0.05,5000,1.0,1.0,28
4,65,1,standard,0.2,1.0,0.05,5000,1.0,1.0,13
4,66,1,standard,0.2,1.0,0.05,5000,1.0,1.0,18
4,67,1,standard,0.2,1.0,0.05,5000,1.0,1.0,13
4,68,1,standard,0.2,1.0,0.05,5000,1.0,1.0,21
4,69,1,standard,0.2,1.0,0.05,5000,1.0,1.0,23
4,70,1,standard,0.2,1.0,0.05,5000,1.0,1.0,32
4,71,1,standard,0.2,1.0,0.05,5000,1.0,1.0,15
4,72,1,standard,0.2,1.0,0.05,5000,1.0,1.0,34
4,73,1,standard,0.2,1.0,0.05,5000,1.0,1.0,9
4,74,1,standard,0.2,1.0,0.05,5000,1.0,1.0,11
4,75,1,standard,0.2,1.0,0.05,5000,1.0,1.0,15
4,76,1,standard,0.2,1.0,0.05,5000,1.0,1.0,14
4,77,1,standard,0.2,1.0,0.05,5000,1.0,1.0,9
4,78,1,standard,0.2,1.0,0.05,5000,1.0,1.0,4
4,79,1,standard,0.2,1.0,0.05,5000,1.0,1.0,23
4,80,1,standard,0.2,1.0,0.05,5000,1.0,1.0,14
4,81,1,standard,0.2,1.0,0.05,5000,1.0,1.0,7
4,82,1,standard,0.2,1.0,0.05,5000,1.0,1.0,15
4,83,1,standard,0.2,1.0,0.05,5000,1.0,1.0,15
4,84,1,standard,0.2,1.0,0.05,5000,1.0,1.0,20
4,85,1,standard,0.2,1.0,0.05,5000,1.0,1.0,13
4,86,1,standard,0.2,1.0,0.05,5000,1.0,1.0,22
4,87,1,standard,0.2,1.0,0.05,5000,1.0,1.0,11
4,88,1,standard,0.2,1.0,0.05,5000,1.0,1.0,17
4,89,1,standard,0.2,1.0,0.05,5000,1.0,1.0,12
4,90,1,standard,0.2,1.0,0.05,5000,1.0,1.0,23
4,91,1,standard,0.2,1.0,0.05,5000,1.0,1.0,23
4,92,1,standard,0.2,1.0,0.05,5000,1.0,1.0,11
4,93,1,standard,0.2,1.0,0.05,5000,1.0,1.0,15
4,94,1,standard,0.2,1.0,0.05,5000,1.0,1.0,14
4,95,1,standard,0.2,1.0,0.05,5000,1.0,1.0,12
4,96,1,standard,0.2,1.0,0.05,5000,1.0,1.0,14
4,97,1,standard,0.2,1.0,0.05,5000,1.0,1.0,5
4,98,1,standard,0.2,1.0,0.05,5000,1.0,1.0,14
4,99,1,standard,0.2,1.0,0.05,5000,1.0,1.0,14
4,100,1,standard,0.2,1.0,0.05,5000,1.0,1.0,9
4,1,1,standard,0.3,1.0,0.05,5000,1.0,1.0,6
4,2,1,standard,0.3,1.0,0.05,5000,1.0,1.0,22
4,3,1,standard,0.3,1.0,0.05,5000,1.0,1.0,13
4,4,1,standard,0.3,1.0,0.05,5000,1.0,1.0,9
4,5,1,standard,0.3,1.0,0.05,5000,1.0,1.0,5
4,6,1,standard,0.3,1.0,0.05,5000,1.0,1.0,13
4,7,1,standard,0.3,1.0,0.05,5000,1.0,1.0,6
4,8,1,standard,0.3,1.0,0.05,5000,1.0,1.0,10
4,9,1,standard,0.3,1.0,0.05,5000,1.0,1.0,12
4,10,1,standard,0.3,1.0,0.05,5000,1.0,1.0,5
4,11,1,standard,0.3,1.0,0.05,5000,1.0,1.0,14
4,12,1,standard,0.3,1.0,0.05,5000,1.0,1.0,6
4,13,1,standard,0.3,1.0,0.05,5000,1.0,1.0,9
4,14,1,standard,0.3,1.0,0.05,5000,1.0,1.0,20
4,15,1,standard,0.3,1.0,0.05,5000,1.0,1.0,13
4,16,1,standard,0.3,1.0,0.05,5000,1.0,1.0,13
4,17,1,standard,0.3,1.0,0.05,5000,1.0,1.0,12
4,18,1,standard,0.3,1.0,0.05,5000,1.0,1.0,11
4,19,1,standard,0.3,1.0,0.05,5000,1.0,1.0,6
4,20,1,standard,0.3,1.0,0.05,5000,1.0,1.0,8
4,21,1,standard,0.3,1.0,0.05,5000,1.0,1.0,13
4,22,1,standard,0.3,1.0,0.05,5000,1.0,1.0,12
4,23,1,standard,0.3,1.0,0.05,5000,1.0,1.0,9
4,24,1,standard,0.3,1.0,0.05,5000,1.0,1.0,11
4,25,1,standard,0.3,1.0,0.05,5000,1.0,1.0,11
4,26,1,standard,0.3,1.0,0.05,5000,1.0,1.0,11
4,27,1,standard,0.3,1.0,0.05,5000,1.0,1.0,9
4,28,1,standard,0.3,1.0,0.05,5000,1.0,1.0,11
4,29,1,standard,0.3,1.0,0.05,5000,1.0,1.0,7
4,30,1,standard,0.3,1.0,0.05,5000,1.0,1.0,11
4,31,1,standard,0.3,1.0,0.05,5000,1.0,1.0,12
4,32,1,standard,0.3,1.0,0.05,5000,1.0,1.0,13
4,33,1,standard,0.3,1.0,0.05,5000,1.0,1.0,11
4,34,1,standard,0.3,1.0,0.05,5000,1.0,1.0,8
4,35,1,standard,0.3,1.0,0.05,5000,1.0,1.0,19
4,36,1,standard,0.3,1.0,0.05,5000,1.0,1.0,7
4,37,1,standard,0.3,1.0,0.05,5000,1.0,1.0,21
4,38,1,standard,0.3,1.0,0.05,5000,1.0,1.0,7
4,39,1,standard,0.3,1.0,0.05,5000,1.0,1.0,11
4,40,1,standard,0.3,1.0,0.05,5000,1.0,1.0,10
4,41,1,standard,0.3,1.0,0.05,5000,1.0,1.0,11
4,42,1,standard,0.3,1.0,0.05,5000,1.0,1.0,6
4,43,1,standard,0.3,1.0,0.05,5000,1.0,1.0,18
4,44,1,standard,0.3,1.0,0.05,5000,1.0,1.0,9
4,45,1,standard,0.3,1.0,0.05,5000,1.0,1.0,11
4,46,1,standard,0.3,1.0,0.05,5000,1.0,1.0,8
4,47,1,standard,0.3,1.0,0.05,5000,1.0,1.0,7
4,48,1,standard,0.3,1.0,0.05,5000,1.0,1.0,14
4,49,1,standard,0.3,1.0,0.05,5000,1.0,1.0,6
4,50,1,standard,0.3,1.0,0.05,5000,1.0,1.0,11
4,51,1,standard,0.3,1.0,0.05,5000,1.0,1.0,11
4,52,1,standard,0.3,1.0,0.05,5000,1.0,1.0,4
4,53,1,standard,0.3,1.0,0.05,5000,1.0,1.0,16
4,54,1,standard,0.3,1.0,0.05,5000,1.0,1.0,11
4,55,1,standard,0.3,1.0,0.05,5000,1.0,1.0,5
4,56,1,standard,0.3,1.0,0.05,5000,1.0,1.0,15
4,57,1,standard,0.3,1.0,0.05,5000,1.0,1.0,6
4,58,1,standard,0.3,1.0,0.05,5000,1.0,1.0,15
4,59,1,standard,0.3,1.0,0.05,5000,1.0,1.0,10
4,60,1,standard,0.3,1.0,0.05,5000,1.0,1.0,12
4,61,1,standard,0.3,1.0,0.05,5000,1.0,1.0,12
4,62,1,standard,0.3,1.0,0.05,5000,1.0,1.0,9
4,63,1,standard,0.3,1.0,0.05,5000,1.0,1.0,12
4,64,1,standard,0.3,1.0,0.05,5000,1.0,1.0,9
4,65,1,standard,0.3,1.0,0.05,5000,1.0,1.0,11
4,66,1,standard,0.3,1.0,0.05,5000,1.0,1.0,13
4,67,1,standard,0.3,1.0,0.05,5000,1.0,1.0,11
4,68,1,standard,0.3,1.0,0.05,5000,1.0,1.0,23
4,69,1,standard,0.3,1.0,0.05,5000,1.0,1.0,10
4,70,1,standard,0.3,1.0,0.05,5000,1.0,1.0,11
4,71,1,standard,0.3,1.0,0.05,5000,1.0,1.0,9
4,72,1,standard,0.3,1.0,0.05,5000,1.0,1.0,19
4,73,1,standard,0.3,1.0,0.05,5000,1.0,1.0,17
4,74,1,standard,0.3,1.0,0.05,5000,1.0,1.0,2
4,75,1,standard,0.3,1.0,0.05,5000,1.0,1.0,14
4,76,1,standard,0.3,1.0,0.05,5000,1.0,1.0,12
4,77,1,standard,0.3,1.0,0.05,5000,1.0,1.0,7
4,78,1,standard,0.3,1.0,0.05,5000,1.0,1.0,3
4,79,1,standard,0.3,1.0,0.05,5000,1.0,1.0,8
4,80,1,standard,0.3,1.0,0.05,5000,1.0,1.0,17
4,81,1,standard,0.3,1.0,0.05,5000,1.0,1.0,5
4,82,1,standard,0.3,1.0,0.05,5000,1.0,1.0,10
4,83,1,standard,0.3,1.0,0.05,5000,1.0,1.0,7
4,84,1,standard,0.3,1.0,0.05,5000,1.0,1.0,18
4,85,1,standard,0.3,1.0,0.05,5000,1.0,1.0,22
4,86,1,standard,0.3,1.0,0.05,5000,1.0,1.0,7
4,87,1,standard,0.3,1.0,0.05,5000,1.0,1.0,24
4,88,1,standard,0.3,1.0,0.05,5000,1.0,1.0,12
4,89,1,standard,0.3,1.0,0.05,5000,1.0,1.0,14
4,90,1,standard,0.3,1.0,0.05,5000,1.0,1.0,17
4,91,1,standard,0.3,1.0,0.05,5000,1.0,1.0,21
4,92,1,standard,0.3,1.0,0.05,5000,1.0,1.0,11
4,93,1,standard,0.3,1.0,0.05,5000,1.0,1.0,8
4,94,1,standard,0.3,1.0,0.05,5000,1.0,1.0,9
4,95,1,standard,0.3,1.0,0.05,5000,1.0,1.0,16
4,96,1,standard,0.3,1.0,0.05,5000,1.0,1.0,12
4,97,1,standard,0.3,1.0,0.05,5000,1.0,1.0,5
4,98,1,standard,0.3,1.0,0.05,5000,1.0,1.0,16
4,99,1,standard,0.3,1.0,0.05,5000,1.0,1.0,10
4,100,1,standard,0.3,1.0,0.05,5000,1.0,1.0,10
4,1,1,standard,0.4,1.0,0.05,5000,1.0,1.0,4
4,2,1,standard,0.4,1.0,0.05,5000,1.0,1.0,11
4,3,1,standard,0.4,1.0,0.05,5000,1.0,1.0,7
4,4,1,standard,0.4,1.0,0.05,5000,1.0,1.0,6
4,5,1,standard,0.4,1.0,0.05,5000,1.0,1.0,5
4,6,1,standard,0.4,1.0,0.05,5000,1.0,1.0,11
4,7,1,standard,0.4,1.0,0.05,5000,1.0,1.0,20
4,8,1,standard,0.4,1.0,0.05,5000,1.0,1.0,11
4,9,1,standard,0.4,1.0,0.05,5000,1.0,1.0,14
4,10,1,standard,0.4,1.0,0.05,5000,1.0,1.0,10
4,11,1,standard,0.4,1.0,0.05,5000,1.0,1.0,17
4,12,1,standard,0.4,1.0,0.05,5000,1.0,1.0,10
4,13,1,standard,0.4,1.0,0.05,5000,1.0,1.0,7
4,14,1,standard,0.4,1.0,0.05,5000,1.0,1.0,16
4,15,1,standard,0.4,1.0,0.05,5000,1.0,1.0,9
4,16,1,standard,0.4,1.0,0.05,5000,1.0,1.0,6
4,17,1,standard,0.4,1.0,0.05,5000,1.0,1.0,8
4,18,1,standard,0.4,1.0,0.05,5000,1.0,1.0,11
4,19,1,standard,0.4,1.0,0.05,5000,1.0,1.0,9
4,20,1,standard,0.4,1.0,0.05,5000,1.0,1.0,7
4,21,1,standard,0.4,1.0,0.05,5000,1.0,1.0,7
4,22,1,standard,0.4,1.0,0.05,5000,1.0,1.0,10
4,23,1,standard,0.4,1.0,0.05,5000,1.0,1.0,7
4,24,1,standard,0.4,1.0,0.05,5000,1.0,1.0,15
4,25,1,standard,0.4,1.0,0.05,5000,1.0,1.0,5
4,26,1,standard,0.4,1.0,0.05,5000,1.0,1.0,6
4,27,1,standard,0.4,1.0,0.05,5000,1.0,1.0,5
4,28,1,standard,0.4,1.0,0.05,5000,1.0,1.0,10
4,29,1,standard,0.4,1.0,0.05,5000,1.0,1.0,11
4,30,1,standard,0.4,1.0,0.05,5000,1.0,1.0,8
4,31,1,standard,0.4,1.0,0.05,5000,1.0,1.0,7
4,32,1,standard,0.4,1.0,0.05,5000,1.0,1.0,6
4,33,1,standard,0.4,1.0,0.05,5000,1.0,1.0,7
4,34,1,standard,0.4,1.0,0.05,5000,1.0,1.0,11
4,35,1,standard,0.4,1.0,0.05,5000,1.0,1.0,8
4,36,1,standard,0.4,1.0,0.05,5000,1.0,1.0,7
4,37,1,standard,0.4,1.0,0.05,5000,1.0,1.0,11
4,38,1,standard,0.4,1.0,0.05,5000,1.0,1.0,6
4,39,1,standard,0.4,1.0,0.05,5000,1.0,1.0,5
4,40,1,standard,0.4,1.0,0.05,5000,1.0,1.0,6
4,41,1,standard,0.4,1.0,0.05,5000,1.0,1.0,11
4,42,1,standard,0.4,1.0,0.05,5000,1.0,1.0,4
4,43,1,standard,0.4,1.0,0.05,5000,1.0,1.0,7
4,44,1,standard,0.4,1.0,0.05,5000,1.0,1.0,10
4,45,1,standard,0.4,1.0,0.05,5000,1.0,1.0,9
4,46,1,standard,0.4,1.0,0.05,5000,1.0,1.0,4
4,47,1,standard,0.4,1.0,0.05,5000,1.0,1.0,8
4,48,1,standard,0.4,1.0,0.05,5000,1.0,1.0,7
4,49,1,standard,0.4,1.0,0.05,5000,1.0,1.0,8
4,50,1,standard,0.4,1.0,0.05,5000,1.0,1.0,10
4,51,1,standard,0.4,1.0,0.05,5000,1.0,1.0,10
4,52,1,standard,0.4,1.0,0.05,5000,1.0,1.0,8
4,53,1,standard,0.4,1.0,0.05,5000,1.0,1.0,7
4,54,1,standard,0.4,1.0,0.05,5000,1.0,1.0,9
4,55,1,standard,0.4,1.0,0.05,5000,1.0,1.0,11
4,56,1,standard,0.4,1.0,0.05,5000,1.0,1.0,6
4,57,1,standard,0.4,1.0,0.05,5000,1.0,1.0,12
4,58,1,standard,0.4,1.0,0.05,5000,1.0,1.0,7
4,59,1,standard,0.4,1.0,0.05,5000,1.0,1.0,7
4,60,1,standard,0.4,1.0,0.05,5000,1.0,1.0,6
4,61,1,standard,0.4,1.0,0.05,5000,1.0,1.0,11
4,62,1,standard,0.4,1.0,0.05,5000,1.0,1.0,6
4,63,1,standard,0.4,1.0,0.05,5000,1.0,1.0,7
4,64,1,standard,0.4,1.0,0.05,5000,1.0,1.0,8
4,65,1,standard,0.4,1.0,0.05,5000,1.0,1.0,10
4,66,1,standard,0.4,1.0,0.05,5000,1.0,1.0,11
4,67,1,standard,0.4,1.0,0.05,5000,1.0,1.0,7
4,68,1,standard,0.4,1.0,0.05,5000,1.0,1.0,9
4,69,1,standard,0.4,1.0,0.05,5000,1.0,1.0,8
4,70,1,standard,0.4,1.0,0.05,5000,1.0,1.0,15
4,71,1,standard,0.4,1.0,0.05,5000,1.0,1.0,9
4,72,1,standard,0.4,1.0,0.05,5000,1.0,1.0,8
4,73,1,standard,0.4,1.0,0.05,5000,1.0,1.0,5
4,74,1,standard,0.4,1.0,0.05,5000,1.0,1.0,9
4,75,1,standard,0.4,1.0,0.05,5000,1.0,1.0,7
4,76,1,standard,0.4,1.0,0.05,5000,1.0,1.0,10
4,77,1,standard,0.4,1.0,0.05,5000,1.0,1.0,7
4,78,1,standard,0.4,1.0,0.05,5000,1.0,1.0,2
4,79,1,standard,0.4,1.0,0.05,5000,1.0,1.0,11
4,80,1,standard,0.4,1.0,0.05,5000,1.0,1.0,9
4,81,1,standard,0.4,1.0,0.05,5000,1.0,1.0,4
4,82,1,standard,0.4,1.0,0.05,5000,1.0,1.0,11
4,83,1,standard,0.4,1.0,0.05,5000,1.0,1.0,5
4,84,1,standard,0.4,1.0,0.05,5000,1.0,1.0,11
4,85,1,standard,0.4,1.0,0.05,5000,1.0,1.0,9
4,86,1,standard,0.4,1.0,0.05,5000,1.0,1.0,9
4,87,1,standard,0.4,1.0,0.05,5000,1.0,1.0,6
4,88,1,standard,0.4,1.0,0.05,5000,1.0,1.0,8
4,89,1,standard,0.4,1.0,0.05,5000,1.0,1.0,7
4,90,1,standard,0.4,1.0,0.05,5000,1.0,1.0,13
4,91,1,standard,0.4,1.0,0.05,5000,1.0,1.0,10
4,92,1,standard,0.4,1.0,0.05,5000,1.0,1.0,10
4,93,1,standard,0.4,1.0,0.05,5000,1.0,1.0,6
4,94,1,standard,0.4,1.0,0.05,5000,1.0,1.0,6
4,95,1,standard,0.4,1.0,0.05,5000,1.0,1.0,6
4,96,1,standard,0.4,1.0,0.05,5000,1.0,1.0,6
4,97,1,standard,0.4,1.0,0.05,5000,1.0,1.0,8
4,98,1,standard,0.4,1.0,0.05,5000,1.0,1.0,5
4,99,1,standard,0.4,1.0,0.05,5000,1.0,1.0,4
4,100,1,standard,0.4,1.0,0.05,5000,1.0,1.0,9
4,1,1,standard,0.5,1.0,0.05,5000,1.0,1.0,6
4,2,1,standard,0.5,1.0,0.05,5000,1.0,1.0,4
4,3,1,standard,0.5,1.0,0.05,5000,1.0,1.0,9
4,4,1,standard,0.5,1.0,0.05,5000,1.0,1.0,8
4,5,1,standard,0.5,1.0,0.05,5000,1.0,1.0,11
4,6,1,standard,0.5,1.0,0.05,5000,1.0,1.0,4
4,7,1,standard,0.5,1.0,0.05,5000,1.0,1.0,5
4,8,1,standard,0.5,1.0,0.05,5000,1.0,1.0,9
4,9,1,standard,0.5,1.0,0.05,5000,1.0,1.0,6
4,10,1,standard,0.5,1.0,0.05,5000,1.0,1.0,6
4,11,1,standard,0.5,1.0,0.05,5000,1.0,1.0,8
4,12,1,standard,0.5,1.0,0.05,5000,1.0,1.0,9
4,13,1,standard,0.5,1.0,0.05,5000,1.0,1.0,11
4,14,1,standard,0.5,1.0,0.05,5000,1.0,1.0,8
4,15,1,standard,0.5,1.0,0.05,5000,1.0,1.0,6
4,16,1,standard,0.5,1.0,0.05,5000,1.0,1.0,8
4,17,1,standard,0.5,1.0,0.05,5000,1.0,1.0,5
4,18,1,standard,0.5,1.0,0.05,5000,1.0,1.0,9
4,19,1,standard,0.5,1.0,0.05,5000,1.0,1.0,6
4,20,1,standard,0.5,1.0,0.05,5000,1.0,1.0,13
4,21,1,standard,0.5,1.0,0.05,5000,1.0,1.0,8
4,22,1,standard,0.5,1.0,0.05,5000,1.0,1.0,6
4,23,1,standard,0.5,1.0,0.05,5000,1.0,1.0,8
4,24,1,standard,0.5,1.0,0.05,5000,1.0,1.0,6
4,25,1,standard,0.5,1.0,0.05,5000,1.0,1.0,7
4,26,1,standard,0.5,1.0,0.05,5000,1.0,1.0,8
4,27,1,standard,0.5,1.0,0.05,5000,1.0,1.0,7
4,28,1,standard,0.5,1.0,0.05,5000,1.0,1.0,5
4,29,1,standard,0.5,1.0,0.05,5000,1.0,1.0,5
4,30,1,standard,0.5,1.0,0.05,5000,1.0,1.0,6
4,31,1,standard,0.5,1.0,0.05,5000,1.0,1.0,8
4,32,1,standard,0.5,1.0,0.05,5000,1.0,1.0,9
4,33,1,standard,0.5,1.0,0.05,5000,1.0,1.0,6
4,34,1,standard,0.5,1.0,0.05,5000,1.0,1.0,7
4,35,1,standard,0.5,1.0,0.05,5000,1.0,1.0,4
4,36,1,standard,0.5,1.0,0.05,5000,1.0,1.0,6
4,37,1,standard,0.5,1.0,0.05,5000,1.0,1.0,8
4,38,1,standard,0.5,1.0,0.05,5000,1.0,1.0,4
4,39,1,standard,0.5,1.0,0.05,5000,1.0,1.0,7
4,40,1,standard,0.5,1.0,0.05,5000,1.0,1.0,8
4,41,1,standard,0.5,1.0,0.05,5000,1.0,1.0,8
4,42,1,standard,0.5,1.0,0.05,5000,1.0,1.0,7
4,43,1,standard,0.5,1.0,0.05,5000,1.0,1.0,4
4,44,1,standard,0.5,1.0,0.05,5000,1.0,1.0,13
4,45,1,standard,0.5,1.0,0.05,5000,1.0,1.0,7
4,46,1,standard,0.5,1.0,0.05,5000,1.0,1.0,6
4,47,1,standard,0.5,1.0,0.05,5000,1.0,1.0,8
4,48,1,standard,0.5,1.0,0.05,5000,1.0,1.0,7
4,49,1,standard,0.5,1.0,0.05,5000,1.0,1.0,7
4,50,1,standard,0.5,1.0,0.05,5000,1.0,1.0,7
4,51,1,standard,0.5,1.0,0.05,5000,1.0,1.0,7
4,52,1,standard,0.5,1.0,0.05,5000,1.0,1.0,6
4,53,1,standard,0.5,1.0,0.05,5000,1.0,1.0,5
4,54,1,standard,0.5,1.0,0.05,5000,1.0,1.0,7
4,55,1,standard,0.5,1.0,0.05,5000,1.0,1.0,6
4,56,1,standard,0.5,1.0,0.05,5000,1.0,1.0,7
4,57,1,standard,0.5,1.0,0.05,5000,1.0,1.0,6
4,58,1,standard,0.5,1.0,0.05,5000,1.0,1.0,5
4,59,1,standard,0.5,1.0,0.05,5000,1.0,1.0,7
4,60,1,standard,0.5,1.0,0.05,5000,1.0,1.0,5
4,61,1,standard,0.5,1.0,0.05,5000,1.0,1.0,6
4,62,1,standard,0.5,1.0,0.05,5000,1.0,1.0,5
4,63,1,standard,0.5,1.0,0.05,5000,1.0,1.0,8
4,64,1,standard,0.5,1.0,0.05,5000,1.0,1.0,8
4,65,1,standard,0.5,1.0,0.05,5000,1.0,1.0,9
4,66,1,standard,0.5,1.0,0.05,5000,1.0,1.0,10
4,67,1,standard,0.5,1.0,0.05,5000,1.0,1.0,4
4,68,1,standard,0.5,1.0,0.05,5000,1.0,1.0,11
4,69,1,standard,0.5,1.0,0.05,5000,1.0,1.0,10
4,70,1,standard,0.5,1.0,0.05,5000,1.0,1.0,5
4,71,1,standard,0.5,1.0,0.05,5000,1.0,1.0,7
4,72,1,standard,0.5,1.0,0.05,5000,1.0,1.0,8
4,73,1,standard,0.5,1.0,0.05,5000,1.0,1.0,7
4,74,1,standard,0.5,1.0,0.05,5000,1.0,1.0,11
4,75,1,standard,0.5,1.0,0.05,5000,1.0,1.0,5
4,76,1,standard,0.5,1.0,0.05,5000,1.0,1.0,7
4,77,1,standard,0.5,1.0,0.05,5000,1.0,1.0,6
4,78,1,standard,0.5,1.0,0.05,5000,1.0,1.0,4
4,79,1,standard,0.5,1.0,0.05,5000,1.0,1.0,6
4,80,1,standard,0.5,1.0,0.05,5000,1.0,1.0,5
4,81,1,standard,0.5,1.0,0.05,5000,1.0,1.0,4
4,82,1,standard,0.5,1.0,0.05,5000,1.0,1.0,11
4,83,1,standard,0.5,1.0,0.05,5000,1.0,1.0,4
4,84,1,standard,0.5,1.0,0.05,5000,1.0,1.0,6
4,85,1,standard,0.5,1.0,0.05,5000,1.0,1.0,7
4,86,1,standard,0.5,1.0,0.05,5000,1.0,1.0,8
4,87,1,standard,0.5,1.0,0.05,5000,1.0,1.0,7
4,88,1,standard,0.5,1.0,0.05,5000,1.0,1.0,6
4,89,1,standard,0.5,1.0,0.05,5000,1.0,1.0,7
4,90,1,standard,0.5,1.0,0.05,5000,1.0,1.0,11
4,91,1,standard,0.5,1.0,0.05,5000,1.0,1.0,5
4,92,1,standard,0.5,1.0,0.05,5000,1.0,1.0,9
4,93,1,standard,0.5,1.0,0.05,5000,1.0,1.0,10
4,94,1,standard,0.5,1.0,0.05,5000,1.0,1.0,7
4,95,1,standard,0.5,1.0,0.05,5000,1.0,1.0,6
4,96,1,standard,0.5,1.0,0.05,5000,1.0,1.0,9
4,97,1,standard,0.5,1.0,0.05,5000,1.0,1.0,11
4,98,1,standard,0.5,1.0,0.05,5000,1.0,1.0,9
4,99,1,standard,0.5,1.0,0.05,5000,1.0,1.0,6
4,100,1,standard,0.5,1.0,0.05,5000,1.0,1.0,6
4,1,1,standard,0.6,1.0,0.05,5000,1.0,1.0,5
4,2,1,standard,0.6,1.0,0.05,5000,1.0,1.0,6
4,3,1,standard,0.6,1.0,0.05,5000,1.0,1.0,8
4,4,1,standard,0.6,1.0,0.05,5000,1.0,1.0,7
4,5,1,standard,0.6,1.0,0.05,5000,1.0,1.0,4
4,6,1,standard,0.6,1.0,0.05,5000,1.0,1.0,7
4,7,1,standard,0.6,1.0,0.05,5000,1.0,1.0,8
4,8,1,standard,0.6,1.0,0.05,5000,1.0,1.0,9
4,9,1,standard,0.6,1.0,0.05,5000,1.0,1.0,6
4,10,1,standard,0.6,1.0,0.05,5000,1.0,1.0,5
4,11,1,standard,0.6,1.0,0.05,5000,1.0,1.0,7
4,12,1,standard,0.6,1.0,0.05,5000,1.0,1.0,8
4,13,1,standard,0.6,1.0,0.05,5000,1.0,1.0,5
4,14,1,standard,0.6,1.0,0.05,5000,1.0,1.0,6
4,15,1,standard,0.6,1.0,0.05,5000,1.0,1.0,10
4,16,1,standard,0.6,1.0,0.05,5000,1.0,1.0,6
4,17,1,standard,0.6,1.0,0.05,5000,1.0,1.0,5
4,18,1,standard,0.6,1.0,0.05,5000,1.0,1.0,6
4,19,1,standard,0.6,1.0,0.05,5000,1.0,1.0,7
4,20,1,standard,0.6,1.0,0.05,5000,1.0,1.0,7
4,21,1,standard,0.6,1.0,0.05,5000,1.0,1.0,6
4,22,1,standard,0.6,1.0,0.05,5000,1.0,1.0,8
4,23,1,standard,0.6,1.0,0.05,5000,1.0,1.0,6
4,24,1,standard,0.6,1.0,0.05,5000,1.0,1.0,11
4,25,1,standard,0.6,1.0,0.05,5000,1.0,1.0,7
4,26,1,standard,0.6,1.0,0.05,5000,1.0,1.0,9
4,27,1,standard,0.6,1.0,0.05,5000,1.0,1.0,6
4,28,1,standard,0.6,1.0,0.05,5000,1.0,1.0,6
4,29,1,standard,0.6,1.0,0.05,5000,1.0,1.0,2
4,30,1,standard,0.6,1.0,0.05,5000,1.0,1.0,6
4,31,1,standard,0.6,1.0,0.05,5000,1.0,1.0,6
4,32,1,standard,0.6,1.0,0.05,5000,1.0,1.0,6
4,33,1,standard,0.6,1.0,0.05,5000,1.0,1.0,4
4,34,1,standard,0.6,1.0,0.05,5000,1.0,1.0,4
4,35,1,standard,0.6,1.0,0.05,5000,1.0,1.0,6
4,36,1,standard,0.6,1.0,0.05,5000,1.0,1.0,8
4,37,1,standard,0.6,1.0,0.05,5000,1.0,1.0,5
4,38,1,standard,0.6,1.0,0.05,5000,1.0,1.0,7
4,39,1,standard,0.6,1.0,0.05,5000,1.0,1.0,6
4,40,1,standard,0.6,1.0,0.05,5000,1.0,1.0,4
4,41,1,standard,0.6,1.0,0.05,5000,1.0,1.0,5
4,42,1,standard,0.6,1.0,0.05,5000,1.0,1.0,7
4,43,1,standard,0.6,1.0,0.05,5000,1.0,1.0,3
4,44,1,standard,0.6,1.0,0.05,5000,1.0,1.0,7
4,45,1,standard,0.6,1.0,0.05,5000,1.0,1.0,5
4,46,1,standard,0.6,1.0,0.05,5000,1.0,1.0,6
4,47,1,standard,0.6,1.0,0.05,5000,1.0,1.0,8
4,48,1,standard,0.6,1.0,0.05,5000,1.0,1.0,7
4,49,1,standard,0.6,1.0,0.05,5000,1.0,1.0,7
4,50,1,standard,0.6,1.0,0.05,5000,1.0,1.0,4
4,51,1,standard,0.6,1.0,0.05,5000,1.0,1.0,8
4,52,1,standard,0.6,1.0,0.05,5000,1.0,1.0,4
4,53,1,standard,0.6,1.0,0.05,5000,1.0,1.0,5
4,54,1,standard,0.6,1.0,0.05,5000,1.0,1.0,7
4,55,1,standard,0.6,1.0,0.05,5000,1.0,1.0,7
4,56,1,standard,0.6,1.0,0.05,5000,1.0,1.0,6
4,57,1,standard,0.6,1.0,0.05,5000,1.0,1.0,7
4,58,1,standard,0.6,1.0,0.05,5000,1.0,1.0,8
4,59,1,standard,0.6,1.0,0.05,5000,1.0,1.0,8
4,60,1,standard,0.6,1.0,0.05,5000,1.0,1.0,6
4,61,1,standard,0.6,1.0,0.05,5000,1.0,1.0,8
4,62,1,standard,0.6,1.0,0.05,5000,1.0,1.0,8
4,63,1,standard,0.6,1.0,0.05,5000,1.0,1.0,6
4,64,1,standard,0.6,1.0,0.05,5000,1.0,1.0,7
4,65,1,standard,0.6,1.0,0.05,5000,1.0,1.0,9
4,66,1,standard,0.6,1.0,0.05,5000,1.0,1.0,5
4,67,1,standard,0.6,1.0,0.05,5000,1.0,1.0,8
4,68,1,standard,0.6,1.0,0.05,5000,1.0,1.0,8
4,69,1,standard,0.6,1.0,0.05,5000,1.0,1.0,5
4,70,1,standard,0.6,1.0,0.05,5000,1.0,1.0,5
4,71,1,standard,0.6,1.0,0.05,5000,1.0,1.0,5
4,72,1,standard,0.6,1.0,0.05,5000,1.0,1.0,4
4,73,1,standard,0.6,1.0,0.05,5000,1.0,1.0,11
4,74,1,standard,0.6,1.0,0.05,5000,1.0,1.0,9
4,75,1,standard,0.6,1.0,0.05,5000,1.0,1.0,8
4,76,1,standard,0.6,1.0,0.05,5000,1.0,1.0,6
4,77,1,standard,0.6,1.0,0.05,5000,1.0,1.0,6
4,78,1,standard,0.6,1.0,0.05,5000,1.0,1.0,2
4,79,1,standard,0.6,1.0,0.05,5000,1.0,1.0,5
4,80,1,standard,0.6,1.0,0.05,5000,1.0,1.0,7
4,81,1,standard,0.6,1.0,0.05,5000,1.0,1.0,4
4,82,1,standard,0.6,1.0,0.05,5000,1.0,1.0,6
4,83,1,standard,0.6,1.0,0.05,5000,1.0,1.0,6
4,84,1,standard,0.6,1.0,0.05,5000,1.0,1.0,7
4,85,1,standard,0.6,1.0,0.05,5000,1.0,1.0,5
4,86,1,standard,0.6,1.0,0.05,5000,1.0,1.0,7
4,87,1,standard,0.6,1.0,0.05,5000,1.0,1.0,6
4,88,1,standard,0.6,1.0,0.05,5000,1.0,1.0,7
4,89,1,standard,0.6,1.0,0.05,5000,1.0,1.0,6
4,90,1,standard,0.6,1.0,0.05,5000,1.0,1.0,6
4,91,1,standard,0.6,1.0,0.05,5000,1.0,1.0,3
4,92,1,standard,0.6,1.0,0.05,5000,1.0,1.0,5
4,93,1,standard,0.6,1.0,0.05,5000,1.0,1.0,8
4,94,1,standard,0.6,1.0,0.05,5000,1.0,1.0,5
4,95,1,standard,0.6,1.0,0.05,5000,1.0,1.0,7
4,96,1,standard,0.6,1.0,0.05,5000,1.0,1.0,5
4,97,1,standard,0.6,1.0,0.05,5000,1.0,1.0,6
4,98,1,standard,0.6,1.0,0.05,5000,1.0,1.0,5
4,99,1,standard,0.6,1.0,0.05,5000,1.0,1.0,6
4,100,1,standard,0.6,1.0,0.05,5000,1.0,1.0,4
4,1,1,standard,0.7,1.0,0.05,5000,1.0,1.0,4
4,2,1,standard,0.7,1.0,0.05,5000,1.0,1.0,8
4,3,1,standard,0.7,1.0,0.05,5000,1.0,1.0,8
4,4,1,standard,0.7,1.0,0.05,5000,1.0,1.0,5
4,5,1,standard,0.7,1.0,0.05,5000,1.0,1.0,5
4,6,1,standard,0.7,1.0,0.05,5000,1.0,1.0,7
4,7,1,standard,0.7,1.0,0.05,5000,1.0,1.0,5
4,8,1,standard,0.7,1.0,0.05,5000,1.0,1.0,10
4,9,1,standard,0.7,1.0,0.05,5000,1.0,1.0,5
4,10,1,standard,0.7,1.0,0.05,5000,1.0,1.0,4
4,11,1,standard,0.7,1.0,0.05,5000,1.0,1.0,6
4,12,1,standard,0.7,1.0,0.05,5000,1.0,1.0,3
4,13,1,standard,0.7,1.0,0.05,5000,1.0,1.0,5
4,14,1,standard,0.7,1.0,0.05,5000,1.0,1.0,7
4,15,1,standard,0.7,1.0,0.05,5000,1.0,1.0,7
4,16,1,standard,0.7,1.0,0.05,5000,1.0,1.0,5
4,17,1,standard,0.7,1.0,0.05,5000,1.0,1.0,5
4,18,1,standard,0.7,1.0,0.05,5000,1.0,1.0,5
4,19,1,standard,0.7,1.0,0.05,5000,1.0,1.0,8
4,20,1,standard,0.7,1.0,0.05,5000,1.0,1.0,5
4,21,1,standard,0.7,1.0,0.05,5000,1.0,1.0,6
4,22,1,standard,0.7,1.0,0.05,5000,1.0,1.0,4
4,23,1,standard,0.7,1.0,0.05,5000,1.0,1.0,8
4,24,1,standard,0.7,1.0,0.05,5000,1.0,1.0,5
4,25,1,standard,0.7,1.0,0.05,5000,1.0,1.0,7
4,26,1,standard,0.7,1.0,0.05,5000,1.0,1.0,3
4,27,1,standard,0.7,1.0,0.05,5000,1.0,1.0,7
4,28,1,standard,0.7,1.0,0.05,5000,1.0,1.0,5
4,29,1,standard,0.7,1.0,0.05,5000,1.0,1.0,6
4,30,1,standard,0.7,1.0,0.05,5000,1.0,1.0,6
4,31,1,standard,0.7,1.0,0.05,5000,1.0,1.0,5
4,32,1,standard,0.7,1.0,0.05,5000,1.0,1.0,4
4,33,1,standard,0.7,1.0,0.05,5000,1.0,1.0,6
4,34,1,standard,0.7,1.0,0.05,5000,1.0,1.0,7
4,35,1,standard,0.7,1.0,0.05,5000,1.0,1.0,6
4,36,1,standard,0.7,1.0,0.05,5000,1.0,1.0,7
4,37,1,standard,0.7,1.0,0.05,5000,1.0,1.0,4
4,38,1,standard,0.7,1.0,0.05,5000,1.0,1.0,4
4,39,1,standard,0.7,1.0,0.05,5000,1.0,1.0,4
4,40,1,standard,0.7,1.0,0.05,5000,1.0,1.0,4
4,41,1,standard,0.7,1.0,0.05,5000,1.0,1.0,6
4,42,1,standard,0.7,1.0,0.05,5000,1.0,1.0,5
4,43,1,standard,0.7,1.0,0.05,5000,1.0,1.0,4
4,44,1,standard,0.7,1.0,0.05,5000,1.0,1.0,8
4,45,1,standard,0.7,1.0,0.05,5000,1.0,1.0,6
4,46,1,standard,0.7,1.0,0.05,5000,1.0,1.0,5
4,47,1,standard,0.7,1.0,0.05,5000,1.0,1.0,3
4,48,1,standard,0.7,1.0,0.05,5000,1.0,1.0,6
4,49,1,standard,0.7,1.0,0.05,5000,1.0,1.0,5
4,50,1,standard,0.7,1.0,0.05,5000,1.0,1.0,7
4,51,1,standard,0.7,1.0,0.05,5000,1.0,1.0,7
4,52,1,standard,0.7,1.0,0.05,5000,1.0,1.0,4
4,53,1,standard,0.7,1.0,0.05,5000,1.0,1.0,5
4,54,1,standard,0.7,1.0,0.05,5000,1.0,1.0,6
4,55,1,standard,0.7,1.0,0.05,5000,1.0,1.0,5
4,56,1,standard,0.7,1.0,0.05,5000,1.0,1.0,5
4,57,1,standard,0.7,1.0,0.05,5000,1.0,1.0,5
4,58,1,standard,0.7,1.0,0.05,5000,1.0,1.0,5
4,59,1,standard,0.7,1.0,0.05,5000,1.0,1.0,7
4,60,1,standard,0.7,1.0,0.05,5000,1.0,1.0,4
4,61,1,standard,0.7,1.0,0.05,5000,1.0,1.0,4
4,62,1,standard,0.7,1.0,0.05,5000,1.0,1.0,4
4,63,1,standard,0.7,1.0,0.05,5000,1.0,1.0,5
4,64,1,standard,0.7,1.0,0.05,5000,1.0,1.0,5
4,65,1,standard,0.7,1.0,0.05,5000,1.0,1.0,6
4,66,1,standard,0.7,1.0,0.05,5000,1.0,1.0,7
4,67,1,standard,0.7,1.0,0.05,5000,1.0,1.0,5
4,68,1,standard,0.7,1.0,0.05,5000,1.0,1.0,9
4,69,1,standard,0.7,1.0,0.05,5000,1.0,1.0,5
4,70,1,standard,0.7,1.0,0.05,5000,1.0,1.0,5
4,71,1,standard,0.7,1.0,0.05,5000,1.0,1.0,6
4,72,1,standard,0.7,1.0,0.05,5000,1.0,1.0,5
4,73,1,standard,0.7,1.0,0.05,5000,1.0,1.0,4
4,74,1,standard,0.7,1.0,0.05,5000,1.0,1.0,5
4,75,1,standard,0.7,1.0,0.05,5000,1.0,1.0,6
4,76,1,standard,0.7,1.0,0.05,5000,1.0,1.0,5
4,77,1,standard,0.7,1.0,0.05,5000,1.0,1.0,5
4,78,1,standard,0.7,1.0,0.05,5000,1.0,1.0,2
4,79,1,standard,0.7,1.0,0.05,5000,1.0,1.0,5
4,80,1,standard,0.7,1.0,0.05,5000,1.0,1.0,6
4,81,1,standard,0.7,1.0,0.05,5000,1.0,1.0,5
4,82,1,standard,0.7,1.0,0.05,5000,1.0,1.0,4
4,83,1,standard,0.7,1.0,0.05,5000,1.0,1.0,6
4,84,1,standard,0.7,1.0,0.05,5000,1.0,1.0,4
4,85,1,standard,0.7,1.0,0.05,5000,1.0,1.0,6
4,86,1,standard,0.7,1.0,0.05,5000,1.0,1.0,4
4,87,1,standard,0.7,1.0,0.05,5000,1.0,1.0,7
4,88,1,standard,0.7,1.0,0.05,5000,1.0,1.0,5
4,89,1,standard,0.7,1.0,0.05,5000,1.0,1.0,4
4,90,1,standard,0.7,1.0,0.05,5000,1.0,1.0,6
4,91,1,standard,0.7,1.0,0.05,5000,1.0,1.0,5
4,92,1,standard,0.7,1.0,0.05,5000,1.0,1.0,5
4,93,1,standard,0.7,1.0,0.05,5000,1.0,1.0,6
4,94,1,standard,0.7,1.0,0.05,5000,1.0,1.0,5
4,95,1,standard,0.7,1.0,0.05,5000,1.0,1.0,8
4,96,1,standard,0.7,1.0,0.05,5000,1.0,1.0,6
4,97,1,standard,0.7,1.0,0.05,5000,1.0,1.0,4
4,98,1,standard,0.7,1.0,0.05,5000,1.0,1.0,8
4,99,1,standard,0.7,1.0,0.05,5000,1.0,1.0,4
4,100,1,standard,0.7,1.0,0.05,5000,1.0,1.0,6
4,1,1,standard,0.8,1.0,0.05,5000,1.0,1.0,5
4,2,1,standard,0.8,1.0,0.05,5000,1.0,1.0,5
4,3,1,standard,0.8,1.0,0.05,5000,1.0,1.0,6
4,4,1,standard,0.8,1.0,0.05,5000,1.0,1.0,8
4,5,1,standard,0.8,1.0,0.05,5000,1.0,1.0,4
4,6,1,standard,0.8,1.0,0.05,5000,1.0,1.0,5
4,7,1,standard,0.8,1.0,0.05,5000,1.0,1.0,5
4,8,1,standard,0.8,1.0,0.05,5000,1.0,1.0,6
4,9,1,standard,0.8,1.0,0.05,5000,1.0,1.0,5
4,10,1,standard,0.8,1.0,0.05,5000,1.0,1.0,4
4,11,1,standard,0.8,1.0,0.05,5000,1.0,1.0,11
4,12,1,standard,0.8,1.0,0.05,5000,1.0,1.0,4
4,13,1,standard,0.8,1.0,0.05,5000,1.0,1.0,8
4,14,1,standard,0.8,1.0,0.05,5000,1.0,1.0,9
4,15,1,standard,0.8,1.0,0.05,5000,1.0,1.0,6
4,16,1,standard,0.8,1.0,0.05,5000,1.0,1.0,7
4,17,1,standard,0.8,1.0,0.05,5000,1.0,1.0,8
4,18,1,standard,0.8,1.0,0.05,5000,1.0,1.0,5
4,19,1,standard,0.8,1.0,0.05,5000,1.0,1.0,5
4,20,1,standard,0.8,1.0,0.05,5000,1.0,1.0,6
4,21,1,standard,0.8,1.0,0.05,5000,1.0,1.0,6
4,22,1,standard,0.8,1.0,0.05,5000,1.0,1.0,7
4,23,1,standard,0.8,1.0,0.05,5000,1.0,1.0,4
4,24,1,standard,0.8,1.0,0.05,5000,1.0,1.0,4
4,25,1,standard,0.8,1.0,0.05,5000,1.0,1.0,4
4,26,1,standard,0.8,1.0,0.05,5000,1.0,1.0,4
4,27,1,standard,0.8,1.0,0.05,5000,1.0,1.0,11
4,28,1,standard,0.8,1.0,0.05,5000,1.0,1.0,4
4,29,1,standard,0.8,1.0,0.05,5000,1.0,1.0,7
4,30,1,standard,0.8,1.0,0.05,5000,1.0,1.0,6
4,31,1,standard,0.8,1.0,0.05,5000,1.0,1.0,4
4,32,1,standard,0.8,1.0,0.05,5000,1.0,1.0,6
4,33,1,standard,0.8,1.0,0.05,5000,1.0,1.0,3
4,34,1,standard,0.8,1.0,0.05,5000,1.0,1.0,4
4,35,1,standard,0.8,1.0,0.05,5000,1.0,1.0,7
4,36,1,standard,0.8,1.0,0.05,5000,1.0,1.0,4
4,37,1,standard,0.8,1.0,0.05,5000,1.0,1.0,5
4,38,1,standard,0.8,1.0,0.05,5000,1.0,1.0,6
4,39,1,standard,0.8,1.0,0.05,5000,1.0,1.0,4
4,40,1,standard,0.8,1.0,0.05,5000,1.0,1.0,3
4,41,1,standard,0.8,1.0,0.05,5000,1.0,1.0,5
4,42,1,standard,0.8,1.0,0.05,5000,1.0,1.0,6
4,43,1,standard,0.8,1.0,0.05,5000,1.0,1.0,3
4,44,1,standard,0.8,1.0,0.05,5000,1.0,1.0,4
4,45,1,standard,0.8,1.0,0.05,5000,1.0,1.0,4
4,46,1,standard,0.8,1.0,0.05,5000,1.0,1.0,5
4,47,1,standard,0.8,1.0,0.05,5000,1.0,1.0,6
4,48,1,standard,0.8,1.0,0.05,5000,1.0,1.0,6
4,49,1,standard,0.8,1.0,0.05,5000,1.0,1.0,9
4,50,1,standard,0.8,1.0,0.05,5000,1.0,1.0,9
4,51,1,standard,0.8,1.0,0.05,5000,1.0,1.0,7
4,52,1,standard,0.8,1.0,0.05,5000,1.0,1.0,4
4,53,1,standard,0.8,1.0,0.05,5000,1.0,1.0,5
4,54,1,standard,0.8,1.0,0.05,5000,1.0,1.0,6
4,55,1,standard,0.8,1.0,0.05,5000,1.0,1.0,7
4,56,1,standard,0.8,1.0,0.05,5000,1.0,1.0,6
4,57,1,standard,0.8,1.0,0.05,5000,1.0,1.0,8
4,58,1,standard,0.8,1.0,0.05,5000,1.0,1.0,5
4,59,1,standard,0.8,1.0,0.05,5000,1.0,1.0,6
4,60,1,standard,0.8,1.0,0.05,5000,1.0,1.0,5
4,61,1,standard,0.8,1.0,0.05,5000,1.0,1.0,5
4,62,1,standard,0.8,1.0,0.05,5000,1.0,1.0,5
4,63,1,standard,0.8,1.0,0.05,5000,1.0,1.0,4
4,64,1,standard,0.8,1.0,0.05,5000,1.0,1.0,6
4,65,1,standard,0.8,1.0,0.05,5000,1.0,1.0,6
4,66,1,standard,0.8,1.0,0.05,5000,1.0,1.0,7
4,67,1,standard,0.8,1.0,0.05,5000,1.0,1.0,4
4,68,1,standard,0.8,1.0,0.05,5000,1.0,1.0,6
4,69,1,standard,0.8,1.0,0.05,5000,1.0,1.0,5
4,70,1,standard,0.8,1.0,0.05,5000,1.0,1.0,7
4,71,1,standard,0.8,1.0,0.05,5000,1.0,1.0,7
4,72,1,standard,0.8,1.0,0.05,5000,1.0,1.0,4
4,73,1,standard,0.8,1.0,0.05,5000,1.0,1.0,4
4,74,1,standard,0.8,1.0,0.05,5000,1.0,1.0,5
4,75,1,standard,0.8,1.0,0.05,5000,1.0,1.0,5
4,76,1,standard,0.8,1.0,0.05,5000,1.0,1.0,8
4,77,1,standard,0.8,1.0,0.05,5000,1.0,1.0,9
4,78,1,standard,0.8,1.0,0.05,5000,1.0,1.0,2
4,79,1,standard,0.8,1.0,0.05,5000,1.0,1.0,6
4,80,1,standard,0.8,1.0,0.05,5000,1.0,1.0,5
4,81,1,standard,0.8,1.0,0.05,5000,1.0,1.0,3
4,82,1,standard,0.8,1.0,0.05,5000,1.0,1.0,6
4,83,1,standard,0.8,1.0,0.05,5000,1.0,1.0,9
4,84,1,standard,0.8,1.0,0.05,5000,1.0,1.0,6
4,85,1,standard,0.8,1.0,0.05,5000,1.0,1.0,5
4,86,1,standard,0.8,1.0,0.05,5000,1.0,1.0,7
4,87,1,standard,0.8,1.0,0.05,5000,1.0,1.0,7
4,88,1,standard,0.8,1.0,0.05,5000,1.0,1.0,5
4,89,1,standard,0.8,1.0,0.05,5000,1.0,1.0,7
4,90,1,standard,0.8,1.0,0.05,5000,1.0,1.0,4
4,91,1,standard,0.8,1.0,0.05,5000,1.0,1.0,8
4,92,1,standard,0.8,1.0,0.05,5000,1.0,1.0,4
4,93,1,standard,0.8,1.0,0.05,5000,1.0,1.0,6
4,94,1,standard,0.8,1.0,0.05,5000,1.0,1.0,6
4,95,1,standard,0.8,1.0,0.05,5000,1.0,1.0,4
4,96,1,standard,0.8,1.0,0.05,5000,1.0,1.0,5
4,97,1,standard,0.8,1.0,0.05,5000,1.0,1.0,4
4,98,1,standard,0.8,1.0,0.05,5000,1.0,1.0,8
4,99,1,standard,0.8,1.0,0.05,5000,1.0,1.0,5
4,100,1,standard,0.8,1.0,0.05,5000,1.0,1.0,5
4,1,1,standard,0.9,1.0,0.05,5000,1.0,1.0,13
4,2,1,standard,0.9,1.0,0.05,5000,1.0,1.0,7
4,3,1,standard,0.9,1.0,0.05,5000,1.0,1.0,13
4,4,1,standard,0.9,1.0,0.05,5000,1.0,1.0,7
4,5,1,standard,0.9,1.0,0.05,5000,1.0,1.0,9
4,6,1,standard,0.9,1.0,0.05,5000,1.0,1.0,5
4,7,1,standard,0.9,1.0,0.05,5000,1.0,1.0,17
4,8,1,standard,0.9,1.0,0.05,5000,1.0,1.0,8
4,9,1,standard,0.9,1.0,0.05,5000,1.0,1.0,4
4,10,1,standard,0.9,1.0,0.05,5000,1.0,1.0,9
4,11,1,standard,0.9,1.0,0.05,5000,1.0,1.0,7
4,12,1,standard,0.9,1.0,0.05,5000,1.0,1.0,3
4,13,1,standard,0.9,1.0,0.05,5000,1.0,1.0,6
4,14,1,standard,0.9,1.0,0.05,5000,1.0,1.0,7
4,15,1,standard,0.9,1.0,0.05,5000,1.0,1.0,5
4,16,1,standard,0.9,1.0,0.05,5000,1.0,1.0,4
4,17,1,standard,0.9,1.0,0.05,5000,1.0,1.0,4
4,18,1,standard,0.9,1.0,0.05,5000,1.0,1.0,4
4,19,1,standard,0.9,1.0,0.05,5000,1.0,1.0,6
4,20,1,standard,0.9,1.0,0.05,5000,1.0,1.0,6
4,21,1,standard,0.9,1.0,0.05,5000,1.0,1.0,7
4,22,1,standard,0.9,1.0,0.05,5000,1.0,1.0,4
4,23,1,standard,0.9,1.0,0.05,5000,1.0,1.0,6
4,24,1,standard,0.9,1.0,0.05,5000,1.0,1.0,4
4,25,1,standard,0.9,1.0,0.05,5000,1.0,1.0,7
4,26,1,standard,0.9,1.0,0.05,5000,1.0,1.0,7
4,27,1,standard,0.9,1.0,0.05,5000,1.0,1.0,8
4,28,1,standard,0.9,1.0,0.05,5000,1.0,1.0,4
4,29,1,standard,0.9,1.0,0.05,5000,1.0,1.0,7
4,30,1,standard,0.9,1.0,0.05,5000,1.0,1.0,11
4,31,1,standard,0.9,1.0,0.05,5000,1.0,1.0,6
4,32,1,standard,0.9,1.0,0.05,5000,1.0,1.0,8
4,33,1,standard,0.9,1.0,0.05,5000,1.0,1.0,7
4,34,1,standard,0.9,1.0,0.05,5000,1.0,1.0,15
4,35,1,standard,0.9,1.0,0.05,5000,1.0,1.0,5
4,36,1,standard,0.9,1.0,0.05,5000,1.0,1.0,3
4,37,1,standard,0.9,1.0,0.05,5000,1.0,1.0,9
4,38,1,standard,0.9,1.0,0.05,5000,1.0,1.0,13
4,39,1,standard,0.9,1.0,0.05,5000,1.0,1.0,4
4,40,1,standard,0.9,1.0,0.05,5000,1.0,1.0,7
4,41,1,standard,0.9,1.0,0.05,5000,1.0,1.0,7
4,42,1,standard,0.9,1.0,0.05,5000,1.0,1.0,7
4,43,1,standard,0.9,1.0,0.05,5000,1.0,1.0,12
4,44,1,standard,0.9,1.0,0.05,5000,1.0,1.0,10
4,45,1,standard,0.9,1.0,0.05,5000,1.0,1.0,4
4,46,1,standard,0.9,1.0,0.05,5000,1.0,1.0,5
4,47,1,standard,0.9,1.0,0.05,5000,1.0,1.0,7
4,48,1,standard,0.9,1.0,0.05,5000,1.0,1.0,3
4,49,1,standard,0.9,1.0,0.05,5000,1.0,1.0,6
4,50,1,standard,0.9,1.0,0.05,5000,1.0,1.0,6
4,51,1,standard,0.9,1.0,0.05,5000,1.0,1.0,7
4,52,1,standard,0.9,1.0,0.05,5000,1.0,1.0,10
4,53,1,standard,0.9,1.0,0.05,5000,1.0,1.0,8
4,54,1,standard,0.9,1.0,0.05,5000,1.0,1.0,9
4,55,1,standard,0.9,1.0,0.05,5000,1.0,1.0,4
4,56,1,standard,0.9,1.0,0.05,5000,1.0,1.0,6
4,57,1,standard,0.9,1.0,0.05,5000,1.0,1.0,5
4,58,1,standard,0.9,1.0,0.05,5000,1.0,1.0,4
4,59,1,standard,0.9,1.0,0.05,5000,1.0,1.0,5
4,60,1,standard,0.9,1.0,0.05,5000,1.0,1.0,10
4,61,1,standard,0.9,1.0,0.05,5000,1.0,1.0,3
4,62,1,standard,0.9,1.0,0.05,5000,1.0,1.0,3
4,63,1,standard,0.9,1.0,0.05,5000,1.0,1.0,7
4,64,1,standard,0.9,1.0,0.05,5000,1.0,1.0,13
4,65,1,standard,0.9,1.0,0.05,5000,1.0,1.0,8
4,66,1,standard,0.9,1.0,0.05,5000,1.0,1.0,4
4,67,1,standard,0.9,1.0,0.05,5000,1.0,1.0,5
4,68,1,standard,0.9,1.0,0.05,5000,1.0,1.0,11
4,69,1,standard,0.9,1.0,0.05,5000,1.0,1.0,5
4,70,1,standard,0.9,1.0,0.05,5000,1.0,1.0,8
4,71,1,standard,0.9,1.0,0.05,5000,1.0,1.0,4
4,72,1,standard,0.9,1.0,0.05,5000,1.0,1.0,8
4,73,1,standard,0.9,1.0,0.05,5000,1.0,1.0,7
4,74,1,standard,0.9,1.0,0.05,5000,1.0,1.0,7
4,75,1,standard,0.9,1.0,0.05,5000,1.0,1.0,6
4,76,1,standard,0.9,1.0,0.05,5000,1.0,1.0,5
4,77,1,standard,0.9,1.0,0.05,5000,1.0,1.0,4
4,78,1,standard,0.9,1.0,0.05,5000,1.0,1.0,2
4,79,1,standard,0.9,1.0,0.05,5000,1.0,1.0,6
4,80,1,standard,0.9,1.0,0.05,5000,1.0,1.0,3
4,81,1,standard,0.9,1.0,0.05,5000,1.0,1.0,11
4,82,1,standard,0.9,1.0,0.05,5000,1.0,1.0,4
4,83,1,standard,0.9,1.0,0.05,5000,1.0,1.0,5
4,84,1,standard,0.9,1.0,0.05,5000,1.0,1.0,7
4,85,1,standard,0.9,1.0,0.05,5000,1.0,1.0,8
4,86,1,standard,0.9,1.0,0.05,5000,1.0,1.0,9
4,87,1,standard,0.9,1.0,0.05,5000,1.0,1.0,4
4,88,1,standard,0.9,1.0,0.05,5000,1.0,1.0,4
4,89,1,standard,0.9,1.0,0.05,5000,1.0,1.0,4
4,90,1,standard,0.9,1.0,0.05,5000,1.0,1.0,5
4,91,1,standard,0.9,1.0,0.05,5000,1.0,1.0,9
4,92,1,standard,0.9,1.0,0.05,5000,1.0,1.0,7
4,93,1,standard,0.9,1.0,0.05,5000,1.0,1.0,6
4,94,1,standard,0.9,1.0,0.05,5000,1.0,1.0,7
4,95,1,standard,0.9,1.0,0.05,5000,1.0,1.0,5
4,96,1,standard,0.9,1.0,0.05,5000,1.0,1.0,6
4,97,1,standard,0.9,1.0,0.05,5000,1.0,1.0,9
4,98,1,standard,0.9,1.0,0.05,5000,1.0,1.0,7
4,99,1,standard,0.9,1.0,0.05,5000,1.0,1.0,4
4,100,1,standard,0.9,1.0,0.05,5000,1.0,1.0,7
4,1,1,standard,1.0,1.0,0.05,5000,1.0,1.0,57
4,2,1,standard,1.0,1.0,0.05,5000,1.0,1.0,57
4,3,1,standard,1.0,1.0,0.05,5000,1.0,1.0,55
4,4,1,standard,1.0,1.0,0.05,5000,1.0,1.0,55
4,5,1,standard,1.0,1.0,0.05,5000,1.0,1.0,57
4,6,1,standard,1.0,1.0,0.05,5000,1.0,1.0,57
4,7,1,standard,1.0,1.0,0.05,5000,1.0,1.0,55
4,8,1,standard,1.0,1.0,0.05,5000,1.0,1.0,55
4,9,1,standard,1.0,1.0,0.05,5000,1.0,1.0,55
4,10,1,standard,1.0,1.0,0.05,5000,1.0,1.0,57
4,11,1,standard,1.0,1.0,0.05,5000,1.0,1.0,55
4,12,1,standard,1.0,1.0,0.05,5000,1.0,1.0,59
4,13,1,standard,1.0,1.0,0.05,5000,1.0,1.0,55
4,14,1,standard,1.0,1.0,0.05,5000,1.0,1.0,55
4,15,1,standard,1.0,1.0,0.05,5000,1.0,1.0,55
4,16,1,standard,1.0,1.0,0.05,5000,1.0,1.0,55
4,17,1,standard,1.0,1.0,0.05,5000,1.0,1.0,55
4,18,1,standard,1.0,1.0,0.05,5000,1.0,1.0,55
4,19,1,standard,1.0,1.0,0.05,5000,1.0,1.0,55
4,20,1,standard,1.0,1.0,0.05,5000,1.0,1.0,55
4,21,1,standard,1.0,1.0,0.05,5000,1.0,1.0,55
4,22,1,standard,1.0,1.0,0.05,5000,1.0,1.0,55
4,23,1,standard,1.0,1.0,0.05,5000,1.0,1.0,55
4,24,1,standard,1.0,1.0,0.05,5000,1.0,1.0,55
4,25,1,standard,1.0,1.0,0.05,5000,1.0,1.0,55
4,26,1,standard,1.0,1.0,0.05,5000,1.0,1.0,55
4,27,1,standard,1.0,1.0,0.05,5000,1.0,1.0,57
4,28,1,standard,1.0,1.0,0.05,5000,1.0,1.0,55
4,29,1,standard,1.0,1.0,0.05,5000,1.0,1.0,57
4,30,1,standard,1.0,1.0,0.05,5000,1.0,1.0,55
4,31,1,standard,1.0,1.0,0.05,5000,1.0,1.0,55
4,32,1,standard,1.0,1.0,0.05,5000,1.0,1.0,55
4,33,1,standard,1.0,1.0,0.05,5000,1.0,1.0,55
4,34,1,standard,1.0,1.0,0.05,5000,1.0,1.0,55
4,35,1,standard,1.0,1.0,0.05,5000,1.0,1.0,57
4,36,1,standard,1.0,1.0,0.05,5000,1.0,1.0,55
4,37,1,standard,1.0,1.0,0.05,5000,1.0,1.0,55
4,38,1,standard,1.0,1.0,0.05,5000,1.0,1.0,57
4,39,1,standard,1.0,1.0,0.05,5000,1.0,1.0,55
4,40,1,standard,1.0,1.0,0.05,5000,1.0,1.0,57
4,41,1,standard,1.0,1.0,0.05,5000,1.0,1.0,55
4,42,1,standard,1.0,1.0,0.05,5000,1.0,1.0,57
4,43,1,standard,1.0,1.0,0.05,5000,1.0,1.0,49
4,44,1,standard,1.0,1.0,0.05,5000,1.0,1.0,55
4,45,1,standard,1.0,1.0,0.05,5000,1.0,1.0,55
4,46,1,standard,1.0,1.0,0.05,5000,1.0,1.0,55
4,47,1,standard,1.0,1.0,0.05,5000,1.0,1.0,55
4,48,1,standard,1.0,1.0,0.05,5000,1.0,1.0,55
4,49,1,standard,1.0,1.0,0.05,5000,1.0,1.0,55
4,50,1,standard,1.0,1.0,0.05,5000,1.0,1.0,55
4,51,1,standard,1.0,1.0,0.05,5000,1.0,1.0,55
4,52,1,standard,1.0,1.0,0.05,5000,1.0,1.0,57
4,53,1,standard,1.0,1.0,0.05,5000,1.0,1.0,55
4,54,1,standard,1.0,1.0,0.05,5000,1.0,1.0,55
4,55,1,standard,1.0,1.0,0.05,5000,1.0,1.0,57
4,56,1,standard,1.0,1.0,0.05,5000,1.0,1.0,55
4,57,1,standard,1.0,1.0,0.05,5000,1.0,1.0,55
4,58,1,standard,1.0,1.0,0.05,5000,1.0,1.0,55
4,59,1,standard,1.0,1.0,0.05,5000,1.0,1.0,55
4,60,1,standard,1.0,1.0,0.05,5000,1.0,1.0,55
4,61,1,standard,1.0,1.0,0.05,5000,1.0,1.0,57
4,62,1,standard,1.0,1.0,0.05,5000,1.0,1.0,57
4,63,1,standard,1.0,1.0,0.05,5000,1.0,1.0,55
4,64,1,standard,1.0,1.0,0.05,5000,1.0,1.0,59
4,65,1,standard,1.0,1.0,0.05,5000,1.0,1.0,55
4,66,1,standard,1.0,1.0,0.05,5000,1.0,1.0,55
4,67,1,standard,1.0,1.0,0.05,5000,1.0,1.0,57
4,68,1,standard,1.0,1.0,0.05,5000,1.0,1.0,55
4,69,1,standard,1.0,1.0,0.05,5000,1.0,1.0,57
4,70,1,standard,1.0,1.0,0.05,5000,1.0,1.0,55
4,71,1,standard,1.0,1.0,0.05,5000,1.0,1.0,55
4,72,1,standard,1.0,1.0,0.05,5000,1.0,1.0,55
4,73,1,standard,1.0,1.0,0.05,5000,1.0,1.0,55
4,74,1,standard,1.0,1.0,0.05,5000,1.0,1.0,57
4,75,1,standard,1.0,1.0,0.05,5000,1.0,1.0,55
4,76,1,standard,1.0,1.0,0.05,5000,1.0,1.0,55
4,77,1,standard,1.0,1.0,0.05,5000,1.0,1.0,55
4,78,1,standard,1.0,1.0,0.05,5000,1.0,1.0,2
4,79,1,standard,1.0,1.0,0.05,5000,1.0,1.0,55
4,80,1,standard,1.0,1.0,0.05,5000,1.0,1.0,55
4,81,1,standard,1.0,1.0,0.05,5000,1.0,1.0,55
4,82,1,standard,1.0,1.0,0.05,5000,1.0,1.0,55
4,83,1,standard,1.0,1.0,0.05,5000,1.0,1.0,57
4,84,1,standard,1.0,1.0,0.05,5000,1.0,1.0,55
4,85,1,standard,1.0,1.0,0.05,5000,1.0,1.0,55
4,86,1,standard,1.0,1.0,0.05,5000,1.0,1.0,55
4,87,1,standard,1.0,1.0,0.05,5000,1.0,1.0,55
4,88,1,standard,1.0,1.0,0.05,5000,1.0,1.0,55
4,89,1,standard,1.0,1.0,0.05,5000,1.0,1.0,57
4,90,1,standard,1.0,1.0,0.05,5000,1.0,1.0,55
4,91,1,standard,1.0,1.0,0.05,5000,1.0,1.0,55
4,92,1,standard,1.0,1.0,0.05,5000,1.0,1.0,55
4,93,1,standard,1.0,1.0,0.05,5000,1.0,1.0,55
4,94,1,standard,1.0,1.0,0.05,5000,1.0,1.0,55
4,95,1,standard,1.0,1.0,0.05,5000,1.0,1.0,55
4,96,1,standard,1.0,1.0,0.05,5000,1.0,1.0,55
4,97,1,standard,1.0,1.0,0.05,5000,1.0,1.0,57
4,98,1,standard,1.0,1.0,0.05,5000,1.0,1.0,55
4,99,1,standard,1.0,1.0,0.05,5000,1.0,1.0,59
4,100,1,standard,1.0,1.0,0.05,5000,1.0,1.0,55
5,1,1,standard,0.1,1.0,0.05,5000,1.0,1.0,48
5,2,1,standard,0.1,1.0,0.05,5000,1.0,1.0,14
5,3,1,standard,0.1,1.0,0.05,5000,1.0,1.0,43
5,4,1,standard,0.1,1.0,0.05,5000,1.0,1.0,49
5,5,1,standard,0.1,1.0,0.05,5000,1.0,1.0,44
5,6,1,standard,0.1,1.0,0.05,5000,1.0,1.0,26
5,7,1,standard,0.1,1.0,0.05,5000,1.0,1.0,17
5,8,1,standard,0.1,1.0,0.05,5000,1.0,1.0,37
5,9,1,standard,0.1,1.0,0.05,5000,1.0,1.0,21
5,10,1,standard,0.1,1.0,0.05,5000,1.0,1.0,17
5,11,1,standard,0.1,1.0,0.05,5000,1.0,1.0,43
5,12,1,standard,0.1,1.0,0.05,5000,1.0,1.0,36
5,13,1,standard,0.1,1.0,0.05,5000,1.0,1.0,40
5,14,1,standard,0.1,1.0,0.05,5000,1.0,1.0,43
5,15,1,standard,0.1,1.0,0.05,5000,1.0,1.0,23
5,16,1,standard,0.1,1.0,0.05,5000,1.0,1.0,50
5,17,1,standard,0.1,1.0,0.05,5000,1.0,1.0,46
5,18,1,standard,0.1,1.0,0.05,5000,1.0,1.0,18
5,19,1,standard,0.1,1.0,0.05,5000,1.0,1.0,20
5,20,1,standard,0.1,1.0,0.05,5000,1.0,1.0,50
5,21,1,standard,0.1,1.0,0.05,5000,1.0,1.0,45
5,22,1,standard,0.1,1.0,0.05,5000,1.0,1.0,66
5,23,1,standard,0.1,1.0,0.05,5000,1.0,1.0,19
5,24,1,standard,0.1,1.0,0.05,5000,1.0,1.0,24
5,25,1,standard,0.1,1.0,0.05,5000,1.0,1.0,26
5,26,1,standard,0.1,1.0,0.05,5000,1.0,1.0,12
5,27,1,standard,0.1,1.0,0.05,5000,1.0,1.0,22
5,28,1,standard,0.1,1.0,0.05,5000,1.0,1.0,25
5,29,1,standard,0.1,1.0,0.05,5000,1.0,1.0,19
5,30,1,standard,0.1,1.0,0.05,5000,1.0,1.0,36
5,31,1,standard,0.1,1.0,0.05,5000,1.0,1.0,50
5,32,1,standard,0.1,1.0,0.05,5000,1.0,1.0,36
5,33,1,standard,0.1,1.0,0.05,5000,1.0,1.0,47
5,34,1,standard,0.1,1.0,0.05,5000,1.0,1.0,26
5,35,1,standard,0.1,1.0,0.05,5000,1.0,1.0,44
5,36,1,standard,0.1,1.0,0.05,5000,1.0,1.0,19
5,37,1,standard,0.1,1.0,0.05,5000,1.0,1.0,62
5,38,1,standard,0.1,1.0,0.05,5000,1.0,1.0,17
5,39,1,standard,0.1,1.0,0.05,5000,1.0,1.0,29
5,40,1,standard,0.1,1.0,0.05,5000,1.0,1.0,8
5,41,1,standard,0.1,1.0,0.05,5000,1.0,1.0,28
5,42,1,standard,0.1,1.0,0.05,5000,1.0,1.0,20
5,43,1,standard,0.1,1.0,0.05,5000,1.0,1.0,15
5,44,1,standard,0.1,1.0,0.05,5000,1.0,1.0,38
5,45,1,standard,0.1,1.0,0.05,5000,1.0,1.0,59
5,46,1,standard,0.1,1.0,0.05,5000,1.0,1.0,20
5,47,1,standard,0.1,1.0,0.05,5000,1.0,1.0,32
5,48,1,standard,0.1,1.0,0.05,5000,1.0,1.0,65
5,49,1,standard,0.1,1.0,0.05,5000,1.0,1.0,37
5,50,1,standard,0.1,1.0,0.05,5000,1.0,1.0,40
5,51,1,standard,0.1,1.0,0.05,5000,1.0,1.0,32
5,52,1,standard,0.1,1.0,0.05,5000,1.0,1.0,23
5,53,1,standard,0.1,1.0,0.05,5000,1.0,1.0,26
5,54,1,standard,0.1,1.0,0.05,5000,1.0,1.0,24
5,55,1,standard,0.1,1.0,0.05,5000,1.0,1.0,30
5,56,1,standard,0.1,1.0,0.05,5000,1.0,1.0,22
5,57,1,standard,0.1,1.0,0.05,5000,1.0,1.0,16
5,58,1,standard,0.1,1.0,0.05,5000,1.0,1.0,22
5,59,1,standard,0.1,1.0,0.05,5000,1.0,1.0,39
5,60,1,standard,0.1,1.0,0.05,5000,1.0,1.0,27
5,61,1,standard,0.1,1.0,0.05,5000,1.0,1.0,20
5,62,1,standard,0.1,1.0,0.05,5000,1.0,1.0,21
5,63,1,standard,0.1,1.0,0.05,5000,1.0,1.0,21
5,64,1,standard,0.1,1.0,0.05,5000,1.0,1.0,20
5,65,1,standard,0.1,1.0,0.05,5000,1.0,1.0,23
5,66,1,standard,0.1,1.0,0.05,5000,1.0,1.0,7
5,67,1,standard,0.1,1.0,0.05,5000,1.0,1.0,45
5,68,1,standard,0.1,1.0,0.05,5000,1.0,1.0,66
5,69,1,standard,0.1,1.0,0.05,5000,1.0,1.0,36
5,70,1,standard,0.1,1.0,0.05,5000,1.0,1.0,19
5,71,1,standard,0.1,1.0,0.05,5000,1.0,1.0,22
5,72,1,standard,0.1,1.0,0.05,5000,1.0,1.0,40
5,73,1,standard,0.1,1.0,0.05,5000,1.0,1.0,32
5,74,1,standard,0.1,1.0,0.05,5000,1.0,1.0,17
5,75,1,standard,0.1,1.0,0.05,5000,1.0,1.0,47
5,76,1,standard,0.1,1.0,0.05,5000,1.0,1.0,36
5,77,1,standard,0.1,1.0,0.05,5000,1.0,1.0,15
5,78,1,standard,0.1,1.0,0.05,5000,1.0,1.0,17
5,79,1,standard,0.1,1.0,0.05,5000,1.0,1.0,32
5,80,1,standard,0.1,1.0,0.05,5000,1.0,1.0,15
5,81,1,standard,0.1,1.0,0.05,5000,1.0,1.0,27
5,82,1,standard,0.1,1.0,0.05,5000,1.0,1.0,20
5,83,1,standard,0.1,1.0,0.05,5000,1.0,1.0,6
5,84,1,standard,0.1,1.0,0.05,5000,1.0,1.0,10
5,85,1,standard,0.1,1.0,0.05,5000,1.0,1.0,9
5,86,1,standard,0.1,1.0,0.05,5000,1.0,1.0,23
5,87,1,standard,0.1,1.0,0.05,5000,1.0,1.0,50
5,88,1,standard,0.1,1.0,0.05,5000,1.0,1.0,14
5,89,1,standard,0.1,1.0,0.05,5000,1.0,1.0,24
5,90,1,standard,0.1,1.0,0.05,5000,1.0,1.0,35
5,91,1,standard,0.1,1.0,0.05,5000,1.0,1.0,62
5,92,1,standard,0.1,1.0,0.05,5000,1.0,1.0,41
5,93,1,standard,0.1,1.0,0.05,5000,1.0,1.0,25
5,94,1,standard,0.1,1.0,0.05,5000,1.0,1.0,31
5,95,1,standard,0.1,1.0,0.05,5000,1.0,1.0,29
5,96,1,standard,0.1,1.0,0.05,5000,1.0,1.0,40
5,97,1,standard,0.1,1.0,0.05,5000,1.0,1.0,27
5,98,1,standard,0.1,1.0,0.05,5000,1.0,1.0,23
5,99,1,standard,0.1,1.0,0.05,5000,1.0,1.0,32
5,100,1,standard,0.1,1.0,0.05,5000,1.0,1.0,41
5,1,1,standard,0.2,1.0,0.05,5000,1.0,1.0,8
5,2,1,standard,0.2,1.0,0.05,5000,1.0,1.0,23
5,3,1,standard,0.2,1.0,0.05,5000,1.0,1.0,13
5,4,1,standard,0.2,1.0,0.05,5000,1.0,1.0,13
5,5,1,standard,0.2,1.0,0.05,5000,1.0,1.0,8
5,6,1,standard,0.2,1.0,0.05,5000,1.0,1.0,13
5,7,1,standard,0.2,1.0,0.05,5000,1.0,1.0,14
5,8,1,standard,0.2,1.0,0.05,5000,1.0,1.0,42
5,9,1,standard,0.2,1.0,0.05,5000,1.0,1.0,16
5,10,1,standard,0.2,1.0,0.05,5000,1.0,1.0,12
5,11,1,standard,0.2,1.0,0.05,5000,1.0,1.0,11
5,12,1,standard,0.2,1.0,0.05,5000,1.0,1.0,9
5,13,1,standard,0.2,1.0,0.05,5000,1.0,1.0,15
5,14,1,standard,0.2,1.0,0.05,5000,1.0,1.0,13
5,15,1,standard,0.2,1.0,0.05,5000,1.0,1.0,13
5,16,1,standard,0.2,1.0,0.05,5000,1.0,1.0,24
5,17,1,standard,0.2,1.0,0.05,5000,1.0,1.0,10
5,18,1,standard,0.2,1.0,0.05,5000,1.0,1.0,21
5,19,1,standard,0.2,1.0,0.05,5000,1.0,1.0,16
5,20,1,standard,0.2,1.0,0.05,5000,1.0,1.0,26
5,21,1,standard,0.2,1.0,0.05,5000,1.0,1.0,15
5,22,1,standard,0.2,1.0,0.05,5000,1.0,1.0,26
5,23,1,standard,0.2,1.0,0.05,5000,1.0,1.0,16
5,24,1,standard,0.2,1.0,0.05,5000,1.0,1.0,16
5,25,1,standard,0.2,1.0,0.05,5000,1.0,1.0,10
5,26,1,standard,0.2,1.0,0.05,5000,1.0,1.0,14
5,27,1,standard,0.2,1.0,0.05,5000,1.0,1.0,17
5,28,1,standard,0.2,1.0,0.05,5000,1.0,1.0,30
5,29,1,standard,0.2,1.0,0.05,5000,1.0,1.0,10
5,30,1,standard,0.2,1.0,0.05,5000,1.0,1.0,16
5,31,1,standard,0.2,1.0,0.05,5000,1.0,1.0,35
5,32,1,standard,0.2,1.0,0.05,5000,1.0,1.0,14
5,33,1,standard,0.2,1.0,0.05,5000,1.0,1.0,15
5,34,1,standard,0.2,1.0,0.05,5000,1.0,1.0,10
5,35,1,standard,0.2,1.0,0.05,5000,1.0,1.0,14
5,36,1,standard,0.2,1.0,0.05,5000,1.0,1.0,27
5,37,1,standard,0.2,1.0,0.05,5000,1.0,1.0,18
5,38,1,standard,0.2,1.0,0.05,5000,1.0,1.0,15
5,39,1,standard,0.2,1.0,0.05,5000,1.0,1.0,17
5,40,1,standard,0.2,1.0,0.05,5000,1.0,1.0,20
5,41,1,standard,0.2,1.0,0.05,5000,1.0,1.0,13
5,42,1,standard,0.2,1.0,0.05,5000,1.0,1.0,37
5,43,1,standard,0.2,1.0,0.05,5000,1.0,1.0,27
5,44,1,standard,0.2,1.0,0.05,5000,1.0,1.0,33
5,45,1,standard,0.2,1.0,0.05,5000,1.0,1.0,16
5,46,1,standard,0.2,1.0,0.05,5000,1.0,1.0,15
5,47,1,standard,0.2,1.0,0.05,5000,1.0,1.0,17
5,48,1,standard,0.2,1.0,0.05,5000,1.0,1.0,21
5,49,1,standard,0.2,1.0,0.05,5000,1.0,1.0,21
5,50,1,standard,0.2,1.0,0.05,5000,1.0,1.0,19
5,51,1,standard,0.2,1.0,0.05,5000,1.0,1.0,18
5,52,1,standard,0.2,1.0,0.05,5000,1.0,1.0,5
5,53,1,standard,0.2,1.0,0.05,5000,1.0,1.0,16
5,54,1,standard,0.2,1.0,0.05,5000,1.0,1.0,10
5,55,1,standard,0.2,1.0,0.05,5000,1.0,1.0,14
5,56,1,standard,0.2,1.0,0.05,5000,1.0,1.0,12
5,57,1,standard,0.2,1.0,0.05,5000,1.0,1.0,14
5,58,1,standard,0.2,1.0,0.05,5000,1.0,1.0,24
5,59,1,standard,0.2,1.0,0.05,5000,1.0,1.0,17
5,60,1,standard,0.2,1.0,0.05,5000,1.0,1.0,16
5,61,1,standard,0.2,1.0,0.05,5000,1.0,1.0,15
5,62,1,standard,0.2,1.0,0.05,5000,1.0,1.0,13
5,63,1,standard,0.2,1.0,0.05,5000,1.0,1.0,12
5,64,1,standard,0.2,1.0,0.05,5000,1.0,1.0,12
5,65,1,standard,0.2,1.0,0.05,5000,1.0,1.0,30
5,66,1,standard,0.2,1.0,0.05,5000,1.0,1.0,10
5,67,1,standard,0.2,1.0,0.05,5000,1.0,1.0,9
5,68,1,standard,0.2,1.0,0.05,5000,1.0,1.0,28
5,69,1,standard,0.2,1.0,0.05,5000,1.0,1.0,14
5,70,1,standard,0.2,1.0,0.05,5000,1.0,1.0,16
5,71,1,standard,0.2,1.0,0.05,5000,1.0,1.0,14
5,72,1,standard,0.2,1.0,0.05,5000,1.0,1.0,14
5,73,1,standard,0.2,1.0,0.05,5000,1.0,1.0,16
5,74,1,standard,0.2,1.0,0.05,5000,1.0,1.0,10
5,75,1,standard,0.2,1.0,0.05,5000,1.0,1.0,18
5,76,1,standard,0.2,1.0,0.05,5000,1.0,1.0,11
5,77,1,standard,0.2,1.0,0.05,5000,1.0,1.0,12
5,78,1,standard,0.2,1.0,0.05,5000,1.0,1.0,29
5,79,1,standard,0.2,1.0,0.05,5000,1.0,1.0,16
5,80,1,standard,0.2,1.0,0.05,5000,1.0,1.0,21
5,81,1,standard,0.2,1.0,0.05,5000,1.0,1.0,8
5,82,1,standard,0.2,1.0,0.05,5000,1.0,1.0,20
5,83,1,standard,0.2,1.0,0.05,5000,1.0,1.0,20
5,84,1,standard,0.2,1.0,0.05,5000,1.0,1.0,10
5,85,1,standard,0.2,1.0,0.05,5000,1.0,1.0,23
5,86,1,standard,0.2,1.0,0.05,5000,1.0,1.0,33
5,87,1,standard,0.2,1.0,0.05,5000,1.0,1.0,19
5,88,1,standard,0.2,1.0,0.05,5000,1.0,1.0,25
5,89,1,standard,0.2,1.0,0.05,5000,1.0,1.0,14
5,90,1,standard,0.2,1.0,0.05,5000,1.0,1.0,18
5,91,1,standard,0.2,1.0,0.05,5000,1.0,1.0,22
5,92,1,standard,0.2,1.0,0.05,5000,1.0,1.0,12
5,93,1,standard,0.2,1.0,0.05,5000,1.0,1.0,17
5,94,1,standard,0.2,1.0,0.05,5000,1.0,1.0,14
5,95,1,standard,0.2,1.0,0.05,5000,1.0,1.0,7
5,96,1,standard,0.2,1.0,0.05,5000,1.0,1.0,14
5,97,1,standard,0.2,1.0,0.05,5000,1.0,1.0,23
5,98,1,standard,0.2,1.0,0.05,5000,1.0,1.0,15
5,99,1,standard,0.2,1.0,0.05,5000,1.0,1.0,13
5,100,1,standard,0.2,1.0,0.05,5000,1.0,1.0,24
5,1,1,standard,0.3,1.0,0.05,5000,1.0,1.0,16
5,2,1,standard,0.3,1.0,0.05,5000,1.0,1.0,5
5,3,1,standard,0.3,1.0,0.05,5000,1.0,1.0,17
5,4,1,standard,0.3,1.0,0.05,5000,1.0,1.0,12
5,5,1,standard,0.3,1.0,0.05,5000,1.0,1.0,14
5,6,1,standard,0.3,1.0,0.05,5000,1.0,1.0,14
5,7,1,standard,0.3,1.0,0.05,5000,1.0,1.0,11
5,8,1,standard,0.3,1.0,0.05,5000,1.0,1.0,15
5,9,1,standard,0.3,1.0,0.05,5000,1.0,1.0,11
5,10,1,standard,0.3,1.0,0.05,5000,1.0,1.0,12
5,11,1,standard,0.3,1.0,0.05,5000,1.0,1.0,10
5,12,1,standard,0.3,1.0,0.05,5000,1.0,1.0,10
5,13,1,standard,0.3,1.0,0.05,5000,1.0,1.0,8
5,14,1,standard,0.3,1.0,0.05,5000,1.0,1.0,10
5,15,1,standard,0.3,1.0,0.05,5000,1.0,1.0,11
5,16,1,standard,0.3,1.0,0.05,5000,1.0,1.0,13
5,17,1,standard,0.3,1.0,0.05,5000,1.0,1.0,11
5,18,1,standard,0.3,1.0,0.05,5000,1.0,1.0,19
5,19,1,standard,0.3,1.0,0.05,5000,1.0,1.0,12
5,20,1,standard,0.3,1.0,0.05,5000,1.0,1.0,8
5,21,1,standard,0.3,1.0,0.05,5000,1.0,1.0,12
5,22,1,standard,0.3,1.0,0.05,5000,1.0,1.0,17
5,23,1,standard,0.3,1.0,0.05,5000,1.0,1.0,11
5,24,1,standard,0.3,1.0,0.05,5000,1.0,1.0,9
5,25,1,standard,0.3,1.0,0.05,5000,1.0,1.0,13
5,26,1,standard,0.3,1.0,0.05,5000,1.0,1.0,7
5,27,1,standard,0.3,1.0,0.05,5000,1.0,1.0,9
5,28,1,standard,0.3,1.0,0.05,5000,1.0,1.0,10
5,29,1,standard,0.3,1.0,0.05,5000,1.0,1.0,6
5,30,1,standard,0.3,1.0,0.05,5000,1.0,1.0,4
5,31,1,standard,0.3,1.0,0.05,5000,1.0,1.0,4
5,32,1,standard,0.3,1.0,0.05,5000,1.0,1.0,19
5,33,1,standard,0.3,1.0,0.05,5000,1.0,1.0,11
5,34,1,standard,0.3,1.0,0.05,5000,1.0,1.0,12
5,35,1,standard,0.3,1.0,0.05,5000,1.0,1.0,16
5,36,1,standard,0.3,1.0,0.05,5000,1.0,1.0,13
5,37,1,standard,0.3,1.0,0.05,5000,1.0,1.0,12
5,38,1,standard,0.3,1.0,0.05,5000,1.0,1.0,11
5,39,1,standard,0.3,1.0,0.05,5000,1.0,1.0,6
5,40,1,standard,0.3,1.0,0.05,5000,1.0,1.0,14
5,41,1,standard,0.3,1.0,0.05,5000,1.0,1.0,10
5,42,1,standard,0.3,1.0,0.05,5000,1.0,1.0,8
5,43,1,standard,0.3,1.0,0.05,5000,1.0,1.0,16
5,44,1,standard,0.3,1.0,0.05,5000,1.0,1.0,7
5,45,1,standard,0.3,1.0,0.05,5000,1.0,1.0,16
5,46,1,standard,0.3,1.0,0.05,5000,1.0,1.0,8
5,47,1,standard,0.3,1.0,0.05,5000,1.0,1.0,8
5,48,1,standard,0.3,1.0,0.05,5000,1.0,1.0,7
5,49,1,standard,0.3,1.0,0.05,5000,1.0,1.0,11
5,50,1,standard,0.3,1.0,0.05,5000,1.0,1.0,10
5,51,1,standard,0.3,1.0,0.05,5000,1.0,1.0,19
5,52,1,standard,0.3,1.0,0.05,5000,1.0,1.0,12
5,53,1,standard,0.3,1.0,0.05,5000,1.0,1.0,11
5,54,1,standard,0.3,1.0,0.05,5000,1.0,1.0,5
5,55,1,standard,0.3,1.0,0.05,5000,1.0,1.0,8
5,56,1,standard,0.3,1.0,0.05,5000,1.0,1.0,12
5,57,1,standard,0.3,1.0,0.05,5000,1.0,1.0,5
5,58,1,standard,0.3,1.0,0.05,5000,1.0,1.0,9
5,59,1,standard,0.3,1.0,0.05,5000,1.0,1.0,10
5,60,1,standard,0.3,1.0,0.05,5000,1.0,1.0,8
5,61,1,standard,0.3,1.0,0.05,5000,1.0,1.0,9
5,62,1,standard,0.3,1.0,0.05,5000,1.0,1.0,7
5,63,1,standard,0.3,1.0,0.05,5000,1.0,1.0,9
5,64,1,standard,0.3,1.0,0.05,5000,1.0,1.0,10
5,65,1,standard,0.3,1.0,0.05,5000,1.0,1.0,12
5,66,1,standard,0.3,1.0,0.05,5000,1.0,1.0,9
5,67,1,standard,0.3,1.0,0.05,5000,1.0,1.0,8
5,68,1,standard,0.3,1.0,0.05,5000,1.0,1.0,15
5,69,1,standard,0.3,1.0,0.05,5000,1.0,1.0,14
5,70,1,standard,0.3,1.0,0.05,5000,1.0,1.0,10
5,71,1,standard,0.3,1.0,0.05,5000,1.0,1.0,13
5,72,1,standard,0.3,1.0,0.05,5000,1.0,1.0,12
5,73,1,standard,0.3,1.0,0.05,5000,1.0,1.0,14
5,74,1,standard,0.3,1.0,0.05,5000,1.0,1.0,7
5,75,1,standard,0.3,1.0,0.05,5000,1.0,1.0,17
5,76,1,standard,0.3,1.0,0.05,5000,1.0,1.0,11
5,77,1,standard,0.3,1.0,0.05,5000,1.0,1.0,7
5,78,1,standard,0.3,1.0,0.05,5000,1.0,1.0,4
5,79,1,standard,0.3,1.0,0.05,5000,1.0,1.0,8
5,80,1,standard,0.3,1.0,0.05,5000,1.0,1.0,11
5,81,1,standard,0.3,1.0,0.05,5000,1.0,1.0,5
5,82,1,standard,0.3,1.0,0.05,5000,1.0,1.0,13
5,83,1,standard,0.3,1.0,0.05,5000,1.0,1.0,10
5,84,1,standard,0.3,1.0,0.05,5000,1.0,1.0,13
5,85,1,standard,0.3,1.0,0.05,5000,1.0,1.0,12
5,86,1,standard,0.3,1.0,0.05,5000,1.0,1.0,11
5,87,1,standard,0.3,1.0,0.05,5000,1.0,1.0,11
5,88,1,standard,0.3,1.0,0.05,5000,1.0,1.0,11
5,89,1,standard,0.3,1.0,0.05,5000,1.0,1.0,10
5,90,1,standard,0.3,1.0,0.05,5000,1.0,1.0,16
5,91,1,standard,0.3,1.0,0.05,5000,1.0,1.0,12
5,92,1,standard,0.3,1.0,0.05,5000,1.0,1.0,10
5,93,1,standard,0.3,1.0,0.05,5000,1.0,1.0,8
5,94,1,standard,0.3,1.0,0.05,5000,1.0,1.0,18
5,95,1,standard,0.3,1.0,0.05,5000,1.0,1.0,9
5,96,1,standard,0.3,1.0,0.05,5000,1.0,1.0,6
5,97,1,standard,0.3,1.0,0.05,5000,1.0,1.0,9
5,98,1,standard,0.3,1.0,0.05,5000,1.0,1.0,13
5,99,1,standard,0.3,1.0,0.05,5000,1.0,1.0,11
5,100,1,standard,0.3,1.0,0.05,5000,1.0,1.0,12
5,1,1,standard,0.4,1.0,0.05,5000,1.0,1.0,6
5,2,1,standard,0.4,1.0,0.05,5000,1.0,1.0,9
5,3,1,standard,0.4,1.0,0.05,5000,1.0,1.0,10
5,4,1,standard,0.4,1.0,0.05,5000,1.0,1.0,6
5,5,1,standard,0.4,1.0,0.05,5000,1.0,1.0,7
5,6,1,standard,0.4,1.0,0.05,5000,1.0,1.0,4
5,7,1,standard,0.4,1.0,0.05,5000,1.0,1.0,9
5,8,1,standard,0.4,1.0,0.05,5000,1.0,1.0,17
5,9,1,standard,0.4,1.0,0.05,5000,1.0,1.0,9
5,10,1,standard,0.4,1.0,0.05,5000,1.0,1.0,8
5,11,1,standard,0.4,1.0,0.05,5000,1.0,1.0,10
5,12,1,standard,0.4,1.0,0.05,5000,1.0,1.0,7
5,13,1,standard,0.4,1.0,0.05,5000,1.0,1.0,11
5,14,1,standard,0.4,1.0,0.05,5000,1.0,1.0,10
5,15,1,standard,0.4,1.0,0.05,5000,1.0,1.0,7
5,16,1,standard,0.4,1.0,0.05,5000,1.0,1.0,6
5,17,1,standard,0.4,1.0,0.05,5000,1.0,1.0,8
5,18,1,standard,0.4,1.0,0.05,5000,1.0,1.0,6
5,19,1,standard,0.4,1.0,0.05,5000,1.0,1.0,7
5,20,1,standard,0.4,1.0,0.05,5000,1.0,1.0,8
5,21,1,standard,0.4,1.0,0.05,5000,1.0,1.0,14
5,22,1,standard,0.4,1.0,0.05,5000,1.0,1.0,13
5,23,1,standard,0.4,1.0,0.05,5000,1.0,1.0,10
5,24,1,standard,0.4,1.0,0.05,5000,1.0,1.0,12
5,25,1,standard,0.4,1.0,0.05,5000,1.0,1.0,12
5,26,1,standard,0.4,1.0,0.05,5000,1.0,1.0,6
5,27,1,standard,0.4,1.0,0.05,5000,1.0,1.0,5
5,28,1,standard,0.4,1.0,0.05,5000,1.0,1.0,4
5,29,1,standard,0.4,1.0,0.05,5000,1.0,1.0,6
5,30,1,standard,0.4,1.0,0.05,5000,1.0,1.0,11
5,31,1,standard,0.4,1.0,0.05,5000,1.0,1.0,8
5,32,1,standard,0.4,1.0,0.05,5000,1.0,1.0,5
5,33,1,standard,0.4,1.0,0.05,5000,1.0,1.0,12
5,34,1,standard,0.4,1.0,0.05,5000,1.0,1.0,11
5,35,1,standard,0.4,1.0,0.05,5000,1.0,1.0,6
5,36,1,standard,0.4,1.0,0.05,5000,1.0,1.0,7
5,37,1,standard,0.4,1.0,0.05,5000,1.0,1.0,9
5,38,1,standard,0.4,1.0,0.05,5000,1.0,1.0,9
5,39,1,standard,0.4,1.0,0.05,5000,1.0,1.0,9
5,40,1,standard,0.4,1.0,0.05,5000,1.0,1.0,5
5,41,1,standard,0.4,1.0,0.05,5000,1.0,1.0,9
5,42,1,standard,0.4,1.0,0.05,5000,1.0,1.0,13
5,43,1,standard,0.4,1.0,0.05,5000,1.0,1.0,7
5,44,1,standard,0.4,1.0,0.05,5000,1.0,1.0,8
5,45,1,standard,0.4,1.0,0.05,5000,1.0,1.0,10
5,46,1,standard,0.4,1.0,0.05,5000,1.0,1.0,8
5,47,1,standard,0.4,1.0,0.05,5000,1.0,1.0,8
5,48,1,standard,0.4,1.0,0.05,5000,1.0,1.0,9
5,49,1,standard,0.4,1.0,0.05,5000,1.0,1.0,8
5,50,1,standard,0.4,1.0,0.05,5000,1.0,1.0,8
5,51,1,standard,0.4,1.0,0.05,5000,1.0,1.0,9
5,52,1,standard,0.4,1.0,0.05,5000,1.0,1.0,8
5,53,1,standard,0.4,1.0,0.05,5000,1.0,1.0,10
5,54,1,standard,0.4,1.0,0.05,5000,1.0,1.0,12
5,55,1,standard,0.4,1.0,0.05,5000,1.0,1.0,9
5,56,1,standard,0.4,1.0,0.05,5000,1.0,1.0,7
5,57,1,standard,0.4,1.0,0.05,5000,1.0,1.0,6
5,58,1,standard,0.4,1.0,0.05,5000,1.0,1.0,8
5,59,1,standard,0.4,1.0,0.05,5000,1.0,1.0,11
5,60,1,standard,0.4,1.0,0.05,5000,1.0,1.0,9
5,61,1,standard,0.4,1.0,0.05,5000,1.0,1.0,12
5,62,1,standard,0.4,1.0,0.05,5000,1.0,1.0,9
5,63,1,standard,0.4,1.0,0.05,5000,1.0,1.0,8
5,64,1,standard,0.4,1.0,0.05,5000,1.0,1.0,6
5,65,1,standard,0.4,1.0,0.05,5000,1.0,1.0,8
5,66,1,standard,0.4,1.0,0.05,5000,1.0,1.0,7
5,67,1,standard,0.4,1.0,0.05,5000,1.0,1.0,9
5,68,1,standard,0.4,1.0,0.05,5000,1.0,1.0,9
5,69,1,standard,0.4,1.0,0.05,5000,1.0,1.0,7
5,70,1,standard,0.4,1.0,0.05,5000,1.0,1.0,14
5,71,1,standard,0.4,1.0,0.05,5000,1.0,1.0,9
5,72,1,standard,0.4,1.0,0.05,5000,1.0,1.0,10
5,73,1,standard,0.4,1.0,0.05,5000,1.0,1.0,18
5,74,1,standard,0.4,1.0,0.05,5000,1.0,1.0,7
5,75,1,standard,0.4,1.0,0.05,5000,1.0,1.0,6
5,76,1,standard,0.4,1.0,0.05,5000,1.0,1.0,7
5,77,1,standard,0.4,1.0,0.05,5000,1.0,1.0,9
5,78,1,standard,0.4,1.0,0.05,5000,1.0,1.0,7
5,79,1,standard,0.4,1.0,0.05,5000,1.0,1.0,5
5,80,1,standard,0.4,1.0,0.05,5000,1.0,1.0,11
5,81,1,standard,0.4,1.0,0.05,5000,1.0,1.0,6
5,82,1,standard,0.4,1.0,0.05,5000,1.0,1.0,10
5,83,1,standard,0.4,1.0,0.05,5000,1.0,1.0,19
5,84,1,standard,0.4,1.0,0.05,5000,1.0,1.0,7
5,85,1,standard,0.4,1.0,0.05,5000,1.0,1.0,9
5,86,1,standard,0.4,1.0,0.05,5000,1.0,1.0,8
5,87,1,standard,0.4,1.0,0.05,5000,1.0,1.0,10
5,88,1,standard,0.4,1.0,0.05,5000,1.0,1.0,8
5,89,1,standard,0.4,1.0,0.05,5000,1.0,1.0,10
5,90,1,standard,0.4,1.0,0.05,5000,1.0,1.0,6
5,91,1,standard,0.4,1.0,0.05,5000,1.0,1.0,7
5,92,1,standard,0.4,1.0,0.05,5000,1.0,1.0,11
5,93,1,standard,0.4,1.0,0.05,5000,1.0,1.0,15
5,94,1,standard,0.4,1.0,0.05,5000,1.0,1.0,8
5,95,1,standard,0.4,1.0,0.05,5000,1.0,1.0,8
5,96,1,standard,0.4,1.0,0.05,5000,1.0,1.0,13
5,97,1,standard,0.4,1.0,0.05,5000,1.0,1.0,5
5,98,1,standard,0.4,1.0,0.05,5000,1.0,1.0,10
5,99,1,standard,0.4,1.0,0.05,5000,1.0,1.0,13
5,100,1,standard,0.4,1.0,0.05,5000,1.0,1.0,6
5,1,1,standard,0.5,1.0,0.05,5000,1.0,1.0,10
5,2,1,standard,0.5,1.0,0.05,5000,1.0,1.0,6
5,3,1,standard,0.5,1.0,0.05,5000,1.0,1.0,9
5,4,1,standard,0.5,1.0,0.05,5000,1.0,1.0,8
5,5,1,standard,0.5,1.0,0.05,5000,1.0,1.0,7
5,6,1,standard,0.5,1.0,0.05,5000,1.0,1.0,5
5,7,1,standard,0.5,1.0,0.05,5000,1.0,1.0,5
5,8,1,standard,0.5,1.0,0.05,5000,1.0,1.0,7
5,9,1,standard,0.5,1.0,0.05,5000,1.0,1.0,7
5,10,1,standard,0.5,1.0,0.05,5000,1.0,1.0,7
5,11,1,standard,0.5,1.0,0.05,5000,1.0,1.0,6
5,12,1,standard,0.5,1.0,0.05,5000,1.0,1.0,7
5,13,1,standard,0.5,1.0,0.05,5000,1.0,1.0,11
5,14,1,standard,0.5,1.0,0.05,5000,1.0,1.0,8
5,15,1,standard,0.5,1.0,0.05,5000,1.0,1.0,5
5,16,1,standard,0.5,1.0,0.05,5000,1.0,1.0,6
5,17,1,standard,0.5,1.0,0.05,5000,1.0,1.0,8
5,18,1,standard,0.5,1.0,0.05,5000,1.0,1.0,7
5,19,1,standard,0.5,1.0,0.05,5000,1.0,1.0,8
5,20,1,standard,0.5,1.0,0.05,5000,1.0,1.0,8
5,21,1,standard,0.5,1.0,0.05,5000,1.0,1.0,10
5,22,1,standard,0.5,1.0,0.05,5000,1.0,1.0,8
5,23,1,standard,0.5,1.0,0.05,5000,1.0,1.0,10
5,24,1,standard,0.5,1.0,0.05,5000,1.0,1.0,8
5,25,1,standard,0.5,1.0,0.05,5000,1.0,1.0,6
5,26,1,standard,0.5,1.0,0.05,5000,1.0,1.0,6
5,27,1,standard,0.5,1.0,0.05,5000,1.0,1.0,10
5,28,1,standard,0.5,1.0,0.05,5000,1.0,1.0,7
5,29,1,standard,0.5,1.0,0.05,5000,1.0,1.0,3
5,30,1,standard,0.5,1.0,0.05,5000,1.0,1.0,10
5,31,1,standard,0.5,1.0,0.05,5000,1.0,1.0,11
5,32,1,standard,0.5,1.0,0.05,5000,1.0,1.0,6
5,33,1,standard,0.5,1.0,0.05,5000,1.0,1.0,9
5,34,1,standard,0.5,1.0,0.05,5000,1.0,1.0,13
5,35,1,standard,0.5,1.0,0.05,5000,1.0,1.0,7
5,36,1,standard,0.5,1.0,0.05,5000,1.0,1.0,9
5,37,1,standard,0.5,1.0,0.05,5000,1.0,1.0,7
5,38,1,standard,0.5,1.0,0.05,5000,1.0,1.0,13
5,39,1,standard,0.5,1.0,0.05,5000,1.0,1.0,5
5,40,1,standard,0.5,1.0,0.05,5000,1.0,1.0,6
5,41,1,standard,0.5,1.0,0.05,5000,1.0,1.0,7
5,42,1,standard,0.5,1.0,0.05,5000,1.0,1.0,6
5,43,1,standard,0.5,1.0,0.05,5000,1.0,1.0,6
5,44,1,standard,0.5,1.0,0.05,5000,1.0,1.0,8
5,45,1,standard,0.5,1.0,0.05,5000,1.0,1.0,7
5,46,1,standard,0.5,1.0,0.05,5000,1.0,1.0,5
5,47,1,standard,0.5,1.0,0.05,5000,1.0,1.0,9
5,48,1,standard,0.5,1.0,0.05,5000,1.0,1.0,7
5,49,1,standard,0.5,1.0,0.05,5000,1.0,1.0,9
5,50,1,standard,0.5,1.0,0.05,5000,1.0,1.0,5
5,51,1,standard,0.5,1.0,0.05,5000,1.0,1.0,8
5,52,1,standard,0.5,1.0,0.05,5000,1.0,1.0,10
5,53,1,standard,0.5,1.0,0.05,5000,1.0,1.0,11
5,54,1,standard,0.5,1.0,0.05,5000,1.0,1.0,8
5,55,1,standard,0.5,1.0,0.05,5000,1.0,1.0,9
5,56,1,standard,0.5,1.0,0.05,5000,1.0,1.0,7
5,57,1,standard,0.5,1.0,0.05,5000,1.0,1.0,6
5,58,1,standard,0.5,1.0,0.05,5000,1.0,1.0,8
5,59,1,standard,0.5,1.0,0.05,5000,1.0,1.0,7
5,60,1,standard,0.5,1.0,0.05,5000,1.0,1.0,6
5,61,1,standard,0.5,1.0,0.05,5000,1.0,1.0,7
5,62,1,standard,0.5,1.0,0.05,5000,1.0,1.0,9
5,63,1,standard,0.5,1.0,0.05,5000,1.0,1.0,7
5,64,1,standard,0.5,1.0,0.05,5000,1.0,1.0,5
5,65,1,standard,0.5,1.0,0.05,5000,1.0,1.0,14
5,66,1,standard,0.5,1.0,0.05,5000,1.0,1.0,6
5,67,1,standard,0.5,1.0,0.05,5000,1.0,1.0,6
5,68,1,standard,0.5,1.0,0.05,5000,1.0,1.0,7
5,69,1,standard,0.5,1.0,0.05,5000,1.0,1.0,5
5,70,1,standard,0.5,1.0,0.05,5000,1.0,1.0,8
5,71,1,standard,0.5,1.0,0.05,5000,1.0,1.0,7
5,72,1,standard,0.5,1.0,0.05,5000,1.0,1.0,8
5,73,1,standard,0.5,1.0,0.05,5000,1.0,1.0,11
5,74,1,standard,0.5,1.0,0.05,5000,1.0,1.0,9
5,75,1,standard,0.5,1.0,0.05,5000,1.0,1.0,8
5,76,1,standard,0.5,1.0,0.05,5000,1.0,1.0,8
5,77,1,standard,0.5,1.0,0.05,5000,1.0,1.0,10
5,78,1,standard,0.5,1.0,0.05,5000,1.0,1.0,11
5,79,1,standard,0.5,1.0,0.05,5000,1.0,1.0,11
5,80,1,standard,0.5,1.0,0.05,5000,1.0,1.0,11
5,81,1,standard,0.5,1.0,0.05,5000,1.0,1.0,7
5,82,1,standard,0.5,1.0,0.05,5000,1.0,1.0,8
5,83,1,standard,0.5,1.0,0.05,5000,1.0,1.0,10
5,84,1,standard,0.5,1.0,0.05,5000,1.0,1.0,7
5,85,1,standard,0.5,1.0,0.05,5000,1.0,1.0,4
5,86,1,standard,0.5,1.0,0.05,5000,1.0,1.0,6
5,87,1,standard,0.5,1.0,0.05,5000,1.0,1.0,11
5,88,1,standard,0.5,1.0,0.05,5000,1.0,1.0,8
5,89,1,standard,0.5,1.0,0.05,5000,1.0,1.0,12
5,90,1,standard,0.5,1.0,0.05,5000,1.0,1.0,9
5,91,1,standard,0.5,1.0,0.05,5000,1.0,1.0,9
5,92,1,standard,0.5,1.0,0.05,5000,1.0,1.0,9
5,93,1,standard,0.5,1.0,0.05,5000,1.0,1.0,8
5,94,1,standard,0.5,1.0,0.05,5000,1.0,1.0,6
5,95,1,standard,0.5,1.0,0.05,5000,1.0,1.0,9
5,96,1,standard,0.5,1.0,0.05,5000,1.0,1.0,5
5,97,1,standard,0.5,1.0,0.05,5000,1.0,1.0,6
5,98,1,standard,0.5,1.0,0.05,5000,1.0,1.0,11
5,99,1,standard,0.5,1.0,0.05,5000,1.0,1.0,9
5,100,1,standard,0.5,1.0,0.05,5000,1.0,1.0,9
5,1,1,standard,0.6,1.0,0.05,5000,1.0,1.0,5
5,2,1,standard,0.6,1.0,0.05,5000,1.0,1.0,8
5,3,1,standard,0.6,1.0,0.05,5000,1.0,1.0,11
5,4,1,standard,0.6,1.0,0.05,5000,1.0,1.0,9
5,5,1,standard,0.6,1.0,0.05,5000,1.0,1.0,11
5,6,1,standard,0.6,1.0,0.05,5000,1.0,1.0,7
5,7,1,standard,0.6,1.0,0.05,5000,1.0,1.0,7
5,8,1,standard,0.6,1.0,0.05,5000,1.0,1.0,6
5,9,1,standard,0.6,1.0,0.05,5000,1.0,1.0,15
5,10,1,standard,0.6,1.0,0.05,5000,1.0,1.0,6
5,11,1,standard,0.6,1.0,0.05,5000,1.0,1.0,5
5,12,1,standard,0.6,1.0,0.05,5000,1.0,1.0,12
5,13,1,standard,0.6,1.0,0.05,5000,1.0,1.0,7
5,14,1,standard,0.6,1.0,0.05,5000,1.0,1.0,5
5,15,1,standard,0.6,1.0,0.05,5000,1.0,1.0,4
5,16,1,standard,0.6,1.0,0.05,5000,1.0,1.0,7
5,17,1,standard,0.6,1.0,0.05,5000,1.0,1.0,9
5,18,1,standard,0.6,1.0,0.05,5000,1.0,1.0,4
5,19,1,standard,0.6,1.0,0.05,5000,1.0,1.0,9
5,20,1,standard,0.6,1.0,0.05,5000,1.0,1.0,6
5,21,1,standard,0.6,1.0,0.05,5000,1.0,1.0,6
5,22,1,standard,0.6,1.0,0.05,5000,1.0,1.0,11
5,23,1,standard,0.6,1.0,0.05,5000,1.0,1.0,8
5,24,1,standard,0.6,1.0,0.05,5000,1.0,1.0,8
5,25,1,standard,0.6,1.0,0.05,5000,1.0,1.0,12
5,26,1,standard,0.6,1.0,0.05,5000,1.0,1.0,9
5,27,1,standard,0.6,1.0,0.05,5000,1.0,1.0,11
5,28,1,standard,0.6,1.0,0.05,5000,1.0,1.0,13
5,29,1,standard,0.6,1.0,0.05,5000,1.0,1.0,4
5,30,1,standard,0.6,1.0,0.05,5000,1.0,1.0,4
5,31,1,standard,0.6,1.0,0.05,5000,1.0,1.0,5
5,32,1,standard,0.6,1.0,0.05,5000,1.0,1.0,9
5,33,1,standard,0.6,1.0,0.05,5000,1.0,1.0,6
5,34,1,standard,0.6,1.0,0.05,5000,1.0,1.0,5
5,35,1,standard,0.6,1.0,0.05,5000,1.0,1.0,8
5,36,1,standard,0.6,1.0,0.05,5000,1.0,1.0,5
5,37,1,standard,0.6,1.0,0.05,5000,1.0,1.0,5
5,38,1,standard,0.6,1.0,0.05,5000,1.0,1.0,10
5,39,1,standard,0.6,1.0,0.05,5000,1.0,1.0,6
5,40,1,standard,0.6,1.0,0.05,5000,1.0,1.0,8
5,41,1,standard,0.6,1.0,0.05,5000,1.0,1.0,8
5,42,1,standard,0.6,1.0,0.05,5000,1.0,1.0,6
5,43,1,standard,0.6,1.0,0.05,5000,1.0,1.0,7
5,44,1,standard,0.6,1.0,0.05,5000,1.0,1.0,8
5,45,1,standard,0.6,1.0,0.05,5000,1.0,1.0,6
5,46,1,standard,0.6,1.0,0.05,5000,1.0,1.0,9
5,47,1,standard,0.6,1.0,0.05,5000,1.0,1.0,6
5,48,1,standard,0.6,1.0,0.05,5000,1.0,1.0,5
5,49,1,standard,0.6,1.0,0.05,5000,1.0,1.0,12
5,50,1,standard,0.6,1.0,0.05,5000,1.0,1.0,8
5,51,1,standard,0.6,1.0,0.05,5000,1.0,1.0,5
5,52,1,standard,0.6,1.0,0.05,5000,1.0,1.0,6
5,53,1,standard,0.6,1.0,0.05,5000,1.0,1.0,8
5,54,1,standard,0.6,1.0,0.05,5000,1.0,1.0,4
5,55,1,standard,0.6,1.0,0.05,5000,1.0,1.0,8
5,56,1,standard,0.6,1.0,0.05,5000,1.0,1.0,8
5,57,1,standard,0.6,1.0,0.05,5000,1.0,1.0,12
5,58,1,standard,0.6,1.0,0.05,5000,1.0,1.0,9
5,59,1,standard,0.6,1.0,0.05,5000,1.0,1.0,8
5,60,1,standard,0.6,1.0,0.05,5000,1.0,1.0,6
5,61,1,standard,0.6,1.0,0.05,5000,1.0,1.0,6
5,62,1,standard,0.6,1.0,0.05,5000,1.0,1.0,5
5,63,1,standard,0.6,1.0,0.05,5000,1.0,1.0,10
5,64,1,standard,0.6,1.0,0.05,5000,1.0,1.0,10
5,65,1,standard,0.6,1.0,0.05,5000,1.0,1.0,8
5,66,1,standard,0.6,1.0,0.05,5000,1.0,1.0,6
5,67,1,standard,0.6,1.0,0.05,5000,1.0,1.0,5
5,68,1,standard,0.6,1.0,0.05,5000,1.0,1.0,8
5,69,1,standard,0.6,1.0,0.05,5000,1.0,1.0,5
5,70,1,standard,0.6,1.0,0.05,5000,1.0,1.0,6
5,71,1,standard,0.6,1.0,0.05,5000,1.0,1.0,12
5,72,1,standard,0.6,1.0,0.05,5000,1.0,1.0,8
5,73,1,standard,0.6,1.0,0.05,5000,1.0,1.0,7
5,74,1,standard,0.6,1.0,0.05,5000,1.0,1.0,8
5,75,1,standard,0.6,1.0,0.05,5000,1.0,1.0,14
5,76,1,standard,0.6,1.0,0.05,5000,1.0,1.0,7
5,77,1,standard,0.6,1.0,0.05,5000,1.0,1.0,8
5,78,1,standard,0.6,1.0,0.05,5000,1.0,1.0,5
5,79,1,standard,0.6,1.0,0.05,5000,1.0,1.0,6
5,80,1,standard,0.6,1.0,0.05,5000,1.0,1.0,8
5,81,1,standard,0.6,1.0,0.05,5000,1.0,1.0,6
5,82,1,standard,0.6,1.0,0.05,5000,1.0,1.0,7
5,83,1,standard,0.6,1.0,0.05,5000,1.0,1.0,6
5,84,1,standard,0.6,1.0,0.05,5000,1.0,1.0,6
5,85,1,standard,0.6,1.0,0.05,5000,1.0,1.0,4
5,86,1,standard,0.6,1.0,0.05,5000,1.0,1.0,6
5,87,1,standard,0.6,1.0,0.05,5000,1.0,1.0,9
5,88,1,standard,0.6,1.0,0.05,5000,1.0,1.0,6
5,89,1,standard,0.6,1.0,0.05,5000,1.0,1.0,4
5,90,1,standard,0.6,1.0,0.05,5000,1.0,1.0,9
5,91,1,standard,0.6,1.0,0.05,5000,1.0,1.0,11
5,92,1,standard,0.6,1.0,0.05,5000,1.0,1.0,9
5,93,1,standard,0.6,1.0,0.05,5000,1.0,1.0,6
5,94,1,standard,0.6,1.0,0.05,5000,1.0,1.0,7
5,95,1,standard,0.6,1.0,0.05,5000,1.0,1.0,7
5,96,1,standard,0.6,1.0,0.05,5000,1.0,1.0,15
5,97,1,standard,0.6,1.0,0.05,5000,1.0,1.0,7
5,98,1,standard,0.6,1.0,0.05,5000,1.0,1.0,15
5,99,1,standard,0.6,1.0,0.05,5000,1.0,1.0,7
5,100,1,standard,0.6,1.0,0.05,5000,1.0,1.0,12
5,1,1,standard,0.7,1.0,0.05,5000,1.0,1.0,7
5,2,1,standard,0.7,1.0,0.05,5000,1.0,1.0,4
5,3,1,standard,0.7,1.0,0.05,5000,1.0,1.0,6
5,4,1,standard,0.7,1.0,0.05,5000,1.0,1.0,7
5,5,1,standard,0.7,1.0,0.05,5000,1.0,1.0,8
5,6,1,standard,0.7,1.0,0.05,5000,1.0,1.0,12
5,7,1,standard,0.7,1.0,0.05,5000,1.0,1.0,7
5,8,1,standard,0.7,1.0,0.05,5000,1.0,1.0,9
5,9,1,standard,0.7,1.0,0.05,5000,1.0,1.0,13
5,10,1,standard,0.7,1.0,0.05,5000,1.0,1.0,6
5,11,1,standard,0.7,1.0,0.05,5000,1.0,1.0,7
5,12,1,standard,0.7,1.0,0.05,5000,1.0,1.0,5
5,13,1,standard,0.7,1.0,0.05,5000,1.0,1.0,9
5,14,1,standard,0.7,1.0,0.05,5000,1.0,1.0,6
5,15,1,standard,0.7,1.0,0.05,5000,1.0,1.0,12
5,16,1,standard,0.7,1.0,0.05,5000,1.0,1.0,8
5,17,1,standard,0.7,1.0,0.05,5000,1.0,1.0,12
5,18,1,standard,0.7,1.0,0.05,5000,1.0,1.0,6
5,19,1,standard,0.7,1.0,0.05,5000,1.0,1.0,7
5,20,1,standard,0.7,1.0,0.05,5000,1.0,1.0,7
5,21,1,standard,0.7,1.0,0.05,5000,1.0,1.0,6
5,22,1,standard,0.7,1.0,0.05,5000,1.0,1.0,11
5,23,1,standard,0.7,1.0,0.05,5000,1.0,1.0,9
5,24,1,standard,0.7,1.0,0.05,5000,1.0,1.0,9
5,25,1,standard,0.7,1.0,0.05,5000,1.0,1.0,7
5,26,1,standard,0.7,1.0,0.05,5000,1.0,1.0,6
5,27,1,standard,0.7,1.0,0.05,5000,1.0,1.0,7
5,28,1,standard,0.7,1.0,0.05,5000,1.0,1.0,4
5,29,1,standard,0.7,1.0,0.05,5000,1.0,1.0,10
5,30,1,standard,0.7,1.0,0.05,5000,1.0,1.0,6
5,31,1,standard,0.7,1.0,0.05,5000,1.0,1.0,6
5,32,1,standard,0.7,1.0,0.05,5000,1.0,1.0,10
5,33,1,standard,0.7,1.0,0.05,5000,1.0,1.0,10
5,34,1,standard,0.7,1.0,0.05,5000,1.0,1.0,11
5,35,1,standard,0.7,1.0,0.05,5000,1.0,1.0,8
5,36,1,standard,0.7,1.0,0.05,5000,1.0,1.0,9
5,37,1,standard,0.7,1.0,0.05,5000,1.0,1.0,7
5,38,1,standard,0.7,1.0,0.05,5000,1.0,1.0,8
5,39,1,standard,0.7,1.0,0.05,5000,1.0,1.0,9
5,40,1,standard,0.7,1.0,0.05,5000,1.0,1.0,9
5,41,1,standard,0.7,1.0,0.05,5000,1.0,1.0,3
5,42,1,standard,0.7,1.0,0.05,5000,1.0,1.0,5
5,43,1,standard,0.7,1.0,0.05,5000,1.0,1.0,6
5,44,1,standard,0.7,1.0,0.05,5000,1.0,1.0,8
5,45,1,standard,0.7,1.0,0.05,5000,1.0,1.0,6
5,46,1,standard,0.7,1.0,0.05,5000,1.0,1.0,6
5,47,1,standard,0.7,1.0,0.05,5000,1.0,1.0,7
5,48,1,standard,0.7,1.0,0.05,5000,1.0,1.0,8
5,49,1,standard,0.7,1.0,0.05,5000,1.0,1.0,8
5,50,1,standard,0.7,1.0,0.05,5000,1.0,1.0,5
5,51,1,standard,0.7,1.0,0.05,5000,1.0,1.0,7
5,52,1,standard,0.7,1.0,0.05,5000,1.0,1.0,3
5,53,1,standard,0.7,1.0,0.05,5000,1.0,1.0,6
5,54,1,standard,0.7,1.0,0.05,5000,1.0,1.0,6
5,55,1,standard,0.7,1.0,0.05,5000,1.0,1.0,7
5,56,1,standard,0.7,1.0,0.05,5000,1.0,1.0,11
5,57,1,standard,0.7,1.0,0.05,5000,1.0,1.0,4
5,58,1,standard,0.7,1.0,0.05,5000,1.0,1.0,6
5,59,1,standard,0.7,1.0,0.05,5000,1.0,1.0,7
5,60,1,standard,0.7,1.0,0.05,5000,1.0,1.0,15
5,61,1,standard,0.7,1.0,0.05,5000,1.0,1.0,5
5,62,1,standard,0.7,1.0,0.05,5000,1.0,1.0,5
5,63,1,standard,0.7,1.0,0.05,5000,1.0,1.0,14
5,64,1,standard,0.7,1.0,0.05,5000,1.0,1.0,15
5,65,1,standard,0.7,1.0,0.05,5000,1.0,1.0,11
5,66,1,standard,0.7,1.0,0.05,5000,1.0,1.0,7
5,67,1,standard,0.7,1.0,0.05,5000,1.0,1.0,15
5,68,1,standard,0.7,1.0,0.05,5000,1.0,1.0,7
5,69,1,standard,0.7,1.0,0.05,5000,1.0,1.0,12
5,70,1,standard,0.7,1.0,0.05,5000,1.0,1.0,14
5,71,1,standard,0.7,1.0,0.05,5000,1.0,1.0,9
5,72,1,standard,0.7,1.0,0.05,5000,1.0,1.0,6
5,73,1,standard,0.7,1.0,0.05,5000,1.0,1.0,6
5,74,1,standard,0.7,1.0,0.05,5000,1.0,1.0,5
5,75,1,standard,0.7,1.0,0.05,5000,1.0,1.0,9
5,76,1,standard,0.7,1.0,0.05,5000,1.0,1.0,6
5,77,1,standard,0.7,1.0,0.05,5000,1.0,1.0,6
5,78,1,standard,0.7,1.0,0.05,5000,1.0,1.0,12
5,79,1,standard,0.7,1.0,0.05,5000,1.0,1.0,14
5,80,1,standard,0.7,1.0,0.05,5000,1.0,1.0,3
5,81,1,standard,0.7,1.0,0.05,5000,1.0,1.0,7
5,82,1,standard,0.7,1.0,0.05,5000,1.0,1.0,7
5,83,1,standard,0.7,1.0,0.05,5000,1.0,1.0,8
5,84,1,standard,0.7,1.0,0.05,5000,1.0,1.0,5
5,85,1,standard,0.7,1.0,0.05,5000,1.0,1.0,13
5,86,1,standard,0.7,1.0,0.05,5000,1.0,1.0,6
5,87,1,standard,0.7,1.0,0.05,5000,1.0,1.0,5
5,88,1,standard,0.7,1.0,0.05,5000,1.0,1.0,4
5,89,1,standard,0.7,1.0,0.05,5000,1.0,1.0,6
5,90,1,standard,0.7,1.0,0.05,5000,1.0,1.0,7
5,91,1,standard,0.7,1.0,0.05,5000,1.0,1.0,10
5,92,1,standard,0.7,1.0,0.05,5000,1.0,1.0,6
5,93,1,standard,0.7,1.0,0.05,5000,1.0,1.0,6
5,94,1,standard,0.7,1.0,0.05,5000,1.0,1.0,7
5,95,1,standard,0.7,1.0,0.05,5000,1.0,1.0,15
5,96,1,standard,0.7,1.0,0.05,5000,1.0,1.0,4
5,97,1,standard,0.7,1.0,0.05,5000,1.0,1.0,5
5,98,1,standard,0.7,1.0,0.05,5000,1.0,1.0,13
5,99,1,standard,0.7,1.0,0.05,5000,1.0,1.0,11
5,100,1,standard,0.7,1.0,0.05,5000,1.0,1.0,4
5,1,1,standard,0.8,1.0,0.05,5000,1.0,1.0,13
5,2,1,standard,0.8,1.0,0.05,5000,1.0,1.0,16
5,3,1,standard,0.8,1.0,0.05,5000,1.0,1.0,6
5,4,1,standard,0.8,1.0,0.05,5000,1.0,1.0,6
5,5,1,standard,0.8,1.0,0.05,5000,1.0,1.0,20
5,6,1,standard,0.8,1.0,0.05,5000,1.0,1.0,3
5,7,1,standard,0.8,1.0,0.05,5000,1.0,1.0,15
5,8,1,standard,0.8,1.0,0.05,5000,1.0,1.0,6
5,9,1,standard,0.8,1.0,0.05,5000,1.0,1.0,20
5,10,1,standard,0.8,1.0,0.05,5000,1.0,1.0,7
5,11,1,standard,0.8,1.0,0.05,5000,1.0,1.0,26
5,12,1,standard,0.8,1.0,0.05,5000,1.0,1.0,6
5,13,1,standard,0.8,1.0,0.05,5000,1.0,1.0,5
5,14,1,standard,0.8,1.0,0.05,5000,1.0,1.0,16
5,15,1,standard,0.8,1.0,0.05,5000,1.0,1.0,5
5,16,1,standard,0.8,1.0,0.05,5000,1.0,1.0,11
5,17,1,standard,0.8,1.0,0.05,5000,1.0,1.0,11
5,18,1,standard,0.8,1.0,0.05,5000,1.0,1.0,7
5,19,1,standard,0.8,1.0,0.05,5000,1.0,1.0,5
5,20,1,standard,0.8,1.0,0.05,5000,1.0,1.0,6
5,21,1,standard,0.8,1.0,0.05,5000,1.0,1.0,39
5,22,1,standard,0.8,1.0,0.05,5000,1.0,1.0,13
5,23,1,standard,0.8,1.0,0.05,5000,1.0,1.0,12
5,24,1,standard,0.8,1.0,0.05,5000,1.0,1.0,4
5,25,1,standard,0.8,1.0,0.05,5000,1.0,1.0,14
5,26,1,standard,0.8,1.0,0.05,5000,1.0,1.0,16
5,27,1,standard,0.8,1.0,0.05,5000,1.0,1.0,16
5,28,1,standard,0.8,1.0,0.05,5000,1.0,1.0,20
5,29,1,standard,0.8,1.0,0.05,5000,1.0,1.0,18
5,30,1,standard,0.8,1.0,0.05,5000,1.0,1.0,11
5,31,1,standard,0.8,1.0,0.05,5000,1.0,1.0,23
5,32,1,standard,0.8,1.0,0.05,5000,1.0,1.0,8
5,33,1,standard,0.8,1.0,0.05,5000,1.0,1.0,17
5,34,1,standard,0.8,1.0,0.05,5000,1.0,1.0,6
5,35,1,standard,0.8,1.0,0.05,5000,1.0,1.0,5
5,36,1,standard,0.8,1.0,0.05,5000,1.0,1.0,12
5,37,1,standard,0.8,1.0,0.05,5000,1.0,1.0,15
5,38,1,standard,0.8,1.0,0.05,5000,1.0,1.0,24
5,39,1,standard,0.8,1.0,0.05,5000,1.0,1.0,3
5,40,1,standard,0.8,1.0,0.05,5000,1.0,1.0,7
5,41,1,standard,0.8,1.0,0.05,5000,1.0,1.0,17
5,42,1,standard,0.8,1.0,0.05,5000,1.0,1.0,5
5,43,1,standard,0.8,1.0,0.05,5000,1.0,1.0,23
5,44,1,standard,0.8,1.0,0.05,5000,1.0,1.0,15
5,45,1,standard,0.8,1.0,0.05,5000,1.0,1.0,6
5,46,1,standard,0.8,1.0,0.05,5000,1.0,1.0,22
5,47,1,standard,0.8,1.0,0.05,5000,1.0,1.0,11
5,48,1,standard,0.8,1.0,0.05,5000,1.0,1.0,9
5,49,1,standard,0.8,1.0,0.05,5000,1.0,1.0,11
5,50,1,standard,0.8,1.0,0.05,5000,1.0,1.0,7
5,51,1,standard,0.8,1.0,0.05,5000,1.0,1.0,7
5,52,1,standard,0.8,1.0,0.05,5000,1.0,1.0,6
5,53,1,standard,0.8,1.0,0.05,5000,1.0,1.0,26
5,54,1,standard,0.8,1.0,0.05,5000,1.0,1.0,10
5,55,1,standard,0.8,1.0,0.05,5000,1.0,1.0,9
5,56,1,standard,0.8,1.0,0.05,5000,1.0,1.0,5
5,57,1,standard,0.8,1.0,0.05,5000,1.0,1.0,28
5,58,1,standard,0.8,1.0,0.05,5000,1.0,1.0,22
5,59,1,standard,0.8,1.0,0.05,5000,1.0,1.0,22
5,60,1,standard,0.8,1.0,0.05,5000,1.0,1.0,7
5,61,1,standard,0.8,1.0,0.05,5000,1.0,1.0,7
5,62,1,standard,0.8,1.0,0.05,5000,1.0,1.0,17
5,63,1,standard,0.8,1.0,0.05,5000,1.0,1.0,9
5,64,1,standard,0.8,1.0,0.05,5000,1.0,1.0,7
5,65,1,standard,0.8,1.0,0.05,5000,1.0,1.0,7
5,66,1,standard,0.8,1.0,0.05,5000,1.0,1.0,10
5,67,1,standard,0.8,1.0,0.05,5000,1.0,1.0,4
5,68,1,standard,0.8,1.0,0.05,5000,1.0,1.0,5
5,69,1,standard,0.8,1.0,0.05,5000,1.0,1.0,3
5,70,1,standard,0.8,1.0,0.05,5000,1.0,1.0,9
5,71,1,standard,0.8,1.0,0.05,5000,1.0,1.0,9
5,72,1,standard,0.8,1.0,0.05,5000,1.0,1.0,24
5,73,1,standard,0.8,1.0,0.05,5000,1.0,1.0,5
5,74,1,standard,0.8,1.0,0.05,5000,1.0,1.0,13
5,75,1,standard,0.8,1.0,0.05,5000,1.0,1.0,4
5,76,1,standard,0.8,1.0,0.05,5000,1.0,1.0,11
5,77,1,standard,0.8,1.0,0.05,5000,1.0,1.0,9
5,78,1,standard,0.8,1.0,0.05,5000,1.0,1.0,10
5,79,1,standard,0.8,1.0,0.05,5000,1.0,1.0,12
5,80,1,standard,0.8,1.0,0.05,5000,1.0,1.0,8
5,81,1,standard,0.8,1.0,0.05,5000,1.0,1.0,6
5,82,1,standard,0.8,1.0,0.05,5000,1.0,1.0,9
5,83,1,standard,0.8,1.0,0.05,5000,1.0,1.0,8
5,84,1,standard,0.8,1.0,0.05,5000,1.0,1.0,21
5,85,1,standard,0.8,1.0,0.05,5000,1.0,1.0,5
5,86,1,standard,0.8,1.0,0.05,5000,1.0,1.0,15
5,87,1,standard,0.8,1.0,0.05,5000,1.0,1.0,30
5,88,1,standard,0.8,1.0,0.05,5000,1.0,1.0,32
5,89,1,standard,0.8,1.0,0.05,5000,1.0,1.0,11
5,90,1,standard,0.8,1.0,0.05,5000,1.0,1.0,7
5,91,1,standard,0.8,1.0,0.05,5000,1.0,1.0,5
5,92,1,standard,0.8,1.0,0.05,5000,1.0,1.0,6
5,93,1,standard,0.8,1.0,0.05,5000,1.0,1.0,36
5,94,1,standard,0.8,1.0,0.05,5000,1.0,1.0,17
5,95,1,standard,0.8,1.0,0.05,5000,1.0,1.0,5
5,96,1,standard,0.8,1.0,0.05,5000,1.0,1.0,5
5,97,1,standard,0.8,1.0,0.05,5000,1.0,1.0,12
5,98,1,standard,0.8,1.0,0.05,5000,1.0,1.0,12
5,99,1,standard,0.8,1.0,0.05,5000,1.0,1.0,11
5,100,1,standard,0.8,1.0,0.05,5000,1.0,1.0,8
5,1,1,standard,0.9,1.0,0.05,5000,1.0,1.0,40
5,2,1,standard,0.9,1.0,0.05,5000,1.0,1.0,48
5,3,1,standard,0.9,1.0,0.05,5000,1.0,1.0,50
5,4,1,standard,0.9,1.0,0.05,5000,1.0,1.0,23
5,5,1,standard,0.9,1.0,0.05,5000,1.0,1.0,33
5,6,1,standard,0.9,1.0,0.05,5000,1.0,1.0,5
5,7,1,standard,0.9,1.0,0.05,5000,1.0,1.0,12
5,8,1,standard,0.9,1.0,0.05,5000,1.0,1.0,12
5,9,1,standard,0.9,1.0,0.05,5000,1.0,1.0,24
5,10,1,standard,0.9,1.0,0.05,5000,1.0,1.0,24
5,11,1,standard,0.9,1.0,0.05,5000,1.0,1.0,58
5,12,1,standard,0.9,1.0,0.05,5000,1.0,1.0,5
5,13,1,standard,0.9,1.0,0.05,5000,1.0,1.0,9
5,14,1,standard,0.9,1.0,0.05,5000,1.0,1.0,18
5,15,1,standard,0.9,1.0,0.05,5000,1.0,1.0,129
5,16,1,standard,0.9,1.0,0.05,5000,1.0,1.0,4
5,17,1,standard,0.9,1.0,0.05,5000,1.0,1.0,43
5,18,1,standard,0.9,1.0,0.05,5000,1.0,1.0,9
5,19,1,standard,0.9,1.0,0.05,5000,1.0,1.0,112
5,20,1,standard,0.9,1.0,0.05,5000,1.0,1.0,30
5,21,1,standard,0.9,1.0,0.05,5000,1.0,1.0,31
5,22,1,standard,0.9,1.0,0.05,5000,1.0,1.0,70
5,23,1,standard,0.9,1.0,0.05,5000,1.0,1.0,147
5,24,1,standard,0.9,1.0,0.05,5000,1.0,1.0,48
5,25,1,standard,0.9,1.0,0.05,5000,1.0,1.0,49
5,26,1,standard,0.9,1.0,0.05,5000,1.0,1.0,87
5,27,1,standard,0.9,1.0,0.05,5000,1.0,1.0,10
5,28,1,standard,0.9,1.0,0.05,5000,1.0,1.0,24
5,29,1,standard,0.9,1.0,0.05,5000,1.0,1.0,46
5,30,1,standard,0.9,1.0,0.05,5000,1.0,1.0,102
5,31,1,standard,0.9,1.0,0.05,5000,1.0,1.0,39
5,32,1,standard,0.9,1.0,0.05,5000,1.0,1.0,13
5,33,1,standard,0.9,1.0,0.05,5000,1.0,1.0,70
5,34,1,standard,0.9,1.0,0.05,5000,1.0,1.0,28
5,35,1,standard,0.9,1.0,0.05,5000,1.0,1.0,13
5,36,1,standard,0.9,1.0,0.05,5000,1.0,1.0,28
5,37,1,standard,0.9,1.0,0.05,5000,1.0,1.0,42
5,38,1,standard,0.9,1.0,0.05,5000,1.0,1.0,45
5,39,1,standard,0.9,1.0,0.05,5000,1.0,1.0,242
5,40,1,standard,0.9,1.0,0.05,5000,1.0,1.0,16
5,41,1,standard,0.9,1.0,0.05,5000,1.0,1.0,43
5,42,1,standard,0.9,1.0,0.05,5000,1.0,1.0,164
5,43,1,standard,0.9,1.0,0.05,5000,1.0,1.0,15
5,44,1,standard,0.9,1.0,0.05,5000,1.0,1.0,133
5,45,1,standard,0.9,1.0,0.05,5000,1.0,1.0,10
5,46,1,standard,0.9,1.0,0.05,5000,1.0,1.0,35
5,47,1,standard,0.9,1.0,0.05,5000,1.0,1.0,80
5,48,1,standard,0.9,1.0,0.05,5000,1.0,1.0,3
5,49,1,standard,0.9,1.0,0.05,5000,1.0,1.0,45
5,50,1,standard,0.9,1.0,0.05,5000,1.0,1.0,23
5,51,1,standard,0.9,1.0,0.05,5000,1.0,1.0,54
5,52,1,standard,0.9,1.0,0.05,5000,1.0,1.0,47
5,53,1,standard,0.9,1.0,0.05,5000,1.0,1.0,113
5,54,1,standard,0.9,1.0,0.05,5000,1.0,1.0,150
5,55,1,standard,0.9,1.0,0.05,5000,1.0,1.0,73
5,56,1,standard,0.9,1.0,0.05,5000,1.0,1.0,118
5,57,1,standard,0.9,1.0,0.05,5000,1.0,1.0,7
5,58,1,standard,0.9,1.0,0.05,5000,1.0,1.0,33
5,59,1,standard,0.9,1.0,0.05,5000,1.0,1.0,5
5,60,1,standard,0.9,1.0,0.05,5000,1.0,1.0,41
5,61,1,standard,0.9,1.0,0.05,5000,1.0,1.0,53
5,62,1,standard,0.9,1.0,0.05,5000,1.0,1.0,31
5,63,1,standard,0.9,1.0,0.05,5000,1.0,1.0,110
5,64,1,standard,0.9,1.0,0.05,5000,1.0,1.0,18
5,65,1,standard,0.9,1.0,0.05,5000,1.0,1.0,6
5,66,1,standard,0.9,1.0,0.05,5000,1.0,1.0,133
5,67,1,standard,0.9,1.0,0.05,5000,1.0,1.0,6
5,68,1,standard,0.9,1.0,0.05,5000,1.0,1.0,52
5,69,1,standard,0.9,1.0,0.05,5000,1.0,1.0,65
5,70,1,standard,0.9,1.0,0.05,5000,1.0,1.0,103
5,71,1,standard,0.9,1.0,0.05,5000,1.0,1.0,7
5,72,1,standard,0.9,1.0,0.05,5000,1.0,1.0,148
5,73,1,standard,0.9,1.0,0.05,5000,1.0,1.0,210
5,74,1,standard,0.9,1.0,0.05,5000,1.0,1.0,108
5,75,1,standard,0.9,1.0,0.05,5000,1.0,1.0,80
5,76,1,standard,0.9,1.0,0.05,5000,1.0,1.0,81
5,77,1,standard,0.9,1.0,0.05,5000,1.0,1.0,32
5,78,1,standard,0.9,1.0,0.05,5000,1.0,1.0,95
5,79,1,standard,0.9,1.0,0.05,5000,1.0,1.0,130
5,80,1,standard,0.9,1.0,0.05,5000,1.0,1.0,7
5,81,1,standard,0.9,1.0,0.05,5000,1.0,1.0,56
5,82,1,standard,0.9,1.0,0.05,5000,1.0,1.0,17
5,83,1,standard,0.9,1.0,0.05,5000,1.0,1.0,41
5,84,1,standard,0.9,1.0,0.05,5000,1.0,1.0,52
5,85,1,standard,0.9,1.0,0.05,5000,1.0,1.0,36
5,86,1,standard,0.9,1.0,0.05,5000,1.0,1.0,35
5,87,1,standard,0.9,1.0,0.05,5000,1.0,1.0,76
5,88,1,standard,0.9,1.0,0.05,5000,1.0,1.0,56
5,89,1,standard,0.9,1.0,0.05,5000,1.0,1.0,4
5,90,1,standard,0.9,1.0,0.05,5000,1.0,1.0,47
5,91,1,standard,0.9,1.0,0.05,5000,1.0,1.0,140
5,92,1,standard,0.9,1.0,0.05,5000,1.0,1.0,22
5,93,1,standard,0.9,1.0,0.05,5000,1.0,1.0,32
5,94,1,standard,0.9,1.0,0.05,5000,1.0,1.0,134
5,95,1,standard,0.9,1.0,0.05,5000,1.0,1.0,42
5,96,1,standard,0.9,1.0,0.05,5000,1.0,1.0,44
5,97,1,standard,0.9,1.0,0.05,5000,1.0,1.0,117
5,98,1,standard,0.9,1.0,0.05,5000,1.0,1.0,15
5,99,1,standard,0.9,1.0,0.05,5000,1.0,1.0,42
5,100,1,standard,0.9,1.0,0.05,5000,1.0,1.0,35
5,1,1,standard,1.0,1.0,0.05,5000,1.0,1.0,
5,2,1,standard,1.0,1.0,0.05,5000,1.0,1.0,
5,3,1,standard,1.0,1.0,0.05,5000,1.0,1.0,
5,4,1,standard,1.0,1.0,0.05,5000,1.0,1.0,
5,5,1,standard,1.0,1.0,0.05,5000,1.0,1.0,
5,6,1,standard,1.0,1.0,0.05,5000,1.0,1.0,
5,7,1,standard,1.0,1.0,0.05,5000,1.0,1.0,
5,8,1,standard,1.0,1.0,0.05,5000,1.0,1.0,
5,9,1,standard,1.0,1.0,0.05,5000,1.0,1.0,
5,10,1,standard,1.0,1.0,0.05,5000,1.0,1.0,
5,11,1,standard,1.0,1.0,0.05,5000,1.0,1.0,
5,12,1,standard,1.0,1.0,0.05,5000,1.0,1.0,
5,13,1,standard,1.0,1.0,0.05,5000,1.0,1.0,
5,14,1,standard,1.0,1.0,0.05,5000,1.0,1.0,
5,15,1,standard,1.0,1.0,0.05,5000,1.0,1.0,
5,16,1,standard,1.0,1.0,0.05,5000,1.0,1.0,
5,17,1,standard,1.0,1.0,0.05,5000,1.0,1.0,
5,18,1,standard,1.0,1.0,0.05,5000,1.0,1.0,
5,19,1,standard,1.0,1.0,0.05,5000,1.0,1.0,
5,20,1,standard,1.0,1.0,0.05,5000,1.0,1.0,
5,21,1,standard,1.0,1.0,0.05,5000,1.0,1.0,
5,22,1,standard,1.0,1.0,0.05,5000,1.0,1.0,
5,23,1,standard,1.0,1.0,0.05,5000,1.0,1.0,
5,24,1,standard,1.0,1.0,0.05,5000,1.0,1.0,
5,25,1,standard,1.0,1.0,0.05,5000,1.0,1.0,
5,26,1,standard,1.0,1.0,0.05,5000,1.0,1.0,
5,27,1,standard,1.0,1.0,0.05,5000,1.0,1.0,
5,28,1,standard,1.0,1.0,0.05,5000,1.0,1.0,
5,29,1,standard,1.0,1.0,0.05,5000,1.0,1.0,
5,30,1,standard,1.0,1.0,0.05,5000,1.0,1.0,
5,31,1,standard,1.0,1.0,0.05,5000,1.0,1.0,
5,32,1,standard,1.0,1.0,0.05,5000,1.0,1.0,
5,33,1,standard,1.0,1.0,0.05,5000,1.0,1.0,
5,34,1,standard,1.0,1.0,0.05,5000,1.0,1.0,
5,35,1,standard,1.0,1.0,0.05,5000,1.0,1.0,
5,36,1,standard,1.0,1.0,0.05,5000,1.0,1.0,
5,37,1,standard,1.0,1.0,0.05,5000,1.0,1.0,
5,38,1,standard,1.0,1.0,0.05,5000,1.0,1.0,
5,39,1,standard,1.0,1.0,0.05,5000,1.0,1.0,
5,40,1,standard,1.0,1.0,0.05,5000,1.0,1.0,
5,41,1,standard,1.0,1.0,0.05,5000,1.0,1.0,
5,42,1,standard,1.0,1.0,0.05,5000,1.0,1.0,
5,43,1,standard,1.0,1.0,0.05,5000,1.0,1.0,
5,44,1,standard,1.0,1.0,0.05,5000,1.0,1.0,
5,45,1,standard,1.0,1.0,0.05,5000,1.0,1.0,
5,46,1,standard,1.0,1.0,0.05,5000,1.0,1.0,
5,47,1,standard,1.0,1.0,0.05,5000,1.0,1.0,
5,48,1,standard,1.0,1.0,0.05,5000,1.0,1.0,
5,49,1,standard,1.0,1.0,0.05,5000,1.0,1.0,
5,50,1,standard,1.0,1.0,0.05,5000,1.0,1.0,
5,51,1,standard,1.0,1.0,0.05,5000,1.0,1.0,
5,52,1,standard,1.0,1.0,0.05,5000,1.0,1.0,
5,53,1,standard,1.0,1.0,0.05,5000,1.0,1.0,
5,54,1,standard,1.0,1.0,0.05,5000,1.0,1.0,
5,55,1,standard,1.0,1.0,0.05,5000,1.0,1.0,
5,56,1,standard,1.0,1.0,0.05,5000,1.0,1.0,
5,57,1,standard,1.0,1.0,0.05,5000,1.0,1.0,
5,58,1,standard,1.0,1.0,0.05,5000,1.0,1.0,
5,59,1,standard,1.0,1.0,0.05,5000,1.0,1.0,
5,60,1,standard,1.0,1.0,0.05,5000,1.0,1.0,
5,61,1,standard,1.0,1.0,0.05,5000,1.0,1.0,
5,62,1,standard,1.0,1.0,0.05,5000,1.0,1.0,
5,63,1,standard,1.0,1.0,0.05,5000,1.0,1.0,
5,64,1,standard,1.0,1.0,0.05,5000,1.0,1.0,
5,65,1,standard,1.0,1.0,0.05,5000,1.0,1.0,
5,66,1,standard,1.0,1.0,0.05,5000,1.0,1.0,
5,67,1,standard,1.0,1.0,0.05,5000,1.0,1.0,
5,68,1,standard,1.0,1.0,0.05,5000,1.0,1.0,
5,69,1,standard,1.0,1.0,0.05,5000,1.0,1.0,
5,70,1,standard,1.0,1.0,0.05,5000,1.0,1.0,
5,71,1,standard,1.0,1.0,0.05,5000,1.0,1.0,
5,72,1,standard,1.0,1.0,0.05,5000,1.0,1.0,
5,73,1,standard,1.0,1.0,0.05,5000,1.0,1.0,
5,74,1,standard,1.0,1.0,0.05,5000,1.0,1.0,
5,75,1,standard,1.0,1.0,0.05,5000,1.0,1.0,
5,76,1,standard,1.0,1.0,0.05,5000,1.0,1.0,
5,77,1,standard,1.0,1.0,0.05,5000,1.0,1.0,
5,78,1,standard,1.0,1.0,0.05,5000,1.0,1.0,
5,79,1,standard,1.0,1.0,0.05,5000,1.0,1.0,
5,80,1,standard,1.0,1.0,0.05,5000,1.0,1.0,
5,81,1,standard,1.0,1.0,0.05,5000,1.0,1.0,
5,82,1,standard,1.0,1.0,0.05,5000,1.0,1.0,
5,83,1,standard,1.0,1.0,0.05,5000,1.0,1.0,
5,84,1,standard,1.0,1.0,0.05,5000,1.0,1.0,
5,85,1,standard,1.0,1.0,0.05,5000,1.0,1.0,
5,86,1,standard,1.0,1.0,0.05,5000,1.0,1.0,
5,87,1,standard,1.0,1.0,0.05,5000,1.0,1.0,
5,88,1,standard,1.0,1.0,0.05,5000,1.0,1.0,
5,89,1,standard,1.0,1.0,0.05,5000,1.0,1.0,
5,90,1,standard,1.0,1.0,0.05,5000,1.0,1.0,
5,91,1,standard,1.0,1.0,0.05,5000,1.0,1.0,
5,92,1,standard,1.0,1.0,0.05,5000,1.0,1.0,
5,93,1,standard,1.0,1.0,0.05,5000,1.0,1.0,
5,94,1,standard,1.0,1.0,0.05,5000,1.0,1.0,
5,95,1,standard,1.0,1.0,0.05,5000,1.0,1.0,
5,96,1,standard,1.0,1.0,0.05,5000,1.0,1.0,
5,97,1,standard,1.0,1.0,0.05,5000,1.0,1.0,
5,98,1,standard,1.0,1.0,0.05,5000,1.0,1.0,
5,99,1,standard,1.0,1.0,0.05,5000,1.0,1.0,
5,100,1,standard,1.0,1.0,0.05,5000,1.0,1.0,
6,1,1,standard,0.1,1.0,0.05,5000,1.0,1.0,19
6,2,1,standard,0.1,1.0,0.05,5000,1.0,1.0,39
6,3,1,standard,0.1,1.0,0.05,5000,1.0,1.0,50
6,4,1,standard,0.1,1.0,0.05,5000,1.0,1.0,29
6,5,1,standard,0.1,1.0,0.05,5000,1.0,1.0,21
6,6,1,standard,0.1,1.0,0.05,5000,1.0,1.0,41
6,7,1,standard,0.1,1.0,0.05,5000,1.0,1.0,31
6,8,1,standard,0.1,1.0,0.05,5000,1.0,1.0,32
6,9,1,standard,0.1,1.0,0.05,5000,1.0,1.0,48
6,10,1,standard,0.1,1.0,0.05,5000,1.0,1.0,77
6,11,1,standard,0.1,1.0,0.05,5000,1.0,1.0,26
6,12,1,standard,0.1,1.0,0.05,5000,1.0,1.0,27
6,13,1,standard,0.1,1.0,0.05,5000,1.0,1.0,17
6,14,1,standard,0.1,1.0,0.05,5000,1.0,1.0,27
6,15,1,standard,0.1,1.0,0.05,5000,1.0,1.0,41
6,16,1,standard,0.1,1.0,0.05,5000,1.0,1.0,22
6,17,1,standard,0.1,1.0,0.05,5000,1.0,1.0,30
6,18,1,standard,0.1,1.0,0.05,5000,1.0,1.0,89
6,19,1,standard,0.1,1.0,0.05,5000,1.0,1.0,46
6,20,1,standard,0.1,1.0,0.05,5000,1.0,1.0,25
6,21,1,standard,0.1,1.0,0.05,5000,1.0,1.0,34
6,22,1,standard,0.1,1.0,0.05,5000,1.0,1.0,56
6,23,1,standard,0.1,1.0,0.05,5000,1.0,1.0,40
6,24,1,standard,0.1,1.0,0.05,5000,1.0,1.0,50
6,25,1,standard,0.1,1.0,0.05,5000,1.0,1.0,49
6,26,1,standard,0.1,1.0,0.05,5000,1.0,1.0,37
6,27,1,standard,0.1,1.0,0.05,5000,1.0,1.0,36
6,28,1,standard,0.1,1.0,0.05,5000,1.0,1.0,25
6,29,1,standard,0.1,1.0,0.05,5000,1.0,1.0,39
6,30,1,standard,0.1,1.0,0.05,5000,1.0,1.0,31
6,31,1,standard,0.1,1.0,0.05,5000,1.0,1.0,33
6,32,1,standard,0.1,1.0,0.05,5000,1.0,1.0,15
6,33,1,standard,0.1,1.0,0.05,5000,1.0,1.0,40
6,34,1,standard,0.1,1.0,0.05,5000,1.0,1.0,61
6,35,1,standard,0.1,1.0,0.05,5000,1.0,1.0,49
6,36,1,standard,0.1,1.0,0.05,5000,1.0,1.0,21
6,37,1,standard,0.1,1.0,0.05,5000,1.0,1.0,31
6,38,1,standard,0.1,1.0,0.05,5000,1.0,1.0,46
6,39,1,standard,0.1,1.0,0.05,5000,1.0,1.0,55
6,40,1,standard,0.1,1.0,0.05,5000,1.0,1.0,19
6,41,1,standard,0.1,1.0,0.05,5000,1.0,1.0,24
6,42,1,standard,0.1,1.0,0.05,5000,1.0,1.0,32
6,43,1,standard,0.1,1.0,0.05,5000,1.0,1.0,18
6,44,1,standard,0.1,1.0,0.05,5000,1.0,1.0,47
6,45,1,standard,0.1,1.0,0.05,5000,1.0,1.0,24
6,46,1,standard,0.1,1.0,0.05,5000,1.0,1.0,43
6,47,1,standard,0.1,1.0,0.05,5000,1.0,1.0,58
6,48,1,standard,0.1,1.0,0.05,5000,1.0,1.0,30
6,49,1,standard,0.1,1.0,0.05,5000,1.0,1.0,40
6,50,1,standard,0.1,1.0,0.05,5000,1.0,1.0,42
6,51,1,standard,0.1,1.0,0.05,5000,1.0,1.0,30
6,52,1,standard,0.1,1.0,0.05,5000,1.0,1.0,40
6,53,1,standard,0.1,1.0,0.05,5000,1.0,1.0,23
6,54,1,standard,0.1,1.0,0.05,5000,1.0,1.0,53
6,55,1,standard,0.1,1.0,0.05,5000,1.0,1.0,32
6,56,1,standard,0.1,1.0,0.05,5000,1.0,1.0,52
6,57,1,standard,0.1,1.0,0.05,5000,1.0,1.0,23
6,58,1,standard,0.1,1.0,0.05,5000,1.0,1.0,28
6,59,1,standard,0.1,1.0,0.05,5000,1.0,1.0,52
6,60,1,standard,0.1,1.0,0.05,5000,1.0,1.0,17
6,61,1,standard,0.1,1.0,0.05,5000,1.0,1.0,13
6,62,1,standard,0.1,1.0,0.05,5000,1.0,1.0,47
6,63,1,standard,0.1,1.0,0.05,5000,1.0,1.0,33
6,64,1,standard,0.1,1.0,0.05,5000,1.0,1.0,25
6,65,1,standard,0.1,1.0,0.05,5000,1.0,1.0,48
6,66,1,standard,0.1,1.0,0.05,5000,1.0,1.0,25
6,67,1,standard,0.1,1.0,0.05,5000,1.0,1.0,30
6,68,1,standard,0.1,1.0,0.05,5000,1.0,1.0,34
6,69,1,standard,0.1,1.0,0.05,5000,1.0,1.0,51
6,70,1,standard,0.1,1.0,0.05,5000,1.0,1.0,33
6,71,1,standard,0.1,1.0,0.05,5000,1.0,1.0,29
6,72,1,standard,0.1,1.0,0.05,5000,1.0,1.0,34
6,73,1,standard,0.1,1.0,0.05,5000,1.0,1.0,27
6,74,1,standard,0.1,1.0,0.05,5000,1.0,1.0,55
6,75,1,standard,0.1,1.0,0.05,5000,1.0,1.0,32
6,76,1,standard,0.1,1.0,0.05,5000,1.0,1.0,46
6,77,1,standard,0.1,1.0,0.05,5000,1.0,1.0,43
6,78,1,standard,0.1,1.0,0.05,5000,1.0,1.0,28
6,79,1,standard,0.1,1.0,0.05,5000,1.0,1.0,25
6,80,1,standard,0.1,1.0,0.05,5000,1.0,1.0,56
6,81,1,standard,0.1,1.0,0.05,5000,1.0,1.0,45
6,82,1,standard,0.1,1.0,0.05,5000,1.0,1.0,18
6,83,1,standard,0.1,1.0,0.05,5000,1.0,1.0,25
6,84,1,standard,0.1,1.0,0.05,5000,1.0,1.0,36
6,85,1,standard,0.1,1.0,0.05,5000,1.0,1.0,37
6,86,1,standard,0.1,1.0,0.05,5000,1.0,1.0,36
6,87,1,standard,0.1,1.0,0.05,5000,1.0,1.0,21
6,88,1,standard,0.1,1.0,0.05,5000,1.0,1.0,36
6,89,1,standard,0.1,1.0,0.05,5000,1.0,1.0,23
6,90,1,standard,0.1,1.0,0.05,5000,1.0,1.0,48
6,91,1,standard,0.1,1.0,0.05,5000,1.0,1.0,19
6,92,1,standard,0.1,1.0,0.05,5000,1.0,1.0,40
6,93,1,standard,0.1,1.0,0.05,5000,1.0,1.0,30
6,94,1,standard,0.1,1.0,0.05,5000,1.0,1.0,36
6,95,1,standard,0.1,1.0,0.05,5000,1.0,1.0,23
6,96,1,standard,0.1,1.0,0.05,5000,1.0,1.0,38
6,97,1,standard,0.1,1.0,0.05,5000,1.0,1.0,34
6,98,1,standard,0.1,1.0,0.05,5000,1.0,1.0,18
6,99,1,standard,0.1,1.0,0.05,5000,1.0,1.0,52
6,100,1,standard,0.1,1.0,0.05,5000,1.0,1.0,36
6,1,1,standard,0.2,1.0,0.05,5000,1.0,1.0,14
6,2,1,standard,0.2,1.0,0.05,5000,1.0,1.0,9
6,3,1,standard,0.2,1.0,0.05,5000,1.0,1.0,15
6,4,1,standard,0.2,1.0,0.05,5000,1.0,1.0,10
6,5,1,standard,0.2,1.0,0.05,5000,1.0,1.0,15
6,6,1,standard,0.2,1.0,0.05,5000,1.0,1.0,36
6,7,1,standard,0.2,1.0,0.05,5000,1.0,1.0,17
6,8,1,standard,0.2,1.0,0.05,5000,1.0,1.0,15
6,9,1,standard,0.2,1.0,0.05,5000,1.0,1.0,16
6,10,1,standard,0.2,1.0,0.05,5000,1.0,1.0,13
6,11,1,standard,0.2,1.0,0.05,5000,1.0,1.0,21
6,12,1,standard,0.2,1.0,0.05,5000,1.0,1.0,25
6,13,1,standard,0.2,1.0,0.05,5000,1.0,1.0,15
6,14,1,standard,0.2,1.0,0.05,5000,1.0,1.0,14
6,15,1,standard,0.2,1.0,0.05,5000,1.0,1.0,18
6,16,1,standard,0.2,1.0,0.05,5000,1.0,1.0,11
6,17,1,standard,0.2,1.0,0.05,5000,1.0,1.0,31
6,18,1,standard,0.2,1.0,0.05,5000,1.0,1.0,14
6,19,1,standard,0.2,1.0,0.05,5000,1.0,1.0,13
6,20,1,standard,0.2,1.0,0.05,5000,1.0,1.0,16
6,21,1,standard,0.2,1.0,0.05,5000,1.0,1.0,31
6,22,1,standard,0.2,1.0,0.05,5000,1.0,1.0,21
6,23,1,standard,0.2,1.0,0.05,5000,1.0,1.0,20
6,24,1,standard,0.2,1.0,0.05,5000,1.0,1.0,18
6,25,1,standard,0.2,1.0,0.05,5000,1.0,1.0,25
6,26,1,standard,0.2,1.0,0.05,5000,1.0,1.0,21
6,27,1,standard,0.2,1.0,0.05,5000,1.0,1.0,28
6,28,1,standard,0.2,1.0,0.05,5000,1.0,1.0,20
6,29,1,standard,0.2,1.0,0.05,5000,1.0,1.0,27
6,30,1,standard,0.2,1.0,0.05,5000,1.0,1.0,11
6,31,1,standard,0.2,1.0,0.05,5000,1.0,1.0,17
6,32,1,standard,0.2,1.0,0.05,5000,1.0,1.0,19
6,33,1,standard,0.2,1.0,0.05,5000,1.0,1.0,18
6,34,1,standard,0.2,1.0,0.05,5000,1.0,1.0,18
6,35,1,standard,0.2,1.0,0.05,5000,1.0,1.0,14
6,36,1,standard,0.2,1.0,0.05,5000,1.0,1.0,17
6,37,1,standard,0.2,1.0,0.05,5000,1.0,1.0,18
6,38,1,standard,0.2,1.0,0.05,5000,1.0,1.0,18
6,39,1,standard,0.2,1.0,0.05,5000,1.0,1.0,19
6,40,1,standard,0.2,1.0,0.05,5000,1.0,1.0,13
6,41,1,standard,0.2,1.0,0.05,5000,1.0,1.0,18
6,42,1,standard,0.2,1.0,0.05,5000,1.0,1.0,19
6,43,1,standard,0.2,1.0,0.05,5000,1.0,1.0,13
6,44,1,standard,0.2,1.0,0.05,5000,1.0,1.0,17
6,45,1,standard,0.2,1.0,0.05,5000,1.0,1.0,22
6,46,1,standard,0.2,1.0,0.05,5000,1.0,1.0,14
6,47,1,standard,0.2,1.0,0.05,5000,1.0,1.0,32
6,48,1,standard,0.2,1.0,0.05,5000,1.0,1.0,12
6,49,1,standard,0.2,1.0,0.05,5000,1.0,1.0,14
6,50,1,standard,0.2,1.0,0.05,5000,1.0,1.0,20
6,51,1,standard,0.2,1.0,0.05,5000,1.0,1.0,17
6,52,1,standard,0.2,1.0,0.05,5000,1.0,1.0,22
6,53,1,standard,0.2,1.0,0.05,5000,1.0,1.0,20
6,54,1,standard,0.2,1.0,0.05,5000,1.0,1.0,20
6,55,1,standard,0.2,1.0,0.05,5000,1.0,1.0,21
6,56,1,standard,0.2,1.0,0.05,5000,1.0,1.0,15
6,57,1,standard,0.2,1.0,0.05,5000,1.0,1.0,21
6,58,1,standard,0.2,1.0,0.05,5000,1.0,1.0,10
6,59,1,standard,0.2,1.0,0.05,5000,1.0,1.0,17
6,60,1,standard,0.2,1.0,0.05,5000,1.0,1.0,24
6,61,1,standard,0.2,1.0,0.05,5000,1.0,1.0,24
6,62,1,standard,0.2,1.0,0.05,5000,1.0,1.0,14
6,63,1,standard,0.2,1.0,0.05,5000,1.0,1.0,25
6,64,1,standard,0.2,1.0,0.05,5000,1.0,1.0,20
6,65,1,standard,0.2,1.0,0.05,5000,1.0,1.0,16
6,66,1,standard,0.2,1.0,0.05,5000,1.0,1.0,11
6,67,1,standard,0.2,1.0,0.05,5000,1.0,1.0,19
6,68,1,standard,0.2,1.0,0.05,5000,1.0,1.0,17
6,69,1,standard,0.2,1.0,0.05,5000,1.0,1.0,11
6,70,1,standard,0.2,1.0,0.05,5000,1.0,1.0,14
6,71,1,standard,0.2,1.0,0.05,5000,1.0,1.0,19
6,72,1,standard,0.2,1.0,0.05,5000,1.0,1.0,19
6,73,1,standard,0.2,1.0,0.05,5000,1.0,1.0,23
6,74,1,standard,0.2,1.0,0.05,5000,1.0,1.0,12
6,75,1,standard,0.2,1.0,0.05,5000,1.0,1.0,21
6,76,1,standard,0.2,1.0,0.05,5000,1.0,1.0,21
6,77,1,standard,0.2,1.0,0.05,5000,1.0,1.0,15
6,78,1,standard,0.2,1.0,0.05,5000,1.0,1.0,5
6,79,1,standard,0.2,1.0,0.05,5000,1.0,1.0,21
6,80,1,standard,0.2,1.0,0.05,5000,1.0,1.0,18
6,81,1,standard,0.2,1.0,0.05,5000,1.0,1.0,9
6,82,1,standard,0.2,1.0,0.05,5000,1.0,1.0,20
6,83,1,standard,0.2,1.0,0.05,5000,1.0,1.0,12
6,84,1,standard,0.2,1.0,0.05,5000,1.0,1.0,14
6,85,1,standard,0.2,1.0,0.05,5000,1.0,1.0,16
6,86,1,standard,0.2,1.0,0.05,5000,1.0,1.0,26
6,87,1,standard,0.2,1.0,0.05,5000,1.0,1.0,22
6,88,1,standard,0.2,1.0,0.05,5000,1.0,1.0,10
6,89,1,standard,0.2,1.0,0.05,5000,1.0,1.0,12
6,90,1,standard,0.2,1.0,0.05,5000,1.0,1.0,19
6,91,1,standard,0.2,1.0,0.05,5000,1.0,1.0,19
6,92,1,standard,0.2,1.0,0.05,5000,1.0,1.0,17
6,93,1,standard,0.2,1.0,0.05,5000,1.0,1.0,15
6,94,1,standard,0.2,1.0,0.05,5000,1.0,1.0,30
6,95,1,standard,0.2,1.0,0.05,5000,1.0,1.0,5
6,96,1,standard,0.2,1.0,0.05,5000,1.0,1.0,11
6,97,1,standard,0.2,1.0,0.05,5000,1.0,1.0,16
6,98,1,standard,0.2,1.0,0.05,5000,1.0,1.0,16
6,99,1,standard,0.2,1.0,0.05,5000,1.0,1.0,16
6,100,1,standard,0.2,1.0,0.05,5000,1.0,1.0,19
6,1,1,standard,0.3,1.0,0.05,5000,1.0,1.0,15
6,2,1,standard,0.3,1.0,0.05,5000,1.0,1.0,14
6,3,1,standard,0.3,1.0,0.05,5000,1.0,1.0,16
6,4,1,standard,0.3,1.0,0.05,5000,1.0,1.0,19
6,5,1,standard,0.3,1.0,0.05,5000,1.0,1.0,9
6,6,1,standard,0.3,1.0,0.05,5000,1.0,1.0,14
6,7,1,standard,0.3,1.0,0.05,5000,1.0,1.0,7
6,8,1,standard,0.3,1.0,0.05,5000,1.0,1.0,17
6,9,1,standard,0.3,1.0,0.05,5000,1.0,1.0,11
6,10,1,standard,0.3,1.0,0.05,5000,1.0,1.0,16
6,11,1,standard,0.3,1.0,0.05,5000,1.0,1.0,12
6,12,1,standard,0.3,1.0,0.05,5000,1.0,1.0,10
6,13,1,standard,0.3,1.0,0.05,5000,1.0,1.0,15
6,14,1,standard,0.3,1.0,0.05,5000,1.0,1.0,13
6,15,1,standard,0.3,1.0,0.05,5000,1.0,1.0,6
6,16,1,standard,0.3,1.0,0.05,5000,1.0,1.0,11
6,17,1,standard,0.3,1.0,0.05,5000,1.0,1.0,6
6,18,1,standard,0.3,1.0,0.05,5000,1.0,1.0,13
6,19,1,standard,0.3,1.0,0.05,5000,1.0,1.0,10
6,20,1,standard,0.3,1.0,0.05,5000,1.0,1.0,12
6,21,1,standard,0.3,1.0,0.05,5000,1.0,1.0,13
6,22,1,standard,0.3,1.0,0.05,5000,1.0,1.0,16
6,23,1,standard,0.3,1.0,0.05,5000,1.0,1.0,9
6,24,1,standard,0.3,1.0,0.05,5000,1.0,1.0,14
6,25,1,standard,0.3,1.0,0.05,5000,1.0,1.0,10
6,26,1,standard,0.3,1.0,0.05,5000,1.0,1.0,13
6,27,1,standard,0.3,1.0,0.05,5000,1.0,1.0,15
6,28,1,standard,0.3,1.0,0.05,5000,1.0,1.0,8
6,29,1,standard,0.3,1.0,0.05,5000,1.0,1.0,5
6,30,1,standard,0.3,1.0,0.05,5000,1.0,1.0,14
6,31,1,standard,0.3,1.0,0.05,5000,1.0,1.0,16
6,32,1,standard,0.3,1.0,0.05,5000,1.0,1.0,11
6,33,1,standard,0.3,1.0,0.05,5000,1.0,1.0,14
6,34,1,standard,0.3,1.0,0.05,5000,1.0,1.0,7
6,35,1,standard,0.3,1.0,0.05,5000,1.0,1.0,10
6,36,1,standard,0.3,1.0,0.05,5000,1.0,1.0,13
6,37,1,standard,0.3,1.0,0.05,5000,1.0,1.0,15
6,38,1,standard,0.3,1.0,0.05,5000,1.0,1.0,10
6,39,1,standard,0.3,1.0,0.05,5000,1.0,1.0,10
6,40,1,standard,0.3,1.0,0.05,5000,1.0,1.0,10
6,41,1,standard,0.3,1.0,0.05,5000,1.0,1.0,11
6,42,1,standard,0.3,1.0,0.05,5000,1.0,1.0,14
6,43,1,standard,0.3,1.0,0.05,5000,1.0,1.0,13
6,44,1,standard,0.3,1.0,0.05,5000,1.0,1.0,9
6,45,1,standard,0.3,1.0,0.05,5000,1.0,1.0,14
6,46,1,standard,0.3,1.0,0.05,5000,1.0,1.0,15
6,47,1,standard,0.3,1.0,0.05,5000,1.0,1.0,5
6,48,1,standard,0.3,1.0,0.05,5000,1.0,1.0,13
6,49,1,standard,0.3,1.0,0.05,5000,1.0,1.0,12
6,50,1,standard,0.3,1.0,0.05,5000,1.0,1.0,14
6,51,1,standard,0.3,1.0,0.05,5000,1.0,1.0,11
6,52,1,standard,0.3,1.0,0.05,5000,1.0,1.0,13
6,53,1,standard,0.3,1.0,0.05,5000,1.0,1.0,19
6,54,1,standard,0.3,1.0,0.05,5000,1.0,1.0,16
6,55,1,standard,0.3,1.0,0.05,5000,1.0,1.0,10
6,56,1,standard,0.3,1.0,0.05,5000,1.0,1.0,15
6,57,1,standard,0.3,1.0,0.05,5000,1.0,1.0,7
6,58,1,standard,0.3,1.0,0.05,5000,1.0,1.0,12
6,59,1,standard,0.3,1.0,0.05,5000,1.0,1.0,12
6,60,1,standard,0.3,1.0,0.05,5000,1.0,1.0,11
6,61,1,standard,0.3,1.0,0.05,5000,1.0,1.0,8
6,62,1,standard,0.3,1.0,0.05,5000,1.0,1.0,12
6,63,1,standard,0.3,1.0,0.05,5000,1.0,1.0,13
6,64,1,standard,0.3,1.0,0.05,5000,1.0,1.0,12
6,65,1,standard,0.3,1.0,0.05,5000,1.0,1.0,21
6,66,1,standard,0.3,1.0,0.05,5000,1.0,1.0,12
6,67,1,standard,0.3,1.0,0.05,5000,1.0,1.0,15
6,68,1,standard,0.3,1.0,0.05,5000,1.0,1.0,16
6,69,1,standard,0.3,1.0,0.05,5000,1.0,1.0,13
6,70,1,standard,0.3,1.0,0.05,5000,1.0,1.0,10
6,71,1,standard,0.3,1.0,0.05,5000,1.0,1.0,8
6,72,1,standard,0.3,1.0,0.05,5000,1.0,1.0,8
6,73,1,standard,0.3,1.0,0.05,5000,1.0,1.0,10
6,74,1,standard,0.3,1.0,0.05,5000,1.0,1.0,8
6,75,1,standard,0.3,1.0,0.05,5000,1.0,1.0,20
6,76,1,standard,0.3,1.0,0.05,5000,1.0,1.0,23
6,77,1,standard,0.3,1.0,0.05,5000,1.0,1.0,11
6,78,1,standard,0.3,1.0,0.05,5000,1.0,1.0,8
6,79,1,standard,0.3,1.0,0.05,5000,1.0,1.0,16
6,80,1,standard,0.3,1.0,0.05,5000,1.0,1.0,14
6,81,1,standard,0.3,1.0,0.05,5000,1.0,1.0,9
6,82,1,standard,0.3,1.0,0.05,5000,1.0,1.0,15
6,83,1,standard,0.3,1.0,0.05,5000,1.0,1.0,11
6,84,1,standard,0.3,1.0,0.05,5000,1.0,1.0,18
6,85,1,standard,0.3,1.0,0.05,5000,1.0,1.0,11
6,86,1,standard,0.3,1.0,0.05,5000,1.0,1.0,20
6,87,1,standard,0.3,1.0,0.05,5000,1.0,1.0,9
6,88,1,standard,0.3,1.0,0.05,5000,1.0,1.0,12
6,89,1,standard,0.3,1.0,0.05,5000,1.0,1.0,10
6,90,1,standard,0.3,1.0,0.05,5000,1.0,1.0,17
6,91,1,standard,0.3,1.0,0.05,5000,1.0,1.0,11
6,92,1,standard,0.3,1.0,0.05,5000,1.0,1.0,9
6,93,1,standard,0.3,1.0,0.05,5000,1.0,1.0,10
6,94,1,standard,0.3,1.0,0.05,5000,1.0,1.0,14
6,95,1,standard,0.3,1.0,0.05,5000,1.0,1.0,12
6,96,1,standard,0.3,1.0,0.05,5000,1.0,1.0,11
6,97,1,standard,0.3,1.0,0.05,5000,1.0,1.0,19
6,98,1,standard,0.3,1.0,0.05,5000,1.0,1.0,15
6,99,1,standard,0.3,1.0,0.05,5000,1.0,1.0,6
6,100,1,standard,0.3,1.0,0.05,5000,1.0,1.0,9
6,1,1,standard,0.4,1.0,0.05,5000,1.0,1.0,6
6,2,1,standard,0.4,1.0,0.05,5000,1.0,1.0,10
6,3,1,standard,0.4,1.0,0.05,5000,1.0,1.0,12
6,4,1,standard,0.4,1.0,0.05,5000,1.0,1.0,12
6,5,1,standard,0.4,1.0,0.05,5000,1.0,1.0,11
6,6,1,standard,0.4,1.0,0.05,5000,1.0,1.0,7
6,7,1,standard,0.4,1.0,0.05,5000,1.0,1.0,7
6,8,1,standard,0.4,1.0,0.05,5000,1.0,1.0,14
6,9,1,standard,0.4,1.0,0.05,5000,1.0,1.0,15
6,10,1,standard,0.4,1.0,0.05,5000,1.0,1.0,8
6,11,1,standard,0.4,1.0,0.05,5000,1.0,1.0,12
6,12,1,standard,0.4,1.0,0.05,5000,1.0,1.0,9
6,13,1,standard,0.4,1.0,0.05,5000,1.0,1.0,12
6,14,1,standard,0.4,1.0,0.05,5000,1.0,1.0,21
6,15,1,standard,0.4,1.0,0.05,5000,1.0,1.0,13
6,16,1,standard,0.4,1.0,0.05,5000,1.0,1.0,11
6,17,1,standard,0.4,1.0,0.05,5000,1.0,1.0,15
6,18,1,standard,0.4,1.0,0.05,5000,1.0,1.0,10
6,19,1,standard,0.4,1.0,0.05,5000,1.0,1.0,10
6,20,1,standard,0.4,1.0,0.05,5000,1.0,1.0,11
6,21,1,standard,0.4,1.0,0.05,5000,1.0,1.0,10
6,22,1,standard,0.4,1.0,0.05,5000,1.0,1.0,10
6,23,1,standard,0.4,1.0,0.05,5000,1.0,1.0,18
6,24,1,standard,0.4,1.0,0.05,5000,1.0,1.0,10
6,25,1,standard,0.4,1.0,0.05,5000,1.0,1.0,10
6,26,1,standard,0.4,1.0,0.05,5000,1.0,1.0,13
6,27,1,standard,0.4,1.0,0.05,5000,1.0,1.0,11
6,28,1,standard,0.4,1.0,0.05,5000,1.0,1.0,5
6,29,1,standard,0.4,1.0,0.05,5000,1.0,1.0,5
6,30,1,standard,0.4,1.0,0.05,5000,1.0,1.0,14
6,31,1,standard,0.4,1.0,0.05,5000,1.0,1.0,13
6,32,1,standard,0.4,1.0,0.05,5000,1.0,1.0,11
6,33,1,standard,0.4,1.0,0.05,5000,1.0,1.0,10
6,34,1,standard,0.4,1.0,0.05,5000,1.0,1.0,14
6,35,1,standard,0.4,1.0,0.05,5000,1.0,1.0,14
6,36,1,standard,0.4,1.0,0.05,5000,1.0,1.0,6
6,37,1,standard,0.4,1.0,0.05,5000,1.0,1.0,11
6,38,1,standard,0.4,1.0,0.05,5000,1.0,1.0,14
6,39,1,standard,0.4,1.0,0.05,5000,1.0,1.0,11
6,40,1,standard,0.4,1.0,0.05,5000,1.0,1.0,8
6,41,1,standard,0.4,1.0,0.05,5000,1.0,1.0,17
6,42,1,standard,0.4,1.0,0.05,5000,1.0,1.0,8
6,43,1,standard,0.4,1.0,0.05,5000,1.0,1.0,6
6,44,1,standard,0.4,1.0,0.05,5000,1.0,1.0,8
6,45,1,standard,0.4,1.0,0.05,5000,1.0,1.0,16
6,46,1,standard,0.4,1.0,0.05,5000,1.0,1.0,12
6,47,1,standard,0.4,1.0,0.05,5000,1.0,1.0,9
6,48,1,standard,0.4,1.0,0.05,5000,1.0,1.0,7
6,49,1,standard,0.4,1.0,0.05,5000,1.0,1.0,11
6,50,1,standard,0.4,1.0,0.05,5000,1.0,1.0,12
6,51,1,standard,0.4,1.0,0.05,5000,1.0,1.0,9
6,52,1,standard,0.4,1.0,0.05,5000,1.0,1.0,13
6,53,1,standard,0.4,1.0,0.05,5000,1.0,1.0,8
6,54,1,standard,0.4,1.0,0.05,5000,1.0,1.0,6
6,55,1,standard,0.4,1.0,0.05,5000,1.0,1.0,6
6,56,1,standard,0.4,1.0,0.05,5000,1.0,1.0,14
6,57,1,standard,0.4,1.0,0.05,5000,1.0,1.0,6
6,58,1,standard,0.4,1.0,0.05,5000,1.0,1.0,5
6,59,1,standard,0.4,1.0,0.05,5000,1.0,1.0,15
6,60,1,standard,0.4,1.0,0.05,5000,1.0,1.0,8
6,61,1,standard,0.4,1.0,0.05,5000,1.0,1.0,6
6,62,1,standard,0.4,1.0,0.05,5000,1.0,1.0,7
6,63,1,standard,0.4,1.0,0.05,5000,1.0,1.0,14
6,64,1,standard,0.4,1.0,0.05,5000,1.0,1.0,13
6,65,1,standard,0.4,1.0,0.05,5000,1.0,1.0,12
6,66,1,standard,0.4,1.0,0.05,5000,1.0,1.0,6
6,67,1,standard,0.4,1.0,0.05,5000,1.0,1.0,10
6,68,1,standard,0.4,1.0,0.05,5000,1.0,1.0,6
6,69,1,standard,0.4,1.0,0.05,5000,1.0,1.0,6
6,70,1,standard,0.4,1.0,0.05,5000,1.0,1.0,9
6,71,1,standard,0.4,1.0,0.05,5000,1.0,1.0,9
6,72,1,standard,0.4,1.0,0.05,5000,1.0,1.0,15
6,73,1,standard,0.4,1.0,0.05,5000,1.0,1.0,13
6,74,1,standard,0.4,1.0,0.05,5000,1.0,1.0,9
6,75,1,standard,0.4,1.0,0.05,5000,1.0,1.0,13
6,76,1,standard,0.4,1.0,0.05,5000,1.0,1.0,14
6,77,1,standard,0.4,1.0,0.05,5000,1.0,1.0,13
6,78,1,standard,0.4,1.0,0.05,5000,1.0,1.0,7
6,79,1,standard,0.4,1.0,0.05,5000,1.0,1.0,8
6,80,1,standard,0.4,1.0,0.05,5000,1.0,1.0,10
6,81,1,standard,0.4,1.0,0.05,5000,1.0,1.0,10
6,82,1,standard,0.4,1.0,0.05,5000,1.0,1.0,8
6,83,1,standard,0.4,1.0,0.05,5000,1.0,1.0,10
6,84,1,standard,0.4,1.0,0.05,5000,1.0,1.0,11
6,85,1,standard,0.4,1.0,0.05,5000,1.0,1.0,16
6,86,1,standard,0.4,1.0,0.05,5000,1.0,1.0,15
6,87,1,standard,0.4,1.0,0.05,5000,1.0,1.0,8
6,88,1,standard,0.4,1.0,0.05,5000,1.0,1.0,15
6,89,1,standard,0.4,1.0,0.05,5000,1.0,1.0,12
6,90,1,standard,0.4,1.0,0.05,5000,1.0,1.0,13
6,91,1,standard,0.4,1.0,0.05,5000,1.0,1.0,12
6,92,1,standard,0.4,1.0,0.05,5000,1.0,1.0,9
6,93,1,standard,0.4,1.0,0.05,5000,1.0,1.0,9
6,94,1,standard,0.4,1.0,0.05,5000,1.0,1.0,13
6,95,1,standard,0.4,1.0,0.05,5000,1.0,1.0,5
6,96,1,standard,0.4,1.0,0.05,5000,1.0,1.0,8
6,97,1,standard,0.4,1.0,0.05,5000,1.0,1.0,5
6,98,1,standard,0.4,1.0,0.05,5000,1.0,1.0,16
6,99,1,standard,0.4,1.0,0.05,5000,1.0,1.0,7
6,100,1,standard,0.4,1.0,0.05,5000,1.0,1.0,9
6,1,1,standard,0.5,1.0,0.05,5000,1.0,1.0,7
6,2,1,standard,0.5,1.0,0.05,5000,1.0,1.0,13
6,3,1,standard,0.5,1.0,0.05,5000,1.0,1.0,11
6,4,1,standard,0.5,1.0,0.05,5000,1.0,1.0,12
6,5,1,standard,0.5,1.0,0.05,5000,1.0,1.0,4
6,6,1,standard,0.5,1.0,0.05,5000,1.0,1.0,8
6,7,1,standard,0.5,1.0,0.05,5000,1.0,1.0,8
6,8,1,standard,0.5,1.0,0.05,5000,1.0,1.0,10
6,9,1,standard,0.5,1.0,0.05,5000,1.0,1.0,10
6,10,1,standard,0.5,1.0,0.05,5000,1.0,1.0,7
6,11,1,standard,0.5,1.0,0.05,5000,1.0,1.0,7
6,12,1,standard,0.5,1.0,0.05,5000,1.0,1.0,3
6,13,1,standard,0.5,1.0,0.05,5000,1.0,1.0,10
6,14,1,standard,0.5,1.0,0.05,5000,1.0,1.0,8
6,15,1,standard,0.5,1.0,0.05,5000,1.0,1.0,12
6,16,1,standard,0.5,1.0,0.05,5000,1.0,1.0,16
6,17,1,standard,0.5,1.0,0.05,5000,1.0,1.0,11
6,18,1,standard,0.5,1.0,0.05,5000,1.0,1.0,12
6,19,1,standard,0.5,1.0,0.05,5000,1.0,1.0,8
6,20,1,standard,0.5,1.0,0.05,5000,1.0,1.0,7
6,21,1,standard,0.5,1.0,0.05,5000,1.0,1.0,9
6,22,1,standard,0.5,1.0,0.05,5000,1.0,1.0,12
6,23,1,standard,0.5,1.0,0.05,5000,1.0,1.0,16
6,24,1,standard,0.5,1.0,0.05,5000,1.0,1.0,6
6,25,1,standard,0.5,1.0,0.05,5000,1.0,1.0,10
6,26,1,standard,0.5,1.0,0.05,5000,1.0,1.0,5
6,27,1,standard,0.5,1.0,0.05,5000,1.0,1.0,8
6,28,1,standard,0.5,1.0,0.05,5000,1.0,1.0,10
6,29,1,standard,0.5,1.0,0.05,5000,1.0,1.0,5
6,30,1,standard,0.5,1.0,0.05,5000,1.0,1.0,11
6,31,1,standard,0.5,1.0,0.05,5000,1.0,1.0,10
6,32,1,standard,0.5,1.0,0.05,5000,1.0,1.0,6
6,33,1,standard,0.5,1.0,0.05,5000,1.0,1.0,7
6,34,1,standard,0.5,1.0,0.05,5000,1.0,1.0,9
6,35,1,standard,0.5,1.0,0.05,5000,1.0,1.0,13
6,36,1,standard,0.5,1.0,0.05,5000,1.0,1.0,11
6,37,1,standard,0.5,1.0,0.05,5000,1.0,1.0,7
6,38,1,standard,0.5,1.0,0.05,5000,1.0,1.0,7
6,39,1,standard,0.5,1.0,0.05,5000,1.0,1.0,8
6,40,1,standard,0.5,1.0,0.05,5000,1.0,1.0,8
6,41,1,standard,0.5,1.0,0.05,5000,1.0,1.0,11
6,42,1,standard,0.5,1.0,0.05,5000,1.0,1.0,11
6,43,1,standard,0.5,1.0,0.05,5000,1.0,1.0,9
6,44,1,standard,0.5,1.0,0.05,5000,1.0,1.0,12
6,45,1,standard,0.5,1.0,0.05,5000,1.0,1.0,13
6,46,1,standard,0.5,1.0,0.05,5000,1.0,1.0,12
6,47,1,standard,0.5,1.0,0.05,5000,1.0,1.0,10
6,48,1,standard,0.5,1.0,0.05,5000,1.0,1.0,11
6,49,1,standard,0.5,1.0,0.05,5000,1.0,1.0,8
6,50,1,standard,0.5,1.0,0.05,5000,1.0,1.0,7
6,51,1,standard,0.5,1.0,0.05,5000,1.0,1.0,10
6,52,1,standard,0.5,1.0,0.05,5000,1.0,1.0,6
6,53,1,standard,0.5,1.0,0.05,5000,1.0,1.0,8
6,54,1,standard,0.5,1.0,0.05,5000,1.0,1.0,10
6,55,1,standard,0.5,1.0,0.05,5000,1.0,1.0,11
6,56,1,standard,0.5,1.0,0.05,5000,1.0,1.0,7
6,57,1,standard,0.5,1.0,0.05,5000,1.0,1.0,9
6,58,1,standard,0.5,1.0,0.05,5000,1.0,1.0,10
6,59,1,standard,0.5,1.0,0.05,5000,1.0,1.0,7
6,60,1,standard,0.5,1.0,0.05,5000,1.0,1.0,6
6,61,1,standard,0.5,1.0,0.05,5000,1.0,1.0,11
6,62,1,standard,0.5,1.0,0.05,5000,1.0,1.0,8
6,63,1,standard,0.5,1.0,0.05,5000,1.0,1.0,7
6,64,1,standard,0.5,1.0,0.05,5000,1.0,1.0,7
6,65,1,standard,0.5,1.0,0.05,5000,1.0,1.0,6
6,66,1,standard,0.5,1.0,0.05,5000,1.0,1.0,7
6,67,1,standard,0.5,1.0,0.05,5000,1.0,1.0,9
6,68,1,standard,0.5,1.0,0.05,5000,1.0,1.0,6
6,69,1,standard,0.5,1.0,0.05,5000,1.0,1.0,7
6,70,1,standard,0.5,1.0,0.05,5000,1.0,1.0,9
6,71,1,standard,0.5,1.0,0.05,5000,1.0,1.0,11
6,72,1,standard,0.5,1.0,0.05,5000,1.0,1.0,9
6,73,1,standard,0.5,1.0,0.05,5000,1.0,1.0,8
6,74,1,standard,0.5,1.0,0.05,5000,1.0,1.0,9
6,75,1,standard,0.5,1.0,0.05,5000,1.0,1.0,8
6,76,1,standard,0.5,1.0,0.05,5000,1.0,1.0,11
6,77,1,standard,0.5,1.0,0.05,5000,1.0,1.0,8
6,78,1,standard,0.5,1.0,0.05,5000,1.0,1.0,7
6,79,1,standard,0.5,1.0,0.05,5000,1.0,1.0,13
6,80,1,standard,0.5,1.0,0.05,5000,1.0,1.0,16
6,81,1,standard,0.5,1.0,0.05,5000,1.0,1.0,14
6,82,1,standard,0.5,1.0,0.05,5000,1.0,1.0,8
6,83,1,standard,0.5,1.0,0.05,5000,1.0,1.0,9
6,84,1,standard,0.5,1.0,0.05,5000,1.0,1.0,10
6,85,1,standard,0.5,1.0,0.05,5000,1.0,1.0,10
6,86,1,standard,0.5,1.0,0.05,5000,1.0,1.0,11
6,87,1,standard,0.5,1.0,0.05,5000,1.0,1.0,6
6,88,1,standard,0.5,1.0,0.05,5000,1.0,1.0,8
6,89,1,standard,0.5,1.0,0.05,5000,1.0,1.0,5
6,90,1,standard,0.5,1.0,0.05,5000,1.0,1.0,11
6,91,1,standard,0.5,1.0,0.05,5000,1.0,1.0,8
6,92,1,standard,0.5,1.0,0.05,5000,1.0,1.0,6
6,93,1,standard,0.5,1.0,0.05,5000,1.0,1.0,10
6,94,1,standard,0.5,1.0,0.05,5000,1.0,1.0,10
6,95,1,standard,0.5,1.0,0.05,5000,1.0,1.0,6
6,96,1,standard,0.5,1.0,0.05,5000,1.0,1.0,6
6,97,1,standard,0.5,1.0,0.05,5000,1.0,1.0,9
6,98,1,standard,0.5,1.0,0.05,5000,1.0,1.0,10
6,99,1,standard,0.5,1.0,0.05,5000,1.0,1.0,6
6,100,1,standard,0.5,1.0,0.05,5000,1.0,1.0,8
6,1,1,standard,0.6,1.0,0.05,5000,1.0,1.0,13
6,2,1,standard,0.6,1.0,0.05,5000,1.0,1.0,14
6,3,1,standard,0.6,1.0,0.05,5000,1.0,1.0,13
6,4,1,standard,0.6,1.0,0.05,5000,1.0,1.0,8
6,5,1,standard,0.6,1.0,0.05,5000,1.0,1.0,5
6,6,1,standard,0.6,1.0,0.05,5000,1.0,1.0,8
6,7,1,standard,0.6,1.0,0.05,5000,1.0,1.0,15
6,8,1,standard,0.6,1.0,0.05,5000,1.0,1.0,27
6,9,1,standard,0.6,1.0,0.05,5000,1.0,1.0,11
6,10,1,standard,0.6,1.0,0.05,5000,1.0,1.0,31
6,11,1,standard,0.6,1.0,0.05,5000,1.0,1.0,8
6,12,1,standard,0.6,1.0,0.05,5000,1.0,1.0,7
6,13,1,standard,0.6,1.0,0.05,5000,1.0,1.0,8
6,14,1,standard,0.6,1.0,0.05,5000,1.0,1.0,8
6,15,1,standard,0.6,1.0,0.05,5000,1.0,1.0,10
6,16,1,standard,0.6,1.0,0.05,5000,1.0,1.0,8
6,17,1,standard,0.6,1.0,0.05,5000,1.0,1.0,11
6,18,1,standard,0.6,1.0,0.05,5000,1.0,1.0,11
6,19,1,standard,0.6,1.0,0.05,5000,1.0,1.0,7
6,20,1,standard,0.6,1.0,0.05,5000,1.0,1.0,9
6,21,1,standard,0.6,1.0,0.05,5000,1.0,1.0,14
6,22,1,standard,0.6,1.0,0.05,5000,1.0,1.0,7
6,23,1,standard,0.6,1.0,0.05,5000,1.0,1.0,9
6,24,1,standard,0.6,1.0,0.05,5000,1.0,1.0,7
6,25,1,standard,0.6,1.0,0.05,5000,1.0,1.0,9
6,26,1,standard,0.6,1.0,0.05,5000,1.0,1.0,7
6,27,1,standard,0.6,1.0,0.05,5000,1.0,1.0,10
6,28,1,standard,0.6,1.0,0.05,5000,1.0,1.0,8
6,29,1,standard,0.6,1.0,0.05,5000,1.0,1.0,6
6,30,1,standard,0.6,1.0,0.05,5000,1.0,1.0,12
6,31,1,standard,0.6,1.0,0.05,5000,1.0,1.0,9
6,32,1,standard,0.6,1.0,0.05,5000,1.0,1.0,13
6,33,1,standard,0.6,1.0,0.05,5000,1.0,1.0,11
6,34,1,standard,0.6,1.0,0.05,5000,1.0,1.0,12
6,35,1,standard,0.6,1.0,0.05,5000,1.0,1.0,5
6,36,1,standard,0.6,1.0,0.05,5000,1.0,1.0,11
6,37,1,standard,0.6,1.0,0.05,5000,1.0,1.0,9
6,38,1,standard,0.6,1.0,0.05,5000,1.0,1.0,12
6,39,1,standard,0.6,1.0,0.05,5000,1.0,1.0,8
6,40,1,standard,0.6,1.0,0.05,5000,1.0,1.0,18
6,41,1,standard,0.6,1.0,0.05,5000,1.0,1.0,11
6,42,1,standard,0.6,1.0,0.05,5000,1.0,1.0,10
6,43,1,standard,0.6,1.0,0.05,5000,1.0,1.0,7
6,44,1,standard,0.6,1.0,0.05,5000,1.0,1.0,8
6,45,1,standard,0.6,1.0,0.05,5000,1.0,1.0,8
6,46,1,standard,0.6,1.0,0.05,5000,1.0,1.0,7
6,47,1,standard,0.6,1.0,0.05,5000,1.0,1.0,10
6,48,1,standard,0.6,1.0,0.05,5000,1.0,1.0,11
6,49,1,standard,0.6,1.0,0.05,5000,1.0,1.0,7
6,50,1,standard,0.6,1.0,0.05,5000,1.0,1.0,10
6,51,1,standard,0.6,1.0,0.05,5000,1.0,1.0,9
6,52,1,standard,0.6,1.0,0.05,5000,1.0,1.0,7
6,53,1,standard,0.6,1.0,0.05,5000,1.0,1.0,8
6,54,1,standard,0.6,1.0,0.05,5000,1.0,1.0,11
6,55,1,standard,0.6,1.0,0.05,5000,1.0,1.0,8
6,56,1,standard,0.6,1.0,0.05,5000,1.0,1.0,10
6,57,1,standard,0.6,1.0,0.05,5000,1.0,1.0,5
6,58,1,standard,0.6,1.0,0.05,5000,1.0,1.0,5
6,59,1,standard,0.6,1.0,0.05,5000,1.0,1.0,13
6,60,1,standard,0.6,1.0,0.05,5000,1.0,1.0,7
6,61,1,standard,0.6,1.0,0.05,5000,1.0,1.0,7
6,62,1,standard,0.6,1.0,0.05,5000,1.0,1.0,4
6,63,1,standard,0.6,1.0,0.05,5000,1.0,1.0,9
6,64,1,standard,0.6,1.0,0.05,5000,1.0,1.0,12
6,65,1,standard,0.6,1.0,0.05,5000,1.0,1.0,9
6,66,1,standard,0.6,1.0,0.05,5000,1.0,1.0,15
6,67,1,standard,0.6,1.0,0.05,5000,1.0,1.0,7
6,68,1,standard,0.6,1.0,0.05,5000,1.0,1.0,17
6,69,1,standard,0.6,1.0,0.05,5000,1.0,1.0,15
6,70,1,standard,0.6,1.0,0.05,5000,1.0,1.0,8
6,71,1,standard,0.6,1.0,0.05,5000,1.0,1.0,13
6,72,1,standard,0.6,1.0,0.05,5000,1.0,1.0,10
6,73,1,standard,0.6,1.0,0.05,5000,1.0,1.0,13
6,74,1,standard,0.6,1.0,0.05,5000,1.0,1.0,13
6,75,1,standard,0.6,1.0,0.05,5000,1.0,1.0,14
6,76,1,standard,0.6,1.0,0.05,5000,1.0,1.0,8
6,77,1,standard,0.6,1.0,0.05,5000,1.0,1.0,12
6,78,1,standard,0.6,1.0,0.05,5000,1.0,1.0,7
6,79,1,standard,0.6,1.0,0.05,5000,1.0,1.0,9
6,80,1,standard,0.6,1.0,0.05,5000,1.0,1.0,13
6,81,1,standard,0.6,1.0,0.05,5000,1.0,1.0,9
6,82,1,standard,0.6,1.0,0.05,5000,1.0,1.0,9
6,83,1,standard,0.6,1.0,0.05,5000,1.0,1.0,19
6,84,1,standard,0.6,1.0,0.05,5000,1.0,1.0,16
6,85,1,standard,0.6,1.0,0.05,5000,1.0,1.0,9
6,86,1,standard,0.6,1.0,0.05,5000,1.0,1.0,9
6,87,1,standard,0.6,1.0,0.05,5000,1.0,1.0,6
6,88,1,standard,0.6,1.0,0.05,5000,1.0,1.0,5
6,89,1,standard,0.6,1.0,0.05,5000,1.0,1.0,7
6,90,1,standard,0.6,1.0,0.05,5000,1.0,1.0,8
6,91,1,standard,0.6,1.0,0.05,5000,1.0,1.0,7
6,92,1,standard,0.6,1.0,0.05,5000,1.0,1.0,10
6,93,1,standard,0.6,1.0,0.05,5000,1.0,1.0,9
6,94,1,standard,0.6,1.0,0.05,5000,1.0,1.0,8
6,95,1,standard,0.6,1.0,0.05,5000,1.0,1.0,10
6,96,1,standard,0.6,1.0,0.05,5000,1.0,1.0,5
6,97,1,standard,0.6,1.0,0.05,5000,1.0,1.0,8
6,98,1,standard,0.6,1.0,0.05,5000,1.0,1.0,7
6,99,1,standard,0.6,1.0,0.05,5000,1.0,1.0,7
6,100,1,standard,0.6,1.0,0.05,5000,1.0,1.0,8
6,1,1,standard,0.7,1.0,0.05,5000,1.0,1.0,7
6,2,1,standard,0.7,1.0,0.05,5000,1.0,1.0,17
6,3,1,standard,0.7,1.0,0.05,5000,1.0,1.0,39
6,4,1,standard,0.7,1.0,0.05,5000,1.0,1.0,4
6,5,1,standard,0.7,1.0,0.05,5000,1.0,1.0,29
6,6,1,standard,0.7,1.0,0.05,5000,1.0,1.0,19
6,7,1,standard,0.7,1.0,0.05,5000,1.0,1.0,5
6,8,1,standard,0.7,1.0,0.05,5000,1.0,1.0,6
6,9,1,standard,0.7,1.0,0.05,5000,1.0,1.0,11
6,10,1,standard,0.7,1.0,0.05,5000,1.0,1.0,10
6,11,1,standard,0.7,1.0,0.05,5000,1.0,1.0,15
6,12,1,standard,0.7,1.0,0.05,5000,1.0,1.0,14
6,13,1,standard,0.7,1.0,0.05,5000,1.0,1.0,9
6,14,1,standard,0.7,1.0,0.05,5000,1.0,1.0,6
6,15,1,standard,0.7,1.0,0.05,5000,1.0,1.0,18
6,16,1,standard,0.7,1.0,0.05,5000,1.0,1.0,14
6,17,1,standard,0.7,1.0,0.05,5000,1.0,1.0,22
6,18,1,standard,0.7,1.0,0.05,5000,1.0,1.0,22
6,19,1,standard,0.7,1.0,0.05,5000,1.0,1.0,5
6,20,1,standard,0.7,1.0,0.05,5000,1.0,1.0,37
6,21,1,standard,0.7,1.0,0.05,5000,1.0,1.0,20
6,22,1,standard,0.7,1.0,0.05,5000,1.0,1.0,41
6,23,1,standard,0.7,1.0,0.05,5000,1.0,1.0,11
6,24,1,standard,0.7,1.0,0.05,5000,1.0,1.0,10
6,25,1,standard,0.7,1.0,0.05,5000,1.0,1.0,19
6,26,1,standard,0.7,1.0,0.05,5000,1.0,1.0,16
6,27,1,standard,0.7,1.0,0.05,5000,1.0,1.0,6
6,28,1,standard,0.7,1.0,0.05,5000,1.0,1.0,15
6,29,1,standard,0.7,1.0,0.05,5000,1.0,1.0,13
6,30,1,standard,0.7,1.0,0.05,5000,1.0,1.0,8
6,31,1,standard,0.7,1.0,0.05,5000,1.0,1.0,8
6,32,1,standard,0.7,1.0,0.05,5000,1.0,1.0,15
6,33,1,standard,0.7,1.0,0.05,5000,1.0,1.0,13
6,34,1,standard,0.7,1.0,0.05,5000,1.0,1.0,9
6,35,1,standard,0.7,1.0,0.05,5000,1.0,1.0,10
6,36,1,standard,0.7,1.0,0.05,5000,1.0,1.0,20
6,37,1,standard,0.7,1.0,0.05,5000,1.0,1.0,3
6,38,1,standard,0.7,1.0,0.05,5000,1.0,1.0,30
6,39,1,standard,0.7,1.0,0.05,5000,1.0,1.0,20
6,40,1,standard,0.7,1.0,0.05,5000,1.0,1.0,22
6,41,1,standard,0.7,1.0,0.05,5000,1.0,1.0,6
6,42,1,standard,0.7,1.0,0.05,5000,1.0,1.0,12
6,43,1,standard,0.7,1.0,0.05,5000,1.0,1.0,13
6,44,1,standard,0.7,1.0,0.05,5000,1.0,1.0,7
6,45,1,standard,0.7,1.0,0.05,5000,1.0,1.0,4
6,46,1,standard,0.7,1.0,0.05,5000,1.0,1.0,33
6,47,1,standard,0.7,1.0,0.05,5000,1.0,1.0,3
6,48,1,standard,0.7,1.0,0.05,5000,1.0,1.0,21
6,49,1,standard,0.7,1.0,0.05,5000,1.0,1.0,16
6,50,1,standard,0.7,1.0,0.05,5000,1.0,1.0,15
6,51,1,standard,0.7,1.0,0.05,5000,1.0,1.0,13
6,52,1,standard,0.7,1.0,0.05,5000,1.0,1.0,26
6,53,1,standard,0.7,1.0,0.05,5000,1.0,1.0,36
6,54,1,standard,0.7,1.0,0.05,5000,1.0,1.0,10
6,55,1,standard,0.7,1.0,0.05,5000,1.0,1.0,4
6,56,1,standard,0.7,1.0,0.05,5000,1.0,1.0,5
6,57,1,standard,0.7,1.0,0.05,5000,1.0,1.0,10
6,58,1,standard,0.7,1.0,0.05,5000,1.0,1.0,16
6,59,1,standard,0.7,1.0,0.05,5000,1.0,1.0,17
6,60,1,standard,0.7,1.0,0.05,5000,1.0,1.0,7
6,61,1,standard,0.7,1.0,0.05,5000,1.0,1.0,24
6,62,1,standard,0.7,1.0,0.05,5000,1.0,1.0,5
6,63,1,standard,0.7,1.0,0.05,5000,1.0,1.0,7
6,64,1,standard,0.7,1.0,0.05,5000,1.0,1.0,9
6,65,1,standard,0.7,1.0,0.05,5000,1.0,1.0,15
6,66,1,standard,0.7,1.0,0.05,5000,1.0,1.0,34
6,67,1,standard,0.7,1.0,0.05,5000,1.0,1.0,10
6,68,1,standard,0.7,1.0,0.05,5000,1.0,1.0,21
6,69,1,standard,0.7,1.0,0.05,5000,1.0,1.0,10
6,70,1,standard,0.7,1.0,0.05,5000,1.0,1.0,29
6,71,1,standard,0.7,1.0,0.05,5000,1.0,1.0,10
6,72,1,standard,0.7,1.0,0.05,5000,1.0,1.0,10
6,73,1,standard,0.7,1.0,0.05,5000,1.0,1.0,6
6,74,1,standard,0.7,1.0,0.05,5000,1.0,1.0,20
6,75,1,standard,0.7,1.0,0.05,5000,1.0,1.0,12
6,76,1,standard,0.7,1.0,0.05,5000,1.0,1.0,13
6,77,1,standard,0.7,1.0,0.05,5000,1.0,1.0,19
6,78,1,standard,0.7,1.0,0.05,5000,1.0,1.0,5
6,79,1,standard,0.7,1.0,0.05,5000,1.0,1.0,8
6,80,1,standard,0.7,1.0,0.05,5000,1.0,1.0,6
6,81,1,standard,0.7,1.0,0.05,5000,1.0,1.0,9
6,82,1,standard,0.7,1.0,0.05,5000,1.0,1.0,10
6,83,1,standard,0.7,1.0,0.05,5000,1.0,1.0,23
6,84,1,standard,0.7,1.0,0.05,5000,1.0,1.0,11
6,85,1,standard,0.7,1.0,0.05,5000,1.0,1.0,10
6,86,1,standard,0.7,1.0,0.05,5000,1.0,1.0,10
6,87,1,standard,0.7,1.0,0.05,5000,1.0,1.0,7
6,88,1,standard,0.7,1.0,0.05,5000,1.0,1.0,9
6,89,1,standard,0.7,1.0,0.05,5000,1.0,1.0,11
6,90,1,standard,0.7,1.0,0.05,5000,1.0,1.0,47
6,91,1,standard,0.7,1.0,0.05,5000,1.0,1.0,5
6,92,1,standard,0.7,1.0,0.05,5000,1.0,1.0,10
6,93,1,standard,0.7,1.0,0.05,5000,1.0,1.0,18
6,94,1,standard,0.7,1.0,0.05,5000,1.0,1.0,27
6,95,1,standard,0.7,1.0,0.05,5000,1.0,1.0,42
6,96,1,standard,0.7,1.0,0.05,5000,1.0,1.0,14
6,97,1,standard,0.7,1.0,0.05,5000,1.0,1.0,8
6,98,1,standard,0.7,1.0,0.05,5000,1.0,1.0,21
6,99,1,standard,0.7,1.0,0.05,5000,1.0,1.0,16
6,100,1,standard,0.7,1.0,0.05,5000,1.0,1.0,13
6,1,1,standard,0.8,1.0,0.05,5000,1.0,1.0,73
6,2,1,standard,0.8,1.0,0.05,5000,1.0,1.0,19
6,3,1,standard,0.8,1.0,0.05,5000,1.0,1.0,29
6,4,1,standard,0.8,1.0,0.05,5000,1.0,1.0,58
6,5,1,standard,0.8,1.0,0.05,5000,1.0,1.0,75
6,6,1,standard,0.8,1.0,0.05,5000,1.0,1.0,5
6,7,1,standard,0.8,1.0,0.05,5000,1.0,1.0,77
6,8,1,standard,0.8,1.0,0.05,5000,1.0,1.0,27
6,9,1,standard,0.8,1.0,0.05,5000,1.0,1.0,19
6,10,1,standard,0.8,1.0,0.05,5000,1.0,1.0,56
6,11,1,standard,0.8,1.0,0.05,5000,1.0,1.0,30
6,12,1,standard,0.8,1.0,0.05,5000,1.0,1.0,40
6,13,1,standard,0.8,1.0,0.05,5000,1.0,1.0,83
6,14,1,standard,0.8,1.0,0.05,5000,1.0,1.0,14
6,15,1,standard,0.8,1.0,0.05,5000,1.0,1.0,98
6,16,1,standard,0.8,1.0,0.05,5000,1.0,1.0,24
6,17,1,standard,0.8,1.0,0.05,5000,1.0,1.0,24
6,18,1,standard,0.8,1.0,0.05,5000,1.0,1.0,7
6,19,1,standard,0.8,1.0,0.05,5000,1.0,1.0,42
6,20,1,standard,0.8,1.0,0.05,5000,1.0,1.0,74
6,21,1,standard,0.8,1.0,0.05,5000,1.0,1.0,6
6,22,1,standard,0.8,1.0,0.05,5000,1.0,1.0,72
6,23,1,standard,0.8,1.0,0.05,5000,1.0,1.0,64
6,24,1,standard,0.8,1.0,0.05,5000,1.0,1.0,5
6,25,1,standard,0.8,1.0,0.05,5000,1.0,1.0,49
6,26,1,standard,0.8,1.0,0.05,5000,1.0,1.0,34
6,27,1,standard,0.8,1.0,0.05,5000,1.0,1.0,20
6,28,1,standard,0.8,1.0,0.05,5000,1.0,1.0,28
6,29,1,standard,0.8,1.0,0.05,5000,1.0,1.0,105
6,30,1,standard,0.8,1.0,0.05,5000,1.0,1.0,9
6,31,1,standard,0.8,1.0,0.05,5000,1.0,1.0,14
6,32,1,standard,0.8,1.0,0.05,5000,1.0,1.0,4
6,33,1,standard,0.8,1.0,0.05,5000,1.0,1.0,52
6,34,1,standard,0.8,1.0,0.05,5000,1.0,1.0,28
6,35,1,standard,0.8,1.0,0.05,5000,1.0,1.0,129
6,36,1,standard,0.8,1.0,0.05,5000,1.0,1.0,21
6,37,1,standard,0.8,1.0,0.05,5000,1.0,1.0,26
6,38,1,standard,0.8,1.0,0.05,5000,1.0,1.0,44
6,39,1,standard,0.8,1.0,0.05,5000,1.0,1.0,83
6,40,1,standard,0.8,1.0,0.05,5000,1.0,1.0,74
6,41,1,standard,0.8,1.0,0.05,5000,1.0,1.0,18
6,42,1,standard,0.8,1.0,0.05,5000,1.0,1.0,21
6,43,1,standard,0.8,1.0,0.05,5000,1.0,1.0,55
6,44,1,standard,0.8,1.0,0.05,5000,1.0,1.0,67
6,45,1,standard,0.8,1.0,0.05,5000,1.0,1.0,56
6,46,1,standard,0.8,1.0,0.05,5000,1.0,1.0,26
6,47,1,standard,0.8,1.0,0.05,5000,1.0,1.0,53
6,48,1,standard,0.8,1.0,0.05,5000,1.0,1.0,43
6,49,1,standard,0.8,1.0,0.05,5000,1.0,1.0,16
6,50,1,standard,0.8,1.0,0.05,5000,1.0,1.0,18
6,51,1,standard,0.8,1.0,0.05,5000,1.0,1.0,35
6,52,1,standard,0.8,1.0,0.05,5000,1.0,1.0,55
6,53,1,standard,0.8,1.0,0.05,5000,1.0,1.0,9
6,54,1,standard,0.8,1.0,0.05,5000,1.0,1.0,63
6,55,1,standard,0.8,1.0,0.05,5000,1.0,1.0,18
6,56,1,standard,0.8,1.0,0.05,5000,1.0,1.0,46
6,57,1,standard,0.8,1.0,0.05,5000,1.0,1.0,7
6,58,1,standard,0.8,1.0,0.05,5000,1.0,1.0,12
6,59,1,standard,0.8,1.0,0.05,5000,1.0,1.0,7
6,60,1,standard,0.8,1.0,0.05,5000,1.0,1.0,45
6,61,1,standard,0.8,1.0,0.05,5000,1.0,1.0,4
6,62,1,standard,0.8,1.0,0.05,5000,1.0,1.0,70
6,63,1,standard,0.8,1.0,0.05,5000,1.0,1.0,87
6,64,1,standard,0.8,1.0,0.05,5000,1.0,1.0,19
6,65,1,standard,0.8,1.0,0.05,5000,1.0,1.0,28
6,66,1,standard,0.8,1.0,0.05,5000,1.0,1.0,36
6,67,1,standard,0.8,1.0,0.05,5000,1.0,1.0,8
6,68,1,standard,0.8,1.0,0.05,5000,1.0,1.0,25
6,69,1,standard,0.8,1.0,0.05,5000,1.0,1.0,11
6,70,1,standard,0.8,1.0,0.05,5000,1.0,1.0,13
6,71,1,standard,0.8,1.0,0.05,5000,1.0,1.0,22
6,72,1,standard,0.8,1.0,0.05,5000,1.0,1.0,24
6,73,1,standard,0.8,1.0,0.05,5000,1.0,1.0,66
6,74,1,standard,0.8,1.0,0.05,5000,1.0,1.0,14
6,75,1,standard,0.8,1.0,0.05,5000,1.0,1.0,10
6,76,1,standard,0.8,1.0,0.05,5000,1.0,1.0,24
6,77,1,standard,0.8,1.0,0.05,5000,1.0,1.0,8
6,78,1,standard,0.8,1.0,0.05,5000,1.0,1.0,11
6,79,1,standard,0.8,1.0,0.05,5000,1.0,1.0,13
6,80,1,standard,0.8,1.0,0.05,5000,1.0,1.0,13
6,81,1,standard,0.8,1.0,0.05,5000,1.0,1.0,5
6,82,1,standard,0.8,1.0,0.05,5000,1.0,1.0,5
6,83,1,standard,0.8,1.0,0.05,5000,1.0,1.0,68
6,84,1,standard,0.8,1.0,0.05,5000,1.0,1.0,45
6,85,1,standard,0.8,1.0,0.05,5000,1.0,1.0,88
6,86,1,standard,0.8,1.0,0.05,5000,1.0,1.0,8
6,87,1,standard,0.8,1.0,0.05,5000,1.0,1.0,15
6,88,1,standard,0.8,1.0,0.05,5000,1.0,1.0,9
6,89,1,standard,0.8,1.0,0.05,5000,1.0,1.0,20
6,90,1,standard,0.8,1.0,0.05,5000,1.0,1.0,62
6,91,1,standard,0.8,1.0,0.05,5000,1.0,1.0,25
6,92,1,standard,0.8,1.0,0.05,5000,1.0,1.0,19
6,93,1,standard,0.8,1.0,0.05,5000,1.0,1.0,76
6,94,1,standard,0.8,1.0,0.05,5000,1.0,1.0,15
6,95,1,standard,0.8,1.0,0.05,5000,1.0,1.0,43
6,96,1,standard,0.8,1.0,0.05,5000,1.0,1.0,41
6,97,1,standard,0.8,1.0,0.05,5000,1.0,1.0,41
6,98,1,standard,0.8,1.0,0.05,5000,1.0,1.0,10
6,99,1,standard,0.8,1.0,0.05,5000,1.0,1.0,69
6,100,1,standard,0.8,1.0,0.05,5000,1.0,1.0,27
6,1,1,standard,0.9,1.0,0.05,5000,1.0,1.0,464
6,2,1,standard,0.9,1.0,0.05,5000,1.0,1.0,924
6,3,1,standard,0.9,1.0,0.05,5000,1.0,1.0,176
6,4,1,standard,0.9,1.0,0.05,5000,1.0,1.0,53
6,5,1,standard,0.9,1.0,0.05,5000,1.0,1.0,248
6,6,1,standard,0.9,1.0,0.05,5000,1.0,1.0,16
6,7,1,standard,0.9,1.0,0.05,5000,1.0,1.0,9
6,8,1,standard,0.9,1.0,0.05,5000,1.0,1.0,189
6,9,1,standard,0.9,1.0,0.05,5000,1.0,1.0,247
6,10,1,standard,0.9,1.0,0.05,5000,1.0,1.0,35
6,11,1,standard,0.9,1.0,0.05,5000,1.0,1.0,163
6,12,1,standard,0.9,1.0,0.05,5000,1.0,1.0,144
6,13,1,standard,0.9,1.0,0.05,5000,1.0,1.0,144
6,14,1,standard,0.9,1.0,0.05,5000,1.0,1.0,1034
6,15,1,standard,0.9,1.0,0.05,5000,1.0,1.0,300
6,16,1,standard,0.9,1.0,0.05,5000,1.0,1.0,155
6,17,1,standard,0.9,1.0,0.05,5000,1.0,1.0,104
6,18,1,standard,0.9,1.0,0.05,5000,1.0,1.0,589
6,19,1,standard,0.9,1.0,0.05,5000,1.0,1.0,32
6,20,1,standard,0.9,1.0,0.05,5000,1.0,1.0,21
6,21,1,standard,0.9,1.0,0.05,5000,1.0,1.0,16
6,22,1,standard,0.9,1.0,0.05,5000,1.0,1.0,50
6,23,1,standard,0.9,1.0,0.05,5000,1.0,1.0,45
6,24,1,standard,0.9,1.0,0.05,5000,1.0,1.0,494
6,25,1,standard,0.9,1.0,0.05,5000,1.0,1.0,33
6,26,1,standard,0.9,1.0,0.05,5000,1.0,1.0,225
6,27,1,standard,0.9,1.0,0.05,5000,1.0,1.0,92
6,28,1,standard,0.9,1.0,0.05,5000,1.0,1.0,264
6,29,1,standard,0.9,1.0,0.05,5000,1.0,1.0,42
6,30,1,standard,0.9,1.0,0.05,5000,1.0,1.0,258
6,31,1,standard,0.9,1.0,0.05,5000,1.0,1.0,269
6,32,1,standard,0.9,1.0,0.05,5000,1.0,1.0,52
6,33,1,standard,0.9,1.0,0.05,5000,1.0,1.0,778
6,34,1,standard,0.9,1.0,0.05,5000,1.0,1.0,213
6,35,1,standard,0.9,1.0,0.05,5000,1.0,1.0,257
6,36,1,standard,0.9,1.0,0.05,5000,1.0,1.0,15
6,37,1,standard,0.9,1.0,0.05,5000,1.0,1.0,36
6,38,1,standard,0.9,1.0,0.05,5000,1.0,1.0,72
6,39,1,standard,0.9,1.0,0.05,5000,1.0,1.0,50
6,40,1,standard,0.9,1.0,0.05,5000,1.0,1.0,202
6,41,1,standard,0.9,1.0,0.05,5000,1.0,1.0,34
6,42,1,standard,0.9,1.0,0.05,5000,1.0,1.0,332
6,43,1,standard,0.9,1.0,0.05,5000,1.0,1.0,624
6,44,1,standard,0.9,1.0,0.05,5000,1.0,1.0,358
6,45,1,standard,0.9,1.0,0.05,5000,1.0,1.0,48
6,46,1,standard,0.9,1.0,0.05,5000,1.0,1.0,354
6,47,1,standard,0.9,1.0,0.05,5000,1.0,1.0,96
6,48,1,standard,0.9,1.0,0.05,5000,1.0,1.0,3
6,49,1,standard,0.9,1.0,0.05,5000,1.0,1.0,1015
6,50,1,standard,0.9,1.0,0.05,5000,1.0,1.0,112
6,51,1,standard,0.9,1.0,0.05,5000,1.0,1.0,93
6,52,1,standard,0.9,1.0,0.05,5000,1.0,1.0,37
6,53,1,standard,0.9,1.0,0.05,5000,1.0,1.0,270
6,54,1,standard,0.9,1.0,0.05,5000,1.0,1.0,192
6,55,1,standard,0.9,1.0,0.05,5000,1.0,1.0,51
6,56,1,standard,0.9,1.0,0.05,5000,1.0,1.0,795
6,57,1,standard,0.9,1.0,0.05,5000,1.0,1.0,172
6,58,1,standard,0.9,1.0,0.05,5000,1.0,1.0,234
6,59,1,standard,0.9,1.0,0.05,5000,1.0,1.0,739
6,60,1,standard,0.9,1.0,0.05,5000,1.0,1.0,192
6,61,1,standard,0.9,1.0,0.05,5000,1.0,1.0,543
6,62,1,standard,0.9,1.0,0.05,5000,1.0,1.0,3
6,63,1,standard,0.9,1.0,0.05,5000,1.0,1.0,259
6,64,1,standard,0.9,1.0,0.05,5000,1.0,1.0,119
6,65,1,standard,0.9,1.0,0.05,5000,1.0,1.0,43
6,66,1,standard,0.9,1.0,0.05,5000,1.0,1.0,124
6,67,1,standard,0.9,1.0,0.05,5000,1.0,1.0,192
6,68,1,standard,0.9,1.0,0.05,5000,1.0,1.0,106
6,69,1,standard,0.9,1.0,0.05,5000,1.0,1.0,267
6,70,1,standard,0.9,1.0,0.05,5000,1.0,1.0,218
6,71,1,standard,0.9,1.0,0.05,5000,1.0,1.0,133
6,72,1,standard,0.9,1.0,0.05,5000,1.0,1.0,110
6,73,1,standard,0.9,1.0,0.05,5000,1.0,1.0,311
6,74,1,standard,0.9,1.0,0.05,5000,1.0,1.0,6
6,75,1,standard,0.9,1.0,0.05,5000,1.0,1.0,204
6,76,1,standard,0.9,1.0,0.05,5000,1.0,1.0,334
6,77,1,standard,0.9,1.0,0.05,5000,1.0,1.0,240
6,78,1,standard,0.9,1.0,0.05,5000,1.0,1.0,81
6,79,1,standard,0.9,1.0,0.05,5000,1.0,1.0,119
6,80,1,standard,0.9,1.0,0.05,5000,1.0,1.0,91
6,81,1,standard,0.9,1.0,0.05,5000,1.0,1.0,308
6,82,1,standard,0.9,1.0,0.05,5000,1.0,1.0,155
6,83,1,standard,0.9,1.0,0.05,5000,1.0,1.0,221
6,84,1,standard,0.9,1.0,0.05,5000,1.0,1.0,125
6,85,1,standard,0.9,1.0,0.05,5000,1.0,1.0,212
6,86,1,standard,0.9,1.0,0.05,5000,1.0,1.0,115
6,87,1,standard,0.9,1.0,0.05,5000,1.0,1.0,347
6,88,1,standard,0.9,1.0,0.05,5000,1.0,1.0,81
6,89,1,standard,0.9,1.0,0.05,5000,1.0,1.0,137
6,90,1,standard,0.9,1.0,0.05,5000,1.0,1.0,170
6,91,1,standard,0.9,1.0,0.05,5000,1.0,1.0,16
6,92,1,standard,0.9,1.0,0.05,5000,1.0,1.0,617
6,93,1,standard,0.9,1.0,0.05,5000,1.0,1.0,22
6,94,1,standard,0.9,1.0,0.05,5000,1.0,1.0,483
6,95,1,standard,0.9,1.0,0.05,5000,1.0,1.0,26
6,96,1,standard,0.9,1.0,0.05,5000,1.0,1.0,765
6,97,1,standard,0.9,1.0,0.05,5000,1.0,1.0,38
6,98,1,standard,0.9,1.0,0.05,5000,1.0,1.0,131
6,99,1,standard,0.9,1.0,0.05,5000,1.0,1.0,29
6,100,1,standard,0.9,1.0,0.05,5000,1.0,1.0,291
6,1,1,standard,1.0,1.0,0.05,5000,1.0,1.0,
6,2,1,standard,1.0,1.0,0.05,5000,1.0,1.0,
6,3,1,standard,1.0,1.0,0.05,5000,1.0,1.0,
6,4,1,standard,1.0,1.0,0.05,5000,1.0,1.0,
6,5,1,standard,1.0,1.0,0.05,5000,1.0,1.0,
6,6,1,standard,1.0,1.0,0.05,5000,1.0,1.0,
6,7,1,standard,1.0,1.0,0.05,5000,1.0,1.0,
6,8,1,standard,1.0,1.0,0.05,5000,1.0,1.0,
6,9,1,standard,1.0,1.0,0.05,5000,1.0,1.0,
6,10,1,standard,1.0,1.0,0.05,5000,1.0,1.0,
6,11,1,standard,1.0,1.0,0.05,5000,1.0,1.0,
6,12,1,standard,1.0,1.0,0.05,5000,1.0,1.0,
6,13,1,standard,1.0,1.0,0.05,5000,1.0,1.0,
6,14,1,standard,1.0,1.0,0.05,5000,1.0,1.0,
6,15,1,standard,1.0,1.0,0.05,5000,1.0,1.0,
6,16,1,standard,1.0,1.0,0.05,5000,1.0,1.0,
6,17,1,standard,1.0,1.0,0.05,5000,1.0,1.0,
6,18,1,standard,1.0,1.0,0.05,5000,1.0,1.0,
6,19,1,standard,1.0,1.0,0.05,5000,1.0,1.0,
6,20,1,standard,1.0,1.0,0.05,5000,1.0,1.0,
6,21,1,standard,1.0,1.0,0.05,5000,1.0,1.0,
6,22,1,standard,1.0,1.0,0.05,5000,1.0,1.0,
6,23,1,standard,1.0,1.0,0.05,5000,1.0,1.0,
6,24,1,standard,1.0,1.0,0.05,5000,1.0,1.0,
6,25,1,standard,1.0,1.0,0.05,5000,1.0,1.0,
6,26,1,standard,1.0,1.0,0.05,5000,1.0,1.0,
6,27,1,standard,1.0,1.0,0.05,5000,1.0,1.0,
6,28,1,standard,1.0,1.0,0.05,5000,1.0,1.0,
6,29,1,standard,1.0,1.0,0.05,5000,1.0,1.0,
6,30,1,standard,1.0,1.0,0.05,5000,1.0,1.0,
6,31,1,standard,1.0,1.0,0.05,5000,1.0,1.0,
6,32,1,standard,1.0,1.0,0.05,5000,1.0,1.0,
6,33,1,standard,1.0,1.0,0.05,5000,1.0,1.0,
6,34,1,standard,1.0,1.0,0.05,5000,1.0,1.0,
6,35,1,standard,1.0,1.0,0.05,5000,1.0,1.0,
6,36,1,standard,1.0,1.0,0.05,5000,1.0,1.0,
6,37,1,standard,1.0,1.0,0.05,5000,1.0,1.0,
6,38,1,standard,1.0,1.0,0.05,5000,1.0,1.0,
6,39,1,standard,1.0,1.0,0.05,5000,1.0,1.0,
6,40,1,standard,1.0,1.0,0.05,5000,1.0,1.0,
6,41,1,standard,1.0,1.0,0.05,5000,1.0,1.0,
6,42,1,standard,1.0,1.0,0.05,5000,1.0,1.0,
6,43,1,standard,1.0,1.0,0.05,5000,1.0,1.0,
6,44,1,standard,1.0,1.0,0.05,5000,1.0,1.0,
6,45,1,standard,1.0,1.0,0.05,5000,1.0,1.0,
6,46,1,standard,1.0,1.0,0.05,5000,1.0,1.0,
6,47,1,standard,1.0,1.0,0.05,5000,1.0,1.0,
6,48,1,standard,1.0,1.0,0.05,5000,1.0,1.0,
6,49,1,standard,1.0,1.0,0.05,5000,1.0,1.0,
6,50,1,standard,1.0,1.0,0.05,5000,1.0,1.0,
6,51,1,standard,1.0,1.0,0.05,5000,1.0,1.0,
6,52,1,standard,1.0,1.0,0.05,5000,1.0,1.0,
6,53,1,standard,1.0,1.0,0.05,5000,1.0,1.0,
6,54,1,standard,1.0,1.0,0.05,5000,1.0,1.0,
6,55,1,standard,1.0,1.0,0.05,5000,1.0,1.0,
6,56,1,standard,1.0,1.0,0.05,5000,1.0,1.0,
6,57,1,standard,1.0,1.0,0.05,5000,1.0,1.0,
6,58,1,standard,1.0,1.0,0.05,5000,1.0,1.0,
6,59,1,standard,1.0,1.0,0.05,5000,1.0,1.0,
6,60,1,standard,1.0,1.0,0.05,5000,1.0,1.0,
6,61,1,standard,1.0,1.0,0.05,5000,1.0,1.0,
6,62,1,standard,1.0,1.0,0.05,5000,1.0,1.0,
6,63,1,standard,1.0,1.0,0.05,5000,1.0,1.0,
6,64,1,standard,1.0,1.0,0.05,5000,1.0,1.0,
6,65,1,standard,1.0,1.0,0.05,5000,1.0,1.0,
6,66,1,standard,1.0,1.0,0.05,5000,1.0,1.0,
6,67,1,standard,1.0,1.0,0.05,5000,1.0,1.0,
6,68,1,standard,1.0,1.0,0.05,5000,1.0,1.0,
6,69,1,standard,1.0,1.0,0.05,5000,1.0,1.0,
6,70,1,standard,1.0,1.0,0.05,5000,1.0,1.0,
6,71,1,standard,1.0,1.0,0.05,5000,1.0,1.0,
6,72,1,standard,1.0,1.0,0.05,5000,1.0,1.0,
6,73,1,standard,1.0,1.0,0.05,5000,1.0,1.0,
6,74,1,standard,1.0,1.0,0.05,5000,1.0,1.0,
6,75,1,standard,1.0,1.0,0.05,5000,1.0,1.0,
6,76,1,standard,1.0,1.0,0.05,5000,1.0,1.0,
6,77,1,standard,1.0,1.0,0.05,5000,1.0,1.0,
6,78,1,standard,1.0,1.0,0.05,5000,1.0,1.0,
6,79,1,standard,1.0,1.0,0.05,5000,1.0,1.0,
6,80,1,standard,1.0,1.0,0.05,5000,1.0,1.0,
6,81,1,standard,1.0,1.0,0.05,5000,1.0,1.0,
6,82,1,standard,1.0,1.0,0.05,5000,1.0,1.0,
6,83,1,standard,1.0,1.0,0.05,5000,1.0,1.0,
6,84,1,standard,1.0,1.0,0.05,5000,1.0,1.0,
6,85,1,standard,1.0,1.0,0.05,5000,1.0,1.0,
6,86,1,standard,1.0,1.0,0.05,5000,1.0,1.0,
6,87,1,standard,1.0,1.0,0.05,5000,1.0,1.0,
6,88,1,standard,1.0,1.0,0.05,5000,1.0,1.0,
6,89,1,standard,1.0,1.0,0.05,5000,1.0,1.0,
6,90,1,standard,1.0,1.0,0.05,5000,1.0,1.0,
6,91,1,standard,1.0,1.0,0.05,5000,1.0,1.0,
6,92,1,standard,1.0,1.0,0.05,5000,1.0,1.0,
6,93,1,standard,1.0,1.0,0.05,5000,1.0,1.0,
6,94,1,standard,1.0,1.0,0.05,5000,1.0,1.0,
6,95,1,standard,1.0,1.0,0.05,5000,1.0,1.0,
6,96,1,standard,1.0,1.0,0.05,5000,1.0,1.0,
6,97,1,standard,1.0,1.0,0.05,5000,1.0,1.0,
6,98,1,standard,1.0,1.0,0.05,5000,1.0,1.0,
6,99,1,standard,1.0,1.0,0.05,5000,1.0,1.0,
6,100,1,standard,1.0,1.0,0.05,5000,1.0,1.0,
7,1,1,standard,0.1,1.0,0.05,5000,1.0,1.0,22
7,2,1,standard,0.1,1.0,0.05,5000,1.0,1.0,23
7,3,1,standard,0.1,1.0,0.05,5000,1.0,1.0,27
7,4,1,standard,0.1,1.0,0.05,5000,1.0,1.0,49
7,5,1,standard,0.1,1.0,0.05,5000,1.0,1.0,26
7,6,1,standard,0.1,1.0,0.05,5000,1.0,1.0,41
7,7,1,standard,0.1,1.0,0.05,5000,1.0,1.0,42
7,8,1,standard,0.1,1.0,0.05,5000,1.0,1.0,38
7,9,1,standard,0.1,1.0,0.05,5000,1.0,1.0,24
7,10,1,standard,0.1,1.0,0.05,5000,1.0,1.0,50
7,11,1,standard,0.1,1.0,0.05,5000,1.0,1.0,52
7,12,1,standard,0.1,1.0,0.05,5000,1.0,1.0,17
7,13,1,standard,0.1,1.0,0.05,5000,1.0,1.0,45
7,14,1,standard,0.1,1.0,0.05,5000,1.0,1.0,49
7,15,1,standard,0.1,1.0,0.05,5000,1.0,1.0,41
7,16,1,standard,0.1,1.0,0.05,5000,1.0,1.0,27
7,17,1,standard,0.1,1.0,0.05,5000,1.0,1.0,42
7,18,1,standard,0.1,1.0,0.05,5000,1.0,1.0,26
7,19,1,standard,0.1,1.0,0.05,5000,1.0,1.0,26
7,20,1,standard,0.1,1.0,0.05,5000,1.0,1.0,28
7,21,1,standard,0.1,1.0,0.05,5000,1.0,1.0,51
7,22,1,standard,0.1,1.0,0.05,5000,1.0,1.0,31
7,23,1,standard,0.1,1.0,0.05,5000,1.0,1.0,19
7,24,1,standard,0.1,1.0,0.05,5000,1.0,1.0,31
7,25,1,standard,0.1,1.0,0.05,5000,1.0,1.0,30
7,26,1,standard,0.1,1.0,0.05,5000,1.0,1.0,27
7,27,1,standard,0.1,1.0,0.05,5000,1.0,1.0,36
7,28,1,standard,0.1,1.0,0.05,5000,1.0,1.0,27
7,29,1,standard,0.1,1.0,0.05,5000,1.0,1.0,27
7,30,1,standard,0.1,1.0,0.05,5000,1.0,1.0,27
7,31,1,standard,0.1,1.0,0.05,5000,1.0,1.0,38
7,32,1,standard,0.1,1.0,0.05,5000,1.0,1.0,44
7,33,1,standard,0.1,1.0,0.05,5000,1.0,1.0,29
7,34,1,standard,0.1,1.0,0.05,5000,1.0,1.0,20
7,35,1,standard,0.1,1.0,0.05,5000,1.0,1.0,43
7,36,1,standard,0.1,1.0,0.05,5000,1.0,1.0,44
7,37,1,standard,0.1,1.0,0.05,5000,1.0,1.0,24
7,38,1,standard,0.1,1.0,0.05,5000,1.0,1.0,22
7,39,1,standard,0.1,1.0,0.05,5000,1.0,1.0,41
7,40,1,standard,0.1,1.0,0.05,5000,1.0,1.0,30
7,41,1,standard,0.1,1.0,0.05,5000,1.0,1.0,19
7,42,1,standard,0.1,1.0,0.05,5000,1.0,1.0,33
7,43,1,standard,0.1,1.0,0.05,5000,1.0,1.0,19
7,44,1,standard,0.1,1.0,0.05,5000,1.0,1.0,34
7,45,1,standard,0.1,1.0,0.05,5000,1.0,1.0,48
7,46,1,standard,0.1,1.0,0.05,5000,1.0,1.0,46
7,47,1,standard,0.1,1.0,0.05,5000,1.0,1.0,34
7,48,1,standard,0.1,1.0,0.05,5000,1.0,1.0,34
7,49,1,standard,0.1,1.0,0.05,5000,1.0,1.0,60
7,50,1,standard,0.1,1.0,0.05,5000,1.0,1.0,39
7,51,1,standard,0.1,1.0,0.05,5000,1.0,1.0,36
7,52,1,standard,0.1,1.0,0.05,5000,1.0,1.0,8
7,53,1,standard,0.1,1.0,0.05,5000,1.0,1.0,26
7,54,1,standard,0.1,1.0,0.05,5000,1.0,1.0,24
7,55,1,standard,0.1,1.0,0.05,5000,1.0,1.0,36
7,56,1,standard,0.1,1.0,0.05,5000,1.0,1.0,19
7,57,1,standard,0.1,1.0,0.05,5000,1.0,1.0,34
7,58,1,standard,0.1,1.0,0.05,5000,1.0,1.0,44
7,59,1,standard,0.1,1.0,0.05,5000,1.0,1.0,23
7,60,1,standard,0.1,1.0,0.05,5000,1.0,1.0,38
7,61,1,standard,0.1,1.0,0.05,5000,1.0,1.0,32
7,62,1,standard,0.1,1.0,0.05,5000,1.0,1.0,36
7,63,1,standard,0.1,1.0,0.05,5000,1.0,1.0,63
7,64,1,standard,0.1,1.0,0.05,5000,1.0,1.0,35
7,65,1,standard,0.1,1.0,0.05,5000,1.0,1.0,34
7,66,1,standard,0.1,1.0,0.05,5000,1.0,1.0,36
7,67,1,standard,0.1,1.0,0.05,5000,1.0,1.0,16
7,68,1,standard,0.1,1.0,0.05,5000,1.0,1.0,24
7,69,1,standard,0.1,1.0,0.05,5000,1.0,1.0,47
7,70,1,standard,0.1,1.0,0.05,5000,1.0,1.0,43
7,71,1,standard,0.1,1.0,0.05,5000,1.0,1.0,35
7,72,1,standard,0.1,1.0,0.05,5000,1.0,1.0,28
7,73,1,standard,0.1,1.0,0.05,5000,1.0,1.0,39
7,74,1,standard,0.1,1.0,0.05,5000,1.0,1.0,25
7,75,1,standard,0.1,1.0,0.05,5000,1.0,1.0,32
7,76,1,standard,0.1,1.0,0.05,5000,1.0,1.0,25
7,77,1,standard,0.1,1.0,0.05,5000,1.0,1.0,46
7,78,1,standard,0.1,1.0,0.05,5000,1.0,1.0,31
7,79,1,standard,0.1,1.0,0.05,5000,1.0,1.0,35
7,80,1,standard,0.1,1.0,0.05,5000,1.0,1.0,46
7,81,1,standard,0.1,1.0,0.05,5000,1.0,1.0,35
7,82,1,standard,0.1,1.0,0.05,5000,1.0,1.0,37
7,83,1,standard,0.1,1.0,0.05,5000,1.0,1.0,27
7,84,1,standard,0.1,1.0,0.05,5000,1.0,1.0,88
7,85,1,standard,0.1,1.0,0.05,5000,1.0,1.0,37
7,86,1,standard,0.1,1.0,0.05,5000,1.0,1.0,29
7,87,1,standard,0.1,1.0,0.05,5000,1.0,1.0,24
7,88,1,standard,0.1,1.0,0.05,5000,1.0,1.0,29
7,89,1,standard,0.1,1.0,0.05,5000,1.0,1.0,29
7,90,1,standard,0.1,1.0,0.05,5000,1.0,1.0,31
7,91,1,standard,0.1,1.0,0.05,5000,1.0,1.0,27
7,92,1,standard,0.1,1.0,0.05,5000,1.0,1.0,45
7,93,1,standard,0.1,1.0,0.05,5000,1.0,1.0,36
7,94,1,standard,0.1,1.0,0.05,5000,1.0,1.0,43
7,95,1,standard,0.1,1.0,0.05,5000,1.0,1.0,25
7,96,1,standard,0.1,1.0,0.05,5000,1.0,1.0,30
7,97,1,standard,0.1,1.0,0.05,5000,1.0,1.0,21
7,98,1,standard,0.1,1.0,0.05,5000,1.0,1.0,19
7,99,1,standard,0.1,1.0,0.05,5000,1.0,1.0,35
7,100,1,standard,0.1,1.0,0.05,5000,1.0,1.0,35
7,1,1,standard,0.2,1.0,0.05,5000,1.0,1.0,23
7,2,1,standard,0.2,1.0,0.05,5000,1.0,1.0,19
7,3,1,standard,0.2,1.0,0.05,5000,1.0,1.0,21
7,4,1,standard,0.2,1.0,0.05,5000,1.0,1.0,17
7,5,1,standard,0.2,1.0,0.05,5000,1.0,1.0,7
7,6,1,standard,0.2,1.0,0.05,5000,1.0,1.0,38
7,7,1,standard,0.2,1.0,0.05,5000,1.0,1.0,23
7,8,1,standard,0.2,1.0,0.05,5000,1.0,1.0,13
7,9,1,standard,0.2,1.0,0.05,5000,1.0,1.0,16
7,10,1,standard,0.2,1.0,0.05,5000,1.0,1.0,14
7,11,1,standard,0.2,1.0,0.05,5000,1.0,1.0,11
7,12,1,standard,0.2,1.0,0.05,5000,1.0,1.0,19
7,13,1,standard,0.2,1.0,0.05,5000,1.0,1.0,14
7,14,1,standard,0.2,1.0,0.05,5000,1.0,1.0,16
7,15,1,standard,0.2,1.0,0.05,5000,1.0,1.0,25
7,16,1,standard,0.2,1.0,0.05,5000,1.0,1.0,12
7,17,1,standard,0.2,1.0,0.05,5000,1.0,1.0,18
7,18,1,standard,0.2,1.0,0.05,5000,1.0,1.0,8
7,19,1,standard,0.2,1.0,0.05,5000,1.0,1.0,24
7,20,1,standard,0.2,1.0,0.05,5000,1.0,1.0,25
7,21,1,standard,0.2,1.0,0.05,5000,1.0,1.0,25
7,22,1,standard,0.2,1.0,0.05,5000,1.0,1.0,15
7,23,1,standard,0.2,1.0,0.05,5000,1.0,1.0,22
7,24,1,standard,0.2,1.0,0.05,5000,1.0,1.0,26
7,25,1,standard,0.2,1.0,0.05,5000,1.0,1.0,10
7,26,1,standard,0.2,1.0,0.05,5000,1.0,1.0,9
7,27,1,standard,0.2,1.0,0.05,5000,1.0,1.0,19
7,28,1,standard,0.2,1.0,0.05,5000,1.0,1.0,6
7,29,1,standard,0.2,1.0,0.05,5000,1.0,1.0,24
7,30,1,standard,0.2,1.0,0.05,5000,1.0,1.0,20
7,31,1,standard,0.2,1.0,0.05,5000,1.0,1.0,22
7,32,1,standard,0.2,1.0,0.05,5000,1.0,1.0,19
7,33,1,standard,0.2,1.0,0.05,5000,1.0,1.0,22
7,34,1,standard,0.2,1.0,0.05,5000,1.0,1.0,9
7,35,1,standard,0.2,1.0,0.05,5000,1.0,1.0,25
7,36,1,standard,0.2,1.0,0.05,5000,1.0,1.0,31
7,37,1,standard,0.2,1.0,0.05,5000,1.0,1.0,24
7,38,1,standard,0.2,1.0,0.05,5000,1.0,1.0,17
7,39,1,standard,0.2,1.0,0.05,5000,1.0,1.0,18
7,40,1,standard,0.2,1.0,0.05,5000,1.0,1.0,19
7,41,1,standard,0.2,1.0,0.05,5000,1.0,1.0,13
7,42,1,standard,0.2,1.0,0.05,5000,1.0,1.0,23
7,43,1,standard,0.2,1.0,0.05,5000,1.0,1.0,23
7,44,1,standard,0.2,1.0,0.05,5000,1.0,1.0,31
7,45,1,standard,0.2,1.0,0.05,5000,1.0,1.0,25
7,46,1,standard,0.2,1.0,0.05,5000,1.0,1.0,20
7,47,1,standard,0.2,1.0,0.05,5000,1.0,1.0,19
7,48,1,standard,0.2,1.0,0.05,5000,1.0,1.0,13
7,49,1,standard,0.2,1.0,0.05,5000,1.0,1.0,29
7,50,1,standard,0.2,1.0,0.05,5000,1.0,1.0,17
7,51,1,standard,0.2,1.0,0.05,5000,1.0,1.0,22
7,52,1,standard,0.2,1.0,0.05,5000,1.0,1.0,16
7,53,1,standard,0.2,1.0,0.05,5000,1.0,1.0,21
7,54,1,standard,0.2,1.0,0.05,5000,1.0,1.0,36
7,55,1,standard,0.2,1.0,0.05,5000,1.0,1.0,18
7,56,1,standard,0.2,1.0,0.05,5000,1.0,1.0,18
7,57,1,standard,0.2,1.0,0.05,5000,1.0,1.0,9
7,58,1,standard,0.2,1.0,0.05,5000,1.0,1.0,18
7,59,1,standard,0.2,1.0,0.05,5000,1.0,1.0,16
7,60,1,standard,0.2,1.0,0.05,5000,1.0,1.0,9
7,61,1,standard,0.2,1.0,0.05,5000,1.0,1.0,23
7,62,1,standard,0.2,1.0,0.05,5000,1.0,1.0,20
7,63,1,standard,0.2,1.0,0.05,5000,1.0,1.0,11
7,64,1,standard,0.2,1.0,0.05,5000,1.0,1.0,17
7,65,1,standard,0.2,1.0,0.05,5000,1.0,1.0,11
7,66,1,standard,0.2,1.0,0.05,5000,1.0,1.0,14
7,67,1,standard,0.2,1.0,0.05,5000,1.0,1.0,11
7,68,1,standard,0.2,1.0,0.05,5000,1.0,1.0,17
7,69,1,standard,0.2,1.0,0.05,5000,1.0,1.0,23
7,70,1,standard,0.2,1.0,0.05,5000,1.0,1.0,24
7,71,1,standard,0.2,1.0,0.05,5000,1.0,1.0,20
7,72,1,standard,0.2,1.0,0.05,5000,1.0,1.0,17
7,73,1,standard,0.2,1.0,0.05,5000,1.0,1.0,12
7,74,1,standard,0.2,1.0,0.05,5000,1.0,1.0,23
7,75,1,standard,0.2,1.0,0.05,5000,1.0,1.0,21
7,76,1,standard,0.2,1.0,0.05,5000,1.0,1.0,17
7,77,1,standard,0.2,1.0,0.05,5000,1.0,1.0,12
7,78,1,standard,0.2,1.0,0.05,5000,1.0,1.0,25
7,79,1,standard,0.2,1.0,0.05,5000,1.0,1.0,15
7,80,1,standard,0.2,1.0,0.05,5000,1.0,1.0,16
7,81,1,standard,0.2,1.0,0.05,5000,1.0,1.0,14
7,82,1,standard,0.2,1.0,0.05,5000,1.0,1.0,31
7,83,1,standard,0.2,1.0,0.05,5000,1.0,1.0,16
7,84,1,standard,0.2,1.0,0.05,5000,1.0,1.0,17
7,85,1,standard,0.2,1.0,0.05,5000,1.0,1.0,30
7,86,1,standard,0.2,1.0,0.05,5000,1.0,1.0,23
7,87,1,standard,0.2,1.0,0.05,5000,1.0,1.0,19
7,88,1,standard,0.2,1.0,0.05,5000,1.0,1.0,13
7,89,1,standard,0.2,1.0,0.05,5000,1.0,1.0,16
7,90,1,standard,0.2,1.0,0.05,5000,1.0,1.0,16
7,91,1,standard,0.2,1.0,0.05,5000,1.0,1.0,11
7,92,1,standard,0.2,1.0,0.05,5000,1.0,1.0,17
7,93,1,standard,0.2,1.0,0.05,5000,1.0,1.0,17
7,94,1,standard,0.2,1.0,0.05,5000,1.0,1.0,16
7,95,1,standard,0.2,1.0,0.05,5000,1.0,1.0,21
7,96,1,standard,0.2,1.0,0.05,5000,1.0,1.0,7
7,97,1,standard,0.2,1.0,0.05,5000,1.0,1.0,25
7,98,1,standard,0.2,1.0,0.05,5000,1.0,1.0,18
7,99,1,standard,0.2,1.0,0.05,5000,1.0,1.0,19
7,100,1,standard,0.2,1.0,0.05,5000,1.0,1.0,24
7,1,1,standard,0.3,1.0,0.05,5000,1.0,1.0,13
7,2,1,standard,0.3,1.0,0.05,5000,1.0,1.0,9
7,3,1,standard,0.3,1.0,0.05,5000,1.0,1.0,11
7,4,1,standard,0.3,1.0,0.05,5000,1.0,1.0,11
7,5,1,standard,0.3,1.0,0.05,5000,1.0,1.0,7
7,6,1,standard,0.3,1.0,0.05,5000,1.0,1.0,16
7,7,1,standard,0.3,1.0,0.05,5000,1.0,1.0,10
7,8,1,standard,0.3,1.0,0.05,5000,1.0,1.0,25
7,9,1,standard,0.3,1.0,0.05,5000,1.0,1.0,22
7,10,1,standard,0.3,1.0,0.05,5000,1.0,1.0,17
7,11,1,standard,0.3,1.0,0.05,5000,1.0,1.0,15
7,12,1,standard,0.3,1.0,0.05,5000,1.0,1.0,8
7,13,1,standard,0.3,1.0,0.05,5000,1.0,1.0,9
7,14,1,standard,0.3,1.0,0.05,5000,1.0,1.0,12
7,15,1,standard,0.3,1.0,0.05,5000,1.0,1.0,16
7,16,1,standard,0.3,1.0,0.05,5000,1.0,1.0,16
7,17,1,standard,0.3,1.0,0.05,5000,1.0,1.0,9
7,18,1,standard,0.3,1.0,0.05,5000,1.0,1.0,8
7,19,1,standard,0.3,1.0,0.05,5000,1.0,1.0,9
7,20,1,standard,0.3,1.0,0.05,5000,1.0,1.0,15
7,21,1,standard,0.3,1.0,0.05,5000,1.0,1.0,15
7,22,1,standard,0.3,1.0,0.05,5000,1.0,1.0,17
7,23,1,standard,0.3,1.0,0.05,5000,1.0,1.0,15
7,24,1,standard,0.3,1.0,0.05,5000,1.0,1.0,23
7,25,1,standard,0.3,1.0,0.05,5000,1.0,1.0,28
7,26,1,standard,0.3,1.0,0.05,5000,1.0,1.0,23
7,27,1,standard,0.3,1.0,0.05,5000,1.0,1.0,8
7,28,1,standard,0.3,1.0,0.05,5000,1.0,1.0,22
7,29,1,standard,0.3,1.0,0.05,5000,1.0,1.0,13
7,30,1,standard,0.3,1.0,0.05,5000,1.0,1.0,15
7,31,1,standard,0.3,1.0,0.05,5000,1.0,1.0,14
7,32,1,standard,0.3,1.0,0.05,5000,1.0,1.0,14
7,33,1,standard,0.3,1.0,0.05,5000,1.0,1.0,8
7,34,1,standard,0.3,1.0,0.05,5000,1.0,1.0,15
7,35,1,standard,0.3,1.0,0.05,5000,1.0,1.0,20
7,36,1,standard,0.3,1.0,0.05,5000,1.0,1.0,12
7,37,1,standard,0.3,1.0,0.05,5000,1.0,1.0,24
7,38,1,standard,0.3,1.0,0.05,5000,1.0,1.0,21
7,39,1,standard,0.3,1.0,0.05,5000,1.0,1.0,17
7,40,1,standard,0.3,1.0,0.05,5000,1.0,1.0,7
7,41,1,standard,0.3,1.0,0.05,5000,1.0,1.0,13
7,42,1,standard,0.3,1.0,0.05,5000,1.0,1.0,11
7,43,1,standard,0.3,1.0,0.05,5000,1.0,1.0,14
7,44,1,standard,0.3,1.0,0.05,5000,1.0,1.0,21
7,45,1,standard,0.3,1.0,0.05,5000,1.0,1.0,14
7,46,1,standard,0.3,1.0,0.05,5000,1.0,1.0,13
7,47,1,standard,0.3,1.0,0.05,5000,1.0,1.0,14
7,48,1,standard,0.3,1.0,0.05,5000,1.0,1.0,16
7,49,1,standard,0.3,1.0,0.05,5000,1.0,1.0,13
7,50,1,standard,0.3,1.0,0.05,5000,1.0,1.0,18
7,51,1,standard,0.3,1.0,0.05,5000,1.0,1.0,19
7,52,1,standard,0.3,1.0,0.05,5000,1.0,1.0,13
7,53,1,standard,0.3,1.0,0.05,5000,1.0,1.0,28
7,54,1,standard,0.3,1.0,0.05,5000,1.0,1.0,10
7,55,1,standard,0.3,1.0,0.05,5000,1.0,1.0,12
7,56,1,standard,0.3,1.0,0.05,5000,1.0,1.0,20
7,57,1,standard,0.3,1.0,0.05,5000,1.0,1.0,12
7,58,1,standard,0.3,1.0,0.05,5000,1.0,1.0,11
7,59,1,standard,0.3,1.0,0.05,5000,1.0,1.0,7
7,60,1,standard,0.3,1.0,0.05,5000,1.0,1.0,11
7,61,1,standard,0.3,1.0,0.05,5000,1.0,1.0,10
7,62,1,standard,0.3,1.0,0.05,5000,1.0,1.0,12
7,63,1,standard,0.3,1.0,0.05,5000,1.0,1.0,14
7,64,1,standard,0.3,1.0,0.05,5000,1.0,1.0,23
7,65,1,standard,0.3,1.0,0.05,5000,1.0,1.0,13
7,66,1,standard,0.3,1.0,0.05,5000,1.0,1.0,17
7,67,1,standard,0.3,1.0,0.05,5000,1.0,1.0,17
7,68,1,standard,0.3,1.0,0.05,5000,1.0,1.0,10
7,69,1,standard,0.3,1.0,0.05,5000,1.0,1.0,18
7,70,1,standard,0.3,1.0,0.05,5000,1.0,1.0,10
7,71,1,standard,0.3,1.0,0.05,5000,1.0,1.0,12
7,72,1,standard,0.3,1.0,0.05,5000,1.0,1.0,14
7,73,1,standard,0.3,1.0,0.05,5000,1.0,1.0,16
7,74,1,standard,0.3,1.0,0.05,5000,1.0,1.0,11
7,75,1,standard,0.3,1.0,0.05,5000,1.0,1.0,12
7,76,1,standard,0.3,1.0,0.05,5000,1.0,1.0,11
7,77,1,standard,0.3,1.0,0.05,5000,1.0,1.0,10
7,78,1,standard,0.3,1.0,0.05,5000,1.0,1.0,8
7,79,1,standard,0.3,1.0,0.05,5000,1.0,1.0,18
7,80,1,standard,0.3,1.0,0.05,5000,1.0,1.0,16
7,81,1,standard,0.3,1.0,0.05,5000,1.0,1.0,20
7,82,1,standard,0.3,1.0,0.05,5000,1.0,1.0,17
7,83,1,standard,0.3,1.0,0.05,5000,1.0,1.0,16
7,84,1,standard,0.3,1.0,0.05,5000,1.0,1.0,11
7,85,1,standard,0.3,1.0,0.05,5000,1.0,1.0,18
7,86,1,standard,0.3,1.0,0.05,5000,1.0,1.0,16
7,87,1,standard,0.3,1.0,0.05,5000,1.0,1.0,16
7,88,1,standard,0.3,1.0,0.05,5000,1.0,1.0,16
7,89,1,standard,0.3,1.0,0.05,5000,1.0,1.0,13
7,90,1,standard,0.3,1.0,0.05,5000,1.0,1.0,10
7,91,1,standard,0.3,1.0,0.05,5000,1.0,1.0,9
7,92,1,standard,0.3,1.0,0.05,5000,1.0,1.0,16
7,93,1,standard,0.3,1.0,0.05,5000,1.0,1.0,10
7,94,1,standard,0.3,1.0,0.05,5000,1.0,1.0,11
7,95,1,standard,0.3,1.0,0.05,5000,1.0,1.0,17
7,96,1,standard,0.3,1.0,0.05,5000,1.0,1.0,13
7,97,1,standard,0.3,1.0,0.05,5000,1.0,1.0,7
7,98,1,standard,0.3,1.0,0.05,5000,1.0,1.0,11
7,99,1,standard,0.3,1.0,0.05,5000,1.0,1.0,18
7,100,1,standard,0.3,1.0,0.05,5000,1.0,1.0,12
7,1,1,standard,0.4,1.0,0.05,5000,1.0,1.0,10
7,2,1,standard,0.4,1.0,0.05,5000,1.0,1.0,11
7,3,1,standard,0.4,1.0,0.05,5000,1.0,1.0,13
7,4,1,standard,0.4,1.0,0.05,5000,1.0,1.0,11
7,5,1,standard,0.4,1.0,0.05,5000,1.0,1.0,7
7,6,1,standard,0.4,1.0,0.05,5000,1.0,1.0,14
7,7,1,standard,0.4,1.0,0.05,5000,1.0,1.0,14
7,8,1,standard,0.4,1.0,0.05,5000,1.0,1.0,15
7,9,1,standard,0.4,1.0,0.05,5000,1.0,1.0,11
7,10,1,standard,0.4,1.0,0.05,5000,1.0,1.0,15
7,11,1,standard,0.4,1.0,0.05,5000,1.0,1.0,19
7,12,1,standard,0.4,1.0,0.05,5000,1.0,1.0,7
7,13,1,standard,0.4,1.0,0.05,5000,1.0,1.0,13
7,14,1,standard,0.4,1.0,0.05,5000,1.0,1.0,7
7,15,1,standard,0.4,1.0,0.05,5000,1.0,1.0,16
7,16,1,standard,0.4,1.0,0.05,5000,1.0,1.0,14
7,17,1,standard,0.4,1.0,0.05,5000,1.0,1.0,16
7,18,1,standard,0.4,1.0,0.05,5000,1.0,1.0,11
7,19,1,standard,0.4,1.0,0.05,5000,1.0,1.0,12
7,20,1,standard,0.4,1.0,0.05,5000,1.0,1.0,9
7,21,1,standard,0.4,1.0,0.05,5000,1.0,1.0,11
7,22,1,standard,0.4,1.0,0.05,5000,1.0,1.0,10
7,23,1,standard,0.4,1.0,0.05,5000,1.0,1.0,11
7,24,1,standard,0.4,1.0,0.05,5000,1.0,1.0,11
7,25,1,standard,0.4,1.0,0.05,5000,1.0,1.0,13
7,26,1,standard,0.4,1.0,0.05,5000,1.0,1.0,10
7,27,1,standard,0.4,1.0,0.05,5000,1.0,1.0,28
7,28,1,standard,0.4,1.0,0.05,5000,1.0,1.0,20
7,29,1,standard,0.4,1.0,0.05,5000,1.0,1.0,8
7,30,1,standard,0.4,1.0,0.05,5000,1.0,1.0,11
7,31,1,standard,0.4,1.0,0.05,5000,1.0,1.0,11
7,32,1,standard,0.4,1.0,0.05,5000,1.0,1.0,12
7,33,1,standard,0.4,1.0,0.05,5000,1.0,1.0,9
7,34,1,standard,0.4,1.0,0.05,5000,1.0,1.0,17
7,35,1,standard,0.4,1.0,0.05,5000,1.0,1.0,9
7,36,1,standard,0.4,1.0,0.05,5000,1.0,1.0,16
7,37,1,standard,0.4,1.0,0.05,5000,1.0,1.0,10
7,38,1,standard,0.4,1.0,0.05,5000,1.0,1.0,10
7,39,1,standard,0.4,1.0,0.05,5000,1.0,1.0,8
7,40,1,standard,0.4,1.0,0.05,5000,1.0,1.0,17
7,41,1,standard,0.4,1.0,0.05,5000,1.0,1.0,12
7,42,1,standard,0.4,1.0,0.05,5000,1.0,1.0,14
7,43,1,standard,0.4,1.0,0.05,5000,1.0,1.0,14
7,44,1,standard,0.4,1.0,0.05,5000,1.0,1.0,12
7,45,1,standard,0.4,1.0,0.05,5000,1.0,1.0,11
7,46,1,standard,0.4,1.0,0.05,5000,1.0,1.0,9
7,47,1,standard,0.4,1.0,0.05,5000,1.0,1.0,7
7,48,1,standard,0.4,1.0,0.05,5000,1.0,1.0,9
7,49,1,standard,0.4,1.0,0.05,5000,1.0,1.0,11
7,50,1,standard,0.4,1.0,0.05,5000,1.0,1.0,8
7,51,1,standard,0.4,1.0,0.05,5000,1.0,1.0,10
7,52,1,standard,0.4,1.0,0.05,5000,1.0,1.0,5
7,53,1,standard,0.4,1.0,0.05,5000,1.0,1.0,16
7,54,1,standard,0.4,1.0,0.05,5000,1.0,1.0,10
7,55,1,standard,0.4,1.0,0.05,5000,1.0,1.0,10
7,56,1,standard,0.4,1.0,0.05,5000,1.0,1.0,8
7,57,1,standard,0.4,1.0,0.05,5000,1.0,1.0,13
7,58,1,standard,0.4,1.0,0.05,5000,1.0,1.0,10
7,59,1,standard,0.4,1.0,0.05,5000,1.0,1.0,11
7,60,1,standard,0.4,1.0,0.05,5000,1.0,1.0,8
7,61,1,standard,0.4,1.0,0.05,5000,1.0,1.0,15
7,62,1,standard,0.4,1.0,0.05,5000,1.0,1.0,7
7,63,1,standard,0.4,1.0,0.05,5000,1.0,1.0,11
7,64,1,standard,0.4,1.0,0.05,5000,1.0,1.0,8
7,65,1,standard,0.4,1.0,0.05,5000,1.0,1.0,7
7,66,1,standard,0.4,1.0,0.05,5000,1.0,1.0,8
7,67,1,standard,0.4,1.0,0.05,5000,1.0,1.0,10
7,68,1,standard,0.4,1.0,0.05,5000,1.0,1.0,11
7,69,1,standard,0.4,1.0,0.05,5000,1.0,1.0,16
7,70,1,standard,0.4,1.0,0.05,5000,1.0,1.0,7
7,71,1,standard,0.4,1.0,0.05,5000,1.0,1.0,7
7,72,1,standard,0.4,1.0,0.05,5000,1.0,1.0,12
7,73,1,standard,0.4,1.0,0.05,5000,1.0,1.0,7
7,74,1,standard,0.4,1.0,0.05,5000,1.0,1.0,13
7,75,1,standard,0.4,1.0,0.05,5000,1.0,1.0,12
7,76,1,standard,0.4,1.0,0.05,5000,1.0,1.0,16
7,77,1,standard,0.4,1.0,0.05,5000,1.0,1.0,10
7,78,1,standard,0.4,1.0,0.05,5000,1.0,1.0,8
7,79,1,standard,0.4,1.0,0.05,5000,1.0,1.0,9
7,80,1,standard,0.4,1.0,0.05,5000,1.0,1.0,8
7,81,1,standard,0.4,1.0,0.05,5000,1.0,1.0,13
7,82,1,standard,0.4,1.0,0.05,5000,1.0,1.0,10
7,83,1,standard,0.4,1.0,0.05,5000,1.0,1.0,11
7,84,1,standard,0.4,1.0,0.05,5000,1.0,1.0,13
7,85,1,standard,0.4,1.0,0.05,5000,1.0,1.0,8
7,86,1,standard,0.4,1.0,0.05,5000,1.0,1.0,12
7,87,1,standard,0.4,1.0,0.05,5000,1.0,1.0,12
7,88,1,standard,0.4,1.0,0.05,5000,1.0,1.0,11
7,89,1,standard,0.4,1.0,0.05,5000,1.0,1.0,9
7,90,1,standard,0.4,1.0,0.05,5000,1.0,1.0,11
7,91,1,standard,0.4,1.0,0.05,5000,1.0,1.0,11
7,92,1,standard,0.4,1.0,0.05,5000,1.0,1.0,7
7,93,1,standard,0.4,1.0,0.05,5000,1.0,1.0,12
7,94,1,standard,0.4,1.0,0.05,5000,1.0,1.0,9
7,95,1,standard,0.4,1.0,0.05,5000,1.0,1.0,6
7,96,1,standard,0.4,1.0,0.05,5000,1.0,1.0,16
7,97,1,standard,0.4,1.0,0.05,5000,1.0,1.0,10
7,98,1,standard,0.4,1.0,0.05,5000,1.0,1.0,14
7,99,1,standard,0.4,1.0,0.05,5000,1.0,1.0,15
7,100,1,standard,0.4,1.0,0.05,5000,1.0,1.0,15
7,1,1,standard,0.5,1.0,0.05,5000,1.0,1.0,10
7,2,1,standard,0.5,1.0,0.05,5000,1.0,1.0,14
7,3,1,standard,0.5,1.0,0.05,5000,1.0,1.0,10
7,4,1,standard,0.5,1.0,0.05,5000,1.0,1.0,6
7,5,1,standard,0.5,1.0,0.05,5000,1.0,1.0,11
7,6,1,standard,0.5,1.0,0.05,5000,1.0,1.0,10
7,7,1,standard,0.5,1.0,0.05,5000,1.0,1.0,11
7,8,1,standard,0.5,1.0,0.05,5000,1.0,1.0,9
7,9,1,standard,0.5,1.0,0.05,5000,1.0,1.0,12
7,10,1,standard,0.5,1.0,0.05,5000,1.0,1.0,18
7,11,1,standard,0.5,1.0,0.05,5000,1.0,1.0,10
7,12,1,standard,0.5,1.0,0.05,5000,1.0,1.0,9
7,13,1,standard,0.5,1.0,0.05,5000,1.0,1.0,14
7,14,1,standard,0.5,1.0,0.05,5000,1.0,1.0,19
7,15,1,standard,0.5,1.0,0.05,5000,1.0,1.0,11
7,16,1,standard,0.5,1.0,0.05,5000,1.0,1.0,9
7,17,1,standard,0.5,1.0,0.05,5000,1.0,1.0,8
7,18,1,standard,0.5,1.0,0.05,5000,1.0,1.0,12
7,19,1,standard,0.5,1.0,0.05,5000,1.0,1.0,17
7,20,1,standard,0.5,1.0,0.05,5000,1.0,1.0,9
7,21,1,standard,0.5,1.0,0.05,5000,1.0,1.0,10
7,22,1,standard,0.5,1.0,0.05,5000,1.0,1.0,13
7,23,1,standard,0.5,1.0,0.05,5000,1.0,1.0,7
7,24,1,standard,0.5,1.0,0.05,5000,1.0,1.0,9
7,25,1,standard,0.5,1.0,0.05,5000,1.0,1.0,13
7,26,1,standard,0.5,1.0,0.05,5000,1.0,1.0,10
7,27,1,standard,0.5,1.0,0.05,5000,1.0,1.0,10
7,28,1,standard,0.5,1.0,0.05,5000,1.0,1.0,6
7,29,1,standard,0.5,1.0,0.05,5000,1.0,1.0,9
7,30,1,standard,0.5,1.0,0.05,5000,1.0,1.0,9
7,31,1,standard,0.5,1.0,0.05,5000,1.0,1.0,8
7,32,1,standard,0.5,1.0,0.05,5000,1.0,1.0,9
7,33,1,standard,0.5,1.0,0.05,5000,1.0,1.0,22
7,34,1,standard,0.5,1.0,0.05,5000,1.0,1.0,13
7,35,1,standard,0.5,1.0,0.05,5000,1.0,1.0,7
7,36,1,standard,0.5,1.0,0.05,5000,1.0,1.0,11
7,37,1,standard,0.5,1.0,0.05,5000,1.0,1.0,9
7,38,1,standard,0.5,1.0,0.05,5000,1.0,1.0,10
7,39,1,standard,0.5,1.0,0.05,5000,1.0,1.0,6
7,40,1,standard,0.5,1.0,0.05,5000,1.0,1.0,14
7,41,1,standard,0.5,1.0,0.05,5000,1.0,1.0,7
7,42,1,standard,0.5,1.0,0.05,5000,1.0,1.0,11
7,43,1,standard,0.5,1.0,0.05,5000,1.0,1.0,11
7,44,1,standard,0.5,1.0,0.05,5000,1.0,1.0,9
7,45,1,standard,0.5,1.0,0.05,5000,1.0,1.0,19
7,46,1,standard,0.5,1.0,0.05,5000,1.0,1.0,9
7,47,1,standard,0.5,1.0,0.05,5000,1.0,1.0,9
7,48,1,standard,0.5,1.0,0.05,5000,1.0,1.0,26
7,49,1,standard,0.5,1.0,0.05,5000,1.0,1.0,11
7,50,1,standard,0.5,1.0,0.05,5000,1.0,1.0,11
7,51,1,standard,0.5,1.0,0.05,5000,1.0,1.0,9
7,52,1,standard,0.5,1.0,0.05,5000,1.0,1.0,9
7,53,1,standard,0.5,1.0,0.05,5000,1.0,1.0,8
7,54,1,standard,0.5,1.0,0.05,5000,1.0,1.0,6
7,55,1,standard,0.5,1.0,0.05,5000,1.0,1.0,10
7,56,1,standard,0.5,1.0,0.05,5000,1.0,1.0,12
7,57,1,standard,0.5,1.0,0.05,5000,1.0,1.0,16
7,58,1,standard,0.5,1.0,0.05,5000,1.0,1.0,6
7,59,1,standard,0.5,1.0,0.05,5000,1.0,1.0,9
7,60,1,standard,0.5,1.0,0.05,5000,1.0,1.0,9
7,61,1,standard,0.5,1.0,0.05,5000,1.0,1.0,15
7,62,1,standard,0.5,1.0,0.05,5000,1.0,1.0,8
7,63,1,standard,0.5,1.0,0.05,5000,1.0,1.0,7
7,64,1,standard,0.5,1.0,0.05,5000,1.0,1.0,12
7,65,1,standard,0.5,1.0,0.05,5000,1.0,1.0,13
7,66,1,standard,0.5,1.0,0.05,5000,1.0,1.0,7
7,67,1,standard,0.5,1.0,0.05,5000,1.0,1.0,7
7,68,1,standard,0.5,1.0,0.05,5000,1.0,1.0,5
7,69,1,standard,0.5,1.0,0.05,5000,1.0,1.0,8
7,70,1,standard,0.5,1.0,0.05,5000,1.0,1.0,8
7,71,1,standard,0.5,1.0,0.05,5000,1.0,1.0,13
7,72,1,standard,0.5,1.0,0.05,5000,1.0,1.0,12
7,73,1,standard,0.5,1.0,0.05,5000,1.0,1.0,7
7,74,1,standard,0.5,1.0,0.05,5000,1.0,1.0,8
7,75,1,standard,0.5,1.0,0.05,5000,1.0,1.0,9
7,76,1,standard,0.5,1.0,0.05,5000,1.0,1.0,10
7,77,1,standard,0.5,1.0,0.05,5000,1.0,1.0,7
7,78,1,standard,0.5,1.0,0.05,5000,1.0,1.0,5
7,79,1,standard,0.5,1.0,0.05,5000,1.0,1.0,11
7,80,1,standard,0.5,1.0,0.05,5000,1.0,1.0,9
7,81,1,standard,0.5,1.0,0.05,5000,1.0,1.0,6
7,82,1,standard,0.5,1.0,0.05,5000,1.0,1.0,8
7,83,1,standard,0.5,1.0,0.05,5000,1.0,1.0,8
7,84,1,standard,0.5,1.0,0.05,5000,1.0,1.0,16
7,85,1,standard,0.5,1.0,0.05,5000,1.0,1.0,16
7,86,1,standard,0.5,1.0,0.05,5000,1.0,1.0,17
7,87,1,standard,0.5,1.0,0.05,5000,1.0,1.0,6
7,88,1,standard,0.5,1.0,0.05,5000,1.0,1.0,9
7,89,1,standard,0.5,1.0,0.05,5000,1.0,1.0,12
7,90,1,standard,0.5,1.0,0.05,5000,1.0,1.0,17
7,91,1,standard,0.5,1.0,0.05,5000,1.0,1.0,14
7,92,1,standard,0.5,1.0,0.05,5000,1.0,1.0,9
7,93,1,standard,0.5,1.0,0.05,5000,1.0,1.0,13
7,94,1,standard,0.5,1.0,0.05,5000,1.0,1.0,8
7,95,1,standard,0.5,1.0,0.05,5000,1.0,1.0,8
7,96,1,standard,0.5,1.0,0.05,5000,1.0,1.0,17
7,97,1,standard,0.5,1.0,0.05,5000,1.0,1.0,9
7,98,1,standard,0.5,1.0,0.05,5000,1.0,1.0,27
7,99,1,standard,0.5,1.0,0.05,5000,1.0,1.0,22
7,100,1,standard,0.5,1.0,0.05,5000,1.0,1.0,7
7,1,1,standard,0.6,1.0,0.05,5000,1.0,1.0,12
7,2,1,standard,0.6,1.0,0.05,5000,1.0,1.0,16
7,3,1,standard,0.6,1.0,0.05,5000,1.0,1.0,25
7,4,1,standard,0.6,1.0,0.05,5000,1.0,1.0,7
7,5,1,standard,0.6,1.0,0.05,5000,1.0,1.0,11
7,6,1,standard,0.6,1.0,0.05,5000,1.0,1.0,14
7,7,1,standard,0.6,1.0,0.05,5000,1.0,1.0,8
7,8,1,standard,0.6,1.0,0.05,5000,1.0,1.0,34
7,9,1,standard,0.6,1.0,0.05,5000,1.0,1.0,9
7,10,1,standard,0.6,1.0,0.05,5000,1.0,1.0,9
7,11,1,standard,0.6,1.0,0.05,5000,1.0,1.0,15
7,12,1,standard,0.6,1.0,0.05,5000,1.0,1.0,6
7,13,1,standard,0.6,1.0,0.05,5000,1.0,1.0,9
7,14,1,standard,0.6,1.0,0.05,5000,1.0,1.0,4
7,15,1,standard,0.6,1.0,0.05,5000,1.0,1.0,7
7,16,1,standard,0.6,1.0,0.05,5000,1.0,1.0,30
7,17,1,standard,0.6,1.0,0.05,5000,1.0,1.0,10
7,18,1,standard,0.6,1.0,0.05,5000,1.0,1.0,21
7,19,1,standard,0.6,1.0,0.05,5000,1.0,1.0,27
7,20,1,standard,0.6,1.0,0.05,5000,1.0,1.0,14
7,21,1,standard,0.6,1.0,0.05,5000,1.0,1.0,12
7,22,1,standard,0.6,1.0,0.05,5000,1.0,1.0,21
7,23,1,standard,0.6,1.0,0.05,5000,1.0,1.0,12
7,24,1,standard,0.6,1.0,0.05,5000,1.0,1.0,7
7,25,1,standard,0.6,1.0,0.05,5000,1.0,1.0,9
7,26,1,standard,0.6,1.0,0.05,5000,1.0,1.0,8
7,27,1,standard,0.6,1.0,0.05,5000,1.0,1.0,7
7,28,1,standard,0.6,1.0,0.05,5000,1.0,1.0,9
7,29,1,standard,0.6,1.0,0.05,5000,1.0,1.0,46
7,30,1,standard,0.6,1.0,0.05,5000,1.0,1.0,9
7,31,1,standard,0.6,1.0,0.05,5000,1.0,1.0,9
7,32,1,standard,0.6,1.0,0.05,5000,1.0,1.0,13
7,33,1,standard,0.6,1.0,0.05,5000,1.0,1.0,8
7,34,1,standard,0.6,1.0,0.05,5000,1.0,1.0,10
7,35,1,standard,0.6,1.0,0.05,5000,1.0,1.0,39
7,36,1,standard,0.6,1.0,0.05,5000,1.0,1.0,23
7,37,1,standard,0.6,1.0,0.05,5000,1.0,1.0,13
7,38,1,standard,0.6,1.0,0.05,5000,1.0,1.0,13
7,39,1,standard,0.6,1.0,0.05,5000,1.0,1.0,13
7,40,1,standard,0.6,1.0,0.05,5000,1.0,1.0,8
7,41,1,standard,0.6,1.0,0.05,5000,1.0,1.0,15
7,42,1,standard,0.6,1.0,0.05,5000,1.0,1.0,8
7,43,1,standard,0.6,1.0,0.05,5000,1.0,1.0,9
7,44,1,standard,0.6,1.0,0.05,5000,1.0,1.0,7
7,45,1,standard,0.6,1.0,0.05,5000,1.0,1.0,48
7,46,1,standard,0.6,1.0,0.05,5000,1.0,1.0,11
7,47,1,standard,0.6,1.0,0.05,5000,1.0,1.0,16
7,48,1,standard,0.6,1.0,0.05,5000,1.0,1.0,23
7,49,1,standard,0.6,1.0,0.05,5000,1.0,1.0,6
7,50,1,standard,0.6,1.0,0.05,5000,1.0,1.0,11
7,51,1,standard,0.6,1.0,0.05,5000,1.0,1.0,12
7,52,1,standard,0.6,1.0,0.05,5000,1.0,1.0,15
7,53,1,standard,0.6,1.0,0.05,5000,1.0,1.0,24
7,54,1,standard,0.6,1.0,0.05,5000,1.0,1.0,15
7,55,1,standard,0.6,1.0,0.05,5000,1.0,1.0,18
7,56,1,standard,0.6,1.0,0.05,5000,1.0,1.0,11
7,57,1,standard,0.6,1.0,0.05,5000,1.0,1.0,7
7,58,1,standard,0.6,1.0,0.05,5000,1.0,1.0,12
7,59,1,standard,0.6,1.0,0.05,5000,1.0,1.0,22
7,60,1,standard,0.6,1.0,0.05,5000,1.0,1.0,5
7,61,1,standard,0.6,1.0,0.05,5000,1.0,1.0,9
7,62,1,standard,0.6,1.0,0.05,5000,1.0,1.0,8
7,63,1,standard,0.6,1.0,0.05,5000,1.0,1.0,8
7,64,1,standard,0.6,1.0,0.05,5000,1.0,1.0,11
7,65,1,standard,0.6,1.0,0.05,5000,1.0,1.0,5
7,66,1,standard,0.6,1.0,0.05,5000,1.0,1.0,16
7,67,1,standard,0.6,1.0,0.05,5000,1.0,1.0,4
7,68,1,standard,0.6,1.0,0.05,5000,1.0,1.0,8
7,69,1,standard,0.6,1.0,0.05,5000,1.0,1.0,15
7,70,1,standard,0.6,1.0,0.05,5000,1.0,1.0,11
7,71,1,standard,0.6,1.0,0.05,5000,1.0,1.0,22
7,72,1,standard,0.6,1.0,0.05,5000,1.0,1.0,9
7,73,1,standard,0.6,1.0,0.05,5000,1.0,1.0,26
7,74,1,standard,0.6,1.0,0.05,5000,1.0,1.0,8
7,75,1,standard,0.6,1.0,0.05,5000,1.0,1.0,29
7,76,1,standard,0.6,1.0,0.05,5000,1.0,1.0,9
7,77,1,standard,0.6,1.0,0.05,5000,1.0,1.0,16
7,78,1,standard,0.6,1.0,0.05,5000,1.0,1.0,9
7,79,1,standard,0.6,1.0,0.05,5000,1.0,1.0,13
7,80,1,standard,0.6,1.0,0.05,5000,1.0,1.0,5
7,81,1,standard,0.6,1.0,0.05,5000,1.0,1.0,22
7,82,1,standard,0.6,1.0,0.05,5000,1.0,1.0,24
7,83,1,standard,0.6,1.0,0.05,5000,1.0,1.0,8
7,84,1,standard,0.6,1.0,0.05,5000,1.0,1.0,11
7,85,1,standard,0.6,1.0,0.05,5000,1.0,1.0,22
7,86,1,standard,0.6,1.0,0.05,5000,1.0,1.0,19
7,87,1,standard,0.6,1.0,0.05,5000,1.0,1.0,18
7,88,1,standard,0.6,1.0,0.05,5000,1.0,1.0,13
7,89,1,standard,0.6,1.0,0.05,5000,1.0,1.0,9
7,90,1,standard,0.6,1.0,0.05,5000,1.0,1.0,23
7,91,1,standard,0.6,1.0,0.05,5000,1.0,1.0,13
7,92,1,standard,0.6,1.0,0.05,5000,1.0,1.0,6
7,93,1,standard,0.6,1.0,0.05,5000,1.0,1.0,19
7,94,1,standard,0.6,1.0,0.05,5000,1.0,1.0,30
7,95,1,standard,0.6,1.0,0.05,5000,1.0,1.0,12
7,96,1,standard,0.6,1.0,0.05,5000,1.0,1.0,6
7,97,1,standard,0.6,1.0,0.05,5000,1.0,1.0,10
7,98,1,standard,0.6,1.0,0.05,5000,1.0,1.0,16
7,99,1,standard,0.6,1.0,0.05,5000,1.0,1.0,13
7,100,1,standard,0.6,1.0,0.05,5000,1.0,1.0,9
7,1,1,standard,0.7,1.0,0.05,5000,1.0,1.0,36
7,2,1,standard,0.7,1.0,0.05,5000,1.0,1.0,19
7,3,1,standard,0.7,1.0,0.05,5000,1.0,1.0,17
7,4,1,standard,0.7,1.0,0.05,5000,1.0,1.0,22
7,5,1,standard,0.7,1.0,0.05,5000,1.0,1.0,15
7,6,1,standard,0.7,1.0,0.05,5000,1.0,1.0,17
7,7,1,standard,0.7,1.0,0.05,5000,1.0,1.0,9
7,8,1,standard,0.7,1.0,0.05,5000,1.0,1.0,40
7,9,1,standard,0.7,1.0,0.05,5000,1.0,1.0,8
7,10,1,standard,0.7,1.0,0.05,5000,1.0,1.0,7
7,11,1,standard,0.7,1.0,0.05,5000,1.0,1.0,9
7,12,1,standard,0.7,1.0,0.05,5000,1.0,1.0,6
7,13,1,standard,0.7,1.0,0.05,5000,1.0,1.0,5
7,14,1,standard,0.7,1.0,0.05,5000,1.0,1.0,22
7,15,1,standard,0.7,1.0,0.05,5000,1.0,1.0,7
7,16,1,standard,0.7,1.0,0.05,5000,1.0,1.0,12
7,17,1,standard,0.7,1.0,0.05,5000,1.0,1.0,26
7,18,1,standard,0.7,1.0,0.05,5000,1.0,1.0,10
7,19,1,standard,0.7,1.0,0.05,5000,1.0,1.0,4
7,20,1,standard,0.7,1.0,0.05,5000,1.0,1.0,20
7,21,1,standard,0.7,1.0,0.05,5000,1.0,1.0,16
7,22,1,standard,0.7,1.0,0.05,5000,1.0,1.0,5
7,23,1,standard,0.7,1.0,0.05,5000,1.0,1.0,53
7,24,1,standard,0.7,1.0,0.05,5000,1.0,1.0,8
7,25,1,standard,0.7,1.0,0.05,5000,1.0,1.0,20
7,26,1,standard,0.7,1.0,0.05,5000,1.0,1.0,43
7,27,1,standard,0.7,1.0,0.05,5000,1.0,1.0,25
7,28,1,standard,0.7,1.0,0.05,5000,1.0,1.0,16
7,29,1,standard,0.7,1.0,0.05,5000,1.0,1.0,5
7,30,1,standard,0.7,1.0,0.05,5000,1.0,1.0,41
7,31,1,standard,0.7,1.0,0.05,5000,1.0,1.0,25
7,32,1,standard,0.7,1.0,0.05,5000,1.0,1.0,8
7,33,1,standard,0.7,1.0,0.05,5000,1.0,1.0,10
7,34,1,standard,0.7,1.0,0.05,5000,1.0,1.0,21
7,35,1,standard,0.7,1.0,0.05,5000,1.0,1.0,32
7,36,1,standard,0.7,1.0,0.05,5000,1.0,1.0,36
7,37,1,standard,0.7,1.0,0.05,5000,1.0,1.0,5
7,38,1,standard,0.7,1.0,0.05,5000,1.0,1.0,7
7,39,1,standard,0.7,1.0,0.05,5000,1.0,1.0,10
7,40,1,standard,0.7,1.0,0.05,5000,1.0,1.0,21
7,41,1,standard,0.7,1.0,0.05,5000,1.0,1.0,36
7,42,1,standard,0.7,1.0,0.05,5000,1.0,1.0,27
7,43,1,standard,0.7,1.0,0.05,5000,1.0,1.0,35
7,44,1,standard,0.7,1.0,0.05,5000,1.0,1.0,26
7,45,1,standard,0.7,1.0,0.05,5000,1.0,1.0,18
7,46,1,standard,0.7,1.0,0.05,5000,1.0,1.0,22
7,47,1,standard,0.7,1.0,0.05,5000,1.0,1.0,9
7,48,1,standard,0.7,1.0,0.05,5000,1.0,1.0,14
7,49,1,standard,0.7,1.0,0.05,5000,1.0,1.0,23
7,50,1,standard,0.7,1.0,0.05,5000,1.0,1.0,55
7,51,1,standard,0.7,1.0,0.05,5000,1.0,1.0,24
7,52,1,standard,0.7,1.0,0.05,5000,1.0,1.0,14
7,53,1,standard,0.7,1.0,0.05,5000,1.0,1.0,11
7,54,1,standard,0.7,1.0,0.05,5000,1.0,1.0,11
7,55,1,standard,0.7,1.0,0.05,5000,1.0,1.0,5
7,56,1,standard,0.7,1.0,0.05,5000,1.0,1.0,4
7,57,1,standard,0.7,1.0,0.05,5000,1.0,1.0,24
7,58,1,standard,0.7,1.0,0.05,5000,1.0,1.0,18
7,59,1,standard,0.7,1.0,0.05,5000,1.0,1.0,22
7,60,1,standard,0.7,1.0,0.05,5000,1.0,1.0,17
7,61,1,standard,0.7,1.0,0.05,5000,1.0,1.0,45
7,62,1,standard,0.7,1.0,0.05,5000,1.0,1.0,16
7,63,1,standard,0.7,1.0,0.05,5000,1.0,1.0,5
7,64,1,standard,0.7,1.0,0.05,5000,1.0,1.0,5
7,65,1,standard,0.7,1.0,0.05,5000,1.0,1.0,23
7,66,1,standard,0.7,1.0,0.05,5000,1.0,1.0,38
7,67,1,standard,0.7,1.0,0.05,5000,1.0,1.0,20
7,68,1,standard,0.7,1.0,0.05,5000,1.0,1.0,33
7,69,1,standard,0.7,1.0,0.05,5000,1.0,1.0,15
7,70,1,standard,0.7,1.0,0.05,5000,1.0,1.0,3
7,71,1,standard,0.7,1.0,0.05,5000,1.0,1.0,11
7,72,1,standard,0.7,1.0,0.05,5000,1.0,1.0,71
7,73,1,standard,0.7,1.0,0.05,5000,1.0,1.0,9
7,74,1,standard,0.7,1.0,0.05,5000,1.0,1.0,23
7,75,1,standard,0.7,1.0,0.05,5000,1.0,1.0,63
7,76,1,standard,0.7,1.0,0.05,5000,1.0,1.0,5
7,77,1,standard,0.7,1.0,0.05,5000,1.0,1.0,11
7,78,1,standard,0.7,1.0,0.05,5000,1.0,1.0,60
7,79,1,standard,0.7,1.0,0.05,5000,1.0,1.0,4
7,80,1,standard,0.7,1.0,0.05,5000,1.0,1.0,8
7,81,1,standard,0.7,1.0,0.05,5000,1.0,1.0,20
7,82,1,standard,0.7,1.0,0.05,5000,1.0,1.0,105
7,83,1,standard,0.7,1.0,0.05,5000,1.0,1.0,4
7,84,1,standard,0.7,1.0,0.05,5000,1.0,1.0,27
7,85,1,standard,0.7,1.0,0.05,5000,1.0,1.0,27
7,86,1,standard,0.7,1.0,0.05,5000,1.0,1.0,42
7,87,1,standard,0.7,1.0,0.05,5000,1.0,1.0,51
7,88,1,standard,0.7,1.0,0.05,5000,1.0,1.0,8
7,89,1,standard,0.7,1.0,0.05,5000,1.0,1.0,52
7,90,1,standard,0.7,1.0,0.05,5000,1.0,1.0,13
7,91,1,standard,0.7,1.0,0.05,5000,1.0,1.0,29
7,92,1,standard,0.7,1.0,0.05,5000,1.0,1.0,46
7,93,1,standard,0.7,1.0,0.05,5000,1.0,1.0,28
7,94,1,standard,0.7,1.0,0.05,5000,1.0,1.0,20
7,95,1,standard,0.7,1.0,0.05,5000,1.0,1.0,3
7,96,1,standard,0.7,1.0,0.05,5000,1.0,1.0,36
7,97,1,standard,0.7,1.0,0.05,5000,1.0,1.0,15
7,98,1,standard,0.7,1.0,0.05,5000,1.0,1.0,27
7,99,1,standard,0.7,1.0,0.05,5000,1.0,1.0,11
7,100,1,standard,0.7,1.0,0.05,5000,1.0,1.0,71
7,1,1,standard,0.8,1.0,0.05,5000,1.0,1.0,15
7,2,1,standard,0.8,1.0,0.05,5000,1.0,1.0,117
7,3,1,standard,0.8,1.0,0.05,5000,1.0,1.0,100
7,4,1,standard,0.8,1.0,0.05,5000,1.0,1.0,212
7,5,1,standard,0.8,1.0,0.05,5000,1.0,1.0,34
7,6,1,standard,0.8,1.0,0.05,5000,1.0,1.0,37
7,7,1,standard,0.8,1.0,0.05,5000,1.0,1.0,125
7,8,1,standard,0.8,1.0,0.05,5000,1.0,1.0,51
7,9,1,standard,0.8,1.0,0.05,5000,1.0,1.0,19
7,10,1,standard,0.8,1.0,0.05,5000,1.0,1.0,13
7,11,1,standard,0.8,1.0,0.05,5000,1.0,1.0,69
7,12,1,standard,0.8,1.0,0.05,5000,1.0,1.0,66
7,13,1,standard,0.8,1.0,0.05,5000,1.0,1.0,6
7,14,1,standard,0.8,1.0,0.05,5000,1.0,1.0,56
7,15,1,standard,0.8,1.0,0.05,5000,1.0,1.0,58
7,16,1,standard,0.8,1.0,0.05,5000,1.0,1.0,158
7,17,1,standard,0.8,1.0,0.05,5000,1.0,1.0,85
7,18,1,standard,0.8,1.0,0.05,5000,1.0,1.0,109
7,19,1,standard,0.8,1.0,0.05,5000,1.0,1.0,154
7,20,1,standard,0.8,1.0,0.05,5000,1.0,1.0,62
7,21,1,standard,0.8,1.0,0.05,5000,1.0,1.0,181
7,22,1,standard,0.8,1.0,0.05,5000,1.0,1.0,90
7,23,1,standard,0.8,1.0,0.05,5000,1.0,1.0,78
7,24,1,standard,0.8,1.0,0.05,5000,1.0,1.0,67
7,25,1,standard,0.8,1.0,0.05,5000,1.0,1.0,22
7,26,1,standard,0.8,1.0,0.05,5000,1.0,1.0,42
7,27,1,standard,0.8,1.0,0.05,5000,1.0,1.0,119
7,28,1,standard,0.8,1.0,0.05,5000,1.0,1.0,140
7,29,1,standard,0.8,1.0,0.05,5000,1.0,1.0,397
7,30,1,standard,0.8,1.0,0.05,5000,1.0,1.0,156
7,31,1,standard,0.8,1.0,0.05,5000,1.0,1.0,230
7,32,1,standard,0.8,1.0,0.05,5000,1.0,1.0,83
7,33,1,standard,0.8,1.0,0.05,5000,1.0,1.0,11
7,34,1,standard,0.8,1.0,0.05,5000,1.0,1.0,74
7,35,1,standard,0.8,1.0,0.05,5000,1.0,1.0,59
7,36,1,standard,0.8,1.0,0.05,5000,1.0,1.0,142
7,37,1,standard,0.8,1.0,0.05,5000,1.0,1.0,157
7,38,1,standard,0.8,1.0,0.05,5000,1.0,1.0,61
7,39,1,standard,0.8,1.0,0.05,5000,1.0,1.0,47
7,40,1,standard,0.8,1.0,0.05,5000,1.0,1.0,169
7,41,1,standard,0.8,1.0,0.05,5000,1.0,1.0,118
7,42,1,standard,0.8,1.0,0.05,5000,1.0,1.0,27
7,43,1,standard,0.8,1.0,0.05,5000,1.0,1.0,117
7,44,1,standard,0.8,1.0,0.05,5000,1.0,1.0,243
7,45,1,standard,0.8,1.0,0.05,5000,1.0,1.0,17
7,46,1,standard,0.8,1.0,0.05,5000,1.0,1.0,427
7,47,1,standard,0.8,1.0,0.05,5000,1.0,1.0,48
7,48,1,standard,0.8,1.0,0.05,5000,1.0,1.0,48
7,49,1,standard,0.8,1.0,0.05,5000,1.0,1.0,65
7,50,1,standard,0.8,1.0,0.05,5000,1.0,1.0,115
7,51,1,standard,0.8,1.0,0.05,5000,1.0,1.0,153
7,52,1,standard,0.8,1.0,0.05,5000,1.0,1.0,71
7,53,1,standard,0.8,1.0,0.05,5000,1.0,1.0,23
7,54,1,standard,0.8,1.0,0.05,5000,1.0,1.0,21
7,55,1,standard,0.8,1.0,0.05,5000,1.0,1.0,64
7,56,1,standard,0.8,1.0,0.05,5000,1.0,1.0,75
7,57,1,standard,0.8,1.0,0.05,5000,1.0,1.0,357
7,58,1,standard,0.8,1.0,0.05,5000,1.0,1.0,81
7,59,1,standard,0.8,1.0,0.05,5000,1.0,1.0,54
7,60,1,standard,0.8,1.0,0.05,5000,1.0,1.0,5
7,61,1,standard,0.8,1.0,0.05,5000,1.0,1.0,29
7,62,1,standard,0.8,1.0,0.05,5000,1.0,1.0,9
7,63,1,standard,0.8,1.0,0.05,5000,1.0,1.0,56
7,64,1,standard,0.8,1.0,0.05,5000,1.0,1.0,10
7,65,1,standard,0.8,1.0,0.05,5000,1.0,1.0,220
7,66,1,standard,0.8,1.0,0.05,5000,1.0,1.0,18
7,67,1,standard,0.8,1.0,0.05,5000,1.0,1.0,29
7,68,1,standard,0.8,1.0,0.05,5000,1.0,1.0,37
7,69,1,standard,0.8,1.0,0.05,5000,1.0,1.0,141
7,70,1,standard,0.8,1.0,0.05,5000,1.0,1.0,31
7,71,1,standard,0.8,1.0,0.05,5000,1.0,1.0,3
7,72,1,standard,0.8,1.0,0.05,5000,1.0,1.0,120
7,73,1,standard,0.8,1.0,0.05,5000,1.0,1.0,85
7,74,1,standard,0.8,1.0,0.05,5000,1.0,1.0,31
7,75,1,standard,0.8,1.0,0.05,5000,1.0,1.0,7
7,76,1,standard,0.8,1.0,0.05,5000,1.0,1.0,26
7,77,1,standard,0.8,1.0,0.05,5000,1.0,1.0,34
7,78,1,standard,0.8,1.0,0.05,5000,1.0,1.0,119
7,79,1,standard,0.8,1.0,0.05,5000,1.0,1.0,94
7,80,1,standard,0.8,1.0,0.05,5000,1.0,1.0,14
7,81,1,standard,0.8,1.0,0.05,5000,1.0,1.0,27
7,82,1,standard,0.8,1.0,0.05,5000,1.0,1.0,17
7,83,1,standard,0.8,1.0,0.05,5000,1.0,1.0,62
7,84,1,standard,0.8,1.0,0.05,5000,1.0,1.0,31
7,85,1,standard,0.8,1.0,0.05,5000,1.0,1.0,16
7,86,1,standard,0.8,1.0,0.05,5000,1.0,1.0,44
7,87,1,standard,0.8,1.0,0.05,5000,1.0,1.0,70
7,88,1,standard,0.8,1.0,0.05,5000,1.0,1.0,14
7,89,1,standard,0.8,1.0,0.05,5000,1.0,1.0,250
7,90,1,standard,0.8,1.0,0.05,5000,1.0,1.0,50
7,91,1,standard,0.8,1.0,0.05,5000,1.0,1.0,31
7,92,1,standard,0.8,1.0,0.05,5000,1.0,1.0,48
7,93,1,standard,0.8,1.0,0.05,5000,1.0,1.0,33
7,94,1,standard,0.8,1.0,0.05,5000,1.0,1.0,45
7,95,1,standard,0.8,1.0,0.05,5000,1.0,1.0,155
7,96,1,standard,0.8,1.0,0.05,5000,1.0,1.0,50
7,97,1,standard,0.8,1.0,0.05,5000,1.0,1.0,16
7,98,1,standard,0.8,1.0,0.05,5000,1.0,1.0,3
7,99,1,standard,0.8,1.0,0.05,5000,1.0,1.0,67
7,100,1,standard,0.8,1.0,0.05,5000,1.0,1.0,63
7,1,1,standard,0.9,1.0,0.05,5000,1.0,1.0,141
7,2,1,standard,0.9,1.0,0.05,5000,1.0,1.0,31
7,3,1,standard,0.9,1.0,0.05,5000,1.0,1.0,69
7,4,1,standard,0.9,1.0,0.05,5000,1.0,1.0,1174
7,5,1,standard,0.9,1.0,0.05,5000,1.0,1.0,54
7,6,1,standard,0.9,1.0,0.05,5000,1.0,1.0,677
7,7,1,standard,0.9,1.0,0.05,5000,1.0,1.0,1339
7,8,1,standard,0.9,1.0,0.05,5000,1.0,1.0,547
7,9,1,standard,0.9,1.0,0.05,5000,1.0,1.0,145
7,10,1,standard,0.9,1.0,0.05,5000,1.0,1.0,22
7,11,1,standard,0.9,1.0,0.05,5000,1.0,1.0,17
7,12,1,standard,0.9,1.0,0.05,5000,1.0,1.0,161
7,13,1,standard,0.9,1.0,0.05,5000,1.0,1.0,232
7,14,1,standard,0.9,1.0,0.05,5000,1.0,1.0,84
7,15,1,standard,0.9,1.0,0.05,5000,1.0,1.0,571
7,16,1,standard,0.9,1.0,0.05,5000,1.0,1.0,35
7,17,1,standard,0.9,1.0,0.05,5000,1.0,1.0,1460
7,18,1,standard,0.9,1.0,0.05,5000,1.0,1.0,502
7,19,1,standard,0.9,1.0,0.05,5000,1.0,1.0,635
7,20,1,standard,0.9,1.0,0.05,5000,1.0,1.0,306
7,21,1,standard,0.9,1.0,0.05,5000,1.0,1.0,67
7,22,1,standard,0.9,1.0,0.05,5000,1.0,1.0,589
7,23,1,standard,0.9,1.0,0.05,5000,1.0,1.0,43
7,24,1,standard,0.9,1.0,0.05,5000,1.0,1.0,645
7,25,1,standard,0.9,1.0,0.05,5000,1.0,1.0,23
7,26,1,standard,0.9,1.0,0.05,5000,1.0,1.0,262
7,27,1,standard,0.9,1.0,0.05,5000,1.0,1.0,98
7,28,1,standard,0.9,1.0,0.05,5000,1.0,1.0,604
7,29,1,standard,0.9,1.0,0.05,5000,1.0,1.0,635
7,30,1,standard,0.9,1.0,0.05,5000,1.0,1.0,100
7,31,1,standard,0.9,1.0,0.05,5000,1.0,1.0,439
7,32,1,standard,0.9,1.0,0.05,5000,1.0,1.0,17
7,33,1,standard,0.9,1.0,0.05,5000,1.0,1.0,567
7,34,1,standard,0.9,1.0,0.05,5000,1.0,1.0,1458
7,35,1,standard,0.9,1.0,0.05,5000,1.0,1.0,531
7,36,1,standard,0.9,1.0,0.05,5000,1.0,1.0,1442
7,37,1,standard,0.9,1.0,0.05,5000,1.0,1.0,84
7,38,1,standard,0.9,1.0,0.05,5000,1.0,1.0,321
7,39,1,standard,0.9,1.0,0.05,5000,1.0,1.0,22
7,40,1,standard,0.9,1.0,0.05,5000,1.0,1.0,21
7,41,1,standard,0.9,1.0,0.05,5000,1.0,1.0,872
7,42,1,standard,0.9,1.0,0.05,5000,1.0,1.0,646
7,43,1,standard,0.9,1.0,0.05,5000,1.0,1.0,228
7,44,1,standard,0.9,1.0,0.05,5000,1.0,1.0,725
7,45,1,standard,0.9,1.0,0.05,5000,1.0,1.0,492
7,46,1,standard,0.9,1.0,0.05,5000,1.0,1.0,398
7,47,1,standard,0.9,1.0,0.05,5000,1.0,1.0,164
7,48,1,standard,0.9,1.0,0.05,5000,1.0,1.0,450
7,49,1,standard,0.9,1.0,0.05,5000,1.0,1.0,263
7,50,1,standard,0.9,1.0,0.05,5000,1.0,1.0,147
7,51,1,standard,0.9,1.0,0.05,5000,1.0,1.0,163
7,52,1,standard,0.9,1.0,0.05,5000,1.0,1.0,760
7,53,1,standard,0.9,1.0,0.05,5000,1.0,1.0,116
7,54,1,standard,0.9,1.0,0.05,5000,1.0,1.0,1235
7,55,1,standard,0.9,1.0,0.05,5000,1.0,1.0,2180
7,56,1,standard,0.9,1.0,0.05,5000,1.0,1.0,979
7,57,1,standard,0.9,1.0,0.05,5000,1.0,1.0,532
7,58,1,standard,0.9,1.0,0.05,5000,1.0,1.0,301
7,59,1,standard,0.9,1.0,0.05,5000,1.0,1.0,268
7,60,1,standard,0.9,1.0,0.05,5000,1.0,1.0,38
7,61,1,standard,0.9,1.0,0.05,5000,1.0,1.0,920
7,62,1,standard,0.9,1.0,0.05,5000,1.0,1.0,96
7,63,1,standard,0.9,1.0,0.05,5000,1.0,1.0,744
7,64,1,standard,0.9,1.0,0.05,5000,1.0,1.0,604
7,65,1,standard,0.9,1.0,0.05,5000,1.0,1.0,15
7,66,1,standard,0.9,1.0,0.05,5000,1.0,1.0,380
7,67,1,standard,0.9,1.0,0.05,5000,1.0,1.0,1180
7,68,1,standard,0.9,1.0,0.05,5000,1.0,1.0,1892
7,69,1,standard,0.9,1.0,0.05,5000,1.0,1.0,502
7,70,1,standard,0.9,1.0,0.05,5000,1.0,1.0,376
7,71,1,standard,0.9,1.0,0.05,5000,1.0,1.0,736
7,72,1,standard,0.9,1.0,0.05,5000,1.0,1.0,392
7,73,1,standard,0.9,1.0,0.05,5000,1.0,1.0,68
7,74,1,standard,0.9,1.0,0.05,5000,1.0,1.0,1221
7,75,1,standard,0.9,1.0,0.05,5000,1.0,1.0,874
7,76,1,standard,0.9,1.0,0.05,5000,1.0,1.0,918
7,77,1,standard,0.9,1.0,0.05,5000,1.0,1.0,522
7,78,1,standard,0.9,1.0,0.05,5000,1.0,1.0,27
7,79,1,standard,0.9,1.0,0.05,5000,1.0,1.0,323
7,80,1,standard,0.9,1.0,0.05,5000,1.0,1.0,146
7,81,1,standard,0.9,1.0,0.05,5000,1.0,1.0,964
7,82,1,standard,0.9,1.0,0.05,5000,1.0,1.0,561
7,83,1,standard,0.9,1.0,0.05,5000,1.0,1.0,5
7,84,1,standard,0.9,1.0,0.05,5000,1.0,1.0,973
7,85,1,standard,0.9,1.0,0.05,5000,1.0,1.0,162
7,86,1,standard,0.9,1.0,0.05,5000,1.0,1.0,525
7,87,1,standard,0.9,1.0,0.05,5000,1.0,1.0,358
7,88,1,standard,0.9,1.0,0.05,5000,1.0,1.0,354
7,89,1,standard,0.9,1.0,0.05,5000,1.0,1.0,267
7,90,1,standard,0.9,1.0,0.05,5000,1.0,1.0,416
7,91,1,standard,0.9,1.0,0.05,5000,1.0,1.0,86
7,92,1,standard,0.9,1.0,0.05,5000,1.0,1.0,719
7,93,1,standard,0.9,1.0,0.05,5000,1.0,1.0,88
7,94,1,standard,0.9,1.0,0.05,5000,1.0,1.0,37
7,95,1,standard,0.9,1.0,0.05,5000,1.0,1.0,512
7,96,1,standard,0.9,1.0,0.05,5000,1.0,1.0,1423
7,97,1,standard,0.9,1.0,0.05,5000,1.0,1.0,184
7,98,1,standard,0.9,1.0,0.05,5000,1.0,1.0,236
7,99,1,standard,0.9,1.0,0.05,5000,1.0,1.0,254
7,100,1,standard,0.9,1.0,0.05,5000,1.0,1.0,246
7,1,1,standard,1.0,1.0,0.05,5000,1.0,1.0,
7,2,1,standard,1.0,1.0,0.05,5000,1.0,1.0,
7,3,1,standard,1.0,1.0,0.05,5000,1.0,1.0,
7,4,1,standard,1.0,1.0,0.05,5000,1.0,1.0,
7,5,1,standard,1.0,1.0,0.05,5000,1.0,1.0,
7,6,1,standard,1.0,1.0,0.05,5000,1.0,1.0,
7,7,1,standard,1.0,1.0,0.05,5000,1.0,1.0,
7,8,1,standard,1.0,1.0,0.05,5000,1.0,1.0,
7,9,1,standard,1.0,1.0,0.05,5000,1.0,1.0,
7,10,1,standard,1.0,1.0,0.05,5000,1.0,1.0,
7,11,1,standard,1.0,1.0,0.05,5000,1.0,1.0,
7,12,1,standard,1.0,1.0,0.05,5000,1.0,1.0,
7,13,1,standard,1.0,1.0,0.05,5000,1.0,1.0,
7,14,1,standard,1.0,1.0,0.05,5000,1.0,1.0,
7,15,1,standard,1.0,1.0,0.05,5000,1.0,1.0,
7,16,1,standard,1.0,1.0,0.05,5000,1.0,1.0,
7,17,1,standard,1.0,1.0,0.05,5000,1.0,1.0,
7,18,1,standard,1.0,1.0,0.05,5000,1.0,1.0,
7,19,1,standard,1.0,1.0,0.05,5000,1.0,1.0,
7,20,1,standard,1.0,1.0,0.05,5000,1.0,1.0,
7,21,1,standard,1.0,1.0,0.05,5000,1.0,1.0,
7,22,1,standard,1.0,1.0,0.05,5000,1.0,1.0,
7,23,1,standard,1.0,1.0,0.05,5000,1.0,1.0,
7,24,1,standard,1.0,1.0,0.05,5000,1.0,1.0,
7,25,1,standard,1.0,1.0,0.05,5000,1.0,1.0,
7,26,1,standard,1.0,1.0,0.05,5000,1.0,1.0,
7,27,1,standard,1.0,1.0,0.05,5000,1.0,1.0,
7,28,1,standard,1.0,1.0,0.05,5000,1.0,1.0,
7,29,1,standard,1.0,1.0,0.05,5000,1.0,1.0,
7,30,1,standard,1.0,1.0,0.05,5000,1.0,1.0,
7,31,1,standard,1.0,1.0,0.05,5000,1.0,1.0,
7,32,1,standard,1.0,1.0,0.05,5000,1.0,1.0,
7,33,1,standard,1.0,1.0,0.05,5000,1.0,1.0,
7,34,1,standard,1.0,1.0,0.05,5000,1.0,1.0,
7,35,1,standard,1.0,1.0,0.05,5000,1.0,1.0,
7,36,1,standard,1.0,1.0,0.05,5000,1.0,1.0,
7,37,1,standard,1.0,1.0,0.05,5000,1.0,1.0,
7,38,1,standard,1.0,1.0,0.05,5000,1.0,1.0,
7,39,1,standard,1.0,1.0,0.05,5000,1.0,1.0,
7,40,1,standard,1.0,1.0,0.05,5000,1.0,1.0,
7,41,1,standard,1.0,1.0,0.05,5000,1.0,1.0,
7,42,1,standard,1.0,1.0,0.05,5000,1.0,1.0,
7,43,1,standard,1.0,1.0,0.05,5000,1.0,1.0,
7,44,1,standard,1.0,1.0,0.05,5000,1.0,1.0,
7,45,1,standard,1.0,1.0,0.05,5000,1.0,1.0,
7,46,1,standard,1.0,1.0,0.05,5000,1.0,1.0,
7,47,1,standard,1.0,1.0,0.05,5000,1.0,1.0,
7,48,1,standard,1.0,1.0,0.05,5000,1.0,1.0,
7,49,1,standard,1.0,1.0,0.05,5000,1.0,1.0,
7,50,1,standard,1.0,1.0,0.05,5000,1.0,1.0,
7,51,1,standard,1.0,1.0,0.05,5000,1.0,1.0,
7,52,1,standard,1.0,1.0,0.05,5000,1.0,1.0,
7,53,1,standard,1.0,1.0,0.05,5000,1.0,1.0,
7,54,1,standard,1.0,1.0,0.05,5000,1.0,1.0,
7,55,1,standard,1.0,1.0,0.05,5000,1.0,1.0,
7,56,1,standard,1.0,1.0,0.05,5000,1.0,1.0,
7,57,1,standard,1.0,1.0,0.05,5000,1.0,1.0,
7,58,1,standard,1.0,1.0,0.05,5000,1.0,1.0,
7,59,1,standard,1.0,1.0,0.05,5000,1.0,1.0,
7,60,1,standard,1.0,1.0,0.05,5000,1.0,1.0,
7,61,1,standard,1.0,1.0,0.05,5000,1.0,1.0,
7,62,1,standard,1.0,1.0,0.05,5000,1.0,1.0,
7,63,1,standard,1.0,1.0,0.05,5000,1.0,1.0,
7,64,1,standard,1.0,1.0,0.05,5000,1.0,1.0,
7,65,1,standard,1.0,1.0,0.05,5000,1.0,1.0,
7,66,1,standard,1.0,1.0,0.05,5000,1.0,1.0,
7,67,1,standard,1.0,1.0,0.05,5000,1.0,1.0,
7,68,1,standard,1.0,1.0,0.05,5000,1.0,1.0,
7,69,1,standard,1.0,1.0,0.05,5000,1.0,1.0,
7,70,1,standard,1.0,1.0,0.05,5000,1.0,1.0,
7,71,1,standard,1.0,1.0,0.05,5000,1.0,1.0,
7,72,1,standard,1.0,1.0,0.05,5000,1.0,1.0,
7,73,1,standard,1.0,1.0,0.05,5000,1.0,1.0,
7,74,1,standard,1.0,1.0,0.05,5000,1.0,1.0,
7,75,1,standard,1.0,1.0,0.05,5000,1.0,1.0,
7,76,1,standard,1.0,1.0,0.05,5000,1.0,1.0,
7,77,1,standard,1.0,1.0,0.05,5000,1.0,1.0,
7,78,1,standard,1.0,1.0,0.05,5000,1.0,1.0,
7,79,1,standard,1.0,1.0,0.05,5000,1.0,1.0,
7,80,1,standard,1.0,1.0,0.05,5000,1.0,1.0,
7,81,1,standard,1.0,1.0,0.05,5000,1.0,1.0,
7,82,1,standard,1.0,1.0,0.05,5000,1.0,1.0,
7,83,1,standard,1.0,1.0,0.05,5000,1.0,1.0,
7,84,1,standard,1.0,1.0,0.05,5000,1.0,1.0,
7,85,1,standard,1.0,1.0,0.05,5000,1.0,1.0,
7,86,1,standard,1.0,1.0,0.05,5000,1.0,1.0,
7,87,1,standard,1.0,1.0,0.05,5000,1.0,1.0,
7,88,1,standard,1.0,1.0,0.05,5000,1.0,1.0,
7,89,1,standard,1.0,1.0,0.05,5000,1.0,1.0,
7,90,1,standard,1.0,1.0,0.05,5000,1.0,1.0,
7,91,1,standard,1.0,1.0,0.05,5000,1.0,1.0,
7,92,1,standard,1.0,1.0,0.05,5000,1.0,1.0,
7,93,1,standard,1.0,1.0,0.05,5000,1.0,1.0,
7,94,1,standard,1.0,1.0,0.05,5000,1.0,1.0,
7,95,1,standard,1.0,1.0,0.05,5000,1.0,1.0,
7,96,1,standard,1.0,1.0,0.05,5000,1.0,1.0,
7,97,1,standard,1.0,1.0,0.05,5000,1.0,1.0,
7,98,1,standard,1.0,1.0,0.05,5000,1.0,1.0,
7,99,1,standard,1.0,1.0,0.05,5000,1.0,1.0,
7,100,1,standard,1.0,1.0,0.05,5000,1.0,1.0,
8,1,1,standard,0.1,1.0,0.05,5000,1.0,1.0,21
8,2,1,standard,0.1,1.0,0.05,5000,1.0,1.0,28
8,3,1,standard,0.1,1.0,0.05,5000,1.0,1.0,39
8,4,1,standard,0.1,1.0,0.05,5000,1.0,1.0,22
8,5,1,standard,0.1,1.0,0.05,5000,1.0,1.0,35
8,6,1,standard,0.1,1.0,0.05,5000,1.0,1.0,40
8,7,1,standard,0.1,1.0,0.05,5000,1.0,1.0,43
8,8,1,standard,0.1,1.0,0.05,5000,1.0,1.0,31
8,9,1,standard,0.1,1.0,0.05,5000,1.0,1.0,21
8,10,1,standard,0.1,1.0,0.05,5000,1.0,1.0,42
8,11,1,standard,0.1,1.0,0.05,5000,1.0,1.0,40
8,12,1,standard,0.1,1.0,0.05,5000,1.0,1.0,31
8,13,1,standard,0.1,1.0,0.05,5000,1.0,1.0,23
8,14,1,standard,0.1,1.0,0.05,5000,1.0,1.0,41
8,15,1,standard,0.1,1.0,0.05,5000,1.0,1.0,35
8,16,1,standard,0.1,1.0,0.05,5000,1.0,1.0,31
8,17,1,standard,0.1,1.0,0.05,5000,1.0,1.0,27
8,18,1,standard,0.1,1.0,0.05,5000,1.0,1.0,34
8,19,1,standard,0.1,1.0,0.05,5000,1.0,1.0,19
8,20,1,standard,0.1,1.0,0.05,5000,1.0,1.0,44
8,21,1,standard,0.1,1.0,0.05,5000,1.0,1.0,45
8,22,1,standard,0.1,1.0,0.05,5000,1.0,1.0,38
8,23,1,standard,0.1,1.0,0.05,5000,1.0,1.0,30
8,24,1,standard,0.1,1.0,0.05,5000,1.0,1.0,36
8,25,1,standard,0.1,1.0,0.05,5000,1.0,1.0,32
8,26,1,standard,0.1,1.0,0.05,5000,1.0,1.0,35
8,27,1,standard,0.1,1.0,0.05,5000,1.0,1.0,53
8,28,1,standard,0.1,1.0,0.05,5000,1.0,1.0,24
8,29,1,standard,0.1,1.0,0.05,5000,1.0,1.0,18
8,30,1,standard,0.1,1.0,0.05,5000,1.0,1.0,60
8,31,1,standard,0.1,1.0,0.05,5000,1.0,1.0,29
8,32,1,standard,0.1,1.0,0.05,5000,1.0,1.0,26
8,33,1,standard,0.1,1.0,0.05,5000,1.0,1.0,45
8,34,1,standard,0.1,1.0,0.05,5000,1.0,1.0,66
8,35,1,standard,0.1,1.0,0.05,5000,1.0,1.0,44
8,36,1,standard,0.1,1.0,0.05,5000,1.0,1.0,35
8,37,1,standard,0.1,1.0,0.05,5000,1.0,1.0,45
8,38,1,standard,0.1,1.0,0.05,5000,1.0,1.0,31
8,39,1,standard,0.1,1.0,0.05,5000,1.0,1.0,29
8,40,1,standard,0.1,1.0,0.05,5000,1.0,1.0,35
8,41,1,standard,0.1,1.0,0.05,5000,1.0,1.0,40
8,42,1,standard,0.1,1.0,0.05,5000,1.0,1.0,21
8,43,1,standard,0.1,1.0,0.05,5000,1.0,1.0,37
8,44,1,standard,0.1,1.0,0.05,5000,1.0,1.0,54
8,45,1,standard,0.1,1.0,0.05,5000,1.0,1.0,42
8,46,1,standard,0.1,1.0,0.05,5000,1.0,1.0,34
8,47,1,standard,0.1,1.0,0.05,5000,1.0,1.0,29
8,48,1,standard,0.1,1.0,0.05,5000,1.0,1.0,43
8,49,1,standard,0.1,1.0,0.05,5000,1.0,1.0,29
8,50,1,standard,0.1,1.0,0.05,5000,1.0,1.0,32
8,51,1,standard,0.1,1.0,0.05,5000,1.0,1.0,31
8,52,1,standard,0.1,1.0,0.05,5000,1.0,1.0,28
8,53,1,standard,0.1,1.0,0.05,5000,1.0,1.0,35
8,54,1,standard,0.1,1.0,0.05,5000,1.0,1.0,18
8,55,1,standard,0.1,1.0,0.05,5000,1.0,1.0,29
8,56,1,standard,0.1,1.0,0.05,5000,1.0,1.0,44
8,57,1,standard,0.1,1.0,0.05,5000,1.0,1.0,62
8,58,1,standard,0.1,1.0,0.05,5000,1.0,1.0,20
8,59,1,standard,0.1,1.0,0.05,5000,1.0,1.0,70
8,60,1,standard,0.1,1.0,0.05,5000,1.0,1.0,63
8,61,1,standard,0.1,1.0,0.05,5000,1.0,1.0,13
8,62,1,standard,0.1,1.0,0.05,5000,1.0,1.0,40
8,63,1,standard,0.1,1.0,0.05,5000,1.0,1.0,17
8,64,1,standard,0.1,1.0,0.05,5000,1.0,1.0,35
8,65,1,standard,0.1,1.0,0.05,5000,1.0,1.0,31
8,66,1,standard,0.1,1.0,0.05,5000,1.0,1.0,36
8,67,1,standard,0.1,1.0,0.05,5000,1.0,1.0,32
8,68,1,standard,0.1,1.0,0.05,5000,1.0,1.0,39
8,69,1,standard,0.1,1.0,0.05,5000,1.0,1.0,49
8,70,1,standard,0.1,1.0,0.05,5000,1.0,1.0,36
8,71,1,standard,0.1,1.0,0.05,5000,1.0,1.0,39
8,72,1,standard,0.1,1.0,0.05,5000,1.0,1.0,30
8,73,1,standard,0.1,1.0,0.05,5000,1.0,1.0,53
8,74,1,standard,0.1,1.0,0.05,5000,1.0,1.0,39
8,75,1,standard,0.1,1.0,0.05,5000,1.0,1.0,36
8,76,1,standard,0.1,1.0,0.05,5000,1.0,1.0,27
8,77,1,standard,0.1,1.0,0.05,5000,1.0,1.0,25
8,78,1,standard,0.1,1.0,0.05,5000,1.0,1.0,24
8,79,1,standard,0.1,1.0,0.05,5000,1.0,1.0,24
8,80,1,standard,0.1,1.0,0.05,5000,1.0,1.0,37
8,81,1,standard,0.1,1.0,0.05,5000,1.0,1.0,24
8,82,1,standard,0.1,1.0,0.05,5000,1.0,1.0,30
8,83,1,standard,0.1,1.0,0.05,5000,1.0,1.0,66
8,84,1,standard,0.1,1.0,0.05,5000,1.0,1.0,25
8,85,1,standard,0.1,1.0,0.05,5000,1.0,1.0,32
8,86,1,standard,0.1,1.0,0.05,5000,1.0,1.0,36
8,87,1,standard,0.1,1.0,0.05,5000,1.0,1.0,36
8,88,1,standard,0.1,1.0,0.05,5000,1.0,1.0,30
8,89,1,standard,0.1,1.0,0.05,5000,1.0,1.0,26
8,90,1,standard,0.1,1.0,0.05,5000,1.0,1.0,41
8,91,1,standard,0.1,1.0,0.05,5000,1.0,1.0,29
8,92,1,standard,0.1,1.0,0.05,5000,1.0,1.0,23
8,93,1,standard,0.1,1.0,0.05,5000,1.0,1.0,35
8,94,1,standard,0.1,1.0,0.05,5000,1.0,1.0,27
8,95,1,standard,0.1,1.0,0.05,5000,1.0,1.0,25
8,96,1,standard,0.1,1.0,0.05,5000,1.0,1.0,47
8,97,1,standard,0.1,1.0,0.05,5000,1.0,1.0,31
8,98,1,standard,0.1,1.0,0.05,5000,1.0,1.0,39
8,99,1,standard,0.1,1.0,0.05,5000,1.0,1.0,54
8,100,1,standard,0.1,1.0,0.05,5000,1.0,1.0,49
8,1,1,standard,0.2,1.0,0.05,5000,1.0,1.0,14
8,2,1,standard,0.2,1.0,0.05,5000,1.0,1.0,19
8,3,1,standard,0.2,1.0,0.05,5000,1.0,1.0,18
8,4,1,standard,0.2,1.0,0.05,5000,1.0,1.0,17
8,5,1,standard,0.2,1.0,0.05,5000,1.0,1.0,18
8,6,1,standard,0.2,1.0,0.05,5000,1.0,1.0,29
8,7,1,standard,0.2,1.0,0.05,5000,1.0,1.0,19
8,8,1,standard,0.2,1.0,0.05,5000,1.0,1.0,25
8,9,1,standard,0.2,1.0,0.05,5000,1.0,1.0,15
8,10,1,standard,0.2,1.0,0.05,5000,1.0,1.0,11
8,11,1,standard,0.2,1.0,0.05,5000,1.0,1.0,16
8,12,1,standard,0.2,1.0,0.05,5000,1.0,1.0,24
8,13,1,standard,0.2,1.0,0.05,5000,1.0,1.0,17
8,14,1,standard,0.2,1.0,0.05,5000,1.0,1.0,17
8,15,1,standard,0.2,1.0,0.05,5000,1.0,1.0,36
8,16,1,standard,0.2,1.0,0.05,5000,1.0,1.0,23
8,17,1,standard,0.2,1.0,0.05,5000,1.0,1.0,27
8,18,1,standard,0.2,1.0,0.05,5000,1.0,1.0,16
8,19,1,standard,0.2,1.0,0.05,5000,1.0,1.0,9
8,20,1,standard,0.2,1.0,0.05,5000,1.0,1.0,16
8,21,1,standard,0.2,1.0,0.05,5000,1.0,1.0,19
8,22,1,standard,0.2,1.0,0.05,5000,1.0,1.0,23
8,23,1,standard,0.2,1.0,0.05,5000,1.0,1.0,11
8,24,1,standard,0.2,1.0,0.05,5000,1.0,1.0,21
8,25,1,standard,0.2,1.0,0.05,5000,1.0,1.0,18
8,26,1,standard,0.2,1.0,0.05,5000,1.0,1.0,32
8,27,1,standard,0.2,1.0,0.05,5000,1.0,1.0,19
8,28,1,standard,0.2,1.0,0.05,5000,1.0,1.0,17
8,29,1,standard,0.2,1.0,0.05,5000,1.0,1.0,18
8,30,1,standard,0.2,1.0,0.05,5000,1.0,1.0,17
8,31,1,standard,0.2,1.0,0.05,5000,1.0,1.0,24
8,32,1,standard,0.2,1.0,0.05,5000,1.0,1.0,19
8,33,1,standard,0.2,1.0,0.05,5000,1.0,1.0,20
8,34,1,standard,0.2,1.0,0.05,5000,1.0,1.0,18
8,35,1,standard,0.2,1.0,0.05,5000,1.0,1.0,11
8,36,1,standard,0.2,1.0,0.05,5000,1.0,1.0,35
8,37,1,standard,0.2,1.0,0.05,5000,1.0,1.0,27
8,38,1,standard,0.2,1.0,0.05,5000,1.0,1.0,13
8,39,1,standard,0.2,1.0,0.05,5000,1.0,1.0,12
8,40,1,standard,0.2,1.0,0.05,5000,1.0,1.0,25
8,41,1,standard,0.2,1.0,0.05,5000,1.0,1.0,17
8,42,1,standard,0.2,1.0,0.05,5000,1.0,1.0,16
8,43,1,standard,0.2,1.0,0.05,5000,1.0,1.0,18
8,44,1,standard,0.2,1.0,0.05,5000,1.0,1.0,29
8,45,1,standard,0.2,1.0,0.05,5000,1.0,1.0,22
8,46,1,standard,0.2,1.0,0.05,5000,1.0,1.0,17
8,47,1,standard,0.2,1.0,0.05,5000,1.0,1.0,10
8,48,1,standard,0.2,1.0,0.05,5000,1.0,1.0,17
8,49,1,standard,0.2,1.0,0.05,5000,1.0,1.0,27
8,50,1,standard,0.2,1.0,0.05,5000,1.0,1.0,11
8,51,1,standard,0.2,1.0,0.05,5000,1.0,1.0,12
8,52,1,standard,0.2,1.0,0.05,5000,1.0,1.0,15
8,53,1,standard,0.2,1.0,0.05,5000,1.0,1.0,16
8,54,1,standard,0.2,1.0,0.05,5000,1.0,1.0,29
8,55,1,standard,0.2,1.0,0.05,5000,1.0,1.0,9
8,56,1,standard,0.2,1.0,0.05,5000,1.0,1.0,14
8,57,1,standard,0.2,1.0,0.05,5000,1.0,1.0,15
8,58,1,standard,0.2,1.0,0.05,5000,1.0,1.0,19
8,59,1,standard,0.2,1.0,0.05,5000,1.0,1.0,12
8,60,1,standard,0.2,1.0,0.05,5000,1.0,1.0,18
8,61,1,standard,0.2,1.0,0.05,5000,1.0,1.0,17
8,62,1,standard,0.2,1.0,0.05,5000,1.0,1.0,16
8,63,1,standard,0.2,1.0,0.05,5000,1.0,1.0,19
8,64,1,standard,0.2,1.0,0.05,5000,1.0,1.0,9
8,65,1,standard,0.2,1.0,0.05,5000,1.0,1.0,12
8,66,1,standard,0.2,1.0,0.05,5000,1.0,1.0,21
8,67,1,standard,0.2,1.0,0.05,5000,1.0,1.0,18
8,68,1,standard,0.2,1.0,0.05,5000,1.0,1.0,22
8,69,1,standard,0.2,1.0,0.05,5000,1.0,1.0,14
8,70,1,standard,0.2,1.0,0.05,5000,1.0,1.0,36
8,71,1,standard,0.2,1.0,0.05,5000,1.0,1.0,19
8,72,1,standard,0.2,1.0,0.05,5000,1.0,1.0,17
8,73,1,standard,0.2,1.0,0.05,5000,1.0,1.0,7
8,74,1,standard,0.2,1.0,0.05,5000,1.0,1.0,11
8,75,1,standard,0.2,1.0,0.05,5000,1.0,1.0,13
8,76,1,standard,0.2,1.0,0.05,5000,1.0,1.0,14
8,77,1,standard,0.2,1.0,0.05,5000,1.0,1.0,18
8,78,1,standard,0.2,1.0,0.05,5000,1.0,1.0,6
8,79,1,standard,0.2,1.0,0.05,5000,1.0,1.0,13
8,80,1,standard,0.2,1.0,0.05,5000,1.0,1.0,21
8,81,1,standard,0.2,1.0,0.05,5000,1.0,1.0,15
8,82,1,standard,0.2,1.0,0.05,5000,1.0,1.0,20
8,83,1,standard,0.2,1.0,0.05,5000,1.0,1.0,17
8,84,1,standard,0.2,1.0,0.05,5000,1.0,1.0,25
8,85,1,standard,0.2,1.0,0.05,5000,1.0,1.0,15
8,86,1,standard,0.2,1.0,0.05,5000,1.0,1.0,16
8,87,1,standard,0.2,1.0,0.05,5000,1.0,1.0,9
8,88,1,standard,0.2,1.0,0.05,5000,1.0,1.0,14
8,89,1,standard,0.2,1.0,0.05,5000,1.0,1.0,23
8,90,1,standard,0.2,1.0,0.05,5000,1.0,1.0,15
8,91,1,standard,0.2,1.0,0.05,5000,1.0,1.0,21
8,92,1,standard,0.2,1.0,0.05,5000,1.0,1.0,16
8,93,1,standard,0.2,1.0,0.05,5000,1.0,1.0,26
8,94,1,standard,0.2,1.0,0.05,5000,1.0,1.0,24
8,95,1,standard,0.2,1.0,0.05,5000,1.0,1.0,15
8,96,1,standard,0.2,1.0,0.05,5000,1.0,1.0,14
8,97,1,standard,0.2,1.0,0.05,5000,1.0,1.0,9
8,98,1,standard,0.2,1.0,0.05,5000,1.0,1.0,15
8,99,1,standard,0.2,1.0,0.05,5000,1.0,1.0,13
8,100,1,standard,0.2,1.0,0.05,5000,1.0,1.0,26
8,1,1,standard,0.3,1.0,0.05,5000,1.0,1.0,6
8,2,1,standard,0.3,1.0,0.05,5000,1.0,1.0,9
8,3,1,standard,0.3,1.0,0.05,5000,1.0,1.0,15
8,4,1,standard,0.3,1.0,0.05,5000,1.0,1.0,20
8,5,1,standard,0.3,1.0,0.05,5000,1.0,1.0,9
8,6,1,standard,0.3,1.0,0.05,5000,1.0,1.0,8
8,7,1,standard,0.3,1.0,0.05,5000,1.0,1.0,14
8,8,1,standard,0.3,1.0,0.05,5000,1.0,1.0,11
8,9,1,standard,0.3,1.0,0.05,5000,1.0,1.0,20
8,10,1,standard,0.3,1.0,0.05,5000,1.0,1.0,20
8,11,1,standard,0.3,1.0,0.05,5000,1.0,1.0,14
8,12,1,standard,0.3,1.0,0.05,5000,1.0,1.0,14
8,13,1,standard,0.3,1.0,0.05,5000,1.0,1.0,13
8,14,1,standard,0.3,1.0,0.05,5000,1.0,1.0,11
8,15,1,standard,0.3,1.0,0.05,5000,1.0,1.0,17
8,16,1,standard,0.3,1.0,0.05,5000,1.0,1.0,13
8,17,1,standard,0.3,1.0,0.05,5000,1.0,1.0,14
8,18,1,standard,0.3,1.0,0.05,5000,1.0,1.0,9
8,19,1,standard,0.3,1.0,0.05,5000,1.0,1.0,10
8,20,1,standard,0.3,1.0,0.05,5000,1.0,1.0,14
8,21,1,standard,0.3,1.0,0.05,5000,1.0,1.0,15
8,22,1,standard,0.3,1.0,0.05,5000,1.0,1.0,12
8,23,1,standard,0.3,1.0,0.05,5000,1.0,1.0,15
8,24,1,standard,0.3,1.0,0.05,5000,1.0,1.0,10
8,25,1,standard,0.3,1.0,0.05,5000,1.0,1.0,22
8,26,1,standard,0.3,1.0,0.05,5000,1.0,1.0,11
8,27,1,standard,0.3,1.0,0.05,5000,1.0,1.0,15
8,28,1,standard,0.3,1.0,0.05,5000,1.0,1.0,9
8,29,1,standard,0.3,1.0,0.05,5000,1.0,1.0,14
8,30,1,standard,0.3,1.0,0.05,5000,1.0,1.0,13
8,31,1,standard,0.3,1.0,0.05,5000,1.0,1.0,27
8,32,1,standard,0.3,1.0,0.05,5000,1.0,1.0,17
8,33,1,standard,0.3,1.0,0.05,5000,1.0,1.0,11
8,34,1,standard,0.3,1.0,0.05,5000,1.0,1.0,10
8,35,1,standard,0.3,1.0,0.05,5000,1.0,1.0,9
8,36,1,standard,0.3,1.0,0.05,5000,1.0,1.0,15
8,37,1,standard,0.3,1.0,0.05,5000,1.0,1.0,15
8,38,1,standard,0.3,1.0,0.05,5000,1.0,1.0,16
8,39,1,standard,0.3,1.0,0.05,5000,1.0,1.0,7
8,40,1,standard,0.3,1.0,0.05,5000,1.0,1.0,14
8,41,1,standard,0.3,1.0,0.05,5000,1.0,1.0,14
8,42,1,standard,0.3,1.0,0.05,5000,1.0,1.0,17
8,43,1,standard,0.3,1.0,0.05,5000,1.0,1.0,13
8,44,1,standard,0.3,1.0,0.05,5000,1.0,1.0,12
8,45,1,standard,0.3,1.0,0.05,5000,1.0,1.0,14
8,46,1,standard,0.3,1.0,0.05,5000,1.0,1.0,8
8,47,1,standard,0.3,1.0,0.05,5000,1.0,1.0,10
8,48,1,standard,0.3,1.0,0.05,5000,1.0,1.0,17
8,49,1,standard,0.3,1.0,0.05,5000,1.0,1.0,23
8,50,1,standard,0.3,1.0,0.05,5000,1.0,1.0,13
8,51,1,standard,0.3,1.0,0.05,5000,1.0,1.0,13
8,52,1,standard,0.3,1.0,0.05,5000,1.0,1.0,9
8,53,1,standard,0.3,1.0,0.05,5000,1.0,1.0,17
8,54,1,standard,0.3,1.0,0.05,5000,1.0,1.0,15
8,55,1,standard,0.3,1.0,0.05,5000,1.0,1.0,17
8,56,1,standard,0.3,1.0,0.05,5000,1.0,1.0,20
8,57,1,standard,0.3,1.0,0.05,5000,1.0,1.0,19
8,58,1,standard,0.3,1.0,0.05,5000,1.0,1.0,10
8,59,1,standard,0.3,1.0,0.05,5000,1.0,1.0,17
8,60,1,standard,0.3,1.0,0.05,5000,1.0,1.0,9
8,61,1,standard,0.3,1.0,0.05,5000,1.0,1.0,8
8,62,1,standard,0.3,1.0,0.05,5000,1.0,1.0,11
8,63,1,standard,0.3,1.0,0.05,5000,1.0,1.0,14
8,64,1,standard,0.3,1.0,0.05,5000,1.0,1.0,12
8,65,1,standard,0.3,1.0,0.05,5000,1.0,1.0,17
8,66,1,standard,0.3,1.0,0.05,5000,1.0,1.0,9
8,67,1,standard,0.3,1.0,0.05,5000,1.0,1.0,8
8,68,1,standard,0.3,1.0,0.05,5000,1.0,1.0,14
8,69,1,standard,0.3,1.0,0.05,5000,1.0,1.0,7
8,70,1,standard,0.3,1.0,0.05,5000,1.0,1.0,23
8,71,1,standard,0.3,1.0,0.05,5000,1.0,1.0,18
8,72,1,standard,0.3,1.0,0.05,5000,1.0,1.0,13
8,73,1,standard,0.3,1.0,0.05,5000,1.0,1.0,10
8,74,1,standard,0.3,1.0,0.05,5000,1.0,1.0,10
8,75,1,standard,0.3,1.0,0.05,5000,1.0,1.0,16
8,76,1,standard,0.3,1.0,0.05,5000,1.0,1.0,16
8,77,1,standard,0.3,1.0,0.05,5000,1.0,1.0,22
8,78,1,standard,0.3,1.0,0.05,5000,1.0,1.0,14
8,79,1,standard,0.3,1.0,0.05,5000,1.0,1.0,12
8,80,1,standard,0.3,1.0,0.05,5000,1.0,1.0,12
8,81,1,standard,0.3,1.0,0.05,5000,1.0,1.0,11
8,82,1,standard,0.3,1.0,0.05,5000,1.0,1.0,10
8,83,1,standard,0.3,1.0,0.05,5000,1.0,1.0,21
8,84,1,standard,0.3,1.0,0.05,5000,1.0,1.0,16
8,85,1,standard,0.3,1.0,0.05,5000,1.0,1.0,13
8,86,1,standard,0.3,1.0,0.05,5000,1.0,1.0,19
8,87,1,standard,0.3,1.0,0.05,5000,1.0,1.0,11
8,88,1,standard,0.3,1.0,0.05,5000,1.0,1.0,12
8,89,1,standard,0.3,1.0,0.05,5000,1.0,1.0,16
8,90,1,standard,0.3,1.0,0.05,5000,1.0,1.0,15
8,91,1,standard,0.3,1.0,0.05,5000,1.0,1.0,8
8,92,1,standard,0.3,1.0,0.05,5000,1.0,1.0,5
8,93,1,standard,0.3,1.0,0.05,5000,1.0,1.0,18
8,94,1,standard,0.3,1.0,0.05,5000,1.0,1.0,15
8,95,1,standard,0.3,1.0,0.05,5000,1.0,1.0,17
8,96,1,standard,0.3,1.0,0.05,5000,1.0,1.0,13
8,97,1,standard,0.3,1.0,0.05,5000,1.0,1.0,7
8,98,1,standard,0.3,1.0,0.05,5000,1.0,1.0,17
8,99,1,standard,0.3,1.0,0.05,5000,1.0,1.0,15
8,100,1,standard,0.3,1.0,0.05,5000,1.0,1.0,9
8,1,1,standard,0.4,1.0,0.05,5000,1.0,1.0,13
8,2,1,standard,0.4,1.0,0.05,5000,1.0,1.0,12
8,3,1,standard,0.4,1.0,0.05,5000,1.0,1.0,13
8,4,1,standard,0.4,1.0,0.05,5000,1.0,1.0,10
8,5,1,standard,0.4,1.0,0.05,5000,1.0,1.0,12
8,6,1,standard,0.4,1.0,0.05,5000,1.0,1.0,9
8,7,1,standard,0.4,1.0,0.05,5000,1.0,1.0,14
8,8,1,standard,0.4,1.0,0.05,5000,1.0,1.0,9
8,9,1,standard,0.4,1.0,0.05,5000,1.0,1.0,16
8,10,1,standard,0.4,1.0,0.05,5000,1.0,1.0,7
8,11,1,standard,0.4,1.0,0.05,5000,1.0,1.0,10
8,12,1,standard,0.4,1.0,0.05,5000,1.0,1.0,12
8,13,1,standard,0.4,1.0,0.05,5000,1.0,1.0,14
8,14,1,standard,0.4,1.0,0.05,5000,1.0,1.0,10
8,15,1,standard,0.4,1.0,0.05,5000,1.0,1.0,17
8,16,1,standard,0.4,1.0,0.05,5000,1.0,1.0,11
8,17,1,standard,0.4,1.0,0.05,5000,1.0,1.0,10
8,18,1,standard,0.4,1.0,0.05,5000,1.0,1.0,11
8,19,1,standard,0.4,1.0,0.05,5000,1.0,1.0,15
8,20,1,standard,0.4,1.0,0.05,5000,1.0,1.0,15
8,21,1,standard,0.4,1.0,0.05,5000,1.0,1.0,12
8,22,1,standard,0.4,1.0,0.05,5000,1.0,1.0,10
8,23,1,standard,0.4,1.0,0.05,5000,1.0,1.0,9
8,24,1,standard,0.4,1.0,0.05,5000,1.0,1.0,10
8,25,1,standard,0.4,1.0,0.05,5000,1.0,1.0,18
8,26,1,standard,0.4,1.0,0.05,5000,1.0,1.0,9
8,27,1,standard,0.4,1.0,0.05,5000,1.0,1.0,12
8,28,1,standard,0.4,1.0,0.05,5000,1.0,1.0,7
8,29,1,standard,0.4,1.0,0.05,5000,1.0,1.0,16
8,30,1,standard,0.4,1.0,0.05,5000,1.0,1.0,12
8,31,1,standard,0.4,1.0,0.05,5000,1.0,1.0,12
8,32,1,standard,0.4,1.0,0.05,5000,1.0,1.0,14
8,33,1,standard,0.4,1.0,0.05,5000,1.0,1.0,12
8,34,1,standard,0.4,1.0,0.05,5000,1.0,1.0,9
8,35,1,standard,0.4,1.0,0.05,5000,1.0,1.0,6
8,36,1,standard,0.4,1.0,0.05,5000,1.0,1.0,13
8,37,1,standard,0.4,1.0,0.05,5000,1.0,1.0,7
8,38,1,standard,0.4,1.0,0.05,5000,1.0,1.0,16
8,39,1,standard,0.4,1.0,0.05,5000,1.0,1.0,6
8,40,1,standard,0.4,1.0,0.05,5000,1.0,1.0,16
8,41,1,standard,0.4,1.0,0.05,5000,1.0,1.0,14
8,42,1,standard,0.4,1.0,0.05,5000,1.0,1.0,16
8,43,1,standard,0.4,1.0,0.05,5000,1.0,1.0,16
8,44,1,standard,0.4,1.0,0.05,5000,1.0,1.0,21
8,45,1,standard,0.4,1.0,0.05,5000,1.0,1.0,11
8,46,1,standard,0.4,1.0,0.05,5000,1.0,1.0,20
8,47,1,standard,0.4,1.0,0.05,5000,1.0,1.0,6
8,48,1,standard,0.4,1.0,0.05,5000,1.0,1.0,16
8,49,1,standard,0.4,1.0,0.05,5000,1.0,1.0,16
8,50,1,standard,0.4,1.0,0.05,5000,1.0,1.0,10
8,51,1,standard,0.4,1.0,0.05,5000,1.0,1.0,10
8,52,1,standard,0.4,1.0,0.05,5000,1.0,1.0,13
8,53,1,standard,0.4,1.0,0.05,5000,1.0,1.0,8
8,54,1,standard,0.4,1.0,0.05,5000,1.0,1.0,11
8,55,1,standard,0.4,1.0,0.05,5000,1.0,1.0,7
8,56,1,standard,0.4,1.0,0.05,5000,1.0,1.0,9
8,57,1,standard,0.4,1.0,0.05,5000,1.0,1.0,11
8,58,1,standard,0.4,1.0,0.05,5000,1.0,1.0,10
8,59,1,standard,0.4,1.0,0.05,5000,1.0,1.0,14
8,60,1,standard,0.4,1.0,0.05,5000,1.0,1.0,9
8,61,1,standard,0.4,1.0,0.05,5000,1.0,1.0,17
8,62,1,standard,0.4,1.0,0.05,5000,1.0,1.0,11
8,63,1,standard,0.4,1.0,0.05,5000,1.0,1.0,15
8,64,1,standard,0.4,1.0,0.05,5000,1.0,1.0,13
8,65,1,standard,0.4,1.0,0.05,5000,1.0,1.0,12
8,66,1,standard,0.4,1.0,0.05,5000,1.0,1.0,12
8,67,1,standard,0.4,1.0,0.05,5000,1.0,1.0,11
8,68,1,standard,0.4,1.0,0.05,5000,1.0,1.0,11
8,69,1,standard,0.4,1.0,0.05,5000,1.0,1.0,12
8,70,1,standard,0.4,1.0,0.05,5000,1.0,1.0,13
8,71,1,standard,0.4,1.0,0.05,5000,1.0,1.0,10
8,72,1,standard,0.4,1.0,0.05,5000,1.0,1.0,18
8,73,1,standard,0.4,1.0,0.05,5000,1.0,1.0,6
8,74,1,standard,0.4,1.0,0.05,5000,1.0,1.0,10
8,75,1,standard,0.4,1.0,0.05,5000,1.0,1.0,20
8,76,1,standard,0.4,1.0,0.05,5000,1.0,1.0,12
8,77,1,standard,0.4,1.0,0.05,5000,1.0,1.0,14
8,78,1,standard,0.4,1.0,0.05,5000,1.0,1.0,7
8,79,1,standard,0.4,1.0,0.05,5000,1.0,1.0,12
8,80,1,standard,0.4,1.0,0.05,5000,1.0,1.0,18
8,81,1,standard,0.4,1.0,0.05,5000,1.0,1.0,12
8,82,1,standard,0.4,1.0,0.05,5000,1.0,1.0,12
8,83,1,standard,0.4,1.0,0.05,5000,1.0,1.0,10
8,84,1,standard,0.4,1.0,0.05,5000,1.0,1.0,9
8,85,1,standard,0.4,1.0,0.05,5000,1.0,1.0,19
8,86,1,standard,0.4,1.0,0.05,5000,1.0,1.0,16
8,87,1,standard,0.4,1.0,0.05,5000,1.0,1.0,24
8,88,1,standard,0.4,1.0,0.05,5000,1.0,1.0,15
8,89,1,standard,0.4,1.0,0.05,5000,1.0,1.0,6
8,90,1,standard,0.4,1.0,0.05,5000,1.0,1.0,18
8,91,1,standard,0.4,1.0,0.05,5000,1.0,1.0,11
8,92,1,standard,0.4,1.0,0.05,5000,1.0,1.0,11
8,93,1,standard,0.4,1.0,0.05,5000,1.0,1.0,12
8,94,1,standard,0.4,1.0,0.05,5000,1.0,1.0,12
8,95,1,standard,0.4,1.0,0.05,5000,1.0,1.0,14
8,96,1,standard,0.4,1.0,0.05,5000,1.0,1.0,17
8,97,1,standard,0.4,1.0,0.05,5000,1.0,1.0,9
8,98,1,standard,0.4,1.0,0.05,5000,1.0,1.0,10
8,99,1,standard,0.4,1.0,0.05,5000,1.0,1.0,8
8,100,1,standard,0.4,1.0,0.05,5000,1.0,1.0,13
8,1,1,standard,0.5,1.0,0.05,5000,1.0,1.0,16
8,2,1,standard,0.5,1.0,0.05,5000,1.0,1.0,11
8,3,1,standard,0.5,1.0,0.05,5000,1.0,1.0,15
8,4,1,standard,0.5,1.0,0.05,5000,1.0,1.0,9
8,5,1,standard,0.5,1.0,0.05,5000,1.0,1.0,7
8,6,1,standard,0.5,1.0,0.05,5000,1.0,1.0,9
8,7,1,standard,0.5,1.0,0.05,5000,1.0,1.0,8
8,8,1,standard,0.5,1.0,0.05,5000,1.0,1.0,12
8,9,1,standard,0.5,1.0,0.05,5000,1.0,1.0,12
8,10,1,standard,0.5,1.0,0.05,5000,1.0,1.0,9
8,11,1,standard,0.5,1.0,0.05,5000,1.0,1.0,18
8,12,1,standard,0.5,1.0,0.05,5000,1.0,1.0,12
8,13,1,standard,0.5,1.0,0.05,5000,1.0,1.0,30
8,14,1,standard,0.5,1.0,0.05,5000,1.0,1.0,22
8,15,1,standard,0.5,1.0,0.05,5000,1.0,1.0,8
8,16,1,standard,0.5,1.0,0.05,5000,1.0,1.0,14
8,17,1,standard,0.5,1.0,0.05,5000,1.0,1.0,9
8,18,1,standard,0.5,1.0,0.05,5000,1.0,1.0,22
8,19,1,standard,0.5,1.0,0.05,5000,1.0,1.0,17
8,20,1,standard,0.5,1.0,0.05,5000,1.0,1.0,10
8,21,1,standard,0.5,1.0,0.05,5000,1.0,1.0,18
8,22,1,standard,0.5,1.0,0.05,5000,1.0,1.0,8
8,23,1,standard,0.5,1.0,0.05,5000,1.0,1.0,8
8,24,1,standard,0.5,1.0,0.05,5000,1.0,1.0,12
8,25,1,standard,0.5,1.0,0.05,5000,1.0,1.0,10
8,26,1,standard,0.5,1.0,0.05,5000,1.0,1.0,10
8,27,1,standard,0.5,1.0,0.05,5000,1.0,1.0,10
8,28,1,standard,0.5,1.0,0.05,5000,1.0,1.0,13
8,29,1,standard,0.5,1.0,0.05,5000,1.0,1.0,16
8,30,1,standard,0.5,1.0,0.05,5000,1.0,1.0,11
8,31,1,standard,0.5,1.0,0.05,5000,1.0,1.0,6
8,32,1,standard,0.5,1.0,0.05,5000,1.0,1.0,21
8,33,1,standard,0.5,1.0,0.05,5000,1.0,1.0,17
8,34,1,standard,0.5,1.0,0.05,5000,1.0,1.0,18
8,35,1,standard,0.5,1.0,0.05,5000,1.0,1.0,13
8,36,1,standard,0.5,1.0,0.05,5000,1.0,1.0,17
8,37,1,standard,0.5,1.0,0.05,5000,1.0,1.0,15
8,38,1,standard,0.5,1.0,0.05,5000,1.0,1.0,26
8,39,1,standard,0.5,1.0,0.05,5000,1.0,1.0,17
8,40,1,standard,0.5,1.0,0.05,5000,1.0,1.0,10
8,41,1,standard,0.5,1.0,0.05,5000,1.0,1.0,14
8,42,1,standard,0.5,1.0,0.05,5000,1.0,1.0,10
8,43,1,standard,0.5,1.0,0.05,5000,1.0,1.0,12
8,44,1,standard,0.5,1.0,0.05,5000,1.0,1.0,15
8,45,1,standard,0.5,1.0,0.05,5000,1.0,1.0,13
8,46,1,standard,0.5,1.0,0.05,5000,1.0,1.0,6
8,47,1,standard,0.5,1.0,0.05,5000,1.0,1.0,9
8,48,1,standard,0.5,1.0,0.05,5000,1.0,1.0,8
8,49,1,standard,0.5,1.0,0.05,5000,1.0,1.0,10
8,50,1,standard,0.5,1.0,0.05,5000,1.0,1.0,11
8,51,1,standard,0.5,1.0,0.05,5000,1.0,1.0,9
8,52,1,standard,0.5,1.0,0.05,5000,1.0,1.0,10
8,53,1,standard,0.5,1.0,0.05,5000,1.0,1.0,21
8,54,1,standard,0.5,1.0,0.05,5000,1.0,1.0,14
8,55,1,standard,0.5,1.0,0.05,5000,1.0,1.0,18
8,56,1,standard,0.5,1.0,0.05,5000,1.0,1.0,11
8,57,1,standard,0.5,1.0,0.05,5000,1.0,1.0,13
8,58,1,standard,0.5,1.0,0.05,5000,1.0,1.0,15
8,59,1,standard,0.5,1.0,0.05,5000,1.0,1.0,10
8,60,1,standard,0.5,1.0,0.05,5000,1.0,1.0,11
8,61,1,standard,0.5,1.0,0.05,5000,1.0,1.0,9
8,62,1,standard,0.5,1.0,0.05,5000,1.0,1.0,10
8,63,1,standard,0.5,1.0,0.05,5000,1.0,1.0,25
8,64,1,standard,0.5,1.0,0.05,5000,1.0,1.0,10
8,65,1,standard,0.5,1.0,0.05,5000,1.0,1.0,8
8,66,1,standard,0.5,1.0,0.05,5000,1.0,1.0,18
8,67,1,standard,0.5,1.0,0.05,5000,1.0,1.0,14
8,68,1,standard,0.5,1.0,0.05,5000,1.0,1.0,6
8,69,1,standard,0.5,1.0,0.05,5000,1.0,1.0,10
8,70,1,standard,0.5,1.0,0.05,5000,1.0,1.0,13
8,71,1,standard,0.5,1.0,0.05,5000,1.0,1.0,9
8,72,1,standard,0.5,1.0,0.05,5000,1.0,1.0,6
8,73,1,standard,0.5,1.0,0.05,5000,1.0,1.0,9
8,74,1,standard,0.5,1.0,0.05,5000,1.0,1.0,9
8,75,1,standard,0.5,1.0,0.05,5000,1.0,1.0,17
8,76,1,standard,0.5,1.0,0.05,5000,1.0,1.0,6
8,77,1,standard,0.5,1.0,0.05,5000,1.0,1.0,7
8,78,1,standard,0.5,1.0,0.05,5000,1.0,1.0,17
8,79,1,standard,0.5,1.0,0.05,5000,1.0,1.0,5
8,80,1,standard,0.5,1.0,0.05,5000,1.0,1.0,15
8,81,1,standard,0.5,1.0,0.05,5000,1.0,1.0,5
8,82,1,standard,0.5,1.0,0.05,5000,1.0,1.0,8
8,83,1,standard,0.5,1.0,0.05,5000,1.0,1.0,13
8,84,1,standard,0.5,1.0,0.05,5000,1.0,1.0,7
8,85,1,standard,0.5,1.0,0.05,5000,1.0,1.0,10
8,86,1,standard,0.5,1.0,0.05,5000,1.0,1.0,19
8,87,1,standard,0.5,1.0,0.05,5000,1.0,1.0,14
8,88,1,standard,0.5,1.0,0.05,5000,1.0,1.0,14
8,89,1,standard,0.5,1.0,0.05,5000,1.0,1.0,11
8,90,1,standard,0.5,1.0,0.05,5000,1.0,1.0,13
8,91,1,standard,0.5,1.0,0.05,5000,1.0,1.0,7
8,92,1,standard,0.5,1.0,0.05,5000,1.0,1.0,14
8,93,1,standard,0.5,1.0,0.05,5000,1.0,1.0,15
8,94,1,standard,0.5,1.0,0.05,5000,1.0,1.0,8
8,95,1,standard,0.5,1.0,0.05,5000,1.0,1.0,13
8,96,1,standard,0.5,1.0,0.05,5000,1.0,1.0,10
8,97,1,standard,0.5,1.0,0.05,5000,1.0,1.0,7
8,98,1,standard,0.5,1.0,0.05,5000,1.0,1.0,12
8,99,1,standard,0.5,1.0,0.05,5000,1.0,1.0,20
8,100,1,standard,0.5,1.0,0.05,5000,1.0,1.0,17
8,1,1,standard,0.6,1.0,0.05,5000,1.0,1.0,7
8,2,1,standard,0.6,1.0,0.05,5000,1.0,1.0,10
8,3,1,standard,0.6,1.0,0.05,5000,1.0,1.0,14
8,4,1,standard,0.6,1.0,0.05,5000,1.0,1.0,6
8,5,1,standard,0.6,1.0,0.05,5000,1.0,1.0,29
8,6,1,standard,0.6,1.0,0.05,5000,1.0,1.0,37
8,7,1,standard,0.6,1.0,0.05,5000,1.0,1.0,20
8,8,1,standard,0.6,1.0,0.05,5000,1.0,1.0,7
8,9,1,standard,0.6,1.0,0.05,5000,1.0,1.0,20
8,10,1,standard,0.6,1.0,0.05,5000,1.0,1.0,12
8,11,1,standard,0.6,1.0,0.05,5000,1.0,1.0,30
8,12,1,standard,0.6,1.0,0.05,5000,1.0,1.0,8
8,13,1,standard,0.6,1.0,0.05,5000,1.0,1.0,10
8,14,1,standard,0.6,1.0,0.05,5000,1.0,1.0,40
8,15,1,standard,0.6,1.0,0.05,5000,1.0,1.0,19
8,16,1,standard,0.6,1.0,0.05,5000,1.0,1.0,23
8,17,1,standard,0.6,1.0,0.05,5000,1.0,1.0,8
8,18,1,standard,0.6,1.0,0.05,5000,1.0,1.0,7
8,19,1,standard,0.6,1.0,0.05,5000,1.0,1.0,9
8,20,1,standard,0.6,1.0,0.05,5000,1.0,1.0,13
8,21,1,standard,0.6,1.0,0.05,5000,1.0,1.0,10
8,22,1,standard,0.6,1.0,0.05,5000,1.0,1.0,33
8,23,1,standard,0.6,1.0,0.05,5000,1.0,1.0,21
8,24,1,standard,0.6,1.0,0.05,5000,1.0,1.0,23
8,25,1,standard,0.6,1.0,0.05,5000,1.0,1.0,10
8,26,1,standard,0.6,1.0,0.05,5000,1.0,1.0,10
8,27,1,standard,0.6,1.0,0.05,5000,1.0,1.0,9
8,28,1,standard,0.6,1.0,0.05,5000,1.0,1.0,8
8,29,1,standard,0.6,1.0,0.05,5000,1.0,1.0,14
8,30,1,standard,0.6,1.0,0.05,5000,1.0,1.0,27
8,31,1,standard,0.6,1.0,0.05,5000,1.0,1.0,14
8,32,1,standard,0.6,1.0,0.05,5000,1.0,1.0,18
8,33,1,standard,0.6,1.0,0.05,5000,1.0,1.0,13
8,34,1,standard,0.6,1.0,0.05,5000,1.0,1.0,26
8,35,1,standard,0.6,1.0,0.05,5000,1.0,1.0,9
8,36,1,standard,0.6,1.0,0.05,5000,1.0,1.0,13
8,37,1,standard,0.6,1.0,0.05,5000,1.0,1.0,21
8,38,1,standard,0.6,1.0,0.05,5000,1.0,1.0,7
8,39,1,standard,0.6,1.0,0.05,5000,1.0,1.0,8
8,40,1,standard,0.6,1.0,0.05,5000,1.0,1.0,38
8,41,1,standard,0.6,1.0,0.05,5000,1.0,1.0,32
8,42,1,standard,0.6,1.0,0.05,5000,1.0,1.0,13
8,43,1,standard,0.6,1.0,0.05,5000,1.0,1.0,14
8,44,1,standard,0.6,1.0,0.05,5000,1.0,1.0,11
8,45,1,standard,0.6,1.0,0.05,5000,1.0,1.0,25
8,46,1,standard,0.6,1.0,0.05,5000,1.0,1.0,15
8,47,1,standard,0.6,1.0,0.05,5000,1.0,1.0,22
8,48,1,standard,0.6,1.0,0.05,5000,1.0,1.0,18
8,49,1,standard,0.6,1.0,0.05,5000,1.0,1.0,14
8,50,1,standard,0.6,1.0,0.05,5000,1.0,1.0,39
8,51,1,standard,0.6,1.0,0.05,5000,1.0,1.0,8
8,52,1,standard,0.6,1.0,0.05,5000,1.0,1.0,42
8,53,1,standard,0.6,1.0,0.05,5000,1.0,1.0,38
8,54,1,standard,0.6,1.0,0.05,5000,1.0,1.0,9
8,55,1,standard,0.6,1.0,0.05,5000,1.0,1.0,21
8,56,1,standard,0.6,1.0,0.05,5000,1.0,1.0,46
8,57,1,standard,0.6,1.0,0.05,5000,1.0,1.0,11
8,58,1,standard,0.6,1.0,0.05,5000,1.0,1.0,10
8,59,1,standard,0.6,1.0,0.05,5000,1.0,1.0,9
8,60,1,standard,0.6,1.0,0.05,5000,1.0,1.0,4
8,61,1,standard,0.6,1.0,0.05,5000,1.0,1.0,40
8,62,1,standard,0.6,1.0,0.05,5000,1.0,1.0,6
8,63,1,standard,0.6,1.0,0.05,5000,1.0,1.0,17
8,64,1,standard,0.6,1.0,0.05,5000,1.0,1.0,14
8,65,1,standard,0.6,1.0,0.05,5000,1.0,1.0,18
8,66,1,standard,0.6,1.0,0.05,5000,1.0,1.0,20
8,67,1,standard,0.6,1.0,0.05,5000,1.0,1.0,38
8,68,1,standard,0.6,1.0,0.05,5000,1.0,1.0,23
8,69,1,standard,0.6,1.0,0.05,5000,1.0,1.0,24
8,70,1,standard,0.6,1.0,0.05,5000,1.0,1.0,33
8,71,1,standard,0.6,1.0,0.05,5000,1.0,1.0,12
8,72,1,standard,0.6,1.0,0.05,5000,1.0,1.0,23
8,73,1,standard,0.6,1.0,0.05,5000,1.0,1.0,5
8,74,1,standard,0.6,1.0,0.05,5000,1.0,1.0,21
8,75,1,standard,0.6,1.0,0.05,5000,1.0,1.0,18
8,76,1,standard,0.6,1.0,0.05,5000,1.0,1.0,49
8,77,1,standard,0.6,1.0,0.05,5000,1.0,1.0,10
8,78,1,standard,0.6,1.0,0.05,5000,1.0,1.0,4
8,79,1,standard,0.6,1.0,0.05,5000,1.0,1.0,27
8,80,1,standard,0.6,1.0,0.05,5000,1.0,1.0,14
8,81,1,standard,0.6,1.0,0.05,5000,1.0,1.0,22
8,82,1,standard,0.6,1.0,0.05,5000,1.0,1.0,34
8,83,1,standard,0.6,1.0,0.05,5000,1.0,1.0,10
8,84,1,standard,0.6,1.0,0.05,5000,1.0,1.0,13
8,85,1,standard,0.6,1.0,0.05,5000,1.0,1.0,20
8,86,1,standard,0.6,1.0,0.05,5000,1.0,1.0,10
8,87,1,standard,0.6,1.0,0.05,5000,1.0,1.0,22
8,88,1,standard,0.6,1.0,0.05,5000,1.0,1.0,22
8,89,1,standard,0.6,1.0,0.05,5000,1.0,1.0,9
8,90,1,standard,0.6,1.0,0.05,5000,1.0,1.0,14
8,91,1,standard,0.6,1.0,0.05,5000,1.0,1.0,34
8,92,1,standard,0.6,1.0,0.05,5000,1.0,1.0,19
8,93,1,standard,0.6,1.0,0.05,5000,1.0,1.0,21
8,94,1,standard,0.6,1.0,0.05,5000,1.0,1.0,38
8,95,1,standard,0.6,1.0,0.05,5000,1.0,1.0,9
8,96,1,standard,0.6,1.0,0.05,5000,1.0,1.0,7
8,97,1,standard,0.6,1.0,0.05,5000,1.0,1.0,25
8,98,1,standard,0.6,1.0,0.05,5000,1.0,1.0,10
8,99,1,standard,0.6,1.0,0.05,5000,1.0,1.0,20
8,100,1,standard,0.6,1.0,0.05,5000,1.0,1.0,12
8,1,1,standard,0.7,1.0,0.05,5000,1.0,1.0,4
8,2,1,standard,0.7,1.0,0.05,5000,1.0,1.0,15
8,3,1,standard,0.7,1.0,0.05,5000,1.0,1.0,66
8,4,1,standard,0.7,1.0,0.05,5000,1.0,1.0,10
8,5,1,standard,0.7,1.0,0.05,5000,1.0,1.0,15
8,6,1,standard,0.7,1.0,0.05,5000,1.0,1.0,72
8,7,1,standard,0.7,1.0,0.05,5000,1.0,1.0,8
8,8,1,standard,0.7,1.0,0.05,5000,1.0,1.0,28
8,9,1,standard,0.7,1.0,0.05,5000,1.0,1.0,45
8,10,1,standard,0.7,1.0,0.05,5000,1.0,1.0,22
8,11,1,standard,0.7,1.0,0.05,5000,1.0,1.0,28
8,12,1,standard,0.7,1.0,0.05,5000,1.0,1.0,5
8,13,1,standard,0.7,1.0,0.05,5000,1.0,1.0,25
8,14,1,standard,0.7,1.0,0.05,5000,1.0,1.0,62
8,15,1,standard,0.7,1.0,0.05,5000,1.0,1.0,74
8,16,1,standard,0.7,1.0,0.05,5000,1.0,1.0,20
8,17,1,standard,0.7,1.0,0.05,5000,1.0,1.0,48
8,18,1,standard,0.7,1.0,0.05,5000,1.0,1.0,19
8,19,1,standard,0.7,1.0,0.05,5000,1.0,1.0,63
8,20,1,standard,0.7,1.0,0.05,5000,1.0,1.0,11
8,21,1,standard,0.7,1.0,0.05,5000,1.0,1.0,32
8,22,1,standard,0.7,1.0,0.05,5000,1.0,1.0,7
8,23,1,standard,0.7,1.0,0.05,5000,1.0,1.0,64
8,24,1,standard,0.7,1.0,0.05,5000,1.0,1.0,11
8,25,1,standard,0.7,1.0,0.05,5000,1.0,1.0,17
8,26,1,standard,0.7,1.0,0.05,5000,1.0,1.0,102
8,27,1,standard,0.7,1.0,0.05,5000,1.0,1.0,21
8,28,1,standard,0.7,1.0,0.05,5000,1.0,1.0,44
8,29,1,standard,0.7,1.0,0.05,5000,1.0,1.0,62
8,30,1,standard,0.7,1.0,0.05,5000,1.0,1.0,9
8,31,1,standard,0.7,1.0,0.05,5000,1.0,1.0,36
8,32,1,standard,0.7,1.0,0.05,5000,1.0,1.0,12
8,33,1,standard,0.7,1.0,0.05,5000,1.0,1.0,31
8,34,1,standard,0.7,1.0,0.05,5000,1.0,1.0,67
8,35,1,standard,0.7,1.0,0.05,5000,1.0,1.0,32
8,36,1,standard,0.7,1.0,0.05,5000,1.0,1.0,18
8,37,1,standard,0.7,1.0,0.05,5000,1.0,1.0,107
8,38,1,standard,0.7,1.0,0.05,5000,1.0,1.0,61
8,39,1,standard,0.7,1.0,0.05,5000,1.0,1.0,13
8,40,1,standard,0.7,1.0,0.05,5000,1.0,1.0,5
8,41,1,standard,0.7,1.0,0.05,5000,1.0,1.0,170
8,42,1,standard,0.7,1.0,0.05,5000,1.0,1.0,75
8,43,1,standard,0.7,1.0,0.05,5000,1.0,1.0,6
8,44,1,standard,0.7,1.0,0.05,5000,1.0,1.0,138
8,45,1,standard,0.7,1.0,0.05,5000,1.0,1.0,6
8,46,1,standard,0.7,1.0,0.05,5000,1.0,1.0,49
8,47,1,standard,0.7,1.0,0.05,5000,1.0,1.0,59
8,48,1,standard,0.7,1.0,0.05,5000,1.0,1.0,5
8,49,1,standard,0.7,1.0,0.05,5000,1.0,1.0,51
8,50,1,standard,0.7,1.0,0.05,5000,1.0,1.0,72
8,51,1,standard,0.7,1.0,0.05,5000,1.0,1.0,22
8,52,1,standard,0.7,1.0,0.05,5000,1.0,1.0,13
8,53,1,standard,0.7,1.0,0.05,5000,1.0,1.0,23
8,54,1,standard,0.7,1.0,0.05,5000,1.0,1.0,31
8,55,1,standard,0.7,1.0,0.05,5000,1.0,1.0,43
8,56,1,standard,0.7,1.0,0.05,5000,1.0,1.0,9
8,57,1,standard,0.7,1.0,0.05,5000,1.0,1.0,42
8,58,1,standard,0.7,1.0,0.05,5000,1.0,1.0,24
8,59,1,standard,0.7,1.0,0.05,5000,1.0,1.0,19
8,60,1,standard,0.7,1.0,0.05,5000,1.0,1.0,36
8,61,1,standard,0.7,1.0,0.05,5000,1.0,1.0,52
8,62,1,standard,0.7,1.0,0.05,5000,1.0,1.0,7
8,63,1,standard,0.7,1.0,0.05,5000,1.0,1.0,52
8,64,1,standard,0.7,1.0,0.05,5000,1.0,1.0,6
8,65,1,standard,0.7,1.0,0.05,5000,1.0,1.0,15
8,66,1,standard,0.7,1.0,0.05,5000,1.0,1.0,16
8,67,1,standard,0.7,1.0,0.05,5000,1.0,1.0,43
8,68,1,standard,0.7,1.0,0.05,5000,1.0,1.0,8
8,69,1,standard,0.7,1.0,0.05,5000,1.0,1.0,66
8,70,1,standard,0.7,1.0,0.05,5000,1.0,1.0,41
8,71,1,standard,0.7,1.0,0.05,5000,1.0,1.0,14
8,72,1,standard,0.7,1.0,0.05,5000,1.0,1.0,27
8,73,1,standard,0.7,1.0,0.05,5000,1.0,1.0,6
8,74,1,standard,0.7,1.0,0.05,5000,1.0,1.0,32
8,75,1,standard,0.7,1.0,0.05,5000,1.0,1.0,20
8,76,1,standard,0.7,1.0,0.05,5000,1.0,1.0,9
8,77,1,standard,0.7,1.0,0.05,5000,1.0,1.0,13
8,78,1,standard,0.7,1.0,0.05,5000,1.0,1.0,16
8,79,1,standard,0.7,1.0,0.05,5000,1.0,1.0,17
8,80,1,standard,0.7,1.0,0.05,5000,1.0,1.0,8
8,81,1,standard,0.7,1.0,0.05,5000,1.0,1.0,10
8,82,1,standard,0.7,1.0,0.05,5000,1.0,1.0,40
8,83,1,standard,0.7,1.0,0.05,5000,1.0,1.0,81
8,84,1,standard,0.7,1.0,0.05,5000,1.0,1.0,7
8,85,1,standard,0.7,1.0,0.05,5000,1.0,1.0,149
8,86,1,standard,0.7,1.0,0.05,5000,1.0,1.0,34
8,87,1,standard,0.7,1.0,0.05,5000,1.0,1.0,8
8,88,1,standard,0.7,1.0,0.05,5000,1.0,1.0,8
8,89,1,standard,0.7,1.0,0.05,5000,1.0,1.0,6
8,90,1,standard,0.7,1.0,0.05,5000,1.0,1.0,33
8,91,1,standard,0.7,1.0,0.05,5000,1.0,1.0,61
8,92,1,standard,0.7,1.0,0.05,5000,1.0,1.0,9
8,93,1,standard,0.7,1.0,0.05,5000,1.0,1.0,20
8,94,1,standard,0.7,1.0,0.05,5000,1.0,1.0,34
8,95,1,standard,0.7,1.0,0.05,5000,1.0,1.0,28
8,96,1,standard,0.7,1.0,0.05,5000,1.0,1.0,45
8,97,1,standard,0.7,1.0,0.05,5000,1.0,1.0,46
8,98,1,standard,0.7,1.0,0.05,5000,1.0,1.0,35
8,99,1,standard,0.7,1.0,0.05,5000,1.0,1.0,10
8,100,1,standard,0.7,1.0,0.05,5000,1.0,1.0,6
8,1,1,standard,0.8,1.0,0.05,5000,1.0,1.0,149
8,2,1,standard,0.8,1.0,0.05,5000,1.0,1.0,153
8,3,1,standard,0.8,1.0,0.05,5000,1.0,1.0,65
8,4,1,standard,0.8,1.0,0.05,5000,1.0,1.0,159
8,5,1,standard,0.8,1.0,0.05,5000,1.0,1.0,7
8,6,1,standard,0.8,1.0,0.05,5000,1.0,1.0,199
8,7,1,standard,0.8,1.0,0.05,5000,1.0,1.0,47
8,8,1,standard,0.8,1.0,0.05,5000,1.0,1.0,75
8,9,1,standard,0.8,1.0,0.05,5000,1.0,1.0,13
8,10,1,standard,0.8,1.0,0.05,5000,1.0,1.0,43
8,11,1,standard,0.8,1.0,0.05,5000,1.0,1.0,40
8,12,1,standard,0.8,1.0,0.05,5000,1.0,1.0,4
8,13,1,standard,0.8,1.0,0.05,5000,1.0,1.0,8
8,14,1,standard,0.8,1.0,0.05,5000,1.0,1.0,6
8,15,1,standard,0.8,1.0,0.05,5000,1.0,1.0,596
8,16,1,standard,0.8,1.0,0.05,5000,1.0,1.0,134
8,17,1,standard,0.8,1.0,0.05,5000,1.0,1.0,121
8,18,1,standard,0.8,1.0,0.05,5000,1.0,1.0,22
8,19,1,standard,0.8,1.0,0.05,5000,1.0,1.0,133
8,20,1,standard,0.8,1.0,0.05,5000,1.0,1.0,62
8,21,1,standard,0.8,1.0,0.05,5000,1.0,1.0,48
8,22,1,standard,0.8,1.0,0.05,5000,1.0,1.0,11
8,23,1,standard,0.8,1.0,0.05,5000,1.0,1.0,6
8,24,1,standard,0.8,1.0,0.05,5000,1.0,1.0,153
8,25,1,standard,0.8,1.0,0.05,5000,1.0,1.0,104
8,26,1,standard,0.8,1.0,0.05,5000,1.0,1.0,96
8,27,1,standard,0.8,1.0,0.05,5000,1.0,1.0,12
8,28,1,standard,0.8,1.0,0.05,5000,1.0,1.0,106
8,29,1,standard,0.8,1.0,0.05,5000,1.0,1.0,101
8,30,1,standard,0.8,1.0,0.05,5000,1.0,1.0,37
8,31,1,standard,0.8,1.0,0.05,5000,1.0,1.0,13
8,32,1,standard,0.8,1.0,0.05,5000,1.0,1.0,30
8,33,1,standard,0.8,1.0,0.05,5000,1.0,1.0,49
8,34,1,standard,0.8,1.0,0.05,5000,1.0,1.0,244
8,35,1,standard,0.8,1.0,0.05,5000,1.0,1.0,171
8,36,1,standard,0.8,1.0,0.05,5000,1.0,1.0,78
8,37,1,standard,0.8,1.0,0.05,5000,1.0,1.0,65
8,38,1,standard,0.8,1.0,0.05,5000,1.0,1.0,36
8,39,1,standard,0.8,1.0,0.05,5000,1.0,1.0,78
8,40,1,standard,0.8,1.0,0.05,5000,1.0,1.0,6
8,41,1,standard,0.8,1.0,0.05,5000,1.0,1.0,44
8,42,1,standard,0.8,1.0,0.05,5000,1.0,1.0,42
8,43,1,standard,0.8,1.0,0.05,5000,1.0,1.0,14
8,44,1,standard,0.8,1.0,0.05,5000,1.0,1.0,136
8,45,1,standard,0.8,1.0,0.05,5000,1.0,1.0,14
8,46,1,standard,0.8,1.0,0.05,5000,1.0,1.0,17
8,47,1,standard,0.8,1.0,0.05,5000,1.0,1.0,48
8,48,1,standard,0.8,1.0,0.05,5000,1.0,1.0,27
8,49,1,standard,0.8,1.0,0.05,5000,1.0,1.0,40
8,50,1,standard,0.8,1.0,0.05,5000,1.0,1.0,26
8,51,1,standard,0.8,1.0,0.05,5000,1.0,1.0,90
8,52,1,standard,0.8,1.0,0.05,5000,1.0,1.0,174
8,53,1,standard,0.8,1.0,0.05,5000,1.0,1.0,207
8,54,1,standard,0.8,1.0,0.05,5000,1.0,1.0,103
8,55,1,standard,0.8,1.0,0.05,5000,1.0,1.0,247
8,56,1,standard,0.8,1.0,0.05,5000,1.0,1.0,46
8,57,1,standard,0.8,1.0,0.05,5000,1.0,1.0,90
8,58,1,standard,0.8,1.0,0.05,5000,1.0,1.0,15
8,59,1,standard,0.8,1.0,0.05,5000,1.0,1.0,133
8,60,1,standard,0.8,1.0,0.05,5000,1.0,1.0,27
8,61,1,standard,0.8,1.0,0.05,5000,1.0,1.0,194
8,62,1,standard,0.8,1.0,0.05,5000,1.0,1.0,95
8,63,1,standard,0.8,1.0,0.05,5000,1.0,1.0,33
8,64,1,standard,0.8,1.0,0.05,5000,1.0,1.0,144
8,65,1,standard,0.8,1.0,0.05,5000,1.0,1.0,47
8,66,1,standard,0.8,1.0,0.05,5000,1.0,1.0,50
8,67,1,standard,0.8,1.0,0.05,5000,1.0,1.0,155
8,68,1,standard,0.8,1.0,0.05,5000,1.0,1.0,11
8,69,1,standard,0.8,1.0,0.05,5000,1.0,1.0,134
8,70,1,standard,0.8,1.0,0.05,5000,1.0,1.0,19
8,71,1,standard,0.8,1.0,0.05,5000,1.0,1.0,9
8,72,1,standard,0.8,1.0,0.05,5000,1.0,1.0,33
8,73,1,standard,0.8,1.0,0.05,5000,1.0,1.0,20
8,74,1,standard,0.8,1.0,0.05,5000,1.0,1.0,20
8,75,1,standard,0.8,1.0,0.05,5000,1.0,1.0,45
8,76,1,standard,0.8,1.0,0.05,5000,1.0,1.0,58
8,77,1,standard,0.8,1.0,0.05,5000,1.0,1.0,255
8,78,1,standard,0.8,1.0,0.05,5000,1.0,1.0,15
8,79,1,standard,0.8,1.0,0.05,5000,1.0,1.0,341
8,80,1,standard,0.8,1.0,0.05,5000,1.0,1.0,169
8,81,1,standard,0.8,1.0,0.05,5000,1.0,1.0,33
8,82,1,standard,0.8,1.0,0.05,5000,1.0,1.0,3
8,83,1,standard,0.8,1.0,0.05,5000,1.0,1.0,8
8,84,1,standard,0.8,1.0,0.05,5000,1.0,1.0,153
8,85,1,standard,0.8,1.0,0.05,5000,1.0,1.0,51
8,86,1,standard,0.8,1.0,0.05,5000,1.0,1.0,110
8,87,1,standard,0.8,1.0,0.05,5000,1.0,1.0,96
8,88,1,standard,0.8,1.0,0.05,5000,1.0,1.0,12
8,89,1,standard,0.8,1.0,0.05,5000,1.0,1.0,60
8,90,1,standard,0.8,1.0,0.05,5000,1.0,1.0,394
8,91,1,standard,0.8,1.0,0.05,5000,1.0,1.0,37
8,92,1,standard,0.8,1.0,0.05,5000,1.0,1.0,108
8,93,1,standard,0.8,1.0,0.05,5000,1.0,1.0,164
8,94,1,standard,0.8,1.0,0.05,5000,1.0,1.0,26
8,95,1,standard,0.8,1.0,0.05,5000,1.0,1.0,290
8,96,1,standard,0.8,1.0,0.05,5000,1.0,1.0,59
8,97,1,standard,0.8,1.0,0.05,5000,1.0,1.0,70
8,98,1,standard,0.8,1.0,0.05,5000,1.0,1.0,94
8,99,1,standard,0.8,1.0,0.05,5000,1.0,1.0,27
8,100,1,standard,0.8,1.0,0.05,5000,1.0,1.0,45
8,1,1,standard,0.9,1.0,0.05,5000,1.0,1.0,1895
8,2,1,standard,0.9,1.0,0.05,5000,1.0,1.0,555
8,3,1,standard,0.9,1.0,0.05,5000,1.0,1.0,590
8,4,1,standard,0.9,1.0,0.05,5000,1.0,1.0,706
8,5,1,standard,0.9,1.0,0.05,5000,1.0,1.0,802
8,6,1,standard,0.9,1.0,0.05,5000,1.0,1.0,176
8,7,1,standard,0.9,1.0,0.05,5000,1.0,1.0,321
8,8,1,standard,0.9,1.0,0.05,5000,1.0,1.0,514
8,9,1,standard,0.9,1.0,0.05,5000,1.0,1.0,175
8,10,1,standard,0.9,1.0,0.05,5000,1.0,1.0,605
8,11,1,standard,0.9,1.0,0.05,5000,1.0,1.0,161
8,12,1,standard,0.9,1.0,0.05,5000,1.0,1.0,1609
8,13,1,standard,0.9,1.0,0.05,5000,1.0,1.0,111
8,14,1,standard,0.9,1.0,0.05,5000,1.0,1.0,178
8,15,1,standard,0.9,1.0,0.05,5000,1.0,1.0,586
8,16,1,standard,0.9,1.0,0.05,5000,1.0,1.0,1198
8,17,1,standard,0.9,1.0,0.05,5000,1.0,1.0,574
8,18,1,standard,0.9,1.0,0.05,5000,1.0,1.0,1192
8,19,1,standard,0.9,1.0,0.05,5000,1.0,1.0,531
8,20,1,standard,0.9,1.0,0.05,5000,1.0,1.0,62
8,21,1,standard,0.9,1.0,0.05,5000,1.0,1.0,427
8,22,1,standard,0.9,1.0,0.05,5000,1.0,1.0,326
8,23,1,standard,0.9,1.0,0.05,5000,1.0,1.0,815
8,24,1,standard,0.9,1.0,0.05,5000,1.0,1.0,535
8,25,1,standard,0.9,1.0,0.05,5000,1.0,1.0,1062
8,26,1,standard,0.9,1.0,0.05,5000,1.0,1.0,37
8,27,1,standard,0.9,1.0,0.05,5000,1.0,1.0,259
8,28,1,standard,0.9,1.0,0.05,5000,1.0,1.0,164
8,29,1,standard,0.9,1.0,0.05,5000,1.0,1.0,37
8,30,1,standard,0.9,1.0,0.05,5000,1.0,1.0,2348
8,31,1,standard,0.9,1.0,0.05,5000,1.0,1.0,123
8,32,1,standard,0.9,1.0,0.05,5000,1.0,1.0,607
8,33,1,standard,0.9,1.0,0.05,5000,1.0,1.0,1238
8,34,1,standard,0.9,1.0,0.05,5000,1.0,1.0,1922
8,35,1,standard,0.9,1.0,0.05,5000,1.0,1.0,521
8,36,1,standard,0.9,1.0,0.05,5000,1.0,1.0,406
8,37,1,standard,0.9,1.0,0.05,5000,1.0,1.0,561
8,38,1,standard,0.9,1.0,0.05,5000,1.0,1.0,1058
8,39,1,standard,0.9,1.0,0.05,5000,1.0,1.0,376
8,40,1,standard,0.9,1.0,0.05,5000,1.0,1.0,125
8,41,1,standard,0.9,1.0,0.05,5000,1.0,1.0,156
8,42,1,standard,0.9,1.0,0.05,5000,1.0,1.0,70
8,43,1,standard,0.9,1.0,0.05,5000,1.0,1.0,911
8,44,1,standard,0.9,1.0,0.05,5000,1.0,1.0,595
8,45,1,standard,0.9,1.0,0.05,5000,1.0,1.0,221
8,46,1,standard,0.9,1.0,0.05,5000,1.0,1.0,266
8,47,1,standard,0.9,1.0,0.05,5000,1.0,1.0,96
8,48,1,standard,0.9,1.0,0.05,5000,1.0,1.0,49
8,49,1,standard,0.9,1.0,0.05,5000,1.0,1.0,1806
8,50,1,standard,0.9,1.0,0.05,5000,1.0,1.0,303
8,51,1,standard,0.9,1.0,0.05,5000,1.0,1.0,45
8,52,1,standard,0.9,1.0,0.05,5000,1.0,1.0,651
8,53,1,standard,0.9,1.0,0.05,5000,1.0,1.0,372
8,54,1,standard,0.9,1.0,0.05,5000,1.0,1.0,47
8,55,1,standard,0.9,1.0,0.05,5000,1.0,1.0,225
8,56,1,standard,0.9,1.0,0.05,5000,1.0,1.0,174
8,57,1,standard,0.9,1.0,0.05,5000,1.0,1.0,96
8,58,1,standard,0.9,1.0,0.05,5000,1.0,1.0,612
8,59,1,standard,0.9,1.0,0.05,5000,1.0,1.0,923
8,60,1,standard,0.9,1.0,0.05,5000,1.0,1.0,3
8,61,1,standard,0.9,1.0,0.05,5000,1.0,1.0,1305
8,62,1,standard,0.9,1.0,0.05,5000,1.0,1.0,6
8,63,1,standard,0.9,1.0,0.05,5000,1.0,1.0,732
8,64,1,standard,0.9,1.0,0.05,5000,1.0,1.0,3
8,65,1,standard,0.9,1.0,0.05,5000,1.0,1.0,400
8,66,1,standard,0.9,1.0,0.05,5000,1.0,1.0,522
8,67,1,standard,0.9,1.0,0.05,5000,1.0,1.0,372
8,68,1,standard,0.9,1.0,0.05,5000,1.0,1.0,1293
8,69,1,standard,0.9,1.0,0.05,5000,1.0,1.0,1309
8,70,1,standard,0.9,1.0,0.05,5000,1.0,1.0,872
8,71,1,standard,0.9,1.0,0.05,5000,1.0,1.0,51
8,72,1,standard,0.9,1.0,0.05,5000,1.0,1.0,798
8,73,1,standard,0.9,1.0,0.05,5000,1.0,1.0,715
8,74,1,standard,0.9,1.0,0.05,5000,1.0,1.0,124
8,75,1,standard,0.9,1.0,0.05,5000,1.0,1.0,219
8,76,1,standard,0.9,1.0,0.05,5000,1.0,1.0,277
8,77,1,standard,0.9,1.0,0.05,5000,1.0,1.0,17
8,78,1,standard,0.9,1.0,0.05,5000,1.0,1.0,294
8,79,1,standard,0.9,1.0,0.05,5000,1.0,1.0,6
8,80,1,standard,0.9,1.0,0.05,5000,1.0,1.0,118
8,81,1,standard,0.9,1.0,0.05,5000,1.0,1.0,400
8,82,1,standard,0.9,1.0,0.05,5000,1.0,1.0,508
8,83,1,standard,0.9,1.0,0.05,5000,1.0,1.0,309
8,84,1,standard,0.9,1.0,0.05,5000,1.0,1.0,313
8,85,1,standard,0.9,1.0,0.05,5000,1.0,1.0,227
8,86,1,standard,0.9,1.0,0.05,5000,1.0,1.0,470
8,87,1,standard,0.9,1.0,0.05,5000,1.0,1.0,531
8,88,1,standard,0.9,1.0,0.05,5000,1.0,1.0,569
8,89,1,standard,0.9,1.0,0.05,5000,1.0,1.0,379
8,90,1,standard,0.9,1.0,0.05,5000,1.0,1.0,571
8,91,1,standard,0.9,1.0,0.05,5000,1.0,1.0,36
8,92,1,standard,0.9,1.0,0.05,5000,1.0,1.0,760
8,93,1,standard,0.9,1.0,0.05,5000,1.0,1.0,611
8,94,1,standard,0.9,1.0,0.05,5000,1.0,1.0,35
8,95,1,standard,0.9,1.0,0.05,5000,1.0,1.0,3
8,96,1,standard,0.9,1.0,0.05,5000,1.0,1.0,130
8,97,1,standard,0.9,1.0,0.05,5000,1.0,1.0,105
8,98,1,standard,0.9,1.0,0.05,5000,1.0,1.0,138
8,99,1,standard,0.9,1.0,0.05,5000,1.0,1.0,636
8,100,1,standard,0.9,1.0,0.05,5000,1.0,1.0,164
8,1,1,standard,1.0,1.0,0.05,5000,1.0,1.0,
8,2,1,standard,1.0,1.0,0.05,5000,1.0,1.0,
8,3,1,standard,1.0,1.0,0.05,5000,1.0,1.0,
8,4,1,standard,1.0,1.0,0.05,5000,1.0,1.0,
8,5,1,standard,1.0,1.0,0.05,5000,1.0,1.0,
8,6,1,standard,1.0,1.0,0.05,5000,1.0,1.0,
8,7,1,standard,1.0,1.0,0.05,5000,1.0,1.0,
8,8,1,standard,1.0,1.0,0.05,5000,1.0,1.0,
8,9,1,standard,1.0,1.0,0.05,5000,1.0,1.0,
8,10,1,standard,1.0,1.0,0.05,5000,1.0,1.0,
8,11,1,standard,1.0,1.0,0.05,5000,1.0,1.0,
8,12,1,standard,1.0,1.0,0.05,5000,1.0,1.0,
8,13,1,standard,1.0,1.0,0.05,5000,1.0,1.0,
8,14,1,standard,1.0,1.0,0.05,5000,1.0,1.0,
8,15,1,standard,1.0,1.0,0.05,5000,1.0,1.0,
8,16,1,standard,1.0,1.0,0.05,5000,1.0,1.0,
8,17,1,standard,1.0,1.0,0.05,5000,1.0,1.0,
8,18,1,standard,1.0,1.0,0.05,5000,1.0,1.0,
8,19,1,standard,1.0,1.0,0.05,5000,1.0,1.0,
8,20,1,standard,1.0,1.0,0.05,5000,1.0,1.0,
8,21,1,standard,1.0,1.0,0.05,5000,1.0,1.0,
8,22,1,standard,1.0,1.0,0.05,5000,1.0,1.0,
8,23,1,standard,1.0,1.0,0.05,5000,1.0,1.0,
8,24,1,standard,1.0,1.0,0.05,5000,1.0,1.0,
8,25,1,standard,1.0,1.0,0.05,5000,1.0,1.0,
8,26,1,standard,1.0,1.0,0.05,5000,1.0,1.0,
8,27,1,standard,1.0,1.0,0.05,5000,1.0,1.0,
8,28,1,standard,1.0,1.0,0.05,5000,1.0,1.0,
8,29,1,standard,1.0,1.0,0.05,5000,1.0,1.0,
8,30,1,standard,1.0,1.0,0.05,5000,1.0,1.0,
8,31,1,standard,1.0,1.0,0.05,5000,1.0,1.0,
8,32,1,standard,1.0,1.0,0.05,5000,1.0,1.0,
8,33,1,standard,1.0,1.0,0.05,5000,1.0,1.0,
8,34,1,standard,1.0,1.0,0.05,5000,1.0,1.0,
8,35,1,standard,1.0,1.0,0.05,5000,1.0,1.0,
8,36,1,standard,1.0,1.0,0.05,5000,1.0,1.0,
8,37,1,standard,1.0,1.0,0.05,5000,1.0,1.0,
8,38,1,standard,1.0,1.0,0.05,5000,1.0,1.0,
8,39,1,standard,1.0,1.0,0.05,5000,1.0,1.0,
8,40,1,standard,1.0,1.0,0.05,5000,1.0,1.0,
8,41,1,standard,1.0,1.0,0.05,5000,1.0,1.0,
8,42,1,standard,1.0,1.0,0.05,5000,1.0,1.0,
8,43,1,standard,1.0,1.0,0.05,5000,1.0,1.0,
8,44,1,standard,1.0,1.0,0.05,5000,1.0,1.0,
8,45,1,standard,1.0,1.0,0.05,5000,1.0,1.0,
8,46,1,standard,1.0,1.0,0.05,5000,1.0,1.0,
8,47,1,standard,1.0,1.0,0.05,5000,1.0,1.0,
8,48,1,standard,1.0,1.0,0.05,5000,1.0,1.0,
8,49,1,standard,1.0,1.0,0.05,5000,1.0,1.0,
8,50,1,standard,1.0,1.0,0.05,5000,1.0,1.0,
8,51,1,standard,1.0,1.0,0.05,5000,1.0,1.0,
8,52,1,standard,1.0,1.0,0.05,5000,1.0,1.0,
8,53,1,standard,1.0,1.0,0.05,5000,1.0,1.0,
8,54,1,standard,1.0,1.0,0.05,5000,1.0,1.0,
8,55,1,standard,1.0,1.0,0.05,5000,1.0,1.0,
8,56,1,standard,1.0,1.0,0.05,5000,1.0,1.0,
8,57,1,standard,1.0,1.0,0.05,5000,1.0,1.0,
8,58,1,standard,1.0,1.0,0.05,5000,1.0,1.0,
8,59,1,standard,1.0,1.0,0.05,5000,1.0,1.0,
8,60,1,standard,1.0,1.0,0.05,5000,1.0,1.0,
8,61,1,standard,1.0,1.0,0.05,5000,1.0,1.0,
8,62,1,standard,1.0,1.0,0.05,5000,1.0,1.0,
8,63,1,standard,1.0,1.0,0.05,5000,1.0,1.0,
8,64,1,standard,1.0,1.0,0.05,5000,1.0,1.0,
8,65,1,standard,1.0,1.0,0.05,5000,1.0,1.0,
8,66,1,standard,1.0,1.0,0.05,5000,1.0,1.0,
8,67,1,standard,1.0,1.0,0.05,5000,1.0,1.0,
8,68,1,standard,1.0,1.0,0.05,5000,1.0,1.0,
8,69,1,standard,1.0,1.0,0.05,5000,1.0,1.0,
8,70,1,standard,1.0,1.0,0.05,5000,1.0,1.0,
8,71,1,standard,1.0,1.0,0.05,5000,1.0,1.0,
8,72,1,standard,1.0,1.0,0.05,5000,1.0,1.0,
8,73,1,standard,1.0,1.0,0.05,5000,1.0,1.0,
8,74,1,standard,1.0,1.0,0.05,5000,1.0,1.0,
8,75,1,standard,1.0,1.0,0.05,5000,1.0,1.0,
8,76,1,standard,1.0,1.0,0.05,5000,1.0,1.0,
8,77,1,standard,1.0,1.0,0.05,5000,1.0,1.0,
8,78,1,standard,1.0,1.0,0.05,5000,1.0,1.0,
8,79,1,standard,1.0,1.0,0.05,5000,1.0,1.0,
8,80,1,standard,1.0,1.0,0.05,5000,1.0,1.0,
8,81,1,standard,1.0,1.0,0.05,5000,1.0,1.0,
8,82,1,standard,1.0,1.0,0.05,5000,1.0,1.0,
8,83,1,standard,1.0,1.0,0.05,5000,1.0,1.0,
8,84,1,standard,1.0,1.0,0.05,5000,1.0,1.0,
8,85,1,standard,1.0,1.0,0.05,5000,1.0,1.0,
8,86,1,standard,1.0,1.0,0.05,5000,1.0,1.0,
8,87,1,standard,1.0,1.0,0.05,5000,1.0,1.0,
8,88,1,standard,1.0,1.0,0.05,5000,1.0,1.0,
8,89,1,standard,1.0,1.0,0.05,5000,1.0,1.0,
8,90,1,standard,1.0,1.0,0.05,5000,1.0,1.0,
8,91,1,standard,1.0,1.0,0.05,5000,1.0,1.0,
8,92,1,standard,1.0,1.0,0.05,5000,1.0,1.0,
8,93,1,standard,1.0,1.0,0.05,5000,1.0,1.0,
8,94,1,standard,1.0,1.0,0.05,5000,1.0,1.0,
8,95,1,standard,1.0,1.0,0.05,5000,1.0,1.0,
8,96,1,standard,1.0,1.0,0.05,5000,1.0,1.0,
8,97,1,standard,1.0,1.0,0.05,5000,1.0,1.0,
8,98,1,standard,1.0,1.0,0.05,5000,1.0,1.0,
8,99,1,standard,1.0,1.0,0.05,5000,1.0,1.0,
8,100,1,standard,1.0,1.0,0.05,5000,1.0,1.0,
